id	Label	ScanNr	primary	xCorrLib	xCorrModel	LogDotProduct	logWeightedDotProduct	sumOfSquaredErrors	weightedSumOfSquaredErrors	numberOfMatchingPeaks	numberOfMatchingPeaksAboveThreshold	averageAbsFragmentDeltaMass	averageFragmentDeltaMasses	isotopeDotProduct	averageAbsParentDeltaMass	averageParentDeltaMass	eValue	deltaRT	ms1MassError	ms2MassError	numMissedCleavage	pepLength	charge1	charge2	charge3	charge4	precursorMz	precursorMass	RTinMin	sequence	Proteins
2017dec27_overlap_dia_6b_rep1_604to616.dia:1800.4603:DAPVGEEEAPAK+2	1	40855	12.399162	0.7077846	1.2333819	5.8393984	5.2750883	0.10172519	0.0057265735	10.0	1.0	1.9503287	1.4627465	0.91367227	4.6797667	4.6797667	-0.5352278	0.0	1.9986782	1.8218845	0	12	0	1	0	0	606.7907753086647	1211.5669976837037	30.007671	-.DAPVGEEEAPAK.-	sp|Q9UBK8-2|MTRR_HUMAN	sp|Q9UBK8|MTRR_HUMAN
2017dec27_overlap_dia_6b_rep1_604to616.dia:1800.4603:IKENGAAALDGR+2	1	40855	10.271984	0.4805482	0.67588973	5.6664634	4.8118	0.23249441	0.017114582	8.0	1.0	1.3038749	-0.3924698	0.0	10.0	10.0	-2.414527	0.0	10.0	0.03333178	1	12	0	1	0	0	607.8280263086647	1213.6414996837036	30.007671	-.IKENGAAALDGR.-	sp|P57105|SYJ2B_HUMAN
2017dec27_overlap_dia_6b_rep1_604to616.dia:1800.4603:LKELQNEVEK+2	1	40855	11.731882	0.49723238	0.5899787	6.172118	5.3745713	0.090886906	0.0082152635	9.0	1.0	2.7944791	-0.43657923	0.94345164	7.8145995	-7.8145995	-1.0331955	0.045597076	10.4956875	0.077441216	1	10	0	1	0	0	615.3404348086648	1228.6663166837038	30.007671	-.LKELQNEVEK.-	sp|Q86U42-2|PABP2_HUMAN	sp|Q86U42|PABP2_HUMAN	sp|Q92843-2|B2CL2_HUMAN
2017dec27_overlap_dia_6b_rep1_604to616.dia:1800.4603:LSSDC[+57.0214635]EDQIR+2	1	40855	13.7957945	0.8651808	1.096268	6.1946383	5.5652328	0.07480338	0.0071234587	11.0	1.0	4.867644	-3.6478562	0.64075166	3.5747802	1.7682768	3.3794842	0.0	0.91281164	3.2887182	0	10	0	1	0	0	611.7720590586647	1221.5295651837037	30.007671	-.LSSDC[+57.0214635]EDQIR.-	sp|Q92896-2|GSLG1_HUMAN	sp|Q92896-3|GSLG1_HUMAN	sp|Q92896|GSLG1_HUMAN
2017dec27_overlap_dia_6b_rep1_604to616.dia:1800.4603:NSSDSAIDNPKPNKLPK+3	1	40855	12.347208	0.4533547	0.54566777	5.787444	5.139491	0.10900622	0.006394694	10.0	3.0	2.1968641	0.03187728	0.97601926	3.2895985	3.2895985	-1.4037075	0.20886993	0.60851	0.3910153	1	17	0	0	1	0	608.9865226947142	1823.9377386837039	30.007671	-.NSSDSAIDNPKPNKLPK.-	sp|P46100-2|ATRX_HUMAN	sp|P46100-3|ATRX_HUMAN	sp|P46100-4|ATRX_HUMAN	sp|P46100-5|ATRX_HUMAN	sp|P46100-6|ATRX_HUMAN	sp|P46100|ATRX_HUMAN
2017dec27_overlap_dia_6b_rep1_604to616.dia:1800.4603:SNDDLDVSESK+2	1	40855	13.436132	0.8489172	0.8811959	5.8349757	5.390956	0.11499804	0.009890615	11.0	1.0	3.6758482	-1.4733927	0.7121395	3.983359	-2.309077	1.0258732	0.0	4.9901657	1.1142547	0	11	0	1	0	0	604.7674958086646	1207.5204386837036	30.007671	-.SNDDLDVSESK.-	sp|Q96EB6|SIR1_HUMAN
2017dec27_overlap_dia_6b_rep1_604to616.dia:1802.6294:FATC[+57.0214635]SDDGTVR+2	1	40907	13.667231	1.0277759	1.0804493	6.066075	5.580279	0.06197172	0.0077287303	11.0	1.0	3.998268	2.8091035	0.8402935	2.0733538	2.0733538	5.2447195	0.036151886	0.6077347	3.1682415	0	11	0	1	0	0	614.7667775586647	1227.5190021837036	30.043823	-.FATC[+57.0214635]SDDGTVR.-	sp|Q9C0J8-3|WDR33_HUMAN	sp|Q9C0J8|WDR33_HUMAN
2017dec27_overlap_dia_6b_rep1_604to616.dia:1804.715:HEQEYMEVR+2	1	40959	20.397842	2.2072706	2.579942	7.077224	6.7345867	0.0036058782	2.6475987E-4	16.0	5.0	1.2361163	0.606789	0.97226965	4.2431707	3.1565716	9.6421995	0.06055069	0.47548318	0.965927	0	9	0	1	0	0	610.7718583086647	1219.5291636837037	30.078583	-.HEQEYMEVR.-	sp|Q15363|TMED2_HUMAN
2017dec27_overlap_dia_6b_rep1_604to616.dia:1804.715:LEGQATAVTPNK+2	1	40959	11.273758	0.60228246	0.9889328	5.7139945	5.0286293	0.11192092	0.028068444	9.0	0.0	3.0825841	0.262439	0.0	10.0	10.0	-1.7615833	0.07091141	10.0	0.621577	0	12	0	1	0	0	614.8302353086648	1227.6459176837038	30.078583	-.LEGQATAVTPNK.-	sp|Q9BXB4|OSB11_HUMAN
2017dec27_overlap_dia_6b_rep1_604to616.dia:1806.8722:AVLIDKDQSPK+2	1	41011	11.416824	0.63169813	0.89893454	5.8570614	5.116714	0.02979156	0.0043596365	9.0	0.0	0.7211981	0.43276083	0.9061929	4.319557	-2.1776278	-1.1240206	0.025726318	4.858716	0.8018614	1	11	0	1	0	0	607.3429778086647	1212.6714026837037	30.114536	-.AVLIDKDQSPK.-	sp|Q6NVY1|HIBCH_HUMAN
2017dec27_overlap_dia_6b_rep1_604to616.dia:1806.8722:decoySRLPQLTLEC[+57.0214635]C[+57.0214635]AEPR+3	-1	41011	7.7212877	0.6367655	0.6674063	5.642106	5.145583	0.23696518	0.018586585	5.0	2.0	5.782414	-0.6329088	0.0	10.0	10.0	-2.4445324	21.76582	10.0	0.26380828	1	15	0	0	1	0	610.6380726947141	1828.8923886837035	30.114536	-.SRLPQLTLEC[+57.0214635]C[+57.0214635]AEPR.-	DECOY_sp|P06132|DCUP_HUMAN
2017dec27_overlap_dia_6b_rep1_604to616.dia:1808.9851:TC[+57.0214635]VQEITAHR+2	1	41063	8.234037	0.8502881	1.1290097	5.376705	4.6126547	0.12510242	0.012469286	6.0	0.0	3.6889336	1.5004148	0.5675862	8.419954	8.419954	-2.4762926	0.11537361	5.738866	1.872129	0	10	0	1	0	0	607.8009550586647	1213.5873571837037	30.149752	-.TC[+57.0214635]VQEITAHR.-	sp|Q13033-2|STRN3_HUMAN	sp|Q13033|STRN3_HUMAN	sp|Q9NRL3-3|STRN4_HUMAN	sp|Q9NRL3|STRN4_HUMAN
2017dec27_overlap_dia_6b_rep1_604to616.dia:1811.1431:GLVPEDDTKEK+2	1	41115	12.039061	0.69080466	1.1049796	6.4792976	5.991656	0.035444964	0.0068652052	9.0	0.0	3.284708	-1.8432815	0.9899779	4.324925	4.324925	1.1486702	0.084524155	1.6438365	1.4715674	1	11	0	1	0	0	615.8142503086648	1229.6139476837038	30.185719	-.GLVPEDDTKEK.-	sp|Q15459-2|SF3A1_HUMAN	sp|Q15459|SF3A1_HUMAN
2017dec27_overlap_dia_6b_rep1_604to616.dia:1811.1431:NWASGHDLQGK+2	1	41115	11.229292	0.6968949	0.8785078	5.669528	4.8297734	0.06607671	0.012980241	9.0	0.0	1.3629746	1.022231	0.9790063	1.6097431	1.6097431	-0.5186796	0.11374092	1.0713453	1.3939451	0	11	0	1	0	0	606.7914438086647	1211.5683346837036	30.185719	-.NWASGHDLQGK.-	sp|O95182|NDUA7_HUMAN
2017dec27_overlap_dia_6b_rep1_604to616.dia:1813.2738:KGLVGPELHDR+2	1	41167	10.884524	0.6424032	1.1161318	6.2790036	5.159443	0.17942393	0.024548884	8.0	2.0	0.6208208	0.46561563	0.97801316	4.485806	4.485806	-1.8063478	0.30134964	1.8047175	0.83732975	1	11	0	1	0	0	610.8409368086647	1219.6673206837036	30.22123	-.KGLVGPELHDR.-	sp|Q15149-2|PLEC_HUMAN	sp|Q15149-3|PLEC_HUMAN	sp|Q15149-4|PLEC_HUMAN	sp|Q15149-5|PLEC_HUMAN	sp|Q15149-6|PLEC_HUMAN	sp|Q15149-7|PLEC_HUMAN	sp|Q15149-8|PLEC_HUMAN	sp|Q15149-9|PLEC_HUMAN	sp|Q15149|PLEC_HUMAN
2017dec27_overlap_dia_6b_rep1_604to616.dia:1813.2738:QKDVLNEDVR+2	1	41167	10.257462	0.95767033	1.4062132	5.6519403	4.850378	0.11228969	0.015893498	8.0	0.0	1.0815122	0.683353	0.97305167	3.8533206	3.8533206	-1.8807259	0.122612	1.1722322	1.0550671	1	10	0	1	0	0	608.3200338086647	1214.6255146837036	30.22123	-.QKDVLNEDVR.-	sp|O75116|ROCK2_HUMAN
2017dec27_overlap_dia_6b_rep1_604to616.dia:1813.2738:decoyASPMFESQPSK+2	-1	41167	11.158075	0.5470538	0.65724075	5.598312	4.891059	0.14271651	0.008804118	9.0	1.0	2.719303	2.039477	0.972352	3.3272812	2.0392578	-1.2217388	11.990498	0.6418307	2.4111912	0	11	0	1	0	0	604.7844383086647	1207.5543236837036	30.22123	-.ASPMFESQPSK.-	DECOY_sp|Q9NQW6-2|ANLN_HUMAN	DECOY_sp|Q9NQW6|ANLN_HUMAN
2017dec27_overlap_dia_6b_rep1_604to616.dia:1813.2738:decoyQEPNTVNDVSK+2	-1	41167	11.2271595	0.82490987	1.6191351	5.6673965	4.834867	0.15136723	0.011191808	9.0	1.0	1.8592038	1.2666218	0.19483471	7.5610223	-7.5610223	-1.3580408	0.2135582	10.242111	1.638336	0	11	0	1	0	0	615.8016738086645	1229.5887946837033	30.22123	-.QEPNTVNDVSK.-	DECOY_sp|Q9UPN6-2|SCAF8_HUMAN	DECOY_sp|Q9UPN6|SCAF8_HUMAN
2017dec27_overlap_dia_6b_rep1_604to616.dia:1815.4415:EC[+57.0214635]GPDNKC[+57.0214635]ESNLQMR+3	1	41219	11.370136	0.75035226	0.7864919	5.8103733	5.20628	0.09206969	0.010032588	9.0	1.0	5.862213	0.102314234	0.88715166	3.2666893	-1.39392	-0.18466568	0.0077667236	4.0750084	0.47402835	1	15	0	0	1	0	613.259043694714	1836.7553016837035	30.257359	-.EC[+57.0214635]GPDNKC[+57.0214635]ESNLQMR.-	sp|P26006-1|ITA3_HUMAN	sp|P26006|ITA3_HUMAN
2017dec27_overlap_dia_6b_rep1_604to616.dia:1817.5571:decoyGPHFTVAAAWR+2	-1	41271	8.57691	0.7448148	1.1622684	5.719578	5.8867326	0.20418423	0.060557142	6.0	1.0	4.3084226	-3.231317	0.0	10.0	10.0	-1.6377563	21.455523	10.0	2.859603	0	11	0	1	0	0	606.8172653086644	1211.6199776837032	30.29262	-.GPHFTVAAAWR.-	DECOY_sp|O15067|PUR4_HUMAN
2017dec27_overlap_dia_6b_rep1_604to616.dia:1817.5571:decoyYVQNNQDALR+2	-1	41271	9.682305	0.59883946	0.6629959	5.9798746	5.1532845	0.13369624	0.026320761	7.0	0.0	1.2063446	-0.4459222	0.0	10.0	10.0	-2.72293	0.28494835	10.0	0.07420808	0	10	0	1	0	0	610.8045468086644	1219.5945406837031	30.29262	-.YVQNNQDALR.-	DECOY_sp|Q8TF05-2|PP4R1_HUMAN	DECOY_sp|Q8TF05|PP4R1_HUMAN
2017dec27_overlap_dia_6b_rep1_604to616.dia:1819.7299:HQIVEVAGDDK+2	1	41323	13.357721	0.4489921	0.7140855	5.7565656	5.271366	0.065424584	0.0057628276	11.0	0.0	2.787894	0.6106462	0.82850105	6.0497775	-6.0497775	0.89123154	0.06517792	8.7308655	0.9949364	0	11	0	1	0	0	605.8067598086647	1209.5989666837036	30.32883	-.HQIVEVAGDDK.-	sp|Q07960|RHG01_HUMAN
2017dec27_overlap_dia_6b_rep1_604to616.dia:1821.8531:AAPGAEFAPNKR+2	1	41375	20.365582	1.7062845	2.2523763	7.0449615	6.565788	0.0076587065	0.0048164437	16.0	3.0	3.9281032	-2.9460773	0.9994391	3.5840664	3.1538248	4.331068	0.21459961	0.47273636	2.5617871	1	12	0	1	0	0	614.8252868086646	1227.6360206837035	30.36422	-.AAPGAEFAPNKR.-	sp|Q15233-2|NONO_HUMAN	sp|Q15233|NONO_HUMAN
2017dec27_overlap_dia_6b_rep1_604to616.dia:1821.8531:LGAMDIDTHKK+2	1	41375	10.487764	0.58694744	0.8941792	5.882244	5.075231	0.18272515	0.007176679	8.0	1.0	1.497491	-1.1231183	0.9982382	3.3707263	-3.2346447	-2.236123	0.3029747	5.9157333	0.73882806	1	11	0	1	0	0	614.8213558086646	1227.6281586837035	30.36422	-.LGAMDIDTHKK.-	sp|Q15061|WDR43_HUMAN
2017dec27_overlap_dia_6b_rep1_604to616.dia:1821.8531:NKELEIAQDR+2	1	41375	13.916496	1.0399611	1.337411	6.3153396	5.6743174	0.034949746	0.004694297	11.0	1.0	3.7035153	-2.7776365	0.49561605	2.145157	2.145157	0.61429596	0.058652878	0.53593135	2.3933463	1	10	0	1	0	0	608.3200338086648	1214.6255146837038	30.36422	-.NKELEIAQDR.-	sp|P12270-2|TPR_HUMAN	sp|P12270|TPR_HUMAN
2017dec27_overlap_dia_6b_rep1_604to616.dia:1821.8531:RHWGGNVLGPK+2	1	41375	13.668845	0.9042762	1.0600253	6.067689	5.37658	0.10803442	0.006684082	11.0	1.0	1.2183613	-0.17058171	0.97674835	1.6147549	-1.6147549	0.6824722	0.38977623	4.295843	0.2137085	1	11	0	1	0	0	610.8359888086648	1219.6574246837038	30.36422	-.RHWGGNVLGPK.-	sp|P62424|RL7A_HUMAN
2017dec27_overlap_dia_6b_rep1_604to616.dia:1821.8531:decoyAPSQDKDILVK+2	-1	41375	8.543529	0.44630116	0.78924745	5.686196	5.475699	0.24052489	0.026494406	6.0	0.0	1.1359106	-0.85193294	0.0	10.0	10.0	-2.77073	0.22199821	10.0	0.46764272	1	11	0	1	0	0	607.3429778086645	1212.6714026837033	30.36422	-.APSQDKDILVK.-	DECOY_sp|Q6NVY1|HIBCH_HUMAN
2017dec27_overlap_dia_6b_rep1_604to616.dia:1821.8531:decoyKSHNQGESSASFLTYR+3	-1	41375	11.9265785	0.59082544	0.77471745	5.3668146	4.32976	0.043379657	0.008483739	10.0	2.0	2.085902	-0.8239734	0.18310234	6.3124156	6.3124156	1.0865641	4.7113037	3.6313272	0.4396832	1	16	0	0	1	0	604.6272150280474	1810.8598156837036	30.36422	-.KSHNQGESSASFLTYR.-	DECOY_sp|Q8TEQ6|GEMI5_HUMAN
2017dec27_overlap_dia_6b_rep1_604to616.dia:1821.8531:decoySDHDEC[+57.0214635]MSILHQEAR+3	-1	41375	13.006845	0.57744616	0.7610753	5.4056897	5.122064	0.117875054	0.017785406	11.0	1.0	7.31072	-3.1578102	0.0	10.0	10.0	-1.2690754	6.45607	10.0	2.77352	0	15	0	0	1	0	609.9298035280473	1826.7675811837032	30.36422	-.SDHDEC[+57.0214635]MSILHQEAR.-	DECOY_sp|Q9Y223-2|GLCNE_HUMAN	DECOY_sp|Q9Y223-3|GLCNE_HUMAN	DECOY_sp|Q9Y223-4|GLCNE_HUMAN	DECOY_sp|Q9Y223-5|GLCNE_HUMAN	DECOY_sp|Q9Y223|GLCNE_HUMAN
2017dec27_overlap_dia_6b_rep1_604to616.dia:1821.8531:decoySSESVDLDDNK+2	-1	41375	9.085659	0.233543	0.5790591	5.383229	4.671123	0.3639229	0.022436243	7.0	0.0	4.6753902	-1.593835	0.0	10.0	10.0	-2.0745306	0.3565483	10.0	1.2095448	0	11	0	1	0	0	604.7674958086646	1207.5204386837036	30.36422	-.SSESVDLDDNK.-	DECOY_sp|Q96EB6|SIR1_HUMAN
2017dec27_overlap_dia_6b_rep1_604to616.dia:1828.242:decoyQPQGGATFNAAR+2	-1	41531	12.612391	0.7447611	1.0065372	6.052628	5.523284	0.10070793	0.046445932	10.0	2.0	2.927737	-0.919722	0.0	10.0	10.0	-0.8909464	0.0015945435	10.0	0.5354318	0	12	0	1	0	0	609.3047193086645	1216.5948856837033	30.4707	-.QPQGGATFNAAR.-	DECOY_sp|Q6RFH5-2|WDR74_HUMAN	DECOY_sp|Q6RFH5|WDR74_HUMAN
2017dec27_overlap_dia_6b_rep1_604to616.dia:1832.4921:FC[+57.0214635]DNSSAIQGK+2	1	41635	17.433811	1.5954432	2.0233932	6.4934015	5.921116	0.023044242	0.0014859118	14.0	1.0	2.4310806	0.6355722	0.971931	4.693712	4.693712	10.744039	0.15013313	1.9926748	1.0324385	0	11	0	1	0	0	613.7771445586646	1225.5397361837036	30.541534	-.FC[+57.0214635]DNSSAIQGK.-	sp|O15067|PUR4_HUMAN
2017dec27_overlap_dia_6b_rep1_604to616.dia:1832.4921:FHNELNAHIK+2	1	41635	8.687841	0.43032876	0.6059839	5.8305087	5.104765	0.18463741	0.013673926	6.0	1.0	4.712982	3.5347366	0.93731374	3.1411486	-2.0495348	-2.1599216	0.23837662	4.750572	3.931603	0	10	0	1	0	0	611.8200038086646	1221.6254546837035	30.541534	-.FHNELNAHIK.-	sp|P12270-2|TPR_HUMAN	sp|P12270|TPR_HUMAN
2017dec27_overlap_dia_6b_rep1_604to616.dia:1832.4921:QAANFTAGGQPR+2	1	41635	13.771585	0.7651617	1.3094593	6.1704297	5.41579	0.050975665	0.009397466	11.0	2.0	1.0280796	0.4659414	0.97242916	3.5049398	3.5049398	-0.014118195	0.07254982	0.8039024	0.86280775	0	12	0	1	0	0	609.3047193086647	1216.5948856837038	30.541534	-.QAANFTAGGQPR.-	sp|Q6RFH5-2|WDR74_HUMAN	sp|Q6RFH5|WDR74_HUMAN
2017dec27_overlap_dia_6b_rep1_604to616.dia:1832.4921:decoyLEEWQDKNR+2	-1	41635	8.937186	0.5823047	0.8510228	6.0798535	5.248563	0.20124105	0.036938887	6.0	1.0	3.9499614	2.962471	0.9714148	5.7116456	-5.7116456	-2.1439705	0.53386307	8.4126835	3.3593373	1	9	0	1	0	0	609.2991013086646	1216.5836496837035	30.541534	-.LEEWQDKNR.-	DECOY_sp|P26038|MOES_HUMAN
2017dec27_overlap_dia_6b_rep1_604to616.dia:1836.7335:decoyETVDEETAAVR+2	-1	41739	12.574572	0.7479604	0.91327053	6.014808	5.295154	0.08362098	0.01053414	10.0	1.0	2.9722545	-0.57784164	0.8385528	0.9309938	-0.9309938	-0.74470997	0.14323997	3.6320312	0.10484958	0	11	0	1	0	0	610.2936823086646	1218.5728116837035	30.612225	-.ETVDEETAAVR.-	DECOY_sp|Q8WWI1-2|LMO7_HUMAN	DECOY_sp|Q8WWI1-3|LMO7_HUMAN	DECOY_sp|Q8WWI1-4|LMO7_HUMAN	DECOY_sp|Q8WWI1-5|LMO7_HUMAN	DECOY_sp|Q8WWI1|LMO7_HUMAN
2017dec27_overlap_dia_6b_rep1_604to616.dia:1836.7335:decoyHNNEIAELFK+2	-1	41739	10.56585	0.52620584	0.8090367	5.9603295	5.8825583	0.11759409	0.064099744	8.0	2.0	3.946085	1.7670922	0.0	10.0	10.0	-1.8577156	12.909306	10.0	2.2400842	0	10	0	1	0	0	607.8118443086646	1213.6091356837035	30.612225	-.HNNEIAELFK.-	DECOY_sp|Q8WU90|ZC3HF_HUMAN
2017dec27_overlap_dia_6b_rep1_604to616.dia:1838.8635:KVMVIVTDGESHDNHR+3	1	41791	8.881907	0.70971996	0.72213304	6.0245748	4.973801	0.06365775	0.021264138	6.0	2.0	2.0823746	-1.5617809	0.0	10.0	10.0	-1.9738693	0.01809311	10.0	1.0517292	1	16	0	0	1	0	612.9722200280474	1835.8948306837035	30.647726	-.KVMVIVTDGESHDNHR.-	sp|P56199|ITA1_HUMAN
2017dec27_overlap_dia_6b_rep1_604to616.dia:1838.8635:decoyFVTGDDSC[+57.0214635]TAR+2	-1	41791	7.759985	0.469748	0.7920913	5.680804	5.0708094	0.2044843	0.028666155	5.0	1.0	5.476752	-4.107564	0.0	10.0	10.0	-3.0	0.6400547	10.0	3.5975122	0	11	0	1	0	0	614.7667775586646	1227.5190021837034	30.647726	-.FVTGDDSC[+57.0214635]TAR.-	DECOY_sp|Q9C0J8-3|WDR33_HUMAN	DECOY_sp|Q9C0J8|WDR33_HUMAN
2017dec27_overlap_dia_6b_rep1_604to616.dia:1841.0044:LLQQGTAPAQAK+2	1	41843	14.704251	0.89742726	1.1594775	6.0239134	5.4105873	0.028251735	0.0084415	12.0	0.0	2.359996	-0.49498707	0.974561	3.4189255	3.4189255	3.119833	0.13975143	0.7178881	0.015064657	0	12	0	1	0	0	613.3485958086648	1224.6826386837038	30.683407	-.LLQQGTAPAQAK.-	sp|Q86YP4-2|P66A_HUMAN	sp|Q86YP4-3|P66A_HUMAN	sp|Q86YP4|P66A_HUMAN
2017dec27_overlap_dia_6b_rep1_604to616.dia:1841.0044:NHEEEISTLR+2	1	41843	17.821331	1.8308179	2.0300472	6.880923	6.590063	0.0040905434	0.0022812432	14.0	3.0	1.6567779	-0.66148686	0.98057175	2.5805063	2.119471	7.3264008	0.14894485	0.58156633	0.15143514	0	10	0	1	0	0	614.3018408086647	1226.5891286837036	30.683407	-.NHEEEISTLR.-	sp|P08727|K1C19_HUMAN
2017dec27_overlap_dia_6b_rep1_604to616.dia:1841.0044:decoyGHTFTGSIELR+2	-1	41843	10.399897	0.32317704	0.5095632	5.794376	5.640515	0.13294548	0.022512104	8.0	0.0	4.457012	-2.6076047	0.0	10.0	10.0	-1.1372375	16.288467	10.0	2.097553	0	11	0	1	0	0	609.3172948086645	1216.6200366837033	30.683407	-.GHTFTGSIELR.-	DECOY_sp|P63010-2|AP2B1_HUMAN	DECOY_sp|P63010-3|AP2B1_HUMAN	DECOY_sp|P63010|AP2B1_HUMAN
2017dec27_overlap_dia_6b_rep1_604to616.dia:1841.0044:decoyTHATIEQVC[+57.0214635]R+2	-1	41843	8.349662	0.6936618	0.81920743	5.492329	5.16117	0.108946696	0.031209907	6.0	0.0	6.7365375	0.52364534	0.0	10.0	10.0	-2.4910011	0.41828156	10.0	1.0336971	0	10	0	1	0	0	607.8009550586646	1213.5873571837035	30.683407	-.THATIEQVC[+57.0214635]R.-	DECOY_sp|Q13033-2|STRN3_HUMAN	DECOY_sp|Q13033|STRN3_HUMAN	DECOY_sp|Q9NRL3-3|STRN4_HUMAN	DECOY_sp|Q9NRL3|STRN4_HUMAN
2017dec27_overlap_dia_6b_rep1_604to616.dia:1843.0939:EVAATEEDVTR+2	1	41895	15.104097	1.4188746	1.6814396	6.423759	5.760069	0.02163558	0.0018894556	12.0	1.0	2.9683628	-0.8152111	0.9701139	4.4164057	4.4164057	-0.09178829	0.2492466	1.7153683	0.3051594	0	11	0	1	0	0	610.2936823086646	1218.5728116837035	30.718231	-.EVAATEEDVTR.-	sp|Q8WWI1-2|LMO7_HUMAN	sp|Q8WWI1-3|LMO7_HUMAN	sp|Q8WWI1-4|LMO7_HUMAN	sp|Q8WWI1-5|LMO7_HUMAN	sp|Q8WWI1|LMO7_HUMAN
2017dec27_overlap_dia_6b_rep1_604to616.dia:1843.0939:KFDPMGQQTC[+57.0214635]SAHPAR+3	1	41895	16.779419	1.1123986	1.4764385	5.8390093	5.200446	0.076722845	0.009144318	14.0	5.0	1.4594384	-0.15680948	0.9232806	4.063393	0.47718892	0.35420513	0.23838043	2.2238486	0.35324225	1	16	0	0	1	0	610.9506511947142	1829.8301241837037	30.718231	-.KFDPMGQQTC[+57.0214635]SAHPAR.-	sp|Q9NPE3|NOP10_HUMAN
2017dec27_overlap_dia_6b_rep1_604to616.dia:1843.0939:decoyQKAYELHLQDIAELR+3	-1	41895	13.442416	0.5358805	1.1510054	5.84126	4.679834	0.08893517	0.019524282	11.0	2.0	2.9548042	-2.216103	0.0	10.0	10.0	-0.4892807	24.46835	10.0	1.7060513	1	15	0	0	1	0	609.6634896947139	1825.968639683703	30.718231	-.QKAYELHLQDIAELR.-	DECOY_sp|O43707-2|ACTN4_HUMAN	DECOY_sp|O43707-3|ACTN4_HUMAN	DECOY_sp|O43707|ACTN4_HUMAN
2017dec27_overlap_dia_6b_rep1_604to616.dia:1845.2621:DEQEHEFYK+2	1	41947	8.574236	0.24377537	0.29748476	5.7169027	4.7779484	0.20376141	0.01817072	6.0	0.0	0.81122756	0.4330809	0.0	10.0	10.0	-2.9718866	0.7466965	10.0	0.94313264	0	9	0	1	0	0	612.7620133086648	1223.5094736837038	30.754368	-.DEQEHEFYK.-	sp|P43686-2|PRS6B_HUMAN	sp|P43686|PRS6B_HUMAN
2017dec27_overlap_dia_6b_rep1_604to616.dia:1845.2621:decoyVEQLSAVESHK+2	-1	41947	11.640213	1.0450933	1.2533604	6.080449	5.2805424	0.07776212	0.011839053	9.0	2.0	1.9468595	-1.1641763	0.0	10.0	10.0	-1.5038052	0.7466965	10.0	0.6541246	0	11	0	1	0	0	613.8224093086645	1225.6302656837033	30.754368	-.VEQLSAVESHK.-	DECOY_sp|Q9Y305-2|ACOT9_HUMAN	DECOY_sp|Q9Y305-3|ACOT9_HUMAN	DECOY_sp|Q9Y305-4|ACOT9_HUMAN	DECOY_sp|Q9Y305|ACOT9_HUMAN
2017dec27_overlap_dia_6b_rep1_604to616.dia:1845.2621:decoyVGDQAC[+57.0214635]VPRYAGDC[+57.0214635]TR+3	-1	41947	8.858772	0.7233542	0.95584035	5.156342	4.512358	0.19059387	0.049129434	7.0	2.0	4.9109035	-1.9638796	0.0	10.0	10.0	-1.5285311	0.4019432	10.0	1.4538279	1	16	0	0	1	0	608.9420413613808	1823.8042946837038	30.754368	-.VGDQAC[+57.0214635]VPRYAGDC[+57.0214635]TR.-	DECOY_sp|O00468-2|AGRIN_HUMAN	DECOY_sp|O00468-3|AGRIN_HUMAN	DECOY_sp|O00468-4|AGRIN_HUMAN	DECOY_sp|O00468-5|AGRIN_HUMAN	DECOY_sp|O00468-6|AGRIN_HUMAN	DECOY_sp|O00468-7|AGRIN_HUMAN	DECOY_sp|O00468|AGRIN_HUMAN
2017dec27_overlap_dia_6b_rep1_604to616.dia:1847.4274:ASREEILAQAK+2	1	41999	16.085875	1.4725609	1.8553705	6.2915936	5.729479	0.022766184	0.0023307328	13.0	1.0	5.320506	-3.9523754	0.9805866	2.8069966	2.8069966	6.219309	0.25204086	0.10595918	3.4423237	1	11	0	1	0	0	608.3382268086648	1214.6619006837038	30.790457	-.ASREEILAQAK.-	sp|P35579-2|MYH9_HUMAN	sp|P35579|MYH9_HUMAN
2017dec27_overlap_dia_6b_rep1_604to616.dia:1847.4274:decoyLIQDEC[+57.0214635]DSSR+2	-1	41999	8.5768795	0.46282533	0.5980353	5.7195463	4.649645	0.31313068	0.037902646	6.0	0.0	1.7488085	-1.3116064	0.0	10.0	10.0	-3.0	0.7827854	10.0	0.8015547	0	10	0	1	0	0	611.7720590586645	1221.5295651837032	30.790457	-.LIQDEC[+57.0214635]DSSR.-	DECOY_sp|Q92896-2|GSLG1_HUMAN	DECOY_sp|Q92896-3|GSLG1_HUMAN	DECOY_sp|Q92896|GSLG1_HUMAN
2017dec27_overlap_dia_6b_rep1_604to616.dia:1847.4274:decoyMLESDEIGTAR+2	-1	41999	11.5328045	0.49313498	0.9435957	5.973041	5.127706	0.2135141	0.015888466	9.0	1.0	1.8879379	-1.2902219	0.53473884	6.049271	-6.049271	-0.66104317	12.953951	8.750309	0.7801702	0	11	0	1	0	0	611.2926278086646	1220.5707026837035	30.790457	-.MLESDEIGTAR.-	DECOY_sp|Q13619-2|CUL4A_HUMAN	DECOY_sp|Q13619|CUL4A_HUMAN
2017dec27_overlap_dia_6b_rep1_604to616.dia:1847.4274:decoyNWFDEQHDK+2	-1	41999	9.616489	0.4574418	0.6868185	5.914058	4.9927998	0.21819727	0.022783423	7.0	1.0	2.662648	-1.9589818	0.0	10.0	10.0	-1.5878506	7.6379604	10.0	1.44893	0	9	0	1	0	0	609.7623518086647	1217.5101506837036	30.790457	-.NWFDEQHDK.-	DECOY_sp|Q9H4A4|AMPB_HUMAN
2017dec27_overlap_dia_6b_rep1_604to616.dia:1851.6047:KADGVHTVEPTEAGDYK+3	1	42103	21.906868	1.4320219	1.7953645	6.100528	5.481886	0.025432682	0.005222991	18.0	10.0	1.7812881	-0.26102522	0.98689586	5.2726755	2.2034266	1.9906111	0.2259903	0.4976108	0.2490265	1	17	0	0	1	0	606.2952433613808	1815.8639006837036	30.860079	-.KADGVHTVEPTEAGDYK.-	sp|Q13445|TMED1_HUMAN
2017dec27_overlap_dia_6b_rep1_604to616.dia:1851.6047:decoyAAQALIEERSK+2	-1	42103	10.11623	0.51079196	0.80545735	5.5107093	5.160393	0.21083732	0.027785797	8.0	1.0	3.751581	-2.8136857	0.52717566	5.163664	-5.163664	-2.514223	0.18730927	7.8647013	2.303634	1	11	0	1	0	0	608.3382268086647	1214.6619006837036	30.860079	-.AAQALIEERSK.-	DECOY_sp|P35579-2|MYH9_HUMAN	DECOY_sp|P35579|MYH9_HUMAN
2017dec27_overlap_dia_6b_rep1_604to616.dia:1851.6047:decoyKAMQADEYLR+2	-1	42103	7.838705	0.71830857	1.1834141	4.9813724	4.3859997	0.14465518	0.025086882	6.0	0.0	2.681619	-2.0112143	0.0	10.0	10.0	-3.0	0.06693649	10.0	1.5011625	1	10	0	1	0	0	612.8057013086645	1223.5968496837033	30.860079	-.KAMQADEYLR.-	DECOY_sp|Q8TEU7-2|RPGF6_HUMAN	DECOY_sp|Q8TEU7-3|RPGF6_HUMAN	DECOY_sp|Q8TEU7-4|RPGF6_HUMAN	DECOY_sp|Q8TEU7-5|RPGF6_HUMAN	DECOY_sp|Q8TEU7|RPGF6_HUMAN	DECOY_sp|Q9Y4G8|RPGF2_HUMAN
2017dec27_overlap_dia_6b_rep1_604to616.dia:1851.6047:decoyNEDDMDEGFR+2	-1	42103	9.65625	0.3620072	0.48895285	5.9538198	5.3174324	0.14949556	0.027412433	7.0	0.0	2.550381	-1.9127856	0.0	10.0	10.0	-1.8500509	5.1888676	10.0	1.4027339	0	10	0	1	0	0	614.2327668086647	1226.4509806837036	30.860079	-.NEDDMDEGFR.-	DECOY_sp|P11940-2|PABP1_HUMAN	DECOY_sp|P11940|PABP1_HUMAN	DECOY_sp|Q9H361|PABP3_HUMAN
2017dec27_overlap_dia_6b_rep1_604to616.dia:1857.9878:DLQQYQSQAK+2	1	42259	16.639416	1.3693372	1.7248343	6.845134	6.212924	0.0054297387	0.0011504071	13.0	0.0	3.1577818	-2.3683364	0.99985445	3.9520595	2.5851152	-0.29340935	0.24114609	0.11592221	1.8582847	0	10	0	1	0	0	604.7989308086647	1207.5833086837038	30.966463	-.DLQQYQSQAK.-	sp|O75396|SC22B_HUMAN
2017dec27_overlap_dia_6b_rep1_604to616.dia:1857.9878:LSSDVC[+57.0214635]PTSDK+2	1	42259	9.610363	0.63616717	0.9098579	5.9079323	5.050345	0.20892274	0.032705188	7.0	1.0	2.3152335	-1.736425	0.0	10.0	10.0	-1.0643015	0.95879173	10.0	1.2263733	0	11	0	1	0	0	604.7768100586648	1207.5390671837038	30.966463	-.LSSDVC[+57.0214635]PTSDK.-	sp|P11717|MPRI_HUMAN
2017dec27_overlap_dia_6b_rep1_604to616.dia:1857.9878:decoyNPLKNPKPNDIASDSSK+3	-1	42259	10.248455	0.41924062	0.787981	5.642935	5.267597	0.14482625	0.034158256	8.0	3.0	2.127251	-1.5954381	0.0	10.0	10.0	-1.7354574	0.7439499	10.0	1.0853864	1	17	0	0	1	0	608.986522694714	1823.9377386837034	30.966463	-.NPLKNPKPNDIASDSSK.-	DECOY_sp|P46100-2|ATRX_HUMAN	DECOY_sp|P46100-3|ATRX_HUMAN	DECOY_sp|P46100-4|ATRX_HUMAN	DECOY_sp|P46100-5|ATRX_HUMAN	DECOY_sp|P46100-6|ATRX_HUMAN	DECOY_sp|P46100|ATRX_HUMAN
2017dec27_overlap_dia_6b_rep1_604to616.dia:1860.0671:VTC[+57.0214635]DGAYRPVC[+57.0214635]AQDGR+3	1	42311	11.148561	0.71490926	0.8209912	5.588797	5.2772737	0.105835415	0.013406099	9.0	2.0	2.7878218	-2.0908663	0.7845458	1.1675277	0.10564184	-1.5126829	0.15519142	2.5953956	1.5808146	0	16	0	0	1	0	608.9420413613808	1823.8042946837038	31.00112	-.VTC[+57.0214635]DGAYRPVC[+57.0214635]AQDGR.-	sp|O00468-2|AGRIN_HUMAN	sp|O00468-3|AGRIN_HUMAN	sp|O00468-4|AGRIN_HUMAN	sp|O00468-5|AGRIN_HUMAN	sp|O00468-6|AGRIN_HUMAN	sp|O00468-7|AGRIN_HUMAN	sp|O00468|AGRIN_HUMAN
2017dec27_overlap_dia_6b_rep1_604to616.dia:1860.0671:decoyIQVDAADGPGGGR+2	-1	42311	10.382971	0.5497538	0.96063036	5.7774506	4.8853993	0.13563825	0.018059999	8.0	1.0	2.5707715	-1.7546201	0.76768094	4.714474	-4.714474	-1.9467306	0.30020142	7.4155116	1.2445683	0	13	0	1	0	0	606.8020093086647	1211.5894656837036	31.00112	-.IQVDAADGPGGGR.-	DECOY_sp|Q9UBS0|KS6B2_HUMAN
2017dec27_overlap_dia_6b_rep1_604to616.dia:1860.0671:decoyLLVENFGEC[+57.0214635]K+2	-1	42311	10.891	0.5306692	0.5862845	6.285479	5.716215	0.1102429	0.017406747	8.0	0.0	5.06766	-3.8007448	0.9745251	5.577488	5.577488	-0.38463497	23.920141	2.8764505	3.290693	0	10	0	1	0	0	604.8026310586646	1207.5907091837034	31.00112	-.LLVENFGEC[+57.0214635]K.-	DECOY_sp|Q9Y6H1|CHCH2_HUMAN
2017dec27_overlap_dia_6b_rep1_604to616.dia:1862.2178:TFVSGAC[+57.0214635]DASSK+2	1	42363	13.129268	1.0313975	1.4990661	6.5695043	6.2723937	0.09354675	0.022140566	10.0	3.0	1.864632	-1.398474	0.9751836	7.7334175	7.7334175	1.3685827	0.26155853	5.03238	0.8758457	0	12	0	1	0	0	615.2769775586647	1228.5394021837037	31.036963	-.TFVSGAC[+57.0214635]DASSK.-	sp|Q9HAV0|GBB4_HUMAN
2017dec27_overlap_dia_6b_rep1_604to616.dia:1866.4314:KLYEDAQMAR+2	1	42467	7.946067	0.3737458	1.0038168	5.088734	4.556101	0.12254312	0.031431198	6.0	0.0	4.3323607	-0.8117932	0.0	10.0	10.0	-1.6985626	0.17509079	10.0	0.22579026	1	10	0	1	0	0	612.8057013086647	1223.5968496837036	31.10719	-.KLYEDAQMAR.-	sp|Q8TEU7-2|RPGF6_HUMAN	sp|Q8TEU7-3|RPGF6_HUMAN	sp|Q8TEU7-4|RPGF6_HUMAN	sp|Q8TEU7-5|RPGF6_HUMAN	sp|Q8TEU7|RPGF6_HUMAN	sp|Q9Y4G8|RPGF2_HUMAN
2017dec27_overlap_dia_6b_rep1_604to616.dia:1868.5409:WNSLPSENHK+2	1	42519	11.521268	0.62745416	0.7263025	5.9615045	5.339546	0.053886145	0.006679619	9.0	0.0	2.7584336	1.1588528	0.20262377	5.5391564	-5.5391564	0.56417656	0.1589737	8.240194	1.7569377	0	10	0	1	0	0	606.2938183086648	1210.5730836837038	31.142347	-.WNSLPSENHK.-	sp|Q15785|TOM34_HUMAN
2017dec27_overlap_dia_6b_rep1_604to616.dia:1870.6401:DIC[+57.0214635]AC[+57.0214635]AATGTGK+2	1	42571	16.480581	1.4179744	1.6416359	6.6863	6.1225176	0.0057689734	5.299711E-4	13.0	0.0	1.5649261	-0.88602924	0.9880479	5.177426	3.2628396	3.6240196	0.42180824	0.56180215	0.28794432	0	12	0	1	0	0	612.7710063086647	1223.5274596837037	31.177336	-.DIC[+57.0214635]AC[+57.0214635]AATGTGK.-	sp|Q96GQ7|DDX27_HUMAN
2017dec27_overlap_dia_6b_rep1_604to616.dia:1872.6892:AKESWEMDTK+2	1	42623	11.59583	0.75839645	0.9426797	6.0360665	5.304881	0.10556981	0.007802464	9.0	0.0	0.9487419	0.12382114	0.0	10.0	10.0	0.5066805	0.13556862	10.0	0.72190607	1	10	0	1	0	0	612.7818958086647	1223.5492386837036	31.211487	-.AKESWEMDTK.-	sp|Q13451|FKBP5_HUMAN
2017dec27_overlap_dia_6b_rep1_604to616.dia:1872.6892:EEILANGGSLSHHHGVGK+3	1	42623	15.643658	0.615703	0.9815943	5.849376	5.1865335	0.10786504	0.012809343	13.0	3.0	1.3501482	0.90148795	0.59694517	6.019168	-2.6688185	-1.6717114	0.21217918	5.369856	1.4995729	0	18	0	0	1	0	614.6466126947141	1840.9180086837036	31.211487	-.EEILANGGSLSHHHGVGK.-	sp|O00116|ADAS_HUMAN
2017dec27_overlap_dia_6b_rep1_604to616.dia:1872.6892:SAEAGIAGEAQSK+2	1	42623	13.413274	0.72879064	1.1905336	5.8121176	5.1087084	0.12446985	0.019661669	11.0	3.0	0.9496539	0.04482916	0.8373123	0.43720657	-0.43720657	-1.3410187	1.2038155	3.138244	0.64291406	0	13	0	1	0	0	609.8016743086647	1217.5887956837037	31.211487	-.SAEAGIAGEAQSK.-	sp|Q7Z478|DHX29_HUMAN
2017dec27_overlap_dia_6b_rep1_604to616.dia:1872.6892:decoyFDMRDQEVGK+2	-1	42623	8.139015	0.54707533	0.71715933	5.281683	4.6108174	0.21139245	0.014997361	6.0	1.0	2.1625216	-0.80453396	0.0	10.0	10.0	-2.3708076	0.7633381	10.0	0.20644903	1	10	0	1	0	0	612.7875128086645	1223.5604726837032	31.211487	-.FDMRDQEVGK.-	DECOY_sp|Q14247-2|SRC8_HUMAN	DECOY_sp|Q14247-3|SRC8_HUMAN	DECOY_sp|Q14247|SRC8_HUMAN
2017dec27_overlap_dia_6b_rep1_604to616.dia:1872.6892:decoyFIHANLENHK+2	-1	42623	9.575434	0.5152951	0.7618466	5.8730035	4.994565	0.22543217	0.012049997	7.0	1.0	4.352066	0.6617836	0.0	10.0	10.0	-1.7247105	0.4134636	10.0	1.2598685	0	10	0	1	0	0	611.8200038086646	1221.6254546837035	31.211487	-.FIHANLENHK.-	DECOY_sp|P12270-2|TPR_HUMAN	DECOY_sp|P12270|TPR_HUMAN
2017dec27_overlap_dia_6b_rep1_604to616.dia:1879.0654:decoyAPEEAPLGPDSK+2	-1	42779	11.324901	0.6741505	1.0939473	5.765137	5.1840982	0.15697408	0.022247262	9.0	1.0	1.5811914	1.1858935	0.0	10.0	10.0	-1.1963997	5.913109	10.0	1.8468595	0	12	0	1	0	0	605.8011428086646	1209.5877326837035	31.317757	-.APEEAPLGPDSK.-	DECOY_sp|P27708|PYR1_HUMAN
2017dec27_overlap_dia_6b_rep1_604to616.dia:1879.0654:decoyDGSIHYVSTNK+2	-1	42779	10.663044	0.68825716	1.1636223	6.0575233	5.281797	0.18287127	0.01967402	8.0	1.0	7.194362	-4.839159	0.0	10.0	10.0	-1.4255352	0.82876205	10.0	4.178193	0	11	0	1	0	0	610.7989298086646	1219.5833066837035	31.317757	-.DGSIHYVSTNK.-	DECOY_sp|Q9NTJ3-2|SMC4_HUMAN	DECOY_sp|Q9NTJ3|SMC4_HUMAN
2017dec27_overlap_dia_6b_rep1_604to616.dia:1881.136:LKQIEEQTIK+2	1	42831	12.820662	1.3827746	1.7323711	6.2608976	5.622283	0.04009425	0.0035763178	10.0	0.0	1.9668401	-1.4252306	0.9968422	4.879412	2.285109	1.3642845	0.14237976	0.4682467	0.7642647	1	10	0	1	0	0	615.3586283086647	1228.7027036837037	31.352266	-.LKQIEEQTIK.-	sp|P35241-2|RADI_HUMAN	sp|P35241-4|RADI_HUMAN	sp|P35241-5|RADI_HUMAN	sp|P35241|RADI_HUMAN
2017dec27_overlap_dia_6b_rep1_604to616.dia:1885.4031:LKDVQEQLSR+2	1	42935	11.40073	0.7667339	1.1120081	5.840967	4.9377027	0.086102255	0.006712041	9.0	1.0	4.367909	-3.0685213	0.8268573	6.570872	-6.570872	-0.39874172	0.07784271	9.371658	2.4075553	1	10	0	1	0	0	608.3382268086648	1214.6619006837038	31.423384	-.LKDVQEQLSR.-	sp|O75116|ROCK2_HUMAN
2017dec27_overlap_dia_6b_rep1_604to616.dia:1885.4031:LVGATATSSPPPK+2	1	42935	13.1963825	0.6086506	0.9995119	5.595226	5.14021	0.2770365	0.035627406	11.0	1.0	2.0430753	-0.38583916	0.0	10.0	10.0	-1.4892273	0.14819717	10.0	0.27512676	0	13	0	1	0	0	613.3429783086647	1224.6714036837036	31.423384	-.LVGATATSSPPPK.-	sp|Q96QD9-4|UIF_HUMAN	sp|Q96QD9|UIF_HUMAN
2017dec27_overlap_dia_6b_rep1_604to616.dia:1885.4031:YLASGSGDTTVR+2	1	42935	13.9637985	1.5505172	2.0853448	6.362642	6.050739	0.033913255	0.0061185737	11.0	3.0	2.303161	-1.6219854	0.9983339	2.8671134	2.8671134	1.640748	0.15814972	0.06632733	0.9610195	0	12	0	1	0	0	613.8042128086647	1225.5938726837037	31.423384	-.YLASGSGDTTVR.-	sp|Q9NVX2|NLE1_HUMAN
2017dec27_overlap_dia_6b_rep1_604to616.dia:1889.7012:decoyADTPNPHLTGGGEPGPATK+3	-1	43039	10.722801	0.36966315	0.55426216	5.1630373	4.136936	0.12704368	0.024954446	9.0	2.0	0.8437566	-0.12839192	0.0	10.0	10.0	-1.5991659	2.0627728	10.0	0.5451501	0	19	0	0	1	0	606.2989910280472	1815.875143683703	31.49502	-.ADTPNPHLTGGGEPGPATK.-	DECOY_sp|P56945-2|BCAR1_HUMAN	DECOY_sp|P56945-3|BCAR1_HUMAN	DECOY_sp|P56945-4|BCAR1_HUMAN	DECOY_sp|P56945-5|BCAR1_HUMAN	DECOY_sp|P56945-6|BCAR1_HUMAN	DECOY_sp|P56945-7|BCAR1_HUMAN	DECOY_sp|P56945-8|BCAR1_HUMAN	DECOY_sp|P56945|BCAR1_HUMAN
2017dec27_overlap_dia_6b_rep1_604to616.dia:1893.9092:IGGGPGDAADVQR+2	1	43143	12.351341	1.0269724	1.4673659	5.7915773	4.9329643	0.09355034	0.01474239	10.0	2.0	0.7868302	0.4440922	0.68804395	1.0179714	1.0179714	-2.0622911	0.2638321	1.7628647	1.1176343	0	13	0	1	0	0	606.8020093086647	1211.5894656837036	31.565153	-.IGGGPGDAADVQR.-	sp|Q9UBS0|KS6B2_HUMAN
2017dec27_overlap_dia_6b_rep1_604to616.dia:1902.4348:AYTGFSSNSER+2	1	43352	16.604998	1.7323387	2.0596232	6.810717	6.268595	0.010290268	0.0024427727	13.0	1.0	1.1078306	-0.63898736	0.82857203	8.54681	8.54681	5.1749706	0.16985703	5.765974	0.047130764	0	11	0	1	0	0	609.7729118086646	1217.5312706837035	31.707247	-.AYTGFSSNSER.-	sp|O15355|PPM1G_HUMAN
2017dec27_overlap_dia_6b_rep1_604to616.dia:1902.4348:QYYYSADGSR+2	1	43352	8.065474	0.7642481	1.0361215	5.208141	4.557908	0.13943154	0.012227688	6.0	0.0	1.7057136	-1.2792852	0.0	10.0	10.0	-2.3786893	0.26426697	10.0	0.59316707	0	10	0	1	0	0	605.2621718086647	1208.5097906837036	31.707247	-.QYYYSADGSR.-	sp|Q8IWW6-2|RHG12_HUMAN	sp|Q8IWW6-3|RHG12_HUMAN	sp|Q8IWW6-4|RHG12_HUMAN	sp|Q8IWW6|RHG12_HUMAN
2017dec27_overlap_dia_6b_rep1_604to616.dia:1902.4348:decoyAYYYEVEER+2	-1	43352	10.977628	0.86305547	1.0076348	6.372107	5.572071	0.09577733	0.019407991	8.0	0.0	3.5109465	-1.56283	0.0	10.0	10.0	-0.6350651	10.846338	10.0	0.87671185	0	9	0	1	0	0	611.2747478086646	1220.5349426837035	31.707247	-.AYYYEVEER.-	DECOY_sp|Q9H0B6-2|KLC2_HUMAN	DECOY_sp|Q9H0B6|KLC2_HUMAN
2017dec27_overlap_dia_6b_rep1_604to616.dia:1904.5706:GRGGPESPPSNR+2	1	43404	9.465551	0.35549507	0.87880546	5.76312	4.530023	0.16782068	0.04926913	7.0	0.0	5.6838074	-1.4126477	0.5141558	7.761161	-7.761161	-0.9348049	0.2069664	10.541997	0.7139535	1	12	0	1	0	0	605.7997998086647	1209.5850466837037	31.742842	-.GRGGPESPPSNR.-	sp|Q6ZW31-2|SYDE1_HUMAN	sp|Q6ZW31|SYDE1_HUMAN
2017dec27_overlap_dia_6b_rep1_604to616.dia:1904.5706:LAQQISDEASR+2	1	43404	16.319279	1.4076351	1.8781352	6.5249968	6.010215	0.007003995	0.0019379266	13.0	0.0	2.5148392	-1.8861294	0.95947397	4.7800355	-4.7800355	4.854146	0.2836666	7.5608716	1.1874352	0	11	0	1	0	0	609.3096663086646	1216.6047796837036	31.742842	-.LAQQISDEASR.-	sp|Q93008-1|USP9X_HUMAN	sp|Q93008|USP9X_HUMAN
2017dec27_overlap_dia_6b_rep1_604to616.dia:1906.6653:ESAWTKPDGVK+2	1	43456	14.790921	0.6572693	0.9469008	6.1105833	5.4510455	0.050970245	0.0034961456	12.0	1.0	5.75473	-2.8187897	0.98306626	3.1533558	3.1533558	1.3289881	0.07428169	0.37822652	2.1200955	0	11	0	1	0	0	609.3116778086647	1216.6088026837037	31.777754	-.ESAWTKPDGVK.-	sp|O14776-2|TCRG1_HUMAN	sp|O14776|TCRG1_HUMAN
2017dec27_overlap_dia_6b_rep1_604to616.dia:1906.6653:GKGEITPAAIQK+2	1	43456	14.672783	0.49960402	0.8750211	5.9924455	5.249288	0.019262247	0.005884254	12.0	1.0	2.9417999	-2.2063498	0.80769306	3.3665776	1.1846365	0.70932865	0.28274536	1.5904928	1.5076556	1	12	0	1	0	0	606.8509708086648	1211.6873886837038	31.777754	-.GKGEITPAAIQK.-	sp|Q15532-2|SSXT_HUMAN	sp|Q15532|SSXT_HUMAN
2017dec27_overlap_dia_6b_rep1_604to616.dia:1906.6653:decoyEGVGHHHSLSGGNALIEK+3	-1	43456	9.574916	0.26415688	0.5946841	5.872485	5.0517635	0.27880567	0.086144336	7.0	3.0	5.916577	-4.437433	0.0	10.0	10.0	-2.9707594	0.35408783	10.0	3.7387385	0	18	0	0	1	0	614.6466126947139	1840.918008683703	31.777754	-.EGVGHHHSLSGGNALIEK.-	DECOY_sp|O00116|ADAS_HUMAN
2017dec27_overlap_dia_6b_rep1_604to616.dia:1910.822:ATQTPSC[+57.0214635]WAEEGAEKR+3	1	43560	9.223461	0.47975567	0.6054969	5.52103	4.843784	0.18292917	0.019521499	7.0	2.0	5.2326164	2.4938478	0.97780555	5.837494	-5.837494	-2.219079	4.7528877	8.59838	3.2523487	1	16	0	0	1	0	607.6125808613808	1819.8159131837037	31.847034	-.ATQTPSC[+57.0214635]WAEEGAEKR.-	sp|Q86VQ1|GLCI1_HUMAN
2017dec27_overlap_dia_6b_rep1_604to616.dia:1912.948:HADYIASYGSK+2	1	43612	18.617657	0.73219097	0.8836866	6.501156	6.095345	0.019563187	0.0036777228	15.0	3.0	5.4537086	4.0902815	0.9785701	6.164316	6.164316	3.4034739	0.13496399	3.40343	4.8518567	0	11	0	1	0	0	606.2881938086647	1210.5618346837036	31.882467	-.HADYIASYGSK.-	sp|P53611|PGTB2_HUMAN
2017dec27_overlap_dia_6b_rep1_604to616.dia:1912.948:VLANPGNSQVAR+2	1	43612	19.985437	2.1581595	2.7436812	7.868938	7.2917438	2.1896041E-4	5.154997E-5	15.0	11.0	2.7419538	2.0564654	0.980255	5.2030115	5.2030115	-0.92786646	0.10785484	2.4421253	2.8180406	0	12	0	1	0	0	613.3360183086647	1224.6574836837037	31.882467	-.VLANPGNSQVAR.-	sp|Q14974|IMB1_HUMAN
2017dec27_overlap_dia_6b_rep1_604to616.dia:1915.0103:LTC[+57.0214635]PC[+57.0214635]C[+57.0214635]NMR+2	1	43664	7.6320763	0.22384597	0.39975834	5.552895	5.0591598	0.20173019	0.012176236	5.0	0.0	3.5708559	2.6781418	0.44291523	9.763434	9.763434	-1.4387836	0.066316605	7.002548	3.4498396	0	9	0	1	0	0	606.2430465586647	1210.4715401837036	31.916838	-.LTC[+57.0214635]PC[+57.0214635]C[+57.0214635]NMR.-	sp|Q5VTR2|BRE1A_HUMAN
2017dec27_overlap_dia_6b_rep1_604to616.dia:1915.0103:decoyNKADFVTNQPNMAVQR+3	-1	43664	12.127846	0.5559932	0.646275	6.5680823	5.8170576	0.1156326	0.017118039	9.0	4.0	2.3189306	1.2596724	0.0	10.0	10.0	-1.9386201	13.474974	10.0	2.0313702	1	16	0	0	1	0	611.6405820280474	1831.8999166837036	31.916838	-.NKADFVTNQPNMAVQR.-	DECOY_sp|P34931|HS71L_HUMAN
2017dec27_overlap_dia_6b_rep1_604to616.dia:1917.1636:SGPKPFSAPKPQTSPSPK+3	1	43716	34.66663	1.2059453	1.4214615	6.6296453	6.1043143	0.01117174	0.0030941693	27.0	23.0	2.1848824	-0.6810746	0.7805938	5.146376	0.9185074	6.657916	0.31103897	1.8423789	0.098475814	0	18	0	0	1	0	613.3317426947142	1836.9733986837039	31.952726	-.SGPKPFSAPKPQTSPSPK.-	sp|Q01518-2|CAP1_HUMAN	sp|Q01518|CAP1_HUMAN
2017dec27_overlap_dia_6b_rep1_604to616.dia:1919.2537:SSNGTFINSQR+2	1	43768	10.800673	0.76080716	1.1965085	5.2409086	4.495366	0.123410545	0.012886501	9.0	0.0	4.206369	-0.20545024	0.0	10.0	10.0	0.0264225	0.1777134	10.0	0.5812772	0	11	0	1	0	0	605.7941828086647	1209.5738126837036	31.98756	-.SSNGTFINSQR.-	sp|Q14BN4-2|SLMAP_HUMAN	sp|Q14BN4-3|SLMAP_HUMAN	sp|Q14BN4-6|SLMAP_HUMAN	sp|Q14BN4-7|SLMAP_HUMAN	sp|Q14BN4|SLMAP_HUMAN
2017dec27_overlap_dia_6b_rep1_604to616.dia:1919.2537:YSDEENLPEK+2	1	43768	10.323852	0.66883427	0.96027327	5.718331	4.965475	0.102816075	0.007746785	8.0	0.0	3.3062017	2.4796512	0.8127332	0.76517355	-0.76517355	0.74015427	0.1765976	3.5260596	3.2663786	0	10	0	1	0	0	612.2749528086648	1222.5353526837039	31.98756	-.YSDEENLPEK.-	sp|Q9BQI0-2|AIF1L_HUMAN	sp|Q9BQI0-3|AIF1L_HUMAN	sp|Q9BQI0-4|AIF1L_HUMAN	sp|Q9BQI0|AIF1L_HUMAN
2017dec27_overlap_dia_6b_rep1_604to616.dia:1919.2537:decoyGQIAAPTIEGKK+2	-1	43768	12.319824	0.69142723	1.4057792	5.760061	5.0237803	0.06454401	0.01972097	10.0	1.0	1.3037058	0.9777793	0.0	10.0	10.0	-0.10645199	0.0693512	10.0	1.7645068	1	12	0	1	0	0	606.8509708086647	1211.6873886837036	31.98756	-.GQIAAPTIEGKK.-	DECOY_sp|Q15532-2|SSXT_HUMAN	DECOY_sp|Q15532|SSXT_HUMAN
2017dec27_overlap_dia_6b_rep1_604to616.dia:1919.2537:decoyVAVQSNGPNALR+2	-1	43768	13.566906	0.717017	1.4898715	7.007143	6.3569517	0.11525099	0.015537791	10.0	2.0	0.9182227	-0.20197295	0.98823565	5.7298026	5.7298026	-0.79725075	0.21294785	2.9689164	0.58475447	0	12	0	1	0	0	613.3360183086645	1224.6574836837033	31.98756	-.VAVQSNGPNALR.-	DECOY_sp|Q14974|IMB1_HUMAN
2017dec27_overlap_dia_6b_rep1_604to616.dia:1921.4366:EYNVNDDSMK+2	1	43820	13.225864	1.10884	1.330625	5.6247077	5.2390866	0.100059696	0.0073654004	11.0	1.0	1.4281193	-1.0710895	0.9648421	4.21583	-1.1506373	0.5922775	0.29421997	3.9115233	0.28436208	0	10	0	1	0	0	607.7533303086647	1213.4921076837036	32.023945	-.EYNVNDDSMK.-	sp|Q14527-2|HLTF_HUMAN	sp|Q14527|HLTF_HUMAN
2017dec27_overlap_dia_6b_rep1_604to616.dia:1921.4366:IIKDGEQHEDLNEVAK+3	1	43820	18.066425	1.0754305	0.7696021	5.949925	5.1612144	0.06946846	0.0031036038	15.0	3.0	2.065541	-1.5491558	0.0	10.0	10.0	1.9143724	0.11933899	10.0	0.7624284	1	16	0	0	1	0	613.3145286947141	1836.9217566837035	32.023945	-.IIKDGEQHEDLNEVAK.-	sp|O95831-2|AIFM1_HUMAN	sp|O95831-3|AIFM1_HUMAN	sp|O95831-5|AIFM1_HUMAN	sp|O95831|AIFM1_HUMAN
2017dec27_overlap_dia_6b_rep1_604to616.dia:1921.4366:QVQSLMVHQR+2	1	43820	13.381233	0.7997346	1.2113099	5.7800765	5.2358212	0.065469556	0.005953029	11.0	1.0	4.2144446	0.6209143	0.23155895	1.1102916	-1.1102916	1.5323982	0.20198059	3.8711777	1.4076416	0	10	0	1	0	0	613.3271398086647	1224.6397266837037	32.023945	-.QVQSLMVHQR.-	sp|Q969G3-2|SMCE1_HUMAN	sp|Q969G3-3|SMCE1_HUMAN	sp|Q969G3-4|SMCE1_HUMAN	sp|Q969G3-5|SMCE1_HUMAN	sp|Q969G3-6|SMCE1_HUMAN	sp|Q969G3|SMCE1_HUMAN
2017dec27_overlap_dia_6b_rep1_604to616.dia:1921.4366:TDPENTDYTMEHGATR+3	1	43820	18.040146	1.0460318	1.225292	5.923645	5.356756	0.036563996	0.0051072114	15.0	3.0	3.0277164	-2.2707872	0.7294532	0.9794906	0.9794906	7.4507217	0.085422516	1.7813957	1.4840598	0	16	0	0	1	0	613.2600930280474	1836.7584496837037	32.023945	-.TDPENTDYTMEHGATR.-	sp|Q9BW85|CCD94_HUMAN
2017dec27_overlap_dia_6b_rep1_604to616.dia:1921.4366:decoyGQFVTEC[+57.0214635]PKR+2	-1	43820	9.314704	0.37768248	0.5797787	5.612273	4.697514	0.20485733	0.018545365	7.0	0.0	3.6242363	0.17513692	0.0	10.0	10.0	-0.87446404	0.78940773	10.0	0.96186435	1	10	0	1	0	0	611.3058730586646	1220.5971931837034	32.023945	-.GQFVTEC[+57.0214635]PKR.-	DECOY_sp|Q8IZ73-2|RUSD2_HUMAN	DECOY_sp|Q8IZ73|RUSD2_HUMAN
2017dec27_overlap_dia_6b_rep1_604to616.dia:1921.4366:decoyLFELTYGTAPEPRAVR+3	-1	43820	12.870676	0.403469	0.4900023	6.310912	5.2368455	0.17093411	0.0191043	10.0	4.0	6.2715335	2.3480327	0.0	10.0	10.0	-1.0324278	24.461842	10.0	3.1347601	1	16	0	0	1	0	607.3282186947141	1818.9628266837037	32.023945	-.LFELTYGTAPEPRAVR.-	DECOY_sp|Q16658|FSCN1_HUMAN
2017dec27_overlap_dia_6b_rep1_604to616.dia:1923.524:LDQDESFSQR+2	1	43872	11.208455	0.5870759	0.91852283	5.6486917	4.653136	0.086625434	0.008927076	9.0	0.0	4.5469537	2.7228007	0.80441153	1.5927395	-1.5927395	0.1720066	0.36502838	4.353626	3.5204082	0	10	0	1	0	0	612.7781988086647	1223.5418446837036	32.058735	-.LDQDESFSQR.-	sp|O14727-2|APAF_HUMAN	sp|O14727-3|APAF_HUMAN	sp|O14727-4|APAF_HUMAN	sp|O14727-5|APAF_HUMAN	sp|O14727-6|APAF_HUMAN	sp|O14727|APAF_HUMAN
2017dec27_overlap_dia_6b_rep1_604to616.dia:1923.524:decoyKDHLEPGVLGR+2	-1	43872	12.498903	0.70038956	1.1272509	5.93914	4.992921	0.08575286	0.015413563	10.0	1.0	1.6839772	-0.5097556	0.0	10.0	10.0	0.45432854	1.5361557	10.0	0.28785175	1	11	0	1	0	0	610.8409368086647	1219.6673206837036	32.058735	-.KDHLEPGVLGR.-	DECOY_sp|Q15149-2|PLEC_HUMAN	DECOY_sp|Q15149-3|PLEC_HUMAN	DECOY_sp|Q15149-4|PLEC_HUMAN	DECOY_sp|Q15149-5|PLEC_HUMAN	DECOY_sp|Q15149-6|PLEC_HUMAN	DECOY_sp|Q15149-7|PLEC_HUMAN	DECOY_sp|Q15149-8|PLEC_HUMAN	DECOY_sp|Q15149-9|PLEC_HUMAN	DECOY_sp|Q15149|PLEC_HUMAN
2017dec27_overlap_dia_6b_rep1_604to616.dia:1925.7081:ENVENWQSSK+2	1	43924	12.0789	0.5499643	0.6796182	5.519137	5.0180893	0.07087133	0.007747529	10.0	0.0	3.6974423	2.7730818	0.0	10.0	10.0	-0.33764362	0.23513412	10.0	3.5598092	0	10	0	1	0	0	610.7807408086647	1219.5469286837038	32.095135	-.ENVENWQSSK.-	sp|O94913|PCF11_HUMAN
2017dec27_overlap_dia_6b_rep1_604to616.dia:1925.7081:IPSTDTQVQPK+2	1	43924	10.806984	0.5987597	1.047028	5.24722	4.8797326	0.008678489	0.0027966846	9.0	1.0	2.7561646	2.0671234	0.9251647	8.014257	8.014257	-1.8214884	0.07188797	5.2533712	2.8538508	0	11	0	1	0	0	607.3247858086647	1212.6350186837037	32.095135	-.IPSTDTQVQPK.-	sp|Q9ULV3-2|CIZ1_HUMAN	sp|Q9ULV3-3|CIZ1_HUMAN	sp|Q9ULV3-4|CIZ1_HUMAN	sp|Q9ULV3-5|CIZ1_HUMAN	sp|Q9ULV3|CIZ1_HUMAN
2017dec27_overlap_dia_6b_rep1_604to616.dia:1927.8275:DNTSVYHISGK+2	1	43976	11.890903	0.97568905	1.2371683	6.3311405	5.7192636	0.10358342	0.0053990395	9.0	1.0	2.3667152	1.7750363	0.0	10.0	10.0	-0.46013737	0.016059875	10.0	2.5743399	0	11	0	1	0	0	610.7989298086646	1219.5833066837035	32.13046	-.DNTSVYHISGK.-	sp|Q9NTJ3-2|SMC4_HUMAN	sp|Q9NTJ3|SMC4_HUMAN
2017dec27_overlap_dia_6b_rep1_604to616.dia:1927.8275:decoyFFAVSMIQSESVWRK+3	-1	43976	8.03618	0.44710654	0.7690312	5.178847	5.0384035	0.404642	0.051085845	6.0	1.0	4.49211	0.13346052	0.0	10.0	10.0	-2.5031242	1.2505913	10.0	0.93276405	1	15	0	0	1	0	605.6467850280475	1813.9185256837038	32.13046	-.FFAVSMIQSESVWRK.-	DECOY_sp|P22897-2|MRC1_HUMAN	DECOY_sp|P22897|MRC1_HUMAN
2017dec27_overlap_dia_6b_rep1_604to616.dia:1930.0111:GHQAFDVGQPR+2	1	44028	12.299812	0.82407063	1.2688923	5.740049	5.585838	0.06893268	0.012379044	10.0	0.0	1.2105165	0.008238405	0.82034963	2.0106158	2.0106158	3.2113695	0.10001373	0.75027037	0.80754197	0	11	0	1	0	0	606.2994368086646	1210.5843206837035	32.16685	-.GHQAFDVGQPR.-	sp|P11717|MPRI_HUMAN
2017dec27_overlap_dia_6b_rep1_604to616.dia:1930.0111:LQVQNGPIGHR+2	1	44028	11.470769	1.087337	1.4380329	5.9110055	5.1870193	0.027001705	0.006515995	9.0	0.0	4.124515	-3.0933862	0.9751941	2.9244442	2.9244442	1.4667301	0.101421356	0.163558	2.2940826	0	11	0	1	0	0	609.8387288086648	1217.6629046837038	32.16685	-.LQVQNGPIGHR.-	sp|P57105|SYJ2B_HUMAN
2017dec27_overlap_dia_6b_rep1_604to616.dia:1934.295:decoyTTAGHEMTYDTNEPDR+3	-1	44132	11.311225	0.5671202	0.90049934	5.7514615	5.071117	0.08092265	0.019125164	9.0	4.0	2.9093568	-2.1820176	0.0	10.0	10.0	-0.6528902	0.29379654	10.0	1.382714	0	16	0	0	1	0	613.2600930280474	1836.7584496837037	32.23825	-.TTAGHEMTYDTNEPDR.-	DECOY_sp|Q9BW85|CCD94_HUMAN
2017dec27_overlap_dia_6b_rep1_604to616.dia:1936.3646:ETSMVHELNR+2	1	44184	17.372719	1.6067837	2.0671833	6.432311	5.8596535	0.017257791	0.0021706782	14.0	1.0	2.4135294	-1.810147	0.9863302	3.6908247	-3.6908247	5.2093	0.0016021729	6.4517107	1.0108435	0	10	0	1	0	0	608.2929618086647	1214.5713706837037	32.272743	-.ETSMVHELNR.-	sp|P61619-3|S61A1_HUMAN	sp|P61619|S61A1_HUMAN
2017dec27_overlap_dia_6b_rep1_604to616.dia:1936.3646:VIEDNEYTAR+2	1	44184	11.610612	0.9768345	1.1838201	6.0508485	5.3529816	0.075646944	0.005596837	9.0	0.0	3.6412675	-2.7309506	0.8291935	5.8134584	5.8134584	-1.2600031	0.16365814	3.0525723	1.9316471	0	10	0	1	0	0	605.2909378086647	1208.5673226837037	32.272743	-.VIEDNEYTAR.-	sp|P07948-2|LYN_HUMAN	sp|P07948|LYN_HUMAN	sp|P08631-2|HCK_HUMAN	sp|P08631-3|HCK_HUMAN	sp|P08631-4|HCK_HUMAN	sp|P08631|HCK_HUMAN
2017dec27_overlap_dia_6b_rep1_604to616.dia:1938.5138:decoyAELYLEVEEK+2	-1	44236	10.734589	0.8696939	1.2815251	6.129068	5.242745	0.052326247	0.0117385015	8.0	0.0	3.6579387	-1.1440928	0.0	10.0	10.0	-0.28349686	22.920746	10.0	0.34478927	0	10	0	1	0	0	611.8137143086647	1221.6128756837036	32.308563	-.AELYLEVEEK.-	DECOY_sp|Q8NBN3-2|TM87A_HUMAN	DECOY_sp|Q8NBN3-3|TM87A_HUMAN	DECOY_sp|Q8NBN3|TM87A_HUMAN
2017dec27_overlap_dia_6b_rep1_604to616.dia:1938.5138:decoyNGIC[+57.0214635]DYSLNR+2	-1	44236	11.668019	0.48033994	1.0515077	6.108256	5.6447015	0.15001984	0.02527992	9.0	0.0	1.712473	1.2843548	0.0	10.0	10.0	-0.6707144	9.868744	10.0	2.0836582	0	10	0	1	0	0	606.2773070586646	1210.5400611837035	32.308563	-.NGIC[+57.0214635]DYSLNR.-	DECOY_sp|Q01581|HMCS1_HUMAN
2017dec27_overlap_dia_6b_rep1_604to616.dia:1938.5138:decoyVGC[+57.0214635]GNPGTILLHMGEEK+3	-1	44236	11.302466	1.035088	1.0974042	5.742703	4.898925	0.07178552	0.0124392295	9.0	4.0	2.8185856	1.2328439	0.0	10.0	10.0	-1.2780323	22.100407	10.0	2.0321474	0	17	0	0	1	0	604.6308068613808	1810.870591183704	32.308563	-.VGC[+57.0214635]GNPGTILLHMGEEK.-	DECOY_sp|P33897|ABCD1_HUMAN	DECOY_sp|Q9UBJ2|ABCD2_HUMAN
2017dec27_overlap_dia_6b_rep1_604to616.dia:1940.5586:AGPEGTSQEIPK+2	1	44288	13.892406	0.9515209	1.4315646	6.2912498	5.558824	0.014312084	0.0028959163	11.0	2.0	1.574358	1.1807685	0.7813834	6.4784327	0.87212133	-0.79320717	0.040237427	1.8887649	1.9926481	0	12	0	1	0	0	607.3065928086647	1212.5986326837037	32.342644	-.AGPEGTSQEIPK.-	sp|Q99575|POP1_HUMAN
2017dec27_overlap_dia_6b_rep1_604to616.dia:1940.5586:IGNSYFKEEK+2	1	44288	16.306435	1.6466459	2.1256225	6.5121527	5.95132	0.024549134	0.003771847	13.0	0.0	2.7459834	-0.55039614	0.812613	0.38533804	-0.38533804	4.9948273	0.16382599	3.1462243	0.2614835	1	10	0	1	0	0	607.8062233086647	1213.5978936837037	32.342644	-.IGNSYFKEEK.-	sp|P31948-2|STIP1_HUMAN	sp|P31948-3|STIP1_HUMAN	sp|P31948|STIP1_HUMAN
2017dec27_overlap_dia_6b_rep1_604to616.dia:1940.5586:LKEC[+57.0214635]EDTHLGEEVDR+3	1	44288	14.467285	0.5492547	0.6962935	5.7869473	5.113349	0.08199149	0.01137173	12.0	1.0	1.8193693	-0.9050993	0.23468393	5.1333146	5.1333146	1.4377756	0.03738022	2.3724284	0.09321964	1	15	0	0	1	0	610.6159905280475	1828.826142183704	32.342644	-.LKEC[+57.0214635]EDTHLGEEVDR.-	sp|O43847-2|NRDC_HUMAN	sp|O43847|NRDC_HUMAN
2017dec27_overlap_dia_6b_rep1_604to616.dia:1940.5586:QVQMAATHIAR+2	1	44288	11.823713	0.51435155	0.9608968	5.26395	4.4424596	0.084359184	0.013321838	10.0	0.0	0.87202376	-0.0380646	0.530934	1.3771291	1.3771291	-0.22887135	0.13243866	1.3837571	0.77381504	0	11	0	1	0	0	613.3271403086648	1224.6397276837038	32.342644	-.QVQMAATHIAR.-	sp|Q00403|TF2B_HUMAN
2017dec27_overlap_dia_6b_rep1_604to616.dia:1940.5586:SPTESVNTPVGK+2	1	44288	11.840389	0.7320033	1.1037903	6.280626	5.188141	0.03638663	0.007459927	9.0	0.0	2.3818643	-0.99676746	0.0	10.0	10.0	-1.4922915	0.19612503	10.0	0.18488783	0	12	0	1	0	0	608.3144173086647	1214.6142816837037	32.342644	-.SPTESVNTPVGK.-	sp|Q8WXG6-2|MADD_HUMAN	sp|Q8WXG6-3|MADD_HUMAN	sp|Q8WXG6-4|MADD_HUMAN	sp|Q8WXG6-5|MADD_HUMAN	sp|Q8WXG6-6|MADD_HUMAN	sp|Q8WXG6-7|MADD_HUMAN	sp|Q8WXG6-8|MADD_HUMAN	sp|Q8WXG6|MADD_HUMAN
2017dec27_overlap_dia_6b_rep1_604to616.dia:1940.5586:decoyGTGNELSTQLHVTVVQR+3	-1	44288	10.819071	0.42528212	0.79107463	6.21355	5.325761	0.089362144	0.027802648	8.0	2.0	2.3838794	-1.7879096	0.0	10.0	10.0	-1.2843914	18.057	10.0	0.97603	0	17	0	0	1	0	613.6621520280474	1837.9646266837037	32.342644	-.GTGNELSTQLHVTVVQR.-	DECOY_sp|Q14318-2|FKBP8_HUMAN	DECOY_sp|Q14318|FKBP8_HUMAN
2017dec27_overlap_dia_6b_rep1_604to616.dia:1940.5586:decoyIEEKFYSNGK+2	-1	44288	11.7830715	0.8424851	1.0821825	6.2233076	5.6660876	0.10160527	0.014041565	9.0	0.0	3.317558	-0.06613934	0.812613	0.38533804	-0.38533804	0.18303108	0.16382599	3.1462243	0.7457403	1	10	0	1	0	0	607.8062233086646	1213.5978936837034	32.342644	-.IEEKFYSNGK.-	DECOY_sp|P31948-2|STIP1_HUMAN	DECOY_sp|P31948-3|STIP1_HUMAN	DECOY_sp|P31948|STIP1_HUMAN
2017dec27_overlap_dia_6b_rep1_604to616.dia:1940.5586:decoyKDQSGLYTFR+2	-1	44288	12.780143	0.85394776	1.2880247	6.2203794	5.255723	0.058070824	0.015790315	10.0	0.0	1.634232	1.1292928	0.76252145	8.856835	8.856835	-0.15799809	3.1858597	6.095949	1.9411725	1	10	0	1	0	0	607.8118408086647	1213.6091286837036	32.342644	-.KDQSGLYTFR.-	DECOY_sp|Q7Z2W4-2|ZCCHV_HUMAN	DECOY_sp|Q7Z2W4-3|ZCCHV_HUMAN	DECOY_sp|Q7Z2W4|ZCCHV_HUMAN
2017dec27_overlap_dia_6b_rep1_604to616.dia:1942.6836:AESTPEIAEQR+2	1	44340	16.654732	1.1492068	1.54846	6.86045	6.1562386	0.0077352417	0.0012082284	13.0	0.0	2.9944143	1.420131	0.83247316	3.7298815	3.7298815	3.6947021	0.1451683	0.96899533	2.2320106	0	11	0	1	0	0	615.8016743086647	1229.5887956837037	32.37806	-.AESTPEIAEQR.-	sp|Q13098-5|CSN1_HUMAN	sp|Q13098-6|CSN1_HUMAN	sp|Q13098-7|CSN1_HUMAN	sp|Q13098|CSN1_HUMAN
2017dec27_overlap_dia_6b_rep1_604to616.dia:1942.6836:SDSFYFVDNK+2	1	44340	10.851019	0.41056085	0.6644121	6.2454977	5.0798154	0.053260434	0.010879476	8.0	0.0	5.883222	-1.3253793	0.0	10.0	10.0	-0.91572285	22.38918	10.0	0.5134996	0	10	0	1	0	0	611.2747558086646	1220.5349586837035	32.37806	-.SDSFYFVDNK.-	sp|A6NIH7|U119B_HUMAN
2017dec27_overlap_dia_6b_rep1_604to616.dia:1942.6836:decoyHDMSDGVQALR+2	-1	44340	10.748034	0.5559175	0.63193816	6.142513	6.3634014	0.13823159	0.019436197	8.0	1.0	2.9422343	2.2066758	0.22630166	0.20415233	-0.20415233	-1.3217983	2.370388	2.9650385	3.0185554	0	11	0	1	0	0	614.7905868086644	1227.5666206837031	32.37806	-.HDMSDGVQALR.-	DECOY_sp|P55957-2|BID_HUMAN	DECOY_sp|P55957|BID_HUMAN
2017dec27_overlap_dia_6b_rep1_604to616.dia:1944.7375:decoyAMEVFDDEVR+2	-1	44392	10.771191	0.41562426	0.62768793	6.16567	5.5373774	0.22526413	0.019600257	8.0	0.0	4.006603	2.7674785	0.0	10.0	10.0	-0.6643963	20.78759	10.0	3.579358	0	10	0	1	0	0	605.7740708086645	1209.5335886837033	32.412292	-.AMEVFDDEVR.-	DECOY_sp|Q9BTE3-2|MCMBP_HUMAN	DECOY_sp|Q9BTE3-3|MCMBP_HUMAN	DECOY_sp|Q9BTE3|MCMBP_HUMAN
2017dec27_overlap_dia_6b_rep1_604to616.dia:1944.7375:decoyHSGYSAIYDAK+2	-1	44392	13.897366	0.3381578	0.56680447	6.2962093	6.356608	0.082639545	0.014413822	11.0	1.0	5.9980664	-0.337964	0.0	10.0	10.0	0.9874697	0.39450455	10.0	0.47391564	0	11	0	1	0	0	606.2881938086646	1210.5618346837034	32.412292	-.HSGYSAIYDAK.-	DECOY_sp|P53611|PGTB2_HUMAN
2017dec27_overlap_dia_6b_rep1_604to616.dia:1946.8586:TKFETEQALR+2	1	44444	20.934635	1.4719253	1.8823255	7.614015	7.1060953	0.0018461661	5.626287E-4	16.0	8.0	1.6528354	-0.87310255	0.9790949	2.3443596	2.3443596	7.5510807	0.21639252	0.41652656	0.06122291	1	10	0	1	0	0	611.8249528086646	1221.6353526837036	32.447643	-.TKFETEQALR.-	sp|P08727|K1C19_HUMAN	sp|Q04695|K1C17_HUMAN
2017dec27_overlap_dia_6b_rep1_604to616.dia:1946.8586:decoyEEDLQEQLAR+2	-1	44444	10.759037	0.57458997	0.88236076	6.1535163	5.433163	0.06647734	0.015662832	8.0	1.0	0.52024555	0.38414592	0.83247316	7.000675	7.000675	-1.2824306	6.707363	4.239789	1.1960256	0	10	0	1	0	0	615.8016743086647	1229.5887956837037	32.447643	-.EEDLQEQLAR.-	DECOY_sp|Q13439-3|GOGA4_HUMAN	DECOY_sp|Q13439-4|GOGA4_HUMAN	DECOY_sp|Q13439-5|GOGA4_HUMAN	DECOY_sp|Q13439|GOGA4_HUMAN
2017dec27_overlap_dia_6b_rep1_604to616.dia:1946.8586:decoyGKANELFQSDAQAPSLR+3	-1	44444	15.318161	0.32918152	0.321154	5.5238795	4.90779	0.081286624	0.017256305	13.0	4.0	0.88886446	0.40640336	0.0	10.0	10.0	0.58288956	18.080334	10.0	1.2182829	1	17	0	0	1	0	611.3147516947141	1830.9224256837035	32.447643	-.GKANELFQSDAQAPSLR.-	DECOY_sp|O43491-2|E41L2_HUMAN	DECOY_sp|O43491-3|E41L2_HUMAN	DECOY_sp|O43491-4|E41L2_HUMAN	DECOY_sp|O43491|E41L2_HUMAN
2017dec27_overlap_dia_6b_rep1_604to616.dia:1955.3567:QAAVQQQIPTK+2	1	44652	10.143687	0.5114791	0.7831956	5.5381665	4.868391	0.14010987	0.04332271	8.0	0.0	0.8701293	0.65259695	0.64035046	4.9133945	-4.9133945	-2.6667318	0.054470062	7.6742806	1.4644766	0	11	0	1	0	0	606.3407708086647	1210.6669886837037	32.58928	-.QAAVQQQIPTK.-	sp|Q6ZSZ5-2|ARHGI_HUMAN	sp|Q6ZSZ5|ARHGI_HUMAN
2017dec27_overlap_dia_6b_rep1_604to616.dia:1957.4824:EKPAAVATAMAR+2	1	44704	11.95574	0.8492696	1.4796687	5.395977	4.9738545	0.09464103	0.012792746	10.0	0.0	2.225374	1.5508822	0.5272341	8.022519	8.022519	-0.56170654	0.19776917	5.261633	2.362762	0	12	0	1	0	0	608.3293483086646	1214.6441436837035	32.624706	-.EKPAAVATAMAR.-	sp|Q9NVI1-1|FANCI_HUMAN	sp|Q9NVI1-2|FANCI_HUMAN	sp|Q9NVI1|FANCI_HUMAN
2017dec27_overlap_dia_6b_rep1_604to616.dia:1957.4824:decoyIAVENLDEHQEGDKIK+3	-1	44704	10.409502	0.47524136	0.66701907	5.803982	4.9925575	0.10104192	0.024503963	8.0	4.0	5.5232925	4.1424694	0.0	10.0	10.0	-1.9720964	0.47818756	10.0	4.954349	1	16	0	0	1	0	613.3145286947141	1836.9217566837035	32.624706	-.IAVENLDEHQEGDKIK.-	DECOY_sp|O95831-2|AIFM1_HUMAN	DECOY_sp|O95831-3|AIFM1_HUMAN	DECOY_sp|O95831-5|AIFM1_HUMAN	DECOY_sp|O95831|AIFM1_HUMAN
2017dec27_overlap_dia_6b_rep1_604to616.dia:1961.6409:ATGAALTPTEER+2	1	44808	15.785086	1.047483	1.4369277	5.9908047	5.45955	0.050787136	0.004088836	13.0	1.0	2.724715	-1.2260629	0.0	10.0	10.0	1.0008354	0.15045547	10.0	0.41418326	0	12	0	1	0	0	608.8120428086647	1215.6095326837037	32.694016	-.ATGAALTPTEER.-	sp|Q13459-2|MYO9B_HUMAN	sp|Q13459|MYO9B_HUMAN
2017dec27_overlap_dia_6b_rep1_604to616.dia:1961.6409:GASSPYGAPGTPR+2	1	44808	13.855345	1.1343997	1.813917	6.254189	5.692485	0.04827283	0.0047336174	11.0	1.0	2.4661767	0.82903016	0.9796208	7.7505846	7.7505846	1.1124401	0.06858063	4.9896984	1.6409098	0	13	0	1	0	0	609.2990978086647	1216.5836426837036	32.694016	-.GASSPYGAPGTPR.-	sp|Q5UIP0-2|RIF1_HUMAN	sp|Q5UIP0|RIF1_HUMAN
2017dec27_overlap_dia_6b_rep1_604to616.dia:1961.6409:KLSSQLEEER+2	1	44808	11.17428	0.59033394	1.1490549	5.614517	4.472886	0.06547615	0.014240226	9.0	1.0	3.7255633	2.7941725	0.0	10.0	10.0	-0.6672478	2.6863441	10.0	3.6060522	1	10	0	1	0	0	609.8198663086647	1217.6251796837037	32.694016	-.KLSSQLEEER.-	sp|Q9P2B4|CT2NL_HUMAN
2017dec27_overlap_dia_6b_rep1_604to616.dia:1961.6409:decoyAKEAGEEAWC[+57.0214635]SPTQTR+3	-1	44808	9.59179	0.39278024	0.6298316	4.9862695	4.573426	0.28441206	0.016631283	8.0	1.0	5.0769506	2.8568172	0.0	10.0	10.0	-2.1580849	3.8601303	10.0	3.6686969	1	16	0	0	1	0	607.6125808613808	1819.8159131837037	32.694016	-.AKEAGEEAWC[+57.0214635]SPTQTR.-	DECOY_sp|Q86VQ1|GLCI1_HUMAN
2017dec27_overlap_dia_6b_rep1_604to616.dia:1961.6409:decoyIQITELPTGEK+2	-1	44808	11.611351	0.59866446	1.1135775	6.051588	5.294961	0.13050912	0.024306428	9.0	1.0	4.877405	3.6580539	0.0	10.0	10.0	-1.4374523	16.330784	10.0	4.4699335	0	11	0	1	0	0	614.8428113086646	1227.6710696837035	32.694016	-.IQITELPTGEK.-	DECOY_sp|O43676|NDUB3_HUMAN
2017dec27_overlap_dia_6b_rep1_604to616.dia:1961.6409:decoyTYC[+57.0214635]VSC[+57.0214635]MGNK+2	-1	44808	8.253113	0.5308867	0.62056077	5.3957806	5.05548	0.09984026	0.016897243	6.0	0.0	4.2537513	2.1109223	0.0	10.0	10.0	-2.650033	0.503109	10.0	2.922802	0	10	0	1	0	0	610.2488473086645	1218.4831416837033	32.694016	-.TYC[+57.0214635]VSC[+57.0214635]MGNK.-	DECOY_sp|O76080|ZFAN5_HUMAN	DECOY_sp|Q6FIF0-2|ZFAN6_HUMAN	DECOY_sp|Q6FIF0|ZFAN6_HUMAN
2017dec27_overlap_dia_6b_rep1_604to616.dia:1963.8198:decoySNDVFYFSDK+2	-1	44860	10.951223	0.6342941	1.0176758	6.345703	5.1831775	0.035304837	0.01499221	8.0	1.0	5.436746	-0.19067097	0.0	10.0	10.0	-1.5862026	22.036907	10.0	0.62120867	0	10	0	1	0	0	611.2747558086646	1220.5349586837035	32.73033	-.SNDVFYFSDK.-	DECOY_sp|A6NIH7|U119B_HUMAN
2017dec27_overlap_dia_6b_rep1_604to616.dia:1965.892:HVGDLGNVTADK+2	1	44912	19.802681	0.92103934	1.3086102	6.482062	5.9537005	0.021482356	0.0028177402	16.0	3.0	4.293368	3.220026	0.8268003	1.8149276	1.8149276	4.628025	0.012340546	0.9459586	4.0319057	0	12	0	1	0	0	613.3122093086647	1224.6098656837037	32.764866	-.HVGDLGNVTADK.-	sp|P00441|SODC_HUMAN
2017dec27_overlap_dia_6b_rep1_604to616.dia:1970.0837:LRDTEEMLSK+2	1	45016	14.156242	1.0750209	1.4278431	6.5550857	5.9261827	0.044603825	0.006333841	11.0	1.0	6.2005935	4.219142	0.9731324	5.0354595	5.0354595	2.1105566	0.0038719177	2.2745733	5.0310216	1	10	0	1	0	0	611.3108203086648	1220.6070876837039	32.83473	-.LRDTEEMLSK.-	sp|Q9H444|CHM4B_HUMAN
2017dec27_overlap_dia_6b_rep1_604to616.dia:1970.0837:SGTNEDDLTMK+2	1	45016	12.007069	0.4946683	0.59812695	5.4473047	4.9043427	0.09505509	0.0068640294	10.0	1.0	6.8769364	4.278767	0.0	10.0	10.0	-0.5273676	0.28258896	10.0	5.0906467	0	11	0	1	0	0	605.7664428086647	1209.5183326837036	32.83473	-.SGTNEDDLTMK.-	sp|O14802|RPC1_HUMAN
2017dec27_overlap_dia_6b_rep1_604to616.dia:1970.0837:decoyFDMRDQEVGK+2	-1	45016	8.093718	0.5557011	0.7088792	5.236385	4.6281466	0.23245667	0.015858274	6.0	1.0	6.6587424	0.55486846	0.0	10.0	10.0	-2.4457579	0.85990334	10.0	1.3667481	1	10	0	1	0	0	612.7875128086645	1223.5604726837032	32.83473	-.FDMRDQEVGK.-	DECOY_sp|Q14247-2|SRC8_HUMAN	DECOY_sp|Q14247-3|SRC8_HUMAN	DECOY_sp|Q14247|SRC8_HUMAN
2017dec27_overlap_dia_6b_rep1_604to616.dia:1970.0837:decoyIRGTEDVYEK+2	-1	45016	8.305514	0.31132564	0.5830078	5.4481816	4.904131	0.35498655	0.030523144	6.0	0.0	7.591526	1.1746919	0.0	10.0	10.0	-0.49787903	2.827057	10.0	1.9865716	1	10	0	1	0	0	605.3091308086646	1208.6037086837034	32.83473	-.IRGTEDVYEK.-	DECOY_sp|O43290|SNUT1_HUMAN
2017dec27_overlap_dia_6b_rep1_604to616.dia:1972.2242:decoyGVNSFEDTEGR+2	-1	45068	10.1435375	0.38961244	0.5466651	5.538017	4.6410246	0.16372609	0.019544315	8.0	0.0	7.2586937	0.48870277	0.0	10.0	10.0	-0.87325	3.4902954	10.0	1.3005824	0	11	0	1	0	0	605.7703738086647	1209.5261946837036	32.870403	-.GVNSFEDTEGR.-	DECOY_sp|Q5T8D3-2|ACBD5_HUMAN	DECOY_sp|Q5T8D3-3|ACBD5_HUMAN	DECOY_sp|Q5T8D3-4|ACBD5_HUMAN	DECOY_sp|Q5T8D3|ACBD5_HUMAN
2017dec27_overlap_dia_6b_rep1_604to616.dia:1972.2242:decoyHLNGSGLTAEAR+2	-1	45068	13.535772	0.6223964	1.0873632	5.934616	5.438009	0.19786206	0.017903354	11.0	1.0	2.6907895	1.0554808	0.19409128	5.2879653	5.2879653	-0.5765476	2.862732	2.527079	1.8673605	0	12	0	1	0	0	613.3178258086647	1224.6210986837036	32.870403	-.HLNGSGLTAEAR.-	DECOY_sp|Q7L9L4-2|MOB1B_HUMAN	DECOY_sp|Q7L9L4|MOB1B_HUMAN	DECOY_sp|Q9H8S9-2|MOB1A_HUMAN	DECOY_sp|Q9H8S9|MOB1A_HUMAN
2017dec27_overlap_dia_6b_rep1_604to616.dia:1974.3342:QMVEHGGFYR+2	1	45120	11.69895	0.56177145	0.80559695	6.1391864	5.3442307	0.08533014	0.005652138	9.0	0.0	1.0279491	0.5639357	0.0	10.0	10.0	0.13024616	0.18289566	10.0	1.3758154	0	10	0	1	0	0	612.2849363086648	1222.5553196837038	32.90557	-.QMVEHGGFYR.-	sp|Q14204|DYHC1_HUMAN
2017dec27_overlap_dia_6b_rep1_604to616.dia:1974.3342:decoyLSGYDTDYYK+2	-1	45120	11.384764	0.4962988	0.82198215	5.8250003	5.170668	0.20204318	0.03508545	9.0	0.0	6.1833076	4.6374807	0.0	10.0	10.0	-0.82218266	8.247787	10.0	5.4493604	0	10	0	1	0	0	612.7745808086645	1223.5346086837033	32.90557	-.LSGYDTDYYK.-	DECOY_sp|Q9NQZ2|SAS10_HUMAN
2017dec27_overlap_dia_6b_rep1_604to616.dia:1974.3342:decoyRLTSDELEPR+2	-1	45120	10.701384	0.41306123	0.5905148	6.095863	5.20103	0.26486415	0.020832505	8.0	1.0	0.94696575	0.71022433	0.0	10.0	10.0	-1.5454149	0.6337738	10.0	1.522104	1	10	0	1	0	0	608.3200338086646	1214.6255146837034	32.90557	-.RLTSDELEPR.-	DECOY_sp|Q15149-2|PLEC_HUMAN	DECOY_sp|Q15149-3|PLEC_HUMAN	DECOY_sp|Q15149-4|PLEC_HUMAN	DECOY_sp|Q15149-5|PLEC_HUMAN	DECOY_sp|Q15149-6|PLEC_HUMAN	DECOY_sp|Q15149-7|PLEC_HUMAN	DECOY_sp|Q15149-8|PLEC_HUMAN	DECOY_sp|Q15149-9|PLEC_HUMAN	DECOY_sp|Q15149|PLEC_HUMAN
2017dec27_overlap_dia_6b_rep1_604to616.dia:1978.5378:decoyEMNEEC[+57.0214635]LAGR+2	-1	45224	12.482525	0.37947872	0.48354787	6.9227614	6.0032663	0.30974275	0.026118767	9.0	1.0	4.3096166	3.2322125	0.9707795	5.015627	5.015627	-1.1190777	0.12966156	2.2547407	4.044092	0	10	0	1	0	0	604.7553550586646	1207.4961571837034	32.97563	-.EMNEEC[+57.0214635]LAGR.-	DECOY_sp|P13639|EF2_HUMAN
2017dec27_overlap_dia_6b_rep1_604to616.dia:1982.7537:HRPELIDYGK+2	1	45328	13.07102	0.41667563	0.44828624	6.511256	5.8218465	0.043311585	0.0076096654	10.0	0.0	2.697651	-2.0232382	0.99937266	8.966735	8.966735	1.3150043	0.2595787	6.2058487	1.2113585	0	10	0	1	0	0	614.3276578086648	1226.6407626837038	33.045895	-.HRPELIDYGK.-	sp|P12814-2|ACTN1_HUMAN	sp|P12814-3|ACTN1_HUMAN	sp|P12814-4|ACTN1_HUMAN	sp|P12814|ACTN1_HUMAN
2017dec27_overlap_dia_6b_rep1_604to616.dia:1986.9282:DLEAHIDSANK+2	1	45432	20.192177	1.0374637	1.4303787	6.8715577	6.274846	0.004383709	6.099589E-4	16.0	2.0	1.302391	0.6762295	0.99934864	4.8573384	1.7777476	-0.90312433	0.17737961	0.8407383	1.4881091	0	11	0	1	0	0	606.7963913086646	1211.5782296837035	33.11547	-.DLEAHIDSANK.-	sp|P35579-2|MYH9_HUMAN	sp|P35579|MYH9_HUMAN
2017dec27_overlap_dia_6b_rep1_604to616.dia:1989.0715:HPQPGAVELAAK+2	1	45484	20.030148	0.8317054	1.1615485	6.7095275	5.990425	0.038865473	0.007490886	16.0	3.0	1.7521938	-0.045569837	0.97843564	2.89114	-2.89114	5.004796	0.27421188	5.429802	0.7663098	0	12	0	1	0	0	609.3354878086648	1216.6564226837038	33.15119	-.HPQPGAVELAAK.-	sp|P27708|PYR1_HUMAN
2017dec27_overlap_dia_6b_rep1_604to616.dia:1989.0715:LLESGADVNQGK+2	1	45484	10.305826	0.42431158	0.5351718	5.7003055	4.926594	0.20229237	0.019697264	8.0	1.0	2.8136723	2.1102543	0.19780046	3.232079	3.232079	-1.229578	0.36996078	0.6934173	2.922134	0	12	0	1	0	0	615.8198668086646	1229.6251806837035	33.15119	-.LLESGADVNQGK.-	sp|Q96DX5-2|ASB9_HUMAN	sp|Q96DX5-3|ASB9_HUMAN	sp|Q96DX5|ASB9_HUMAN
2017dec27_overlap_dia_6b_rep1_604to616.dia:1991.1506:FRWVSESQIMSVAFK+3	1	45536	11.6477585	0.74009985	0.8082409	6.0879946	5.480782	0.10555155	0.02079085	9.0	1.0	5.200669	-3.8624973	0.0	10.0	10.0	-1.2794304	0.19520569	10.0	3.0506177	1	15	0	0	1	0	605.6467850280475	1813.9185256837038	33.185844	-.FRWVSESQIMSVAFK.-	sp|P22897-2|MRC1_HUMAN	sp|P22897|MRC1_HUMAN
2017dec27_overlap_dia_6b_rep1_604to616.dia:1991.1506:THEDIEAQIR+2	1	45536	16.551628	1.5994465	1.7993577	6.757347	6.495891	0.00662855	0.0011241423	13.0	3.0	2.1523943	-1.6009489	0.83179605	4.2247624	-4.2247624	1.3145971	0.0019264221	6.6859784	0.7890693	0	10	0	1	0	0	606.3043843086647	1210.5942156837036	33.185844	-.THEDIEAQIR.-	sp|O75533-2|SF3B1_HUMAN	sp|O75533|SF3B1_HUMAN
2017dec27_overlap_dia_6b_rep1_604to616.dia:1993.3285:SLSQIHEAAVR+2	1	45588	18.563705	1.1768172	1.6976312	6.447206	5.7326713	0.04490306	0.007680057	15.0	1.0	1.6381277	-0.7331114	0.8258573	0.096780755	-0.096780755	2.0114613	0.20174408	2.4985743	0.07876825	0	11	0	1	0	0	605.8305688086647	1209.6465846837036	33.22214	-.SLSQIHEAAVR.-	sp|Q9NZM1-2|MYOF_HUMAN	sp|Q9NZM1-3|MYOF_HUMAN	sp|Q9NZM1-5|MYOF_HUMAN	sp|Q9NZM1-6|MYOF_HUMAN	sp|Q9NZM1|MYOF_HUMAN
2017dec27_overlap_dia_6b_rep1_604to616.dia:1993.3285:decoyAGDTWAEHISK+2	-1	45588	12.026728	0.577262	0.85732275	6.4669642	5.5611396	0.14857166	0.012994558	9.0	1.0	0.7845991	-0.5238923	0.5360778	9.112418	-9.112418	-1.8491697	0.59469223	11.514212	0.28798735	0	11	0	1	0	0	607.7936523086647	1213.5727516837037	33.22214	-.AGDTWAEHISK.-	DECOY_sp|O43707-2|ACTN4_HUMAN	DECOY_sp|O43707|ACTN4_HUMAN	DECOY_sp|P12814-2|ACTN1_HUMAN	DECOY_sp|P12814-3|ACTN1_HUMAN	DECOY_sp|P12814-4|ACTN1_HUMAN	DECOY_sp|P12814|ACTN1_HUMAN
2017dec27_overlap_dia_6b_rep1_604to616.dia:1993.3285:decoyAQVGYMPSVEK+2	-1	45588	11.888332	0.42594767	0.6707715	6.3285694	5.380388	0.07070366	0.006183356	9.0	0.0	0.70342255	-0.5275669	0.53253365	1.233073	1.233073	-1.9168615	8.46574	1.1687205	0.28431273	0	11	0	1	0	0	604.8026273086647	1207.5907016837036	33.22214	-.AQVGYMPSVEK.-	DECOY_sp|Q9H3K2|GHITM_HUMAN
2017dec27_overlap_dia_6b_rep1_604to616.dia:1993.3285:decoyDNASDIHAELK+2	-1	45588	9.969347	0.31963092	0.5129771	6.266916	5.3542457	0.2492315	0.021845931	7.0	1.0	4.6359305	-3.4769478	0.9989025	4.186066	-2.50966	-2.4802637	0.28572083	4.9114532	2.6650681	0	11	0	1	0	0	606.7963913086646	1211.5782296837035	33.22214	-.DNASDIHAELK.-	DECOY_sp|P35579-2|MYH9_HUMAN	DECOY_sp|P35579|MYH9_HUMAN
2017dec27_overlap_dia_6b_rep1_604to616.dia:1993.3285:decoyKYDGAETPEVTHVGDAK+3	-1	45588	12.528913	0.6619715	0.8172676	5.969149	4.991649	0.14115933	0.0127947945	10.0	4.0	1.2394695	0.14143506	0.0	10.0	10.0	-1.4540949	2.1360722	10.0	0.95331466	1	17	0	0	1	0	606.2952433613808	1815.8639006837036	33.22214	-.KYDGAETPEVTHVGDAK.-	DECOY_sp|Q13445|TMED1_HUMAN
2017dec27_overlap_dia_6b_rep1_604to616.dia:1993.3285:decoyTGNDGGGFSWVK+2	-1	45588	10.228294	0.51258403	1.1645752	5.6227736	4.700859	0.08196609	0.014630993	8.0	1.0	1.5668321	-1.175124	0.0	10.0	10.0	-1.6836748	17.986504	10.0	0.3632444	0	12	0	1	0	0	612.7858273086647	1223.5571016837036	33.22214	-.TGNDGGGFSWVK.-	DECOY_sp|Q15751|HERC1_HUMAN
2017dec27_overlap_dia_6b_rep1_604to616.dia:1995.3754:EGALC[+57.0214635]EENMR+2	1	45640	18.36614	1.4480495	1.9663764	7.4257317	6.7910614	0.013263896	0.0029855699	14.0	0.0	0.7338634	-0.45541942	0.9702293	3.0488439	3.0488439	-1.066618	0.39967346	0.6470504	0.3564602	0	10	0	1	0	0	604.7553550586647	1207.4961571837036	33.256256	-.EGALC[+57.0214635]EENMR.-	sp|P13639|EF2_HUMAN
2017dec27_overlap_dia_6b_rep1_604to616.dia:1997.5159:AAEIYGVTHTR+2	1	45692	10.845703	0.57843816	0.87338084	6.2401824	5.3057575	0.082831	0.0068116905	8.0	0.0	4.029369	0.029785633	0.8178965	2.5550687	-2.5550687	-1.0670528	0.33963394	4.9568624	0.84166527	0	11	0	1	0	0	609.3172908086647	1216.6200286837036	33.29193	-.AAEIYGVTHTR.-	sp|Q9HCS7|SYF1_HUMAN
2017dec27_overlap_dia_6b_rep1_604to616.dia:1997.5159:GKGEGDLSQLSK+2	1	45692	12.417902	0.37845397	0.68030447	5.8581386	5.0340276	0.17140815	0.01621096	10.0	1.0	0.81889564	0.24661732	0.0	10.0	10.0	-1.767106	3.2842598	10.0	1.058497	1	12	0	1	0	0	609.8198668086648	1217.6251806837038	33.29193	-.GKGEGDLSQLSK.-	sp|Q9P013|CWC15_HUMAN
2017dec27_overlap_dia_6b_rep1_604to616.dia:1997.5159:TNGMC[+57.0214635]SVC[+57.0214635]YK+2	1	45692	12.334238	1.0733639	1.2277712	5.774475	5.324341	0.03988647	0.0069744163	10.0	0.0	2.5761535	0.1799047	0.47432825	3.787778	-3.787778	1.3643103	0.06647873	6.1895714	0.99178433	0	10	0	1	0	0	610.2488473086647	1218.4831416837037	33.29193	-.TNGMC[+57.0214635]SVC[+57.0214635]YK.-	sp|O76080|ZFAN5_HUMAN	sp|Q6FIF0-2|ZFAN6_HUMAN	sp|Q6FIF0|ZFAN6_HUMAN
2017dec27_overlap_dia_6b_rep1_604to616.dia:1997.5159:decoyDTAVLPYSHC[+57.0214635]PSAWAR+3	-1	45692	12.305246	0.4145598	0.95895684	5.745483	5.1004405	0.14599016	0.013741245	10.0	3.0	3.2514076	-1.7059183	0.0	10.0	10.0	-0.7014141	21.980328	10.0	0.8940387	0	16	0	0	1	0	610.957908194714	1829.8518951837034	33.29193	-.DTAVLPYSHC[+57.0214635]PSAWAR.-	DECOY_sp|Q13425|SNTB2_HUMAN
2017dec27_overlap_dia_6b_rep1_604to616.dia:1997.5159:decoyIEKTENDLQEELQAR+3	-1	45692	14.899218	0.9853624	1.1530985	6.21888	5.300448	0.1364187	0.011778436	12.0	1.0	2.1209128	-1.0014055	0.418223	3.8943346	3.8943346	0.15413952	12.315838	1.4925411	0.18952584	1	15	0	0	1	0	605.974283694714	1814.9010216837034	33.29193	-.IEKTENDLQEELQAR.-	DECOY_sp|P35579-2|MYH9_HUMAN	DECOY_sp|P35579|MYH9_HUMAN
2017dec27_overlap_dia_6b_rep1_604to616.dia:1997.5159:decoyNGVTSPATFSNK+2	-1	45692	14.67355	0.5057233	0.9403801	5.9932113	5.236264	0.09085864	0.013756467	12.0	1.0	2.4975832	0.19260079	0.0	10.0	10.0	0.050125122	4.2809143	10.0	1.0044804	0	12	0	1	0	0	611.8067593086646	1221.5989656837035	33.29193	-.NGVTSPATFSNK.-	DECOY_sp|O95453-2|PARN_HUMAN	DECOY_sp|O95453-3|PARN_HUMAN	DECOY_sp|O95453-4|PARN_HUMAN	DECOY_sp|O95453|PARN_HUMAN
2017dec27_overlap_dia_6b_rep1_604to616.dia:1999.5735:NDQC[+57.0214635]YEDIR+2	1	45744	15.24206	1.7886457	2.0632858	6.5617223	5.88079	0.015862064	0.0024331072	12.0	0.0	1.6375227	-1.1522608	0.9992709	4.357363	4.357363	4.0531178	0.22537994	1.9555697	0.34038115	0	9	0	1	0	0	606.7511225586646	1211.4876921837035	33.326225	-.NDQC[+57.0214635]YEDIR.-	sp|Q9BR76|COR1B_HUMAN
2017dec27_overlap_dia_6b_rep1_604to616.dia:1999.5735:decoyDFDGSTDSTIR+2	-1	45744	10.69598	0.9694834	1.1167165	6.993549	6.022086	0.2034371	0.02871709	7.0	2.0	2.3647537	-1.697684	0.0	10.0	10.0	-0.49354935	8.1580925	10.0	0.8858044	0	11	0	1	0	0	607.2702068086646	1212.5258606837035	33.326225	-.DFDGSTDSTIR.-	DECOY_sp|P04083|ANXA1_HUMAN
2017dec27_overlap_dia_6b_rep1_604to616.dia:2003.8048:SSSFSELC[+57.0214635]HR+2	1	45848	9.556028	0.7829687	1.0609646	4.9505076	4.2295747	0.11112163	0.016087482	8.0	0.0	2.946924	-1.0330722	0.0	10.0	10.0	-0.19100857	0.025226593	10.0	0.2211926	0	10	0	1	0	0	605.2694860586647	1208.5244191837037	33.396748	-.SSSFSELC[+57.0214635]HR.-	sp|Q5T8I3-2|F102B_HUMAN	sp|Q5T8I3|F102B_HUMAN
2017dec27_overlap_dia_6b_rep1_604to616.dia:2003.8048:decoyIGPTAAGAPTHSPTPDWR+3	-1	45848	12.341381	0.47634786	0.965392	5.7816176	4.943013	0.24355489	0.036780547	10.0	2.0	2.603886	0.55830383	0.0	10.0	10.0	-0.7165308	10.514156	10.0	1.3701835	0	18	0	0	1	0	611.3077093613808	1830.9012986837038	33.396748	-.IGPTAAGAPTHSPTPDWR.-	DECOY_sp|O75533|SF3B1_HUMAN
2017dec27_overlap_dia_6b_rep1_604to616.dia:2006.0493:RPELEDSTLR+2	1	45901	18.599876	1.7258568	2.2393625	6.4833755	5.989172	0.018548168	0.0037654135	15.0	2.0	1.781608	-1.336206	0.99819386	1.9898154	-0.36042452	10.590345	0.114910126	2.762218	0.5243263	0	10	0	1	0	0	608.3200338086647	1214.6255146837036	33.434155	-.RPELEDSTLR.-	sp|Q15149-2|PLEC_HUMAN	sp|Q15149-3|PLEC_HUMAN	sp|Q15149-4|PLEC_HUMAN	sp|Q15149-5|PLEC_HUMAN	sp|Q15149-6|PLEC_HUMAN	sp|Q15149-7|PLEC_HUMAN	sp|Q15149-8|PLEC_HUMAN	sp|Q15149-9|PLEC_HUMAN	sp|Q15149|PLEC_HUMAN
2017dec27_overlap_dia_6b_rep1_604to616.dia:2006.0493:decoyYPRDLSTTDEHGLQGR+3	-1	45901	9.236277	0.45578897	0.6941294	5.5338454	4.4486866	0.12048313	0.014718683	7.0	1.0	2.2905114	-1.0154959	0.0	10.0	10.0	-2.0468054	0.59041977	10.0	0.20361626	1	16	0	0	1	0	615.6343703613805	1843.8812816837028	33.434155	-.YPRDLSTTDEHGLQGR.-	DECOY_sp|A6NED2|RCCD1_HUMAN
2017dec27_overlap_dia_6b_rep1_604to616.dia:2008.1447:ATAPGPEGGGTLHPNPTDK+3	1	45953	21.601221	1.2278751	1.3555588	5.7948804	5.152348	0.03381807	0.0038796565	18.0	2.0	1.484334	-0.32672352	0.990444	2.6474767	2.6474767	5.2718687	0.08245087	0.2456832	0.48515612	0	19	0	0	1	0	606.2989910280476	1815.875143683704	33.469078	-.ATAPGPEGGGTLHPNPTDK.-	sp|P56945-2|BCAR1_HUMAN	sp|P56945-3|BCAR1_HUMAN	sp|P56945-4|BCAR1_HUMAN	sp|P56945-5|BCAR1_HUMAN	sp|P56945-6|BCAR1_HUMAN	sp|P56945-7|BCAR1_HUMAN	sp|P56945-8|BCAR1_HUMAN	sp|P56945|BCAR1_HUMAN
2017dec27_overlap_dia_6b_rep1_604to616.dia:2008.1447:decoyGPTGPAGYPSSAR+2	-1	45953	12.294102	0.70480597	1.21123	5.7343383	5.796961	0.23103034	0.07064547	10.0	1.0	3.0564003	1.0242591	0.532294	6.265478	-6.265478	-1.2295637	0.8165169	8.667272	1.8361387	0	13	0	1	0	0	609.2990978086647	1216.5836426837036	33.469078	-.GPTGPAGYPSSAR.-	DECOY_sp|Q5UIP0-2|RIF1_HUMAN	DECOY_sp|Q5UIP0|RIF1_HUMAN
2017dec27_overlap_dia_6b_rep1_604to616.dia:2008.1447:decoyLSLQEQVDKR+2	-1	45953	10.30555	0.5679832	0.9797299	5.7000284	4.709473	0.21485889	0.04275562	8.0	1.0	3.2809489	-2.4607117	0.0	10.0	10.0	-1.2414913	2.123537	10.0	1.6488321	1	10	0	1	0	0	608.3382268086646	1214.6619006837034	33.469078	-.LSLQEQVDKR.-	DECOY_sp|O75116|ROCK2_HUMAN
2017dec27_overlap_dia_6b_rep1_604to616.dia:2008.1447:decoyTVQAGNHVSASLTSVSC[+57.0214635]K+3	-1	45953	13.075993	0.61669403	0.6870749	5.474836	4.8015785	0.1041553	0.018893724	11.0	3.0	3.4180357	-0.42602277	0.6327759	0.6318733	0.6318733	-1.3781614	6.9601097	1.7699201	0.38585687	0	18	0	0	1	0	615.9756301947142	1844.905061183704	33.469078	-.TVQAGNHVSASLTSVSC[+57.0214635]K.-	DECOY_sp|Q9C0D5-2|TANC1_HUMAN	DECOY_sp|Q9C0D5|TANC1_HUMAN
2017dec27_overlap_dia_6b_rep1_604to616.dia:2012.4484:TIVEAASDEER+2	1	46057	15.513788	1.5207114	2.4659367	5.7195077	5.155965	0.09941835	0.011629779	13.0	1.0	1.7856883	-0.29732287	0.0	10.0	10.0	6.6182156	0.3114853	10.0	0.50198066	0	11	0	1	0	0	610.2936818086647	1218.5728106837037	33.540806	-.TIVEAASDEER.-	sp|Q9NWY4|CD027_HUMAN
2017dec27_overlap_dia_6b_rep1_604to616.dia:2012.4484:decoyAEKDNYLEIK+2	-1	46057	9.36025	0.7022956	1.0225879	5.6578193	4.8032403	0.14223334	0.019179262	7.0	0.0	3.220659	1.9430741	0.5385908	2.9802666	2.9802666	-3.0	0.5264511	0.5784731	2.7423778	1	10	0	1	0	0	611.8193308086646	1221.6241086837035	33.540806	-.AEKDNYLEIK.-	DECOY_sp|Q96BN8|OTUL_HUMAN
2017dec27_overlap_dia_6b_rep1_604to616.dia:2012.4484:decoyILQQLDEQTHEQEAR+3	-1	46057	11.130218	0.73185444	0.95236886	5.570454	4.6251597	0.15444757	0.013440426	9.0	1.0	2.6692278	-1.5333035	0.0	10.0	10.0	-0.8100071	5.4879646	10.0	0.73399997	0	15	0	0	1	0	613.3061453613808	1836.8966066837036	33.540806	-.ILQQLDEQTHEQEAR.-	DECOY_sp|Q9UPN3-2|MACF1_HUMAN	DECOY_sp|Q9UPN3-3|MACF1_HUMAN	DECOY_sp|Q9UPN3-4|MACF1_HUMAN	DECOY_sp|Q9UPN3|MACF1_HUMAN
2017dec27_overlap_dia_6b_rep1_604to616.dia:2012.4484:decoyRPKNSSPGQFYLEFR+3	-1	46057	15.725583	0.87151116	1.000025	5.931302	5.5137653	0.19660054	0.029291883	13.0	3.0	2.6502302	-1.7312188	0.64946705	8.067511	-8.067511	1.5361729	16.127968	10.469304	0.9319153	1	15	0	0	1	0	609.3163123613807	1824.9271076837033	33.540806	-.RPKNSSPGQFYLEFR.-	DECOY_sp|P33993-2|MCM7_HUMAN	DECOY_sp|P33993|MCM7_HUMAN
2017dec27_overlap_dia_6b_rep1_604to616.dia:2012.4484:decoyVLTGFSSQSER+2	-1	46057	14.426184	0.7894527	1.0148579	5.745846	4.9989195	0.124433815	0.019855803	12.0	2.0	2.4765327	1.711369	0.0	10.0	10.0	0.45422745	7.194477	10.0	2.5106726	0	11	0	1	0	0	605.8067593086645	1209.5989656837032	33.540806	-.VLTGFSSQSER.-	DECOY_sp|O60443|DFNA5_HUMAN
2017dec27_overlap_dia_6b_rep1_604to616.dia:2016.7087:decoyLC[+57.0214635]YAALDEDR+2	-1	46161	10.082582	0.6347009	1.0938079	5.4770617	4.858235	0.13348489	0.01305662	8.0	1.0	2.4046276	-0.48240986	0.5083146	9.603405	9.603405	-1.4516096	13.361465	7.1868773	0.31689367	0	10	0	1	0	0	613.2795160586646	1224.5444791837035	33.611813	-.LC[+57.0214635]YAALDEDR.-	DECOY_sp|P09543-2|CN37_HUMAN	DECOY_sp|P09543|CN37_HUMAN
2017dec27_overlap_dia_6b_rep1_604to616.dia:2016.7087:decoySHC[+57.0214635]LESFSSR+2	-1	46161	8.593042	0.54341954	0.7931382	4.890611	5.2898426	0.1696156	0.039057426	7.0	0.0	5.067327	0.25012684	0.0	10.0	10.0	-2.0080538	0.1746521	10.0	1.0494304	0	10	0	1	0	0	605.2694860586645	1208.5244191837032	33.611813	-.SHC[+57.0214635]LESFSSR.-	DECOY_sp|Q5T8I3-2|F102B_HUMAN	DECOY_sp|Q5T8I3|F102B_HUMAN
2017dec27_overlap_dia_6b_rep1_604to616.dia:2018.8356:ASIHEAWTDGKEAMLR+3	1	46213	11.045204	0.67921585	0.8803547	5.4854403	4.9029512	0.06255106	0.021278512	9.0	1.0	3.5189784	1.4567018	0.37543294	8.009135	8.009135	-1.2031174	13.441734	5.587392	2.2560053	1	16	0	0	1	0	605.6333160280475	1813.8781186837039	33.64726	-.ASIHEAWTDGKEAMLR.-	sp|P12814-2|ACTN1_HUMAN	sp|P12814-3|ACTN1_HUMAN	sp|P12814-4|ACTN1_HUMAN	sp|P12814|ACTN1_HUMAN
2017dec27_overlap_dia_6b_rep1_604to616.dia:2018.8356:ERLELC[+57.0214635]DER+2	1	46213	17.663706	1.3311262	1.5277803	6.723297	6.10559	0.01376983	0.0022545834	14.0	3.0	2.7305276	-1.8717356	0.9769793	1.997731	1.9203088	8.051877	0.05847168	0.50143456	1.072432	1	9	0	1	0	0	610.2904190586647	1218.5662851837037	33.64726	-.ERLELC[+57.0214635]DER.-	sp|P07919|QCR6_HUMAN
2017dec27_overlap_dia_6b_rep1_604to616.dia:2020.8534:decoyTVMLC[+57.0214635]AESFR+2	-1	46265	11.560802	0.6322601	1.0071074	6.0010395	5.4282336	0.18666907	0.036175884	9.0	0.0	2.5301478	0.09294224	0.7218907	2.9696581	0.32296953	-0.8044853	22.20087	2.098774	0.89224577	0	10	0	1	0	0	607.2888340586646	1212.5631151837035	33.68089	-.TVMLC[+57.0214635]AESFR.-	DECOY_sp|P51398-2|RT29_HUMAN	DECOY_sp|P51398-3|RT29_HUMAN	DECOY_sp|P51398|RT29_HUMAN
2017dec27_overlap_dia_6b_rep1_604to616.dia:2022.9952:decoyLKLPQASESLK+2	-1	46317	8.539459	0.39301437	0.4697007	5.682126	5.117024	0.21479101	0.03892119	6.0	0.0	0.8718373	0.0142035335	0.0	10.0	10.0	-2.404066	0.21691132	10.0	0.8135071	1	11	0	1	0	0	607.3611703086646	1212.7077876837034	33.716587	-.LKLPQASESLK.-	DECOY_sp|Q9H3N1|TMX1_HUMAN
2017dec27_overlap_dia_6b_rep1_604to616.dia:2025.0396:ASIHEAWTDGK+2	1	46369	22.74575	1.5200652	1.8288382	6.9394093	6.3160977	0.003979754	9.645511E-4	18.0	5.0	1.1221726	0.61617786	0.99194187	5.199809	5.199809	11.264148	0.06617355	2.7780657	1.4154813	0	11	0	1	0	0	607.7936523086647	1213.5727516837037	33.75066	-.ASIHEAWTDGK.-	sp|O43707-2|ACTN4_HUMAN	sp|O43707|ACTN4_HUMAN	sp|P12814-2|ACTN1_HUMAN	sp|P12814-3|ACTN1_HUMAN	sp|P12814-4|ACTN1_HUMAN	sp|P12814|ACTN1_HUMAN
2017dec27_overlap_dia_6b_rep1_604to616.dia:2025.0396:DVEDESTGLEK+2	1	46369	16.92698	1.9998837	2.324997	7.132697	6.577218	0.0052133645	0.0010037748	13.0	3.0	1.8337795	-0.8483972	0.9814123	4.069205	4.069205	3.9397306	0.6483002	1.6474614	0.049093664	0	11	0	1	0	0	611.2776973086648	1220.5408416837038	33.75066	-.DVEDESTGLEK.-	sp|P36952|SPB5_HUMAN
2017dec27_overlap_dia_6b_rep1_604to616.dia:2025.0396:decoySC[+57.0214635]AENAYFEK+2	-1	46369	10.531927	0.5557166	0.7051625	5.9264064	4.8782487	0.08623314	0.014181565	8.0	0.0	7.248182	-1.1158596	0.0	10.0	10.0	-1.6691446	0.04059601	10.0	0.3165561	0	10	0	1	0	0	609.7584160586647	1217.5022791837036	33.75066	-.SC[+57.0214635]AENAYFEK.-	DECOY_sp|P49753-2|ACOT2_HUMAN	DECOY_sp|P49753|ACOT2_HUMAN	DECOY_sp|Q86TX2|ACOT1_HUMAN
2017dec27_overlap_dia_6b_rep1_604to616.dia:2027.1918:FVYTC[+57.0214635]NEC[+57.0214635]K+2	1	46421	8.326544	0.3609109	0.43323815	5.4692116	5.0638986	0.2355001	0.015234495	6.0	0.0	2.8185651	-2.0203764	0.0	10.0	10.0	-1.9855881	0.11489105	10.0	1.2210729	0	9	0	1	0	0	610.7573623086647	1219.5001716837037	33.78653	-.FVYTC[+57.0214635]NEC[+57.0214635]K.-	sp|Q09472|EP300_HUMAN	sp|Q92793-2|CBP_HUMAN	sp|Q92793|CBP_HUMAN
2017dec27_overlap_dia_6b_rep1_604to616.dia:2027.1918:METFSPAVGNR+2	1	46421	9.231264	0.24865715	0.45482075	5.528833	4.9550915	0.1846832	0.012840295	7.0	0.0	6.3342304	2.4684777	0.2292165	3.9527006	3.9527006	-0.5922642	10.948269	1.5309572	3.2677813	0	11	0	1	0	0	604.7900553086647	1207.5655576837037	33.78653	-.METFSPAVGNR.-	sp|Q7Z4H7-3|HAUS6_HUMAN	sp|Q7Z4H7|HAUS6_HUMAN
2017dec27_overlap_dia_6b_rep1_604to616.dia:2027.1918:YILGSVVDSEK+2	1	46421	10.2666025	0.3950996	1.0425508	5.661082	5.1622868	0.08830727	0.024784578	8.0	0.0	4.585121	1.5164183	0.0	10.0	10.0	-0.8543558	20.070736	10.0	2.315722	0	11	0	1	0	0	605.3217063086646	1208.6288596837035	33.78653	-.YILGSVVDSEK.-	sp|O15013-4|ARHGA_HUMAN	sp|O15013-5|ARHGA_HUMAN	sp|O15013-6|ARHGA_HUMAN	sp|O15013-7|ARHGA_HUMAN	sp|O15013|ARHGA_HUMAN
2017dec27_overlap_dia_6b_rep1_604to616.dia:2027.1918:decoyAC[+57.0214635]EIEQAQLR+2	-1	46421	10.972637	0.33255017	0.38937232	6.367117	5.4455156	0.21098745	0.016644705	8.0	0.0	3.8552911	1.4120514	0.30647245	6.0207014	6.0207014	-1.1761494	2.7909698	3.598958	2.211355	0	10	0	1	0	0	609.3007875586645	1216.5870221837033	33.78653	-.AC[+57.0214635]EIEQAQLR.-	DECOY_sp|Q8NBJ5|GT251_HUMAN
2017dec27_overlap_dia_6b_rep1_604to616.dia:2029.249:ETQTPVMAQPK+2	1	46473	13.231447	0.8546507	1.2542819	5.630291	4.996497	0.084322326	0.019561835	11.0	0.0	4.6812415	0.50844574	0.97009563	4.7603626	-4.547883	1.0000391	0.11355972	6.9696264	1.3077493	0	11	0	1	0	0	615.3133643086647	1228.6121756837038	33.820816	-.ETQTPVMAQPK.-	sp|Q13409-2|DC1I2_HUMAN	sp|Q13409-3|DC1I2_HUMAN	sp|Q13409-5|DC1I2_HUMAN	sp|Q13409-6|DC1I2_HUMAN	sp|Q13409-7|DC1I2_HUMAN	sp|Q13409|DC1I2_HUMAN
2017dec27_overlap_dia_6b_rep1_604to616.dia:2029.249:LLAHVRPPVSK+2	1	46473	10.067221	0.3877146	0.5207588	5.4617004	4.9322977	0.088357806	0.007307173	8.0	0.0	3.0053136	-2.2539852	0.97532815	0.80096966	-0.5317413	4.4940834	0.28903198	2.9534848	1.4546816	0	11	0	1	0	0	608.8798648086647	1215.7451766837037	33.820816	-.LLAHVRPPVSK.-	sp|P08237-2|PFKAM_HUMAN	sp|P08237-3|PFKAM_HUMAN	sp|P08237|PFKAM_HUMAN
2017dec27_overlap_dia_6b_rep1_604to616.dia:2029.249:decoyNIDEYC[+57.0214635]QDR+2	-1	46473	9.607786	0.40390754	0.74786276	5.905356	5.062795	0.21872674	0.028328016	7.0	0.0	3.48168	-2.61126	0.0	10.0	10.0	-3.0	0.7199707	10.0	1.8119564	0	9	0	1	0	0	606.7511225586646	1211.4876921837035	33.820816	-.NIDEYC[+57.0214635]QDR.-	DECOY_sp|Q9BR76|COR1B_HUMAN
2017dec27_overlap_dia_6b_rep1_604to616.dia:2031.4025:decoyFRLATVTAMAIEEHSR+3	-1	46525	11.178772	0.4503924	0.6749878	6.5732517	5.7174864	0.18142503	0.0248913	8.0	5.0	5.867315	1.2612126	0.38025272	3.1977842	-3.1977842	-0.97195244	22.456928	5.619528	2.060516	1	16	0	0	1	0	611.3209610280475	1830.9410536837038	33.85671	-.FRLATVTAMAIEEHSR.-	DECOY_sp|P04075-2|ALDOA_HUMAN	DECOY_sp|P04075|ALDOA_HUMAN
2017dec27_overlap_dia_6b_rep1_604to616.dia:2031.4025:decoyNFFNQNSNNK+2	-1	46525	11.487063	0.34226087	0.6660686	5.9273	5.0763474	0.032682363	0.005426845	9.0	0.0	4.581471	-2.7269123	0.0	10.0	10.0	-0.9615412	3.0307999	10.0	1.9276087	0	10	0	1	0	0	613.7810748086646	1225.5475966837034	33.85671	-.NFFNQNSNNK.-	DECOY_sp|O60763-2|USO1_HUMAN	DECOY_sp|O60763|USO1_HUMAN
2017dec27_overlap_dia_6b_rep1_604to616.dia:2033.4631:SEFYANEAC[+57.0214635]K+2	1	46577	10.663462	0.51561433	0.56893486	6.0579414	5.247777	0.038793106	0.008788071	8.0	0.0	3.0191796	-1.2600739	0.5119742	9.188507	9.188507	-1.2766085	0.096710205	6.7667637	0.46077037	0	10	0	1	0	0	609.7584160586647	1217.5022791837036	33.891052	-.SEFYANEAC[+57.0214635]K.-	sp|P49753-2|ACOT2_HUMAN	sp|P49753|ACOT2_HUMAN	sp|Q86TX2|ACOT1_HUMAN
2017dec27_overlap_dia_6b_rep1_604to616.dia:2033.4631:VEGELEEMER+2	1	46577	11.343693	0.5057723	0.7007255	5.78393	4.5911083	0.09593492	0.028406199	9.0	1.0	4.827524	3.343912	0.5086956	6.514387	6.514387	-0.2075491	7.482109	4.0926437	4.143215	0	10	0	1	0	0	610.7768103086647	1219.5390676837037	33.891052	-.VEGELEEMER.-	sp|P35580-2|MYH10_HUMAN	sp|P35580-3|MYH10_HUMAN	sp|P35580-4|MYH10_HUMAN	sp|P35580-5|MYH10_HUMAN	sp|P35580|MYH10_HUMAN
2017dec27_overlap_dia_6b_rep1_604to616.dia:2033.4631:decoyESPEKGNFFR+2	-1	46577	10.120752	0.33992952	0.5556096	6.418321	5.733373	0.25805718	0.036064528	7.0	1.0	3.3432376	2.0982833	0.97499615	4.765738	4.765738	-3.0	0.03147888	2.3439946	2.8975868	1	10	0	1	0	0	605.7961943086647	1209.5778356837036	33.891052	-.ESPEKGNFFR.-	DECOY_sp|P11021|GRP78_HUMAN
2017dec27_overlap_dia_6b_rep1_604to616.dia:2033.4631:decoyLIEAGTSNPC[+57.0214635]R+2	-1	46577	8.290288	0.32959688	0.67392224	6.2111063	5.1380334	0.30017915	0.0631102	5.0	0.0	2.4955313	-0.61692345	0.0	10.0	10.0	-2.3766441	2.3651123E-4	10.0	0.18238008	0	11	0	1	0	0	609.3007870586646	1216.5870211837034	33.891052	-.LIEAGTSNPC[+57.0214635]R.-	DECOY_sp|P35998-2|PRS7_HUMAN	DECOY_sp|P35998|PRS7_HUMAN
2017dec27_overlap_dia_6b_rep1_604to616.dia:2033.4631:decoyQHANIEYDVK+2	-1	46577	8.691679	0.34741068	0.627695	4.9892483	4.4557323	0.09312925	0.02402213	7.0	0.0	3.7917068	2.3566682	0.43066043	5.012305	2.4396706	-2.052637	2.6258183	0.01792717	3.1559718	0	10	0	1	0	0	608.8014728086646	1215.5883926837034	33.891052	-.QHANIEYDVK.-	DECOY_sp|Q6P1Q9|MET2B_HUMAN	DECOY_sp|Q96IZ6|MET2A_HUMAN
2017dec27_overlap_dia_6b_rep1_604to616.dia:2035.5956:AQTPPGPSLSGSK+2	1	46629	12.253659	0.44059527	0.7300719	5.693896	5.245094	0.118643776	0.01590674	10.0	0.0	1.2768387	0.957629	0.0	10.0	10.0	-0.6502142	0.13072205	10.0	1.7569325	0	13	0	1	0	0	613.8224098086648	1225.630266683704	33.926594	-.AQTPPGPSLSGSK.-	sp|Q9UQ35-2|SRRM2_HUMAN	sp|Q9UQ35|SRRM2_HUMAN
2017dec27_overlap_dia_6b_rep1_604to616.dia:2035.5956:EFFNGKEPSR+2	1	46629	19.205267	1.8563306	2.2860577	7.0887675	6.40395	0.006571408	0.0017333732	15.0	7.0	1.4540282	0.88783795	0.8148919	1.2944162	1.2944162	4.8561068	0.067020416	1.1273272	1.6871414	1	10	0	1	0	0	605.7961943086647	1209.5778356837036	33.926594	-.EFFNGKEPSR.-	sp|P11021|GRP78_HUMAN
2017dec27_overlap_dia_6b_rep1_604to616.dia:2037.6633:LLSESAQPLKK+2	1	46681	11.660201	0.68718666	1.031228	6.1004376	5.509913	0.050515313	0.0037416192	9.0	0.0	2.6750405	-2.0062804	0.97777635	4.6120014	4.6120014	0.61409855	0.025608063	2.190258	1.2069769	1	11	0	1	0	0	607.3611703086648	1212.7077876837038	33.961056	-.LLSESAQPLKK.-	sp|Q9H3N1|TMX1_HUMAN
2017dec27_overlap_dia_6b_rep1_604to616.dia:2037.6633:YELGRPAANTK+2	1	46681	12.014044	0.6535744	0.91851866	6.45428	5.8128624	0.10515822	0.022377005	9.0	3.0	3.6995049	-2.013801	0.9757528	8.0954685	1.6641114	-1.1454334	3.9533844	0.757632	1.2144976	0	11	0	1	0	0	610.3251153086646	1218.6356776837035	33.961056	-.YELGRPAANTK.-	sp|P62241|RS8_HUMAN
2017dec27_overlap_dia_6b_rep1_604to616.dia:2043.9867:AIELYNDKEK+2	1	46837	12.581095	0.906971	1.1624855	6.021332	5.5198345	0.029602855	0.0019085042	10.0	0.0	2.26917	-0.9304464	0.5385908	2.8805885	2.8805885	1.4968119	7.5531006E-4	0.43889523	0.13114285	1	10	0	1	0	0	611.8193308086646	1221.6241086837035	34.066444	-.AIELYNDKEK.-	sp|Q96BN8|OTUL_HUMAN
2017dec27_overlap_dia_6b_rep1_604to616.dia:2043.9867:DTEQPTLGHLDSKPSSK+3	1	46837	13.211325	0.7363264	0.78463507	5.6101685	4.9271965	0.07881284	0.014158321	11.0	3.0	0.92080706	-0.6906053	0.6783842	1.6239556	-1.6239556	-1.0301142	0.04032898	4.065649	0.10869825	0	17	0	0	1	0	613.9742836947142	1838.901021683704	34.066444	-.DTEQPTLGHLDSKPSSK.-	sp|Q7KZI7-11|MARK2_HUMAN	sp|Q7KZI7-15|MARK2_HUMAN	sp|Q7KZI7-16|MARK2_HUMAN	sp|Q7KZI7-4|MARK2_HUMAN	sp|Q7KZI7-5|MARK2_HUMAN	sp|Q7KZI7-8|MARK2_HUMAN	sp|Q7KZI7-9|MARK2_HUMAN	sp|Q7KZI7|MARK2_HUMAN
2017dec27_overlap_dia_6b_rep1_604to616.dia:2043.9867:KDDSHWWSR+2	1	46837	10.168386	0.6345988	0.9859278	4.6086235	3.6992247	0.032090236	0.004309198	9.0	0.0	4.8461914	-0.16253889	0.0	10.0	10.0	0.27046204	0.1224556	10.0	0.63676465	1	9	0	1	0	0	608.7783358086647	1215.5421186837036	34.066444	-.KDDSHWWSR.-	sp|Q9Y4W6|AFG32_HUMAN
2017dec27_overlap_dia_6b_rep1_604to616.dia:2043.9867:QQEYEEQFK+2	1	46837	12.696672	0.74495775	1.0717335	6.136909	5.358639	0.05354045	0.008292457	10.0	0.0	1.079132	-0.809349	0.0	10.0	10.0	2.1106243	0.20687103	10.0	0.010045469	0	9	0	1	0	0	614.7776638086648	1227.5407746837038	34.066444	-.QQEYEEQFK.-	sp|Q9GZU8|F192A_HUMAN
2017dec27_overlap_dia_6b_rep1_604to616.dia:2043.9867:YGQLGHEDTTSLDRPR+3	1	46837	12.296425	0.58345765	0.85356516	5.736661	4.820999	0.06731198	0.0061383327	10.0	1.0	2.2516844	-1.5960579	0.9338589	5.317666	-5.317666	3.2137775	0.038913727	7.7593594	0.79675436	0	16	0	0	1	0	615.6343703613808	1843.8812816837037	34.066444	-.YGQLGHEDTTSLDRPR.-	sp|A6NED2|RCCD1_HUMAN
2017dec27_overlap_dia_6b_rep1_604to616.dia:2043.9867:decoyAGDTWAEHISK+2	-1	46837	10.950967	0.6584566	0.9029148	6.345446	5.4420476	0.14648044	0.01375808	8.0	1.0	1.4633693	-1.0975269	0.0	10.0	10.0	-2.808422	0.2496109	10.0	0.29822338	0	11	0	1	0	0	607.7936523086647	1213.5727516837037	34.066444	-.AGDTWAEHISK.-	DECOY_sp|O43707-2|ACTN4_HUMAN	DECOY_sp|O43707|ACTN4_HUMAN	DECOY_sp|P12814-2|ACTN1_HUMAN	DECOY_sp|P12814-3|ACTN1_HUMAN	DECOY_sp|P12814-4|ACTN1_HUMAN	DECOY_sp|P12814|ACTN1_HUMAN
2017dec27_overlap_dia_6b_rep1_604to616.dia:2046.0574:LC[+57.0214635]PNSTGAEIR+2	1	46889	14.305811	1.2262549	1.9582266	6.7046547	6.0996537	0.01947657	0.0027218596	11.0	0.0	1.9835585	-0.5718048	0.9761225	4.214679	4.214679	3.4417458	0.19531631	1.7729855	0.22749871	0	11	0	1	0	0	609.3007870586647	1216.5870211837037	34.100956	-.LC[+57.0214635]PNSTGAEIR.-	sp|P35998-2|PRS7_HUMAN	sp|P35998|PRS7_HUMAN
2017dec27_overlap_dia_6b_rep1_604to616.dia:2046.0574:decoyEEDC[+57.0214635]LELRR+2	-1	46889	8.526659	0.5943474	0.8020647	5.669327	5.112902	0.38712272	0.031602826	6.0	1.0	1.1911052	0.015872657	0.21069129	3.4138842	3.4138842	-2.3545437	0.39522552	0.97219086	0.8151762	1	9	0	1	0	0	610.2904190586646	1218.5662851837035	34.100956	-.EEDC[+57.0214635]LELRR.-	DECOY_sp|P07919|QCR6_HUMAN
2017dec27_overlap_dia_6b_rep1_604to616.dia:2046.0574:decoyMSYFYC[+57.0214635]EPK+2	-1	46889	8.492172	0.6968666	0.8437093	5.634839	4.6520076	0.16625008	0.02897358	6.0	0.0	1.3806525	-0.31272593	0.0	10.0	10.0	-1.5325136	14.422241	10.0	0.4865776	0	9	0	1	0	0	612.7568265586647	1223.4991001837036	34.100956	-.MSYFYC[+57.0214635]EPK.-	DECOY_sp|A6NMK7|CPS4L_HUMAN	DECOY_sp|O95639-2|CPSF4_HUMAN	DECOY_sp|O95639-3|CPSF4_HUMAN	DECOY_sp|O95639|CPSF4_HUMAN
2017dec27_overlap_dia_6b_rep1_604to616.dia:2048.289:DLAQYDAAHHEEFKR+3	1	46941	14.894888	0.816192	0.910124	6.2145495	5.269641	0.0904971	0.008349132	12.0	2.0	3.5687234	0.1501981	0.66303194	1.5596002	1.5596002	0.41474342	0.06588364	0.8820931	0.94950163	1	15	0	0	1	0	610.6236940280475	1828.8492526837038	34.13815	-.DLAQYDAAHHEEFKR.-	sp|Q02818|NUCB1_HUMAN
2017dec27_overlap_dia_6b_rep1_604to616.dia:2048.289:decoyHLLC[+57.0214635]PAEAQPAQQSHR+3	-1	46941	11.672182	0.54277784	0.71843064	5.1124187	4.5419064	0.18255451	0.023347326	10.0	1.0	3.8717356	-1.4770043	0.0	10.0	10.0	-1.486186	4.4783287	10.0	0.67770076	0	16	0	0	1	0	614.9724435280475	1841.8955011837038	34.13815	-.HLLC[+57.0214635]PAEAQPAQQSHR.-	DECOY_sp|Q9C0I1-2|MTMRC_HUMAN	DECOY_sp|Q9C0I1-3|MTMRC_HUMAN	DECOY_sp|Q9C0I1|MTMRC_HUMAN
2017dec27_overlap_dia_6b_rep1_604to616.dia:2050.365:GLPEAEDSPC[+57.0214635]R+2	1	46993	9.671015	0.57264894	1.0475639	5.0654936	4.7071934	0.14680737	0.022274233	8.0	0.0	1.1674666	0.18965742	0.0	10.0	10.0	-1.3253689	0.30161285	10.0	0.988961	0	11	0	1	0	0	615.7746020586646	1229.5346511837035	34.17275	-.GLPEAEDSPC[+57.0214635]R.-	sp|Q7Z5J4-2|RAI1_HUMAN	sp|Q7Z5J4-3|RAI1_HUMAN	sp|Q7Z5J4|RAI1_HUMAN
2017dec27_overlap_dia_6b_rep1_604to616.dia:2050.365:GSTAENAEYLR+2	1	46993	13.897612	1.2515882	1.4377638	6.2964554	5.718979	0.042724	0.005279356	11.0	0.0	2.5310385	-1.5047302	0.9787207	1.8112437	1.6908299	-0.8406329	0.22376251	0.75086343	0.7054267	0	11	0	1	0	0	605.7885623086646	1209.5625716837035	34.17275	-.GSTAENAEYLR.-	sp|P00533|EGFR_HUMAN
2017dec27_overlap_dia_6b_rep1_604to616.dia:2050.365:MDYEDDRLR+2	1	46993	12.865671	0.76780134	1.0192474	6.3059072	5.489284	0.100752	0.00891907	10.0	1.0	1.8989941	-0.6653397	0.9741671	4.569411	4.569411	7.5676174	0.263443	2.1277175	0.13396382	1	9	0	1	0	0	606.7693153086647	1211.5240776837036	34.17275	-.MDYEDDRLR.-	sp|P43243|MATR3_HUMAN
2017dec27_overlap_dia_6b_rep1_604to616.dia:2050.365:decoyELELKDEVSR+2	-1	46993	10.932512	0.5977342	0.91578263	5.3727493	4.680963	0.16895625	0.008370423	9.0	1.0	2.208363	-1.139652	0.0	10.0	10.0	-1.3839855	9.61581	10.0	0.34034848	1	10	0	1	0	0	609.3222418086647	1216.6299306837036	34.17275	-.ELELKDEVSR.-	DECOY_sp|Q6I9Y2|THOC7_HUMAN
2017dec27_overlap_dia_6b_rep1_604to616.dia:2050.365:decoyMLRDDEYDR+2	-1	46993	9.0427265	0.43721005	0.6345958	6.1853933	5.2262335	0.24153924	0.015975276	6.0	1.0	2.461564	1.0544282	0.9741671	4.569411	4.569411	-1.2832375	0.263443	2.1277175	1.8537318	1	9	0	1	0	0	606.7693153086645	1211.5240776837034	34.17275	-.MLRDDEYDR.-	DECOY_sp|P43243|MATR3_HUMAN
2017dec27_overlap_dia_6b_rep1_604to616.dia:2050.365:decoyYLVEIEEATR+2	-1	46993	9.848644	0.68240076	1.042569	6.146214	5.090724	0.13855676	0.009024216	7.0	0.0	7.781779	-1.0245168	0.0	10.0	10.0	-1.3147135	20.887142	10.0	0.22521329	0	10	0	1	0	0	611.8193313086645	1221.6241096837032	34.17275	-.YLVEIEEATR.-	DECOY_sp|Q9Y6W3|CAN7_HUMAN
2017dec27_overlap_dia_6b_rep1_604to616.dia:2052.5046:DFEEYPEHR+2	1	47045	12.593534	0.7313257	0.9804046	6.0337706	5.545076	0.035882235	0.0022139559	10.0	0.0	2.6631014	-1.6428355	0.81615716	4.7367153	-4.7367153	4.2968655	0.25408554	7.1784086	0.84353197	0	9	0	1	0	0	611.2621803086647	1220.5098076837037	34.208412	-.DFEEYPEHR.-	sp|O14980|XPO1_HUMAN
2017dec27_overlap_dia_6b_rep1_604to616.dia:2052.5046:LMSSGNEESLR+2	1	47045	13.945433	1.4212344	1.801558	6.344277	5.855097	0.045817725	0.0068030707	11.0	0.0	3.1244094	-2.343307	0.8327537	3.3398716	3.3398716	-0.8171401	0.29518127	0.89817834	1.5440035	0	11	0	1	0	0	611.7902513086647	1221.5659496837036	34.208412	-.LMSSGNEESLR.-	sp|P23786|CPT2_HUMAN
2017dec27_overlap_dia_6b_rep1_604to616.dia:2054.54:GTSISTKPPLTK+2	1	47097	11.705927	0.6139532	0.8516148	6.1461635	5.4398465	0.052435663	0.0072549987	9.0	0.0	2.5730693	-1.929802	0.94901556	3.0475667	3.0475667	-0.61712074	0.08431244	0.60587335	1.1304984	0	12	0	1	0	0	615.3586283086647	1228.7027036837037	34.242332	-.GTSISTKPPLTK.-	sp|P35249-2|RFC4_HUMAN	sp|P35249|RFC4_HUMAN
2017dec27_overlap_dia_6b_rep1_604to616.dia:2054.54:decoyNLTSIEEEHR+2	-1	47097	12.953182	0.77249736	1.1303622	6.393419	5.5514674	0.12946226	0.022433942	10.0	1.0	1.6729847	-0.6859323	0.0	10.0	10.0	-0.07238102	3.3986626	10.0	0.11337125	0	10	0	1	0	0	614.3018408086647	1226.5891286837036	34.242332	-.NLTSIEEEHR.-	DECOY_sp|P08727|K1C19_HUMAN
2017dec27_overlap_dia_6b_rep1_604to616.dia:2054.54:decoyTC[+57.0214635]YISTLTPR+2	-1	47097	9.887196	0.44991606	0.83499736	5.2816753	4.9943433	0.15549895	0.024500603	8.0	1.0	5.914083	-4.435562	0.0	10.0	10.0	-1.2070656	18.428947	10.0	3.6362586	0	10	0	1	0	0	606.3080770586645	1210.6016011837032	34.242332	-.TC[+57.0214635]YISTLTPR.-	DECOY_sp|P29590-10|PML_HUMAN	DECOY_sp|P29590-11|PML_HUMAN	DECOY_sp|P29590-12|PML_HUMAN	DECOY_sp|P29590-13|PML_HUMAN	DECOY_sp|P29590-14|PML_HUMAN	DECOY_sp|P29590-2|PML_HUMAN	DECOY_sp|P29590-3|PML_HUMAN	DECOY_sp|P29590-4|PML_HUMAN	DECOY_sp|P29590-5|PML_HUMAN	DECOY_sp|P29590-8|PML_HUMAN	DECOY_sp|P29590-9|PML_HUMAN	DECOY_sp|P29590|PML_HUMAN
2017dec27_overlap_dia_6b_rep1_604to616.dia:2056.65:decoySENLC[+57.0214635]AQFDK+2	-1	47149	10.655006	0.7634966	0.961558	6.049485	5.2747746	0.07180687	0.02042427	8.0	0.0	2.710858	-0.1784419	0.5019391	8.09088	8.09088	-1.7409344	5.8599358	5.649187	0.62086165	0	10	0	1	0	0	606.2716950586647	1210.5288371837037	34.2775	-.SENLC[+57.0214635]AQFDK.-	DECOY_sp|P48200|IREB2_HUMAN
2017dec27_overlap_dia_6b_rep1_604to616.dia:2056.65:decoySVAAEHIQSLR+2	-1	47149	13.993589	0.8080094	1.4223872	6.3924327	5.7249436	0.13734098	0.027891517	11.0	2.0	1.4132242	-1.0599182	0.0	10.0	10.0	-1.4472694	0.8536148	10.0	0.26061463	0	11	0	1	0	0	605.8305688086645	1209.6465846837032	34.2775	-.SVAAEHIQSLR.-	DECOY_sp|Q9NZM1-2|MYOF_HUMAN	DECOY_sp|Q9NZM1-3|MYOF_HUMAN	DECOY_sp|Q9NZM1-5|MYOF_HUMAN	DECOY_sp|Q9NZM1-6|MYOF_HUMAN	DECOY_sp|Q9NZM1|MYOF_HUMAN
2017dec27_overlap_dia_6b_rep1_604to616.dia:2058.7007:EHPDPGSKDPEEDYPK+3	1	47201	11.390007	0.43472192	0.67135906	5.830243	5.337139	0.13652323	0.029535856	9.0	4.0	1.319725	-0.9897938	0.0	10.0	10.0	-1.7621641	4.3040085	10.0	0.19049025	1	16	0	0	1	0	613.9392360280475	1838.7958786837037	34.31168	-.EHPDPGSKDPEEDYPK.-	sp|Q9UBL3-2|ASH2L_HUMAN	sp|Q9UBL3-3|ASH2L_HUMAN	sp|Q9UBL3|ASH2L_HUMAN
2017dec27_overlap_dia_6b_rep1_604to616.dia:2058.7007:SDAGLESDTAMK+2	1	47201	20.438951	2.1760485	2.550687	7.1183324	6.6173086	0.011880574	0.0017716273	16.0	2.0	3.4644296	-0.55778384	0.9746945	1.2934158	0.15829915	3.5524263	0.44220352	2.283394	0.24151969	0	12	0	1	0	0	612.7742678086647	1223.5339826837037	34.31168	-.SDAGLESDTAMK.-	sp|Q9NR30|DDX21_HUMAN
2017dec27_overlap_dia_6b_rep1_604to616.dia:2058.7007:VDTQDQGMYR+2	1	47201	9.904358	0.48479322	0.6566693	5.298837	4.546421	0.09709118	0.011702324	8.0	0.0	3.375581	0.083088994	0.0	10.0	10.0	-0.5443573	4.3040085	10.0	0.8823925	0	10	0	1	0	0	606.7693163086648	1211.5240796837038	34.31168	-.VDTQDQGMYR.-	sp|Q9Y6D6|BIG1_HUMAN
2017dec27_overlap_dia_6b_rep1_604to616.dia:2064.9194:decoyKSWWHSDDR+2	-1	47357	7.5106087	0.554697	0.98096174	4.653276	3.7006612	0.0818526	0.010750305	6.0	1.0	2.863877	-1.4443983	0.5450867	4.1309223	4.1309223	-2.599492	0.20178223	1.689229	0.64509475	1	9	0	1	0	0	608.7783358086647	1215.5421186837036	34.415325	-.KSWWHSDDR.-	DECOY_sp|Q9Y4W6|AFG32_HUMAN
2017dec27_overlap_dia_6b_rep1_604to616.dia:2071.0066:ASAPSPNAQVAC[+57.0214635]DHC[+57.0214635]LK+3	1	47513	24.855412	1.980793	1.8751361	6.4692883	5.9597435	0.013690141	0.0023359319	20.0	17.0	2.0671978	1.5503983	0.99198186	5.4912186	5.4912186	4.096077	0.0727005	3.0495253	2.349702	0	17	0	0	1	0	609.2821773613807	1824.8247026837034	34.516777	-.ASAPSPNAQVAC[+57.0214635]DHC[+57.0214635]LK.-	sp|Q14258|TRI25_HUMAN
2017dec27_overlap_dia_6b_rep1_604to616.dia:2071.0066:YVC[+57.0214635]EGPSHGGLPGASSEK+3	1	47513	10.5901375	0.8401084	0.61218065	5.9846168	5.369242	0.10683323	0.007846729	8.0	4.0	5.1031404	0.92900676	0.9099608	7.0279403	7.0279403	-1.0585346	0.0727005	4.586247	1.7283103	0	18	0	0	1	0	611.2808278613809	1830.820654183704	34.516777	-.YVC[+57.0214635]EGPSHGGLPGASSEK.-	sp|P19838-2|NFKB1_HUMAN	sp|P19838|NFKB1_HUMAN
2017dec27_overlap_dia_6b_rep1_604to616.dia:2075.1868:AVMSNLSAHGVK+2	1	47617	12.205283	0.49094126	0.7459563	5.6455197	5.055902	0.0413948	0.0038215672	10.0	1.0	3.2150023	0.3092237	0.5270814	7.5115333	7.5115333	-0.18763256	0.12921143	5.06984	1.1085272	0	12	0	1	0	0	607.3215223086647	1212.6284916837037	34.586445	-.AVMSNLSAHGVK.-	sp|Q92616|GCN1L_HUMAN
2017dec27_overlap_dia_6b_rep1_604to616.dia:2079.3809:decoyAMTEYNNPYK+2	-1	47721	9.171936	0.6406014	0.98997813	5.469506	5.061011	0.12504435	0.019894484	7.0	0.0	4.9886937	3.7415202	0.0	10.0	10.0	-2.5217934	0.59848404	10.0	4.540824	0	10	0	1	0	0	615.7766048086646	1229.5386566837035	34.65635	-.AMTEYNNPYK.-	DECOY_sp|Q6PD62|CTR9_HUMAN
2017dec27_overlap_dia_6b_rep1_604to616.dia:2083.6057:GTQNIPAGKPSLQTSSAR+3	1	47825	17.952408	1.1176707	0.973022	5.835909	5.3920913	0.09620404	0.0071616033	15.0	3.0	2.1640248	1.0551602	0.95895153	3.9861596	3.9861596	3.2465858	0.16043854	1.5444663	1.8544637	0	18	0	0	1	0	604.9902683613808	1811.9489756837036	34.72676	-.GTQNIPAGKPSLQTSSAR.-	sp|Q86YP4-2|P66A_HUMAN	sp|Q86YP4-3|P66A_HUMAN	sp|Q86YP4|P66A_HUMAN
2017dec27_overlap_dia_6b_rep1_604to616.dia:2083.6057:LAEFQTDSQGK+2	1	47825	15.016948	1.5279951	1.9291588	6.33661	5.7780805	0.019475656	0.003462552	12.0	0.0	3.9144135	2.8547537	0.9953937	4.5138326	4.5138326	1.5144186	0.3264656	2.0721393	3.6540573	0	11	0	1	0	0	612.2987678086647	1222.5829826837037	34.72676	-.LAEFQTDSQGK.-	sp|Q86TI2-2|DPP9_HUMAN	sp|Q86TI2-4|DPP9_HUMAN	sp|Q86TI2|DPP9_HUMAN
2017dec27_overlap_dia_6b_rep1_604to616.dia:2083.6057:decoyLATYENDEIR+2	-1	47825	10.514033	0.59571785	1.0222046	5.9085126	5.295538	0.16697057	0.025145296	8.0	0.0	3.3887532	0.050088644	0.9953937	4.505673	4.505673	-0.72075653	2.1307602	2.0639796	0.8493922	0	10	0	1	0	0	612.2987628086646	1222.5829726837035	34.72676	-.LATYENDEIR.-	DECOY_sp|P06239-3|LCK_HUMAN	DECOY_sp|P06239|LCK_HUMAN	DECOY_sp|P06241-2|FYN_HUMAN	DECOY_sp|P06241-3|FYN_HUMAN	DECOY_sp|P06241|FYN_HUMAN	DECOY_sp|P07947|YES_HUMAN	DECOY_sp|P12931-2|SRC_HUMAN	DECOY_sp|P12931|SRC_HUMAN
2017dec27_overlap_dia_6b_rep1_604to616.dia:2083.6057:decoyVATYENDEIR+2	-1	47825	11.503236	0.692743	1.1420587	5.9434724	5.2285953	0.14688516	0.023428068	9.0	0.0	3.3832219	0.04594028	0.0	10.0	10.0	-1.9351492	2.6202164	10.0	0.8452438	0	10	0	1	0	0	605.2909378086646	1208.5673226837034	34.72676	-.VATYENDEIR.-	DECOY_sp|P07948-2|LYN_HUMAN	DECOY_sp|P07948|LYN_HUMAN	DECOY_sp|P08631-2|HCK_HUMAN	DECOY_sp|P08631-3|HCK_HUMAN	DECOY_sp|P08631-4|HCK_HUMAN	DECOY_sp|P08631|HCK_HUMAN
2017dec27_overlap_dia_6b_rep1_604to616.dia:2096.3286:HFVALSTNTTK+2	1	48137	25.954613	2.004279	2.8570166	7.5684886	7.1008234	0.004359471	0.0010711954	20.0	14.0	4.720678	3.5405083	0.8138395	7.3746457	7.3746457	17.938162	0.25201797	4.9130034	4.3146596	0	11	0	1	0	0	609.8274953086647	1217.6404376837036	34.93881	-.HFVALSTNTTK.-	sp|P06744-2|G6PI_HUMAN	sp|P06744|G6PI_HUMAN
2017dec27_overlap_dia_6b_rep1_604to616.dia:2100.532:decoyHTTNTSLAVFK+2	-1	48241	10.74705	0.3608645	0.6551075	7.0446196	6.5091643	0.20644721	0.05063106	7.0	3.0	10.561697	7.9212728	0.81442803	7.3746457	7.3746457	-2.2770596	0.18196106	4.9130034	8.720576	0	11	0	1	0	0	609.8274953086647	1217.6404376837036	35.008865	-.HTTNTSLAVFK.-	DECOY_sp|P06744-2|G6PI_HUMAN	DECOY_sp|P06744|G6PI_HUMAN
2017dec27_overlap_dia_6b_rep1_604to616.dia:2108.8728:KLTGGSNWQPK+2	1	48449	11.719224	0.6034948	1.021726	6.1594605	5.0307693	0.08402221	0.014360808	9.0	2.0	10.666534	7.999901	0.0	10.0	10.0	-1.8965244	5.140209	10.0	8.799204	1	11	0	1	0	0	608.3276623086647	1214.6407716837036	35.14788	-.KLTGGSNWQPK.-	sp|Q13492-2|PICAL_HUMAN	sp|Q13492-3|PICAL_HUMAN	sp|Q13492-4|PICAL_HUMAN	sp|Q13492-5|PICAL_HUMAN	sp|Q13492|PICAL_HUMAN
2017dec27_overlap_dia_6b_rep1_604to616.dia:2108.8728:decoyLKVDEHGYIEPAISAAK+3	-1	48449	10.823393	0.46371305	0.7648085	6.217872	5.10933	0.13673082	0.013238501	8.0	2.0	10.503089	7.8773165	0.0	10.0	10.0	-1.5286169	12.30373	10.0	8.6766205	1	17	0	0	1	0	614.3316283613807	1839.9730556837033	35.14788	-.LKVDEHGYIEPAISAAK.-	DECOY_sp|P33993-3|MCM7_HUMAN	DECOY_sp|P33993|MCM7_HUMAN
2017dec27_overlap_dia_6b_rep1_604to616.dia:2115.33:AYPNNYETMK+2	1	48606	11.3546715	0.67325884	1.0042648	5.794908	5.3476825	0.03509477	0.005259951	9.0	0.0	9.195802	5.765452	0.0	10.0	10.0	0.62913513	0.023239136	10.0	6.5399375	0	10	0	1	0	0	615.7766048086647	1229.5386566837037	35.2555	-.AYPNNYETMK.-	sp|Q6PD62|CTR9_HUMAN
2017dec27_overlap_dia_6b_rep1_604to616.dia:2117.402:decoyADYVTVIQSVK+2	-1	48658	8.621566	0.59133965	0.9797242	5.764233	4.9767737	0.12638295	0.024029758	6.0	0.0	6.7712154	5.0784116	0.0	10.0	10.0	-2.6289215	14.510128	10.0	5.846764	0	11	0	1	0	0	611.8375243086647	1221.6604956837036	35.290035	-.ADYVTVIQSVK.-	DECOY_sp|Q5VTR2|BRE1A_HUMAN
2017dec27_overlap_dia_6b_rep1_604to616.dia:2121.6304:KFTYLGSQDR+2	1	48762	11.9395685	0.66194814	0.8471013	6.379805	5.4439178	0.07726766	0.0068289563	9.0	1.0	3.643733	-1.0433681	0.0	10.0	10.0	-1.2919655	0.14692688	10.0	0.3267883	1	10	0	1	0	0	607.8118408086647	1213.6091286837036	35.360508	-.KFTYLGSQDR.-	sp|Q7Z2W4-2|ZCCHV_HUMAN	sp|Q7Z2W4-3|ZCCHV_HUMAN	sp|Q7Z2W4|ZCCHV_HUMAN
2017dec27_overlap_dia_6b_rep1_604to616.dia:2123.786:KIFEYETQR+2	1	48814	14.034298	0.9668756	1.1806628	6.433142	5.6502647	0.05117975	0.007259305	11.0	1.0	2.5087986	1.881599	0.0	10.0	10.0	1.8710918	0.19786835	10.0	2.555141	1	9	0	1	0	0	607.3142163086646	1212.6138796837035	35.39643	-.KIFEYETQR.-	sp|P50402|EMD_HUMAN
2017dec27_overlap_dia_6b_rep1_604to616.dia:2123.786:decoyIFVDSPNESGR+2	-1	48814	8.609961	0.3745415	0.5088783	5.7526283	5.269739	0.14542347	0.018968819	6.0	0.0	3.1217563	2.3413172	0.53043187	6.318696	-6.318696	-2.1841116	12.7329445	8.820238	3.0148592	0	11	0	1	0	0	610.7989338086646	1219.5833146837035	35.39643	-.IFVDSPNESGR.-	DECOY_sp|Q92995-2|UBP13_HUMAN	DECOY_sp|Q92995|UBP13_HUMAN
2017dec27_overlap_dia_6b_rep1_604to616.dia:2123.786:decoyMGDPGVDC[+57.0214635]GYR+2	-1	48814	8.926777	0.26388144	0.54228616	6.0694447	5.444112	0.24542026	0.035088524	6.0	0.0	3.7868938	2.8401704	0.0	10.0	10.0	-1.5805817	0.087436676	10.0	3.5137124	0	11	0	1	0	0	613.7500690586646	1225.4855851837035	35.39643	-.MGDPGVDC[+57.0214635]GYR.-	DECOY_sp|P04222|1C03_HUMAN	DECOY_sp|P18462|1A25_HUMAN	DECOY_sp|P30450|1A26_HUMAN	DECOY_sp|P30453|1A34_HUMAN	DECOY_sp|P30456|1A43_HUMAN	DECOY_sp|P30457|1A66_HUMAN	DECOY_sp|P30464|1B15_HUMAN	DECOY_sp|P30466|1B18_HUMAN	DECOY_sp|P30475|1B39_HUMAN	DECOY_sp|P30479|1B41_HUMAN	DECOY_sp|P30481|1B44_HUMAN	DECOY_sp|P30484|1B46_HUMAN	DECOY_sp|Q29836|1B67_HUMAN	DECOY_sp|Q95365|1B38_HUMAN
2017dec27_overlap_dia_6b_rep1_604to616.dia:2132.2212:GLLVDRPSETK+2	1	49022	13.703568	0.49684244	0.74819916	6.102412	5.5868607	0.03628928	0.004625377	11.0	0.0	2.8816986	2.161274	0.82354605	6.2686114	6.2686114	3.0977516	0.115852356	3.6753442	2.8524709	0	11	0	1	0	0	607.8406023086648	1213.6666516837038	35.53702	-.GLLVDRPSETK.-	sp|Q9UKV3-2|ACINU_HUMAN	sp|Q9UKV3-3|ACINU_HUMAN	sp|Q9UKV3-5|ACINU_HUMAN	sp|Q9UKV3|ACINU_HUMAN
2017dec27_overlap_dia_6b_rep1_604to616.dia:2132.2212:LNEQQSVLQR+2	1	49022	15.361645	1.4028465	1.6140902	6.6813073	5.939307	0.01621028	0.0010286283	12.0	1.0	1.0992116	0.32200825	0.5229515	1.3679222	-1.3679222	0.7480135	0.09021759	3.9611893	1.0132053	0	10	0	1	0	0	607.8280263086647	1213.6414996837036	35.53702	-.LNEQQSVLQR.-	sp|Q14683|SMC1A_HUMAN
2017dec27_overlap_dia_6b_rep1_604to616.dia:2132.2212:QQSEISAAVER+2	1	49022	16.369118	1.2139943	1.5578401	6.5748367	5.835452	0.016007338	0.0015181045	13.0	1.0	1.9747643	-0.9719601	0.98041093	1.6839494	-1.4466876	2.2110062	0.04771042	4.0399547	0.2807631	0	11	0	1	0	0	609.3096663086646	1216.6047796837036	35.53702	-.QQSEISAAVER.-	sp|Q9Y520-2|PRC2C_HUMAN	sp|Q9Y520-3|PRC2C_HUMAN	sp|Q9Y520-4|PRC2C_HUMAN	sp|Q9Y520-5|PRC2C_HUMAN	sp|Q9Y520-6|PRC2C_HUMAN	sp|Q9Y520-7|PRC2C_HUMAN	sp|Q9Y520|PRC2C_HUMAN
2017dec27_overlap_dia_6b_rep1_604to616.dia:2132.2212:VIPEDGPAAQNPENVKR+3	1	49022	20.981724	1.2193094	1.2134969	6.4306555	5.852582	0.019545129	0.0033623055	17.0	7.0	0.6789203	0.4938606	0.9993493	4.452313	4.452313	8.524672	0.117263794	1.8590457	1.1850576	1	17	0	0	1	0	611.9866350280475	1832.9380756837038	35.53702	-.VIPEDGPAAQNPENVKR.-	sp|Q02218-2|ODO1_HUMAN	sp|Q02218|ODO1_HUMAN
2017dec27_overlap_dia_6b_rep1_604to616.dia:2132.2212:decoyGNSPPSEPGGRR+2	-1	49022	7.961358	0.4076322	0.7514982	5.8821764	4.364177	0.31014013	0.04502747	5.0	0.0	7.1830134	0.9468255	0.0	10.0	10.0	0.49499702	4.0011463	10.0	1.6380225	1	12	0	1	0	0	605.7997998086646	1209.5850466837035	35.53702	-.GNSPPSEPGGRR.-	DECOY_sp|Q6ZW31-2|SYDE1_HUMAN	DECOY_sp|Q6ZW31|SYDE1_HUMAN
2017dec27_overlap_dia_6b_rep1_604to616.dia:2132.2212:decoyQQGQLLAVAER+2	-1	49022	9.477847	0.5538017	0.91816974	5.7754164	5.1879454	0.18446077	0.020278536	7.0	0.0	1.538814	-0.41806254	0.0	10.0	10.0	-2.5499907	12.590839	10.0	0.2731345	0	11	0	1	0	0	606.8383948086646	1211.6622366837034	35.53702	-.QQGQLLAVAER.-	DECOY_sp|P46108-2|CRK_HUMAN	DECOY_sp|P46108|CRK_HUMAN
2017dec27_overlap_dia_6b_rep1_604to616.dia:2134.2922:QLEAIDQLHLEYAKR+3	1	49074	14.554466	0.6563884	0.84063387	5.874129	4.7725725	0.051936544	0.00952437	12.0	1.0	2.6281805	-1.5074037	0.0	10.0	10.0	-0.48769093	19.615044	10.0	0.7961334	1	15	0	0	1	0	609.6634896947141	1825.9686396837037	35.571537	-.QLEAIDQLHLEYAKR.-	sp|O43707-2|ACTN4_HUMAN	sp|O43707-3|ACTN4_HUMAN	sp|O43707|ACTN4_HUMAN
2017dec27_overlap_dia_6b_rep1_604to616.dia:2134.2922:decoyAMTEYNNPYK+2	-1	49074	9.222246	0.27958134	0.35483572	5.519815	4.9153085	0.10747977	0.030873753	7.0	0.0	2.522854	1.8921406	0.0	10.0	10.0	-2.473487	0.24286652	10.0	2.603411	0	10	0	1	0	0	615.7766048086646	1229.5386566837035	35.571537	-.AMTEYNNPYK.-	DECOY_sp|Q6PD62|CTR9_HUMAN
2017dec27_overlap_dia_6b_rep1_604to616.dia:2134.2922:decoyGTESPRDVLLK+2	-1	49074	8.907059	0.3229794	0.69815814	6.049726	5.18507	0.10649551	0.019638449	6.0	0.0	4.2013793	3.1510344	0.82354605	3.858697	3.858697	-2.851409	0.08377457	1.282711	3.8623047	1	11	0	1	0	0	607.8406023086645	1213.6666516837033	35.571537	-.GTESPRDVLLK.-	DECOY_sp|Q9UKV3-2|ACINU_HUMAN	DECOY_sp|Q9UKV3-3|ACINU_HUMAN	DECOY_sp|Q9UKV3-5|ACINU_HUMAN	DECOY_sp|Q9UKV3|ACINU_HUMAN
2017dec27_overlap_dia_6b_rep1_604to616.dia:2134.2922:decoyLPSVATEEAAAR+2	-1	49074	9.524412	0.54955184	0.89096934	5.821982	5.431408	0.212026	0.02458264	7.0	1.0	2.0518365	-0.042491972	0.52497077	4.279668	-4.279668	-2.4409342	0.53330994	6.855654	0.66877836	0	12	0	1	0	0	607.8224098086646	1213.6302666837034	35.571537	-.LPSVATEEAAAR.-	DECOY_sp|Q9BUH6|PAXX_HUMAN
2017dec27_overlap_dia_6b_rep1_604to616.dia:2134.2922:decoyLQLVSQQENR+2	-1	49074	9.946837	0.47537944	0.8049967	6.2444067	5.4333434	0.18917501	0.020453062	7.0	1.0	1.9462919	-0.7294681	0.5229515	4.952989	4.952989	-2.214325	0.12229538	2.3770032	0.018197775	0	10	0	1	0	0	607.8280263086647	1213.6414996837036	35.571537	-.LQLVSQQENR.-	DECOY_sp|Q14683|SMC1A_HUMAN
2017dec27_overlap_dia_6b_rep1_604to616.dia:2134.2922:decoyNGEEGEVLEVR+2	-1	49074	11.961693	0.5016952	0.845412	6.4019294	5.8341355	0.1179322	0.019977214	9.0	2.0	1.421353	0.14089534	0.0	10.0	10.0	-1.5919533	3.759121	10.0	0.8521657	0	11	0	1	0	0	615.8016738086645	1229.5887946837033	35.571537	-.NGEEGEVLEVR.-	DECOY_sp|P52789|HXK2_HUMAN
2017dec27_overlap_dia_6b_rep1_604to616.dia:2136.4224:MYGC[+57.0214635]DVGPDGR+2	1	49126	19.470894	1.9313943	2.2472672	7.3543935	6.8556633	0.0037576163	5.004089E-4	15.0	7.0	4.0587025	-3.0440269	0.96783376	3.7260985	1.8496923	14.514601	0.271492	0.71169853	2.3327565	0	11	0	1	0	0	613.7500690586646	1225.4855851837035	35.60704	-.MYGC[+57.0214635]DVGPDGR.-	sp|P04222|1C03_HUMAN	sp|P18462|1A25_HUMAN	sp|P30450|1A26_HUMAN	sp|P30453|1A34_HUMAN	sp|P30456|1A43_HUMAN	sp|P30457|1A66_HUMAN	sp|P30464|1B15_HUMAN	sp|P30466|1B18_HUMAN	sp|P30475|1B39_HUMAN	sp|P30479|1B41_HUMAN	sp|P30481|1B44_HUMAN	sp|P30484|1B46_HUMAN	sp|Q29836|1B67_HUMAN	sp|Q95365|1B38_HUMAN
2017dec27_overlap_dia_6b_rep1_604to616.dia:2138.4941:decoyNAMEYQADLR+2	-1	49178	11.578405	0.5448056	0.8117017	6.0186415	5.295236	0.1693095	0.03495711	9.0	0.0	2.8037179	-0.35640138	0.0	10.0	10.0	-1.4534836	5.669586	10.0	0.35486895	0	10	0	1	0	0	605.7796833086645	1209.5448136837033	35.641567	-.NAMEYQADLR.-	DECOY_sp|Q7L4I2-2|RSRC2_HUMAN	DECOY_sp|Q7L4I2|RSRC2_HUMAN
2017dec27_overlap_dia_6b_rep1_604to616.dia:2140.6345:LEGNTVGVEAAR+2	1	49230	17.348999	1.1022422	1.2244413	6.40859	5.7708797	0.021081796	0.0021821873	14.0	2.0	3.7051685	0.5067122	0.9198172	5.663883	4.303567	2.2770243	0.12383652	1.7222271	1.2305586	0	12	0	1	0	0	608.3200343086647	1214.6255156837037	35.677242	-.LEGNTVGVEAAR.-	sp|P46060|RAGP1_HUMAN
2017dec27_overlap_dia_6b_rep1_604to616.dia:2140.6345:QNADPQAVTMPATETKK+3	1	49230	17.629723	0.726002	0.8895635	5.513222	5.00292	0.08671659	0.013166906	15.0	1.0	4.2694855	0.724573	0.97386926	5.142298	5.142298	2.418726	0.16215515	2.5609584	1.4484195	1	17	0	0	1	0	610.6402483613809	1828.898915683704	35.677242	-.QNADPQAVTMPATETKK.-	sp|Q9UNF1-2|MAGD2_HUMAN	sp|Q9UNF1|MAGD2_HUMAN
2017dec27_overlap_dia_6b_rep1_604to616.dia:2140.6345:decoyEIGNAQSLAAQK+2	-1	49230	12.172224	0.4578477	0.68856514	5.6124606	4.9237814	0.056289256	0.008821494	10.0	1.0	3.843467	2.5404372	0.0	10.0	10.0	-1.6116629	0.7766609	10.0	3.2642837	0	12	0	1	0	0	615.3278593086646	1228.6411656837035	35.677242	-.EIGNAQSLAAQK.-	DECOY_sp|O95361-2|TRI16_HUMAN	DECOY_sp|O95361|TRI16_HUMAN	DECOY_sp|Q309B1-2|TR16L_HUMAN	DECOY_sp|Q309B1|TR16L_HUMAN
2017dec27_overlap_dia_6b_rep1_604to616.dia:2140.6345:decoyQNNSELQQIR+2	-1	49230	11.608075	0.43763185	0.8468051	6.0483117	5.0523243	0.17396441	0.021165164	9.0	0.0	1.6425858	0.88926995	0.0	10.0	10.0	-0.22391891	5.669571	10.0	1.6131164	0	10	0	1	0	0	615.3152828086645	1228.6160126837033	35.677242	-.QNNSELQQIR.-	DECOY_sp|O75116|ROCK2_HUMAN
2017dec27_overlap_dia_6b_rep1_604to616.dia:2144.6936:KPQDQLVIER+2	1	49334	14.66107	0.7753468	1.2111214	5.980732	5.4210095	0.043663356	0.0071532456	12.0	0.0	2.1503847	-0.636227	0.97157365	2.9702306	2.9702306	1.5432901	0.30099106	0.38889074	0.100196004	0	10	0	1	0	0	613.3485948086648	1224.6826366837038	35.744892	-.KPQDQLVIER.-	sp|Q8WWI1-2|LMO7_HUMAN	sp|Q8WWI1-3|LMO7_HUMAN	sp|Q8WWI1-4|LMO7_HUMAN	sp|Q8WWI1-5|LMO7_HUMAN	sp|Q8WWI1|LMO7_HUMAN
2017dec27_overlap_dia_6b_rep1_604to616.dia:2148.784:IAESTEWQEK+2	1	49438	10.256044	0.65013826	1.1611724	5.6505237	4.9463735	0.13585147	0.02320284	8.0	0.0	3.1255312	-1.7886307	0.8216856	0.67141175	0.67141175	-1.0193853	0.18061829	1.9099281	1.0396316	0	10	0	1	0	0	610.7933178086647	1219.5720826837037	35.813065	-.IAESTEWQEK.-	sp|Q14789-2|GOGB1_HUMAN	sp|Q14789-3|GOGB1_HUMAN	sp|Q14789-4|GOGB1_HUMAN	sp|Q14789|GOGB1_HUMAN
2017dec27_overlap_dia_6b_rep1_604to616.dia:2148.784:decoyGQVVEINEVDK+2	-1	49438	12.852667	0.73359245	1.1457528	6.292904	5.470472	0.16119494	0.011101728	10.0	1.0	3.59126	-2.3475888	0.8244864	7.996674	7.996674	-0.7765198	6.8438225	5.415334	1.5985897	0	11	0	1	0	0	615.3222423086645	1228.6299316837033	35.813065	-.GQVVEINEVDK.-	DECOY_sp|P42704|LPPRC_HUMAN
2017dec27_overlap_dia_6b_rep1_604to616.dia:2150.8125:decoyEQTELQQLVK+2	-1	49490	11.147139	0.4873834	0.67470044	5.5873756	4.423453	0.053416498	0.014221865	9.0	0.0	0.3662249	0.11306833	0.0	10.0	10.0	-0.78087616	8.600632	10.0	0.86206746	0	10	0	1	0	0	608.3326108086648	1214.6506686837038	35.846874	-.EQTELQQLVK.-	DECOY_sp|Q92696|PGTA_HUMAN
2017dec27_overlap_dia_6b_rep1_604to616.dia:2152.9626:AGAGMITQHSSNASPINR+3	1	49542	27.348902	1.2536445	1.4283563	6.298136	5.619337	0.026449377	0.0036855438	22.0	6.0	2.1024976	-1.5768732	0.81548274	1.0509628	-0.39462242	7.927191	0.24269485	2.9759622	0.82787406	0	18	0	0	1	0	604.6320863613807	1810.8744296837035	35.88271	-.AGAGMITQHSSNASPINR.-	sp|Q9NWH9-3|SLTM_HUMAN	sp|Q9NWH9|SLTM_HUMAN
2017dec27_overlap_dia_6b_rep1_604to616.dia:2154.9973:GKLDGNQDLIR+2	1	49594	12.780981	1.1247642	1.4223652	6.2212176	5.4334164	0.1186463	0.010080517	10.0	2.0	0.62148374	0.23294854	0.8252837	5.202989	-5.202989	0.48578358	0.05159378	7.784329	0.9912441	1	11	0	1	0	0	614.8358513086647	1227.6571496837037	35.916622	-.GKLDGNQDLIR.-	sp|P48735-2|IDHP_HUMAN	sp|P48735|IDHP_HUMAN
2017dec27_overlap_dia_6b_rep1_604to616.dia:2154.9973:decoyQQWAANVEDR+2	-1	49594	9.508223	0.48146528	0.8503935	5.8057914	5.1173935	0.22205663	0.015601928	7.0	1.0	1.4623431	0.054698348	0.0	10.0	10.0	-2.2405024	2.511795	10.0	0.8129939	0	10	0	1	0	0	608.7889013086644	1215.5632496837031	35.916622	-.QQWAANVEDR.-	DECOY_sp|Q13813-2|SPTN1_HUMAN	DECOY_sp|Q13813-3|SPTN1_HUMAN	DECOY_sp|Q13813|SPTN1_HUMAN
2017dec27_overlap_dia_6b_rep1_604to616.dia:2161.287:DGQVINETSQHHDDLE+3	1	49750	24.753517	2.7421236	2.4939582	7.668423	7.153432	0.0015794489	5.534273E-4	19.0	15.0	0.89330417	-0.020838276	0.9981211	3.459656	2.7527077	12.13905	0.16792297	0.17136788	0.76588917	0	16	0	0	1	0	612.9380096947141	1835.7921996837035	36.02145	-.DGQVINETSQHHDDLE.-	sp|P08670|VIME_HUMAN
2017dec27_overlap_dia_6b_rep1_604to616.dia:2167.4612:AASAAFQENVGR+2	1	49906	16.32215	0.85824573	1.1117389	6.527868	5.9515758	0.012602276	0.0025400424	13.0	0.0	2.6995375	-0.8547889	0.1969348	0.72480196	-0.72480196	1.9068298	0.10956192	3.3260918	0.06806147	0	12	0	1	0	0	610.8045513086646	1219.5945496837035	36.12435	-.AASAAFQENVGR.-	sp|Q9BTW9-4|TBCD_HUMAN	sp|Q9BTW9-5|TBCD_HUMAN	sp|Q9BTW9|TBCD_HUMAN
2017dec27_overlap_dia_6b_rep1_604to616.dia:2167.4612:GLANPEPAPEPK+2	1	49906	17.619345	1.053297	1.5729724	6.6789365	5.991668	0.011343642	0.0012605225	14.0	1.0	1.6146892	-0.7836629	0.9768331	4.646433	2.519723	1.1211615	0.052841187	0.08156681	0.0030645132	0	12	0	1	0	0	610.3195028086648	1218.6244526837038	36.12435	-.GLANPEPAPEPK.-	sp|O15027-2|SC16A_HUMAN	sp|O15027-3|SC16A_HUMAN	sp|O15027-4|SC16A_HUMAN	sp|O15027-5|SC16A_HUMAN	sp|O15027|SC16A_HUMAN
2017dec27_overlap_dia_6b_rep1_604to616.dia:2167.4612:SEFEQNLSEK+2	1	49906	15.572382	1.4172523	1.9391731	6.892044	6.3621097	0.038205173	0.00551019	12.0	2.0	2.3841503	-1.4307761	0.9754685	4.211501	4.211501	-0.3129282	0.1546669	1.6102114	0.6440487	0	10	0	1	0	0	605.7829493086648	1209.5513456837039	36.12435	-.SEFEQNLSEK.-	sp|Q16891-2|MIC60_HUMAN	sp|Q16891-3|MIC60_HUMAN	sp|Q16891-4|MIC60_HUMAN	sp|Q16891|MIC60_HUMAN
2017dec27_overlap_dia_6b_rep1_604to616.dia:2167.4612:decoySESLNQEFEK+2	-1	49906	11.27732	0.76795	1.1809794	6.671799	6.182084	0.12508123	0.023263844	8.0	2.0	2.3841503	-1.4307761	0.9754685	4.211501	4.211501	-1.5448475	0.1546669	1.6102114	0.6440487	0	10	0	1	0	0	605.7829493086645	1209.5513456837032	36.12435	-.SESLNQEFEK.-	DECOY_sp|Q16891-2|MIC60_HUMAN	DECOY_sp|Q16891-3|MIC60_HUMAN	DECOY_sp|Q16891-4|MIC60_HUMAN	DECOY_sp|Q16891|MIC60_HUMAN
2017dec27_overlap_dia_6b_rep1_604to616.dia:2171.5742:LAAAEETAVSPR+2	1	50010	16.1103	0.58523685	1.0576634	6.316019	5.7496576	0.031935684	0.0045775343	13.0	0.0	1.8171372	1.3326212	0.78999716	2.1574373	-1.7193917	3.0816698	0.05337906	4.3206816	2.1193485	0	12	0	1	0	0	607.8224098086647	1213.6302666837037	36.192905	-.LAAAEETAVSPR.-	sp|Q9BUH6|PAXX_HUMAN
2017dec27_overlap_dia_6b_rep1_604to616.dia:2171.5742:QNLC[+57.0214635]VNEDVK+2	1	50010	11.821482	0.3343037	0.5908824	6.261718	5.094907	0.0764383	0.009046962	9.0	0.0	1.4741377	0.48115808	0.6155374	5.6197495	5.6197495	-1.1320505	0.010871887	3.0184598	1.2678854	0	10	0	1	0	0	609.7927945586647	1217.5710361837037	36.192905	-.QNLC[+57.0214635]VNEDVK.-	sp|Q96FC9-2|DDX11_HUMAN	sp|Q96FC9-3|DDX11_HUMAN	sp|Q96FC9-4|DDX11_HUMAN	sp|Q96FC9|DDX11_HUMAN
2017dec27_overlap_dia_6b_rep1_604to616.dia:2171.5742:decoyALGLGEADTIEK+2	-1	50010	13.979254	0.48329213	0.67594296	6.378098	5.648032	0.09000143	0.028408626	11.0	1.0	4.36507	3.2738025	0.27548668	1.8501638	-1.8501638	0.059515953	16.566456	4.4514537	4.0605297	0	12	0	1	0	0	608.8246183086645	1215.6346836837033	36.192905	-.ALGLGEADTIEK.-	DECOY_sp|Q14203-2|DCTN1_HUMAN	DECOY_sp|Q14203-3|DCTN1_HUMAN	DECOY_sp|Q14203-4|DCTN1_HUMAN	DECOY_sp|Q14203-5|DCTN1_HUMAN	DECOY_sp|Q14203-6|DCTN1_HUMAN	DECOY_sp|Q14203|DCTN1_HUMAN
2017dec27_overlap_dia_6b_rep1_604to616.dia:2173.7014:TVIDSQTHYR+2	1	50062	11.056051	0.71928215	0.89533097	6.45053	5.526111	0.13441592	0.040203676	8.0	1.0	4.8297057	-3.6222792	0.20003404	5.0331225	-5.0331225	-1.5096235	6.220684	7.6344123	2.8229756	0	10	0	1	0	0	610.3069228086647	1218.5992926837037	36.228355	-.TVIDSQTHYR.-	sp|Q9Y3Q3|TMED3_HUMAN
2017dec27_overlap_dia_6b_rep1_604to616.dia:2184.2715:NQDNLQGWNK+2	1	50322	13.302801	0.2767777	0.308597	6.743038	5.9931335	0.021181578	0.0042507476	10.0	0.0	4.4225864	0.5584756	0.9777684	2.8802583	2.7700326	0.6609459	0.17708206	0.12884402	1.345203	0	10	0	1	0	0	608.7889008086647	1215.5632486837037	36.404526	-.NQDNLQGWNK.-	sp|P30085-2|KCY_HUMAN	sp|P30085|KCY_HUMAN
2017dec27_overlap_dia_6b_rep1_604to616.dia:2190.6558:decoyEVLPENLMQR+2	-1	50478	11.236212	0.6695316	1.0389823	6.630691	6.0397477	0.1246023	0.029179014	8.0	4.0	6.998323	5.248742	0.8141515	8.248134	8.248134	-1.8134441	15.153027	5.586995	6.0354695	0	10	0	1	0	0	614.8213553086647	1227.6281576837036	36.51093	-.EVLPENLMQR.-	DECOY_sp|Q9H2C0|GAN_HUMAN
2017dec27_overlap_dia_6b_rep1_604to616.dia:2194.8606:NFGEDMDDER+2	1	50582	15.419454	1.2199656	1.395146	6.7391157	6.357967	0.0031866073	7.14413E-4	12.0	0.0	2.8397977	2.1298482	0.9985185	4.5304236	4.5304236	3.714919	0.51288986	1.8493352	2.9291518	0	10	0	1	0	0	614.2327668086647	1226.4509806837036	36.58101	-.NFGEDMDDER.-	sp|P11940-2|PABP1_HUMAN	sp|P11940|PABP1_HUMAN	sp|Q9H361|PABP3_HUMAN
2017dec27_overlap_dia_6b_rep1_604to616.dia:2194.8606:SLYHDISGDTSGDYRK+3	1	50582	24.871792	1.2122608	1.2567152	6.485668	5.852414	0.049044784	0.005931043	20.0	15.0	4.0930057	1.5408765	0.7324928	7.1333194	7.1333194	7.5334196	0.06391525	4.452231	2.34018	1	16	0	0	1	0	605.283222694714	1812.8278386837035	36.58101	-.SLYHDISGDTSGDYRK.-	sp|P50995-2|ANX11_HUMAN	sp|P50995|ANX11_HUMAN
2017dec27_overlap_dia_6b_rep1_604to616.dia:2194.8606:YLGAMQVADKK+2	1	50582	9.586113	0.3949154	0.560102	5.883682	5.0952096	0.07736944	0.0065532112	7.0	0.0	2.9252512	1.4934659	0.0	10.0	10.0	-1.8326168	0.21170044	10.0	2.2927694	1	11	0	1	0	0	612.3262698086647	1222.6379866837037	36.58101	-.YLGAMQVADKK.-	sp|Q8WYA6-2|CTBL1_HUMAN	sp|Q8WYA6-3|CTBL1_HUMAN	sp|Q8WYA6-4|CTBL1_HUMAN	sp|Q8WYA6|CTBL1_HUMAN
2017dec27_overlap_dia_6b_rep1_604to616.dia:2196.9167:SAEQHLISMC[+57.0214635]EDHDR+3	1	50634	16.443237	0.7247248	0.8620596	5.502828	5.012892	0.08392246	0.01655661	14.0	2.0	3.9552839	1.4809148	0.6918484	6.4945884	6.4945884	6.11308	0.20500946	3.8135	2.2802184	0	15	0	0	1	0	609.9298035280475	1826.7675811837037	36.61528	-.SAEQHLISMC[+57.0214635]EDHDR.-	sp|Q9Y223-2|GLCNE_HUMAN	sp|Q9Y223-3|GLCNE_HUMAN	sp|Q9Y223-4|GLCNE_HUMAN	sp|Q9Y223-5|GLCNE_HUMAN	sp|Q9Y223|GLCNE_HUMAN
2017dec27_overlap_dia_6b_rep1_604to616.dia:2196.9167:decoyDFLQEDTTSR+2	-1	50634	9.539028	0.49920693	0.69727814	5.8365974	4.9986763	0.048814993	0.012543524	7.0	0.0	4.914284	-2.7425704	0.0	10.0	10.0	-0.80327797	10.310539	10.0	1.9432669	0	10	0	1	0	0	606.2805748086647	1210.5465966837037	36.61528	-.DFLQEDTTSR.-	DECOY_sp|Q92696|PGTA_HUMAN
2017dec27_overlap_dia_6b_rep1_604to616.dia:2196.9167:decoyEMAAEWAETGK+2	-1	50634	11.257626	0.4541873	0.7904225	5.6978626	5.17727	0.20616136	0.01632755	9.0	0.0	2.8757322	2.156799	0.0	10.0	10.0	-1.696909	12.253445	10.0	2.9561026	0	11	0	1	0	0	611.7740713086646	1221.5335896837034	36.61528	-.EMAAEWAETGK.-	DECOY_sp|Q14204|DYHC1_HUMAN
2017dec27_overlap_dia_6b_rep1_604to616.dia:2196.9167:decoyEMQLNSEC[+57.0214635]KNDPGC[+57.0214635]R+3	-1	50634	10.409109	0.45253322	0.80124074	5.803588	5.1113095	0.14519341	0.025542226	8.0	2.0	2.6439562	1.9829671	0.0	10.0	10.0	0.59031487	6.350155	10.0	2.7822707	1	15	0	0	1	0	613.259043694714	1836.7553016837035	36.61528	-.EMQLNSEC[+57.0214635]KNDPGC[+57.0214635]R.-	DECOY_sp|P26006-1|ITA3_HUMAN	DECOY_sp|P26006|ITA3_HUMAN
2017dec27_overlap_dia_6b_rep1_604to616.dia:2199.1:ALQAQEIEC[+57.0214635]R+2	1	50686	16.77509	2.156594	2.4138255	6.9808083	6.5033255	0.004856772	0.0013125951	13.0	0.0	2.5285232	1.7233742	0.9905953	2.6770394	2.6770394	7.405347	0.050224304	0.023998022	2.522678	0	10	0	1	0	0	609.3007875586648	1216.5870221837038	36.65167	-.ALQAQEIEC[+57.0214635]R.-	sp|Q8NBJ5|GT251_HUMAN
2017dec27_overlap_dia_6b_rep1_604to616.dia:2199.1:EGVGC[+57.0214635]SWESGR+2	1	50686	14.479505	0.63561493	0.9063584	5.7991667	5.223414	0.04837546	0.0055435277	12.0	0.0	4.790709	2.285497	0.8393428	5.72278	5.72278	1.7432985	0.17837524	3.0217428	3.0848005	0	11	0	1	0	0	612.2591190586646	1222.5036851837035	36.65167	-.EGVGC[+57.0214635]SWESGR.-	sp|Q7Z6J9|SEN54_HUMAN
2017dec27_overlap_dia_6b_rep1_604to616.dia:2199.1:EKESELGDRPLQVGER+3	1	50686	19.32792	0.8466499	0.7441727	6.0073013	5.398563	0.045621995	0.007271191	16.0	2.0	4.022533	-0.623629	0.74233294	2.517831	0.67399925	2.5115108	0.19832993	2.027038	0.17567456	1	16	0	0	1	0	614.6499113613808	1840.9279046837034	36.65167	-.EKESELGDRPLQVGER.-	sp|A6NHR9-2|SMHD1_HUMAN	sp|A6NHR9|SMHD1_HUMAN
2017dec27_overlap_dia_6b_rep1_604to616.dia:2199.1:LAGDHIEYYK+2	1	50686	15.907203	0.6935964	1.0580479	6.1129217	5.289439	0.09723258	0.0146974325	13.0	2.0	3.7598743	2.8199058	0.68684167	3.072253	-3.072253	1.3881521	0.024902344	5.7732906	3.6192093	0	10	0	1	0	0	604.8009373086647	1207.5873216837037	36.65167	-.LAGDHIEYYK.-	sp|Q15070-2|OXA1L_HUMAN	sp|Q15070-3|OXA1L_HUMAN	sp|Q15070|OXA1L_HUMAN
2017dec27_overlap_dia_6b_rep1_604to616.dia:2199.1:SYSSTLTDMGR+2	1	50686	9.936699	0.5850259	0.8361446	5.3311787	4.703819	0.0876253	0.0075121424	8.0	0.0	2.7743742	-0.18125543	0.0	10.0	10.0	-1.317317	7.4772873	10.0	0.6180481	0	11	0	1	0	0	609.2769733086647	1216.5393936837036	36.65167	-.SYSSTLTDMGR.-	sp|O94875-10|SRBS2_HUMAN	sp|O94875-11|SRBS2_HUMAN	sp|O94875-12|SRBS2_HUMAN	sp|O94875-2|SRBS2_HUMAN	sp|O94875-3|SRBS2_HUMAN	sp|O94875-4|SRBS2_HUMAN	sp|O94875-5|SRBS2_HUMAN	sp|O94875-7|SRBS2_HUMAN	sp|O94875-8|SRBS2_HUMAN	sp|O94875-9|SRBS2_HUMAN	sp|O94875|SRBS2_HUMAN
2017dec27_overlap_dia_6b_rep1_604to616.dia:2199.1:decoyWVQALDVPRK+2	-1	50686	10.766756	0.5672383	0.7249891	6.161235	5.3416657	0.117203936	0.017723624	8.0	1.0	6.684536	3.8212626	0.0	10.0	10.0	-0.3574791	15.846611	10.0	4.6205664	1	10	0	1	0	0	606.3483978086647	1210.6822426837036	36.65167	-.WVQALDVPRK.-	DECOY_sp|P32004-2|L1CAM_HUMAN	DECOY_sp|P32004-3|L1CAM_HUMAN	DECOY_sp|P32004|L1CAM_HUMAN
2017dec27_overlap_dia_6b_rep1_604to616.dia:2199.1:decoyYGSNVGKNDSDALSEER+3	-1	50686	8.824865	0.46008956	0.91729426	5.122435	4.4194207	0.1714477	0.058059037	7.0	2.0	5.4054656	-1.6608288	0.0	10.0	10.0	-1.37889	6.5064106	10.0	0.8615253	1	17	0	0	1	0	614.281772694714	1839.8234886837033	36.65167	-.YGSNVGKNDSDALSEER.-	DECOY_sp|Q6KC79-2|NIPBL_HUMAN	DECOY_sp|Q6KC79|NIPBL_HUMAN
2017dec27_overlap_dia_6b_rep1_604to616.dia:2201.1567:AVDGYVKPQIK+2	1	50738	12.26643	1.0358626	1.3136771	5.706667	5.1996794	0.052592814	0.004825534	10.0	1.0	0.9505741	0.2548355	0.94910485	6.205814	2.3598619	0.8347101	0.20003891	0.34117556	1.0415629	0	11	0	1	0	0	609.3480593086647	1216.6815656837036	36.685947	-.AVDGYVKPQIK.-	sp|P42229-2|STA5A_HUMAN	sp|P42229|STA5A_HUMAN	sp|P51692|STA5B_HUMAN
2017dec27_overlap_dia_6b_rep1_604to616.dia:2201.1567:GGETDEFSNVR+2	1	50738	12.353328	0.7114594	1.0061162	5.7935643	5.126814	0.04636908	0.0060963915	10.0	0.0	0.97351646	-0.5631227	0.83782375	1.9340687	-1.9340687	1.8980284	0.2950592	4.635106	0.22360474	0	11	0	1	0	0	605.7703738086647	1209.5261946837036	36.685947	-.GGETDEFSNVR.-	sp|Q5T8D3-2|ACBD5_HUMAN	sp|Q5T8D3-3|ACBD5_HUMAN	sp|Q5T8D3-4|ACBD5_HUMAN	sp|Q5T8D3|ACBD5_HUMAN
2017dec27_overlap_dia_6b_rep1_604to616.dia:2201.1567:HLESWC[+57.0214635]VQR+2	1	50738	13.718819	0.9450682	1.3077207	6.117663	5.634698	0.066820264	0.006684865	11.0	0.0	2.2465074	0.8663911	0.9952387	3.565986	3.0131683	0.6355343	0.28720474	0.31213093	1.6531186	0	9	0	1	0	0	607.7903895586647	1213.5662261837037	36.685947	-.HLESWC[+57.0214635]VQR.-	sp|Q9Y6M9|NDUB9_HUMAN
2017dec27_overlap_dia_6b_rep1_604to616.dia:2201.1567:decoyC[+57.0214635]AAWMWNGSK+2	-1	50738	10.730381	0.637555	0.73104614	6.1248603	5.124355	0.21647316	0.010071849	8.0	1.0	7.769255	-2.7172546	0.0	10.0	10.0	-1.1356258	18.123138	10.0	1.9305272	0	10	0	1	0	0	605.7602435586647	1209.5059341837036	36.685947	-.C[+57.0214635]AAWMWNGSK.-	DECOY_sp|O15067|PUR4_HUMAN
2017dec27_overlap_dia_6b_rep1_604to616.dia:2201.1567:decoyEGSEWSC[+57.0214635]GVGR+2	-1	50738	10.163985	0.58389914	0.91273934	5.5584645	4.8865786	0.16081202	0.021380242	8.0	0.0	3.4115827	1.5205057	0.99294454	7.2764983	7.2764983	-1.0484915	0.2102356	4.575461	2.307233	0	11	0	1	0	0	612.2591190586646	1222.5036851837035	36.685947	-.EGSEWSC[+57.0214635]GVGR.-	DECOY_sp|Q7Z6J9|SEN54_HUMAN
2017dec27_overlap_dia_6b_rep1_604to616.dia:2201.1567:decoyVGNVHEFEQR+2	-1	50738	8.957669	0.53472704	0.7473411	5.2552385	4.819088	0.23376814	0.039024446	7.0	0.0	3.3552492	2.2788684	0.0	10.0	10.0	-1.8319893	6.678276	10.0	3.0655959	0	10	0	1	0	0	607.7992688086645	1213.5839846837032	36.685947	-.VGNVHEFEQR.-	DECOY_sp|Q14839-2|CHD4_HUMAN	DECOY_sp|Q14839|CHD4_HUMAN
2017dec27_overlap_dia_6b_rep1_604to616.dia:2203.3115:TSC[+57.0214635]SYC[+57.0214635]TMAK+2	1	50790	10.408783	0.37750572	0.4832778	5.8032627	4.8905735	0.075812675	0.013342367	8.0	0.0	1.4689808	-0.38462287	0.0	10.0	10.0	-2.1973724	6.7141876	10.0	0.40210456	0	10	0	1	0	0	604.7408553086647	1207.4671576837036	36.72186	-.TSC[+57.0214635]SYC[+57.0214635]TMAK.-	sp|Q9NS18-2|GLRX2_HUMAN	sp|Q9NS18|GLRX2_HUMAN
2017dec27_overlap_dia_6b_rep1_604to616.dia:2203.3115:decoyAWNQSFDEPK+2	-1	50790	10.684575	0.99091834	1.2230694	6.0790544	5.312898	0.1076279	0.011553407	8.0	0.0	4.1925516	0.46156645	0.0	10.0	10.0	0.7551727	8.844856	10.0	1.2482939	0	10	0	1	0	0	611.2803773086647	1220.5462016837037	36.72186	-.AWNQSFDEPK.-	DECOY_sp|Q9GZR2-2|REXO4_HUMAN	DECOY_sp|Q9GZR2|REXO4_HUMAN
2017dec27_overlap_dia_6b_rep1_604to616.dia:2203.3115:decoyVQSSPTTAWNK+2	-1	50790	10.996664	0.4116618	0.7757786	5.4369	4.8620586	0.29661372	0.023600524	9.0	1.0	2.8702269	0.691875	0.8010132	7.9633017	7.9633017	-2.3761015	0.026538849	5.2622643	1.4786024	0	11	0	1	0	0	609.8093023086647	1217.6040516837036	36.72186	-.VQSSPTTAWNK.-	DECOY_sp|P31483-2|TIA1_HUMAN	DECOY_sp|P31483-3|TIA1_HUMAN	DECOY_sp|P31483|TIA1_HUMAN	DECOY_sp|Q01085-2|TIAR_HUMAN	DECOY_sp|Q01085|TIAR_HUMAN
2017dec27_overlap_dia_6b_rep1_604to616.dia:2205.4114:VNWATTPSSQK+2	1	50842	16.043518	1.8168267	2.1052036	6.249237	5.739895	0.044495717	0.010987861	13.0	2.0	1.6087179	-0.4075111	0.7895293	5.76242	5.76242	1.9031067	0.007858276	3.0414329	0.37921634	0	11	0	1	0	0	609.8093023086648	1217.6040516837038	36.756855	-.VNWATTPSSQK.-	sp|P31483-2|TIA1_HUMAN	sp|P31483-3|TIA1_HUMAN	sp|P31483|TIA1_HUMAN	sp|Q01085-2|TIAR_HUMAN	sp|Q01085|TIAR_HUMAN
2017dec27_overlap_dia_6b_rep1_604to616.dia:2205.4114:decoyDELGTSEDEVK+2	-1	50842	12.89199	0.56190276	0.79293126	6.3322263	5.751661	0.1313878	0.013331355	10.0	0.0	4.7833123	3.5874844	0.0	10.0	10.0	-0.40730858	3.6540794	10.0	4.374212	0	11	0	1	0	0	611.2776973086646	1220.5408416837035	36.756855	-.DELGTSEDEVK.-	DECOY_sp|P36952|SPB5_HUMAN
2017dec27_overlap_dia_6b_rep1_604to616.dia:2209.7039:LNKDQWEER+2	1	50946	10.634626	0.47456884	0.68967974	6.029106	5.051603	0.24563827	0.028257119	8.0	1.0	1.2041192	0.17114294	0.9833072	2.7860222	-0.55640745	-1.0464106	6.8207245	3.2773948	0.95787036	1	9	0	1	0	0	609.2991013086647	1216.5836496837037	36.828396	-.LNKDQWEER.-	sp|P26038|MOES_HUMAN
2017dec27_overlap_dia_6b_rep1_604to616.dia:2209.7039:NNNSNQNFFK+2	1	50946	12.582364	1.3241518	1.5167054	6.0226007	5.4604173	0.008802442	0.0016339918	10.0	1.0	2.9546995	1.1075807	0.8455601	3.8342173	3.8342173	-1.1510429	0.05911255	1.11323	1.8943081	0	10	0	1	0	0	613.7810748086647	1225.5475966837037	36.828396	-.NNNSNQNFFK.-	sp|O60763-2|USO1_HUMAN	sp|O60763|USO1_HUMAN
2017dec27_overlap_dia_6b_rep1_604to616.dia:2211.8643:DEQQISAAVEK+2	1	50998	14.01234	1.4942719	1.761746	6.4111834	5.6371913	0.02417907	0.0020319803	11.0	1.0	2.8031013	2.102326	0.9771537	8.064536	8.064536	2.9585295	0.35064697	5.323599	2.8890533	0	11	0	1	0	0	609.3040498086647	1216.5935466837036	36.864403	-.DEQQISAAVEK.-	sp|Q6YN16-2|HSDL2_HUMAN	sp|Q6YN16|HSDL2_HUMAN
2017dec27_overlap_dia_6b_rep1_604to616.dia:2211.8643:ELQNDMTDEK+2	1	50998	10.211655	0.68889755	1.077121	5.606134	4.932979	0.05259313	0.008583626	8.0	0.0	6.8022885	5.1017165	0.0	10.0	10.0	-1.863864	6.8567314	10.0	5.888444	0	10	0	1	0	0	611.7664428086647	1221.5183326837036	36.864403	-.ELQNDMTDEK.-	sp|O75691|UTP20_HUMAN
2017dec27_overlap_dia_6b_rep1_604to616.dia:2211.8643:LAQQNAVTSLSEEC[+57.0214635]KR+3	1	50998	16.478369	0.7140448	0.87441456	5.53796	4.8871694	0.049752414	0.01350196	14.0	1.0	5.448108	4.086081	0.0	10.0	10.0	-1.2109256	1.9561043	10.0	4.8728085	1	16	0	0	1	0	611.9756301947141	1832.9050611837035	36.864403	-.LAQQNAVTSLSEEC[+57.0214635]KR.-	sp|Q14289-2|FAK2_HUMAN	sp|Q14289|FAK2_HUMAN
2017dec27_overlap_dia_6b_rep1_604to616.dia:2211.8643:decoyHQVC[+57.0214635]WSELR+2	-1	50998	10.134386	0.3801034	0.64155203	5.528866	5.095961	0.056254547	0.012237625	8.0	0.0	4.74719	-1.248622	0.6239546	4.895054	-4.895054	-1.7305031	0.10106659	7.635991	0.4618945	0	9	0	1	0	0	607.7903895586644	1213.566226183703	36.864403	-.HQVC[+57.0214635]WSELR.-	DECOY_sp|Q9Y6M9|NDUB9_HUMAN
2017dec27_overlap_dia_6b_rep1_604to616.dia:2211.8643:decoyLVFEEC[+57.0214635]SLTK+2	-1	50998	9.137016	0.38429955	0.50387156	5.434586	4.9390984	0.14264129	0.015076376	7.0	0.0	3.9126434	-0.3489005	0.0	10.0	10.0	-1.758009	19.4077	10.0	0.43782693	0	10	0	1	0	0	613.3102890586647	1224.6060251837037	36.864403	-.LVFEEC[+57.0214635]SLTK.-	DECOY_sp|O95571|ETHE1_HUMAN
2017dec27_overlap_dia_6b_rep1_604to616.dia:2211.8643:decoyVC[+57.0214635]IWQIC[+57.0214635]NK+2	-1	50998	10.622387	1.0719925	1.4202614	6.0168657	5.329644	0.06348739	0.012201399	8.0	0.0	3.280759	2.4605694	0.0	10.0	10.0	-1.3437119	17.276157	10.0	3.2472968	0	9	0	1	0	0	610.7993688086647	1219.5841846837036	36.864403	-.VC[+57.0214635]IWQIC[+57.0214635]NK.-	DECOY_sp|Q6IA86-2|ELP2_HUMAN	DECOY_sp|Q6IA86-3|ELP2_HUMAN	DECOY_sp|Q6IA86-4|ELP2_HUMAN	DECOY_sp|Q6IA86-5|ELP2_HUMAN	DECOY_sp|Q6IA86-6|ELP2_HUMAN	DECOY_sp|Q6IA86-7|ELP2_HUMAN	DECOY_sp|Q6IA86|ELP2_HUMAN
2017dec27_overlap_dia_6b_rep1_604to616.dia:2214.0117:KLVIVGDGAC[+57.0214635]GK+2	1	51050	18.234886	2.012551	2.5379448	6.1183863	5.6375217	0.034376964	0.005402034	15.0	2.0	2.7985752	2.0989313	0.8265802	1.0188826	1.0188826	4.0661545	0.23100281	1.724168	2.8847818	1	12	0	1	0	0	608.8395485586648	1215.6645441837038	36.900196	-.KLVIVGDGAC[+57.0214635]GK.-	sp|P08134|RHOC_HUMAN	sp|P61586|RHOA_HUMAN
2017dec27_overlap_dia_6b_rep1_604to616.dia:2214.0117:VGVVQYSSDTR+2	1	51050	10.348627	0.43426934	1.0327257	5.743106	4.625615	0.13868225	0.016028272	8.0	0.0	5.45702	4.092765	0.0	10.0	10.0	-2.676075	0.43359375	10.0	4.8786154	0	11	0	1	0	0	605.8067553086646	1209.5989576837035	36.900196	-.VGVVQYSSDTR.-	sp|Q99715-4|COCA1_HUMAN	sp|Q99715|COCA1_HUMAN
2017dec27_overlap_dia_6b_rep1_604to616.dia:2214.0117:VHSEVASLQEK+2	1	51050	13.662739	0.5695027	0.85589397	6.0615826	5.5023785	0.14068285	0.026896536	11.0	2.0	2.4591901	1.8443925	0.0	10.0	10.0	-0.3227625	6.8925247	10.0	2.630243	0	11	0	1	0	0	613.8224093086648	1225.6302656837038	36.900196	-.VHSEVASLQEK.-	sp|Q9Y305-2|ACOT9_HUMAN	sp|Q9Y305-3|ACOT9_HUMAN	sp|Q9Y305-4|ACOT9_HUMAN	sp|Q9Y305|ACOT9_HUMAN
2017dec27_overlap_dia_6b_rep1_604to616.dia:2214.0117:decoyAGVNEQFAASAR+2	-1	51050	12.767071	0.68128103	1.4023345	6.207307	5.302821	0.09559632	0.023378827	10.0	1.0	2.8955307	-0.4798476	0.0	10.0	10.0	-1.2713995	0.8854065	10.0	0.30600297	0	12	0	1	0	0	610.8045513086646	1219.5945496837035	36.900196	-.AGVNEQFAASAR.-	DECOY_sp|Q9BTW9-4|TBCD_HUMAN	DECOY_sp|Q9BTW9-5|TBCD_HUMAN	DECOY_sp|Q9BTW9|TBCD_HUMAN
2017dec27_overlap_dia_6b_rep1_604to616.dia:2214.0117:decoyASADFC[+57.0214635]PVVHK+2	-1	51050	10.825317	0.45469937	1.2701871	6.219796	5.6025853	0.14277972	0.016175948	8.0	1.0	4.409393	3.2667885	0.0	10.0	10.0	-0.8485813	2.1579628	10.0	4.052639	0	11	0	1	0	0	615.8004230586645	1229.5862931837032	36.900196	-.ASADFC[+57.0214635]PVVHK.-	DECOY_sp|P21333-2|FLNA_HUMAN	DECOY_sp|P21333|FLNA_HUMAN
2017dec27_overlap_dia_6b_rep1_604to616.dia:2214.0117:decoyDYFQETKEPTSNPER+3	-1	51050	11.24549	0.53064084	0.5438132	5.6857266	5.26074	0.24597828	0.014442361	9.0	1.0	2.8577373	2.143303	0.67079204	3.6220987	-3.6220987	-1.3334637	0.6726494	6.3651495	2.9291534	1	15	0	0	1	0	614.2831143613809	1839.827513683704	36.900196	-.DYFQETKEPTSNPER.-	DECOY_sp|O76021|RL1D1_HUMAN
2017dec27_overlap_dia_6b_rep1_604to616.dia:2214.0117:decoyESGSLDLTSGSR+2	-1	51050	10.604298	0.44810262	1.178279	5.0445347	4.32746	0.12041451	0.027439572	9.0	0.0	3.6311595	2.7233696	0.0	10.0	10.0	-1.3217144	0.22973251	10.0	3.5092201	0	12	0	1	0	0	604.7913058086647	1207.5680586837036	36.900196	-.ESGSLDLTSGSR.-	DECOY_sp|Q9ULU4-10|PKCB1_HUMAN	DECOY_sp|Q9ULU4-11|PKCB1_HUMAN	DECOY_sp|Q9ULU4-12|PKCB1_HUMAN	DECOY_sp|Q9ULU4-13|PKCB1_HUMAN	DECOY_sp|Q9ULU4-14|PKCB1_HUMAN	DECOY_sp|Q9ULU4-15|PKCB1_HUMAN	DECOY_sp|Q9ULU4-16|PKCB1_HUMAN	DECOY_sp|Q9ULU4-17|PKCB1_HUMAN	DECOY_sp|Q9ULU4-18|PKCB1_HUMAN	DECOY_sp|Q9ULU4-19|PKCB1_HUMAN	DECOY_sp|Q9ULU4-20|PKCB1_HUMAN	DECOY_sp|Q9ULU4-21|PKCB1_HUMAN	DECOY_sp|Q9ULU4-22|PKCB1_HUMAN	DECOY_sp|Q9ULU4-23|PKCB1_HUMAN	DECOY_sp|Q9ULU4-2|PKCB1_HUMAN	DECOY_sp|Q9ULU4-3|PKCB1_HUMAN	DECOY_sp|Q9ULU4-4|PKCB1_HUMAN	DECOY_sp|Q9ULU4-5|PKCB1_HUMAN	DECOY_sp|Q9ULU4-6|PKCB1_HUMAN	DECOY_sp|Q9ULU4-7|PKCB1_HUMAN	DECOY_sp|Q9ULU4-8|PKCB1_HUMAN	DECOY_sp|Q9ULU4-9|PKCB1_HUMAN	DECOY_sp|Q9ULU4|PKCB1_HUMAN
2017dec27_overlap_dia_6b_rep1_604to616.dia:2214.0117:decoyMSGQSESALEGK+2	-1	51050	10.108236	0.65191406	0.99988115	5.502715	4.737053	0.13230734	0.024257239	8.0	0.0	4.1995506	-0.8168298	0.0	10.0	10.0	-1.4558077	6.8925247	10.0	0.030979216	0	12	0	1	0	0	612.2822598086645	1222.5499666837034	36.900196	-.MSGQSESALEGK.-	DECOY_sp|Q9UQB8-2|BAIP2_HUMAN	DECOY_sp|Q9UQB8-3|BAIP2_HUMAN	DECOY_sp|Q9UQB8-4|BAIP2_HUMAN	DECOY_sp|Q9UQB8-5|BAIP2_HUMAN	DECOY_sp|Q9UQB8-6|BAIP2_HUMAN	DECOY_sp|Q9UQB8|BAIP2_HUMAN
2017dec27_overlap_dia_6b_rep1_604to616.dia:2214.0117:decoyTEYENKSASPGAC[+57.0214635]LSTK+3	-1	51050	12.227578	0.49456763	0.82647	5.6678147	4.8150673	0.08284935	0.011994096	10.0	1.0	4.4248757	-0.27473342	0.0	10.0	10.0	-0.47647095	5.743885	10.0	0.51111716	1	17	0	0	1	0	614.9561211947141	1841.8465341837036	36.900196	-.TEYENKSASPGAC[+57.0214635]LSTK.-	DECOY_sp|Q9BWU0|NADAP_HUMAN
2017dec27_overlap_dia_6b_rep1_604to616.dia:2214.0117:decoyTPAPRAAAAAAGAADDAESR+3	-1	51050	12.036323	0.50150955	1.1401954	5.476559	5.124393	0.1456424	0.03791039	10.0	3.0	2.289037	1.0111753	0.0	10.0	10.0	-2.032137	0.5171814	10.0	1.7970259	1	20	0	0	1	0	613.9696446947142	1838.8871046837041	36.900196	-.TPAPRAAAAAAGAADDAESR.-	DECOY_sp|Q8N9B5-2|JMY_HUMAN	DECOY_sp|Q8N9B5|JMY_HUMAN
2017dec27_overlap_dia_6b_rep1_604to616.dia:2218.3965:EFSQTLENEK+2	1	51155	8.8779335	0.55797696	1.2766267	5.1755033	4.4091225	0.16703796	0.018050797	7.0	0.0	3.7275283	2.7956462	0.52652484	8.462932	8.462932	-2.7560825	0.37039948	5.6621456	3.5697975	0	10	0	1	0	0	612.7907748086647	1223.5669966837036	36.973274	-.EFSQTLENEK.-	sp|Q14789-2|GOGB1_HUMAN	sp|Q14789-3|GOGB1_HUMAN	sp|Q14789-4|GOGB1_HUMAN	sp|Q14789|GOGB1_HUMAN
2017dec27_overlap_dia_6b_rep1_604to616.dia:2218.3965:decoyANIPSANSSHQTIMGAGR+3	-1	51155	14.378635	0.54483604	1.0149922	5.6982975	5.209476	0.11873906	0.020153021	12.0	4.0	1.2864237	0.96133226	0.0	10.0	10.0	-1.5944343	0.83932877	10.0	1.7354836	0	18	0	0	1	0	604.6320863613806	1810.8744296837033	36.973274	-.ANIPSANSSHQTIMGAGR.-	DECOY_sp|Q9NWH9-3|SLTM_HUMAN	DECOY_sp|Q9NWH9|SLTM_HUMAN
2017dec27_overlap_dia_6b_rep1_604to616.dia:2220.5242:decoyDSEVYMTEDK+2	-1	51207	7.993701	0.79722095	1.009006	5.91452	5.2773504	0.11539984	0.01789067	5.0	0.0	6.5410705	0.60943997	0.9708866	2.8821762	2.8821762	-3.0	0.4072914	0.08139014	1.3835913	0	10	0	1	0	0	608.7555393086647	1215.4965256837036	37.008736	-.DSEVYMTEDK.-	DECOY_sp|O15144|ARPC2_HUMAN
2017dec27_overlap_dia_6b_rep1_604to616.dia:2222.6096:AYAALTDEESR+2	1	51259	16.541937	1.9834771	2.5099864	6.747656	6.2175	0.01304038	8.0858695E-4	13.0	1.0	2.5830524	1.9372894	0.9784456	3.3813162	0.40252316	4.090992	0.10518265	2.398263	2.7114406	0	11	0	1	0	0	613.2883953086647	1224.5622376837036	37.043495	-.AYAALTDEESR.-	sp|Q9UGP8|SEC63_HUMAN
2017dec27_overlap_dia_6b_rep1_604to616.dia:2222.6096:DDETMYVESK+2	1	51259	12.8883	1.3544856	1.5915687	6.328536	5.7229204	0.026096957	0.0028478026	10.0	0.0	3.356532	0.1534102	0.8598022	2.8523898	1.2237344	4.17107	0.44205093	1.5770516	0.9275615	0	10	0	1	0	0	608.7555393086648	1215.4965256837038	37.043495	-.DDETMYVESK.-	sp|O15144|ARPC2_HUMAN
2017dec27_overlap_dia_6b_rep1_604to616.dia:2222.6096:DQEYTQLC[+57.0214635]R+2	1	51259	9.384632	0.7925014	1.0340877	5.682201	4.986539	0.08059245	0.0061558196	7.0	0.0	3.1838028	2.3878522	0.0	10.0	10.0	-1.4535742	0.40945816	10.0	3.1620035	0	9	0	1	0	0	606.7693160586648	1211.5240791837039	37.043495	-.DQEYTQLC[+57.0214635]R.-	sp|Q63HN8-4|RN213_HUMAN	sp|Q63HN8|RN213_HUMAN
2017dec27_overlap_dia_6b_rep1_604to616.dia:2222.6096:DSMETDDC[+57.0214635]SR+2	1	51259	10.455765	0.68524945	0.9292982	5.8502436	5.0387006	0.09979532	0.022633744	8.0	0.0	1.8451859	1.3838894	0.0	10.0	10.0	9.933058	0.08643341	10.0	2.1580408	0	10	0	1	0	0	608.2162595586647	1214.4179661837036	37.043495	-.DSMETDDC[+57.0214635]SR.-	sp|Q5SRE5-2|NU188_HUMAN	sp|Q5SRE5|NU188_HUMAN
2017dec27_overlap_dia_6b_rep1_604to616.dia:2222.6096:LSYNGQSSVVR+2	1	51259	15.951365	1.1031507	1.5565568	6.1570845	5.3998413	0.077820696	0.008704319	13.0	2.0	2.8406684	2.1305013	0.88284975	2.8610346	-1.1956874	4.0478544	0.050338745	3.9964733	2.9046526	0	11	0	1	0	0	605.3147468086646	1208.6149406837035	37.043495	-.LSYNGQSSVVR.-	sp|Q8IZ73-2|RUSD2_HUMAN	sp|Q8IZ73|RUSD2_HUMAN
2017dec27_overlap_dia_6b_rep1_604to616.dia:2222.6096:VLEAVC[+57.0214635]EFSR+2	1	51259	11.683115	0.85032344	1.311532	6.123352	5.121128	0.040203493	0.0072072456	9.0	0.0	3.5379868	2.65349	0.0	10.0	10.0	-0.34088135	16.520218	10.0	3.4276414	0	10	0	1	0	0	605.3002555586647	1208.5859581837037	37.043495	-.VLEAVC[+57.0214635]EFSR.-	sp|Q6ZS17-2|FA65A_HUMAN	sp|Q6ZS17-3|FA65A_HUMAN	sp|Q6ZS17-4|FA65A_HUMAN	sp|Q6ZS17|FA65A_HUMAN
2017dec27_overlap_dia_6b_rep1_604to616.dia:2222.6096:decoyDSC[+57.0214635]DDTEMSR+2	-1	51259	7.8290634	0.4614534	0.6979188	5.749882	4.3385463	0.19849333	0.041417062	5.0	0.0	1.8814592	0.4362458	0.0	10.0	10.0	-2.7992935	0.08643341	10.0	1.2103971	0	10	0	1	0	0	608.2162595586647	1214.4179661837036	37.043495	-.DSC[+57.0214635]DDTEMSR.-	DECOY_sp|Q5SRE5-2|NU188_HUMAN	DECOY_sp|Q5SRE5|NU188_HUMAN
2017dec27_overlap_dia_6b_rep1_604to616.dia:2224.742:HPGSFDVVHVK+2	1	51311	14.070368	0.97347355	1.3184752	6.4692116	5.9297295	0.068599984	0.0032472906	11.0	2.0	2.1528835	0.05964595	0.80396956	1.1111541	-1.1111541	1.9804173	0.3811798	3.91194	0.8337973	0	11	0	1	0	0	611.3223798086647	1220.6302066837036	37.079033	-.HPGSFDVVHVK.-	sp|P22090|RS4Y1_HUMAN	sp|P62701|RS4X_HUMAN
2017dec27_overlap_dia_6b_rep1_604to616.dia:2224.742:decoyALNVAHIASC[+57.0214635]R+2	-1	51311	9.084488	0.53094715	0.91593605	5.3820567	4.882014	0.10799185	0.023276892	7.0	0.0	4.614226	2.6596317	0.79830384	4.929737	-3.5622108	-2.4567232	0.41423035	6.362997	3.433783	0	11	0	1	0	0	606.3193140586645	1210.6240751837033	37.079033	-.ALNVAHIASC[+57.0214635]R.-	DECOY_sp|Q13045-2|FLII_HUMAN	DECOY_sp|Q13045-3|FLII_HUMAN	DECOY_sp|Q13045|FLII_HUMAN
2017dec27_overlap_dia_6b_rep1_604to616.dia:2224.742:decoyLKHTDIDMAGK+2	-1	51311	11.306124	0.44792384	0.81738776	5.74636	5.015291	0.18796942	0.047021754	9.0	2.0	4.827234	3.6204252	0.5727129	7.6413355	7.6413355	-0.74110794	6.4118385	4.8405495	4.3945765	1	11	0	1	0	0	614.8213558086646	1227.6281586837035	37.079033	-.LKHTDIDMAGK.-	DECOY_sp|Q15061|WDR43_HUMAN
2017dec27_overlap_dia_6b_rep1_604to616.dia:2226.863:LVEVNGENVEK+2	1	51363	13.111816	0.71153474	0.9465548	6.552053	6.0305777	0.080979235	0.0033277248	10.0	1.0	2.461167	-1.1703665	0.9876711	4.6828766	4.6828766	1.3078184	0.05057144	1.8820906	0.3962152	0	11	0	1	0	0	615.3222418086647	1228.6299306837036	37.114384	-.LVEVNGENVEK.-	sp|O14745|NHRF1_HUMAN
2017dec27_overlap_dia_6b_rep1_604to616.dia:2226.863:decoyAQYELETEVK+2	-1	51363	9.250028	0.8254788	1.0471648	5.547597	4.917864	0.09978472	0.011232143	7.0	0.0	0.985277	0.73895776	0.0	10.0	10.0	-2.664403	1.6660652	10.0	1.5131091	0	10	0	1	0	0	605.3035143086645	1208.5924756837032	37.114384	-.AQYELETEVK.-	DECOY_sp|Q9Y4D1-2|DAAM1_HUMAN	DECOY_sp|Q9Y4D1|DAAM1_HUMAN
2017dec27_overlap_dia_6b_rep1_604to616.dia:2226.863:decoyATATLDGNLDAR+2	-1	51363	13.242025	0.31716233	0.85329026	6.6822624	5.7815228	0.15020104	0.015578994	10.0	1.0	1.8681666	0.63306665	0.0	10.0	10.0	-0.891016	3.3573723	10.0	1.407218	0	12	0	1	0	0	609.3096668086645	1216.6047806837032	37.114384	-.ATATLDGNLDAR.-	DECOY_sp|Q15293-2|RCN1_HUMAN	DECOY_sp|Q15293|RCN1_HUMAN
2017dec27_overlap_dia_6b_rep1_604to616.dia:2226.863:decoyLEVNEGNVEVK+2	-1	51363	10.817659	0.5098039	0.7387227	6.212138	5.49999	0.19602019	0.019550744	8.0	1.0	2.5476532	1.9107399	0.9876711	4.6828766	4.6828766	-1.8834295	0.05057144	1.8820906	2.6848912	0	11	0	1	0	0	615.3222418086647	1228.6299306837036	37.114384	-.LEVNEGNVEVK.-	DECOY_sp|O14745|NHRF1_HUMAN
2017dec27_overlap_dia_6b_rep1_604to616.dia:2229.0183:AC[+57.0214635]SAIHAVNLR+2	1	51415	8.454498	0.3076855	0.34945667	5.597166	5.0470195	0.116060615	0.008010722	6.0	0.0	1.6041797	0.7103672	0.9178957	5.7807603	-1.6485739	-2.381137	0.34295654	4.44936	1.4845185	0	11	0	1	0	0	606.3193140586646	1210.6240751837036	37.150307	-.AC[+57.0214635]SAIHAVNLR.-	sp|Q13045-2|FLII_HUMAN	sp|Q13045-3|FLII_HUMAN	sp|Q13045|FLII_HUMAN
2017dec27_overlap_dia_6b_rep1_604to616.dia:2229.0183:LIEDNEYTAR+2	1	51415	10.841369	0.32982218	0.40710652	6.235848	5.615426	0.028457586	0.0051643285	8.0	0.0	2.7536414	-1.8500483	0.972926	3.4219158	-0.90770245	-0.61271954	0.21998596	3.7084885	1.075897	0	10	0	1	0	0	612.2987628086647	1222.5829726837037	37.150307	-.LIEDNEYTAR.-	sp|P06239-3|LCK_HUMAN	sp|P06239|LCK_HUMAN	sp|P06241-2|FYN_HUMAN	sp|P06241-3|FYN_HUMAN	sp|P06241|FYN_HUMAN	sp|P07947|YES_HUMAN	sp|P12931-2|SRC_HUMAN	sp|P12931|SRC_HUMAN
2017dec27_overlap_dia_6b_rep1_604to616.dia:2229.0183:SDFQAC[+57.0214635]LNEK+2	1	51415	10.821524	0.44351	0.74698126	6.2160025	5.1569295	0.1360959	0.028056487	8.0	1.0	3.3846872	1.5445373	0.21600534	9.791049	9.791049	-2.0048304	3.0561447	6.990263	2.3186886	0	10	0	1	0	0	606.2716950586647	1210.5288371837037	37.150307	-.SDFQAC[+57.0214635]LNEK.-	sp|P48200|IREB2_HUMAN
2017dec27_overlap_dia_6b_rep1_604to616.dia:2237.497:C[+57.0214635]AADAGRPPGEL+2	1	51623	13.044496	0.30820176	0.46552506	6.484732	5.970102	0.009863606	0.002971158	10.0	0.0	5.9010124	-4.4257593	0.83943486	7.004567	7.004567	3.1994762	0.05505371	4.183832	3.651608	0	12	0	1	0	0	607.2851375586648	1212.555722183704	37.29162	-.C[+57.0214635]AADAGRPPGEL.-	sp|Q8NBJ7-2|SUMF2_HUMAN	sp|Q8NBJ7-5|SUMF2_HUMAN	sp|Q8NBJ7|SUMF2_HUMAN
2017dec27_overlap_dia_6b_rep1_604to616.dia:2241.7358:ASDPGLPAEEPK+2	1	51727	12.939709	0.6180267	0.76153594	6.379945	5.664167	0.10159846	0.008844094	10.0	3.0	0.8931811	0.21085939	0.84580225	6.532155	6.532155	-0.6242285	0.13139725	3.6741717	0.98501074	0	12	0	1	0	0	605.8011428086647	1209.5877326837037	37.362263	-.ASDPGLPAEEPK.-	sp|P27708|PYR1_HUMAN
2017dec27_overlap_dia_6b_rep1_604to616.dia:2241.7358:decoyAPTSLHELEYHGNESK+3	-1	51727	10.278608	0.570175	1.1402609	5.6730876	5.549579	0.17216308	0.05149371	8.0	3.0	3.3725615	-2.167237	0.75966275	3.5223746	-3.5223746	-1.616518	0.7003288	6.3803577	1.3930857	0	16	0	0	1	0	604.6234706947141	1810.8485826837036	37.362263	-.APTSLHELEYHGNESK.-	DECOY_sp|O95149|SPN1_HUMAN
2017dec27_overlap_dia_6b_rep1_604to616.dia:2241.7358:decoyEASVTYWGADK+2	-1	51727	10.979748	0.37727985	0.7389603	6.374227	5.075487	0.18250352	0.031793647	8.0	1.0	3.8074408	-2.0477145	0.0	10.0	10.0	-1.8701859	10.044369	10.0	1.2735631	0	11	0	1	0	0	613.7880313086647	1225.5615096837037	37.362263	-.EASVTYWGADK.-	DECOY_sp|Q8WX93-2|PALLD_HUMAN	DECOY_sp|Q8WX93-3|PALLD_HUMAN	DECOY_sp|Q8WX93-4|PALLD_HUMAN	DECOY_sp|Q8WX93-5|PALLD_HUMAN	DECOY_sp|Q8WX93-7|PALLD_HUMAN	DECOY_sp|Q8WX93-8|PALLD_HUMAN	DECOY_sp|Q8WX93-9|PALLD_HUMAN	DECOY_sp|Q8WX93|PALLD_HUMAN
2017dec27_overlap_dia_6b_rep1_604to616.dia:2243.8076:EGDVLTPEQAR+2	1	51779	16.52573	1.0597078	1.2890031	6.73145	6.096322	0.01360006	0.0018883015	13.0	4.0	3.1270797	-1.3255907	0.97514766	2.859497	0.9812968	1.1878042	0.26686478	1.95385	0.5514394	0	11	0	1	0	0	607.8042173086648	1213.5938816837038	37.396793	-.EGDVLTPEQAR.-	sp|Q9UKD2|MRT4_HUMAN
2017dec27_overlap_dia_6b_rep1_604to616.dia:2245.9636:LSSLNLDDHAK+2	1	51831	8.623079	0.49009648	0.806769	5.765747	4.3974743	0.098083764	0.015430383	6.0	0.0	2.8052447	2.0702164	0.1958881	2.521154	2.521154	-2.7041845	0.4319687	0.49429655	2.8443677	0	11	0	1	0	0	606.8145838086647	1211.6146146837036	37.432728	-.LSSLNLDDHAK.-	sp|P82673|RT35_HUMAN
2017dec27_overlap_dia_6b_rep1_604to616.dia:2245.9636:QTEEC[+57.0214635]AEGFR+2	1	51831	10.02986	0.5029061	0.65560085	5.424339	4.906729	0.090606056	0.0098363655	8.0	0.0	1.2922002	0.4277029	0.0	10.0	10.0	-0.41938496	7.4250565	10.0	1.2018542	0	10	0	1	0	0	613.7589525586648	1225.5033521837038	37.432728	-.QTEEC[+57.0214635]AEGFR.-	sp|Q8N0W3-2|FUK_HUMAN	sp|Q8N0W3|FUK_HUMAN
2017dec27_overlap_dia_6b_rep1_604to616.dia:2245.9636:decoyC[+57.0214635]QIC[+57.0214635]DHLEESHTSPK+3	-1	51831	9.639448	0.7058919	0.9387917	5.937018	4.7950606	0.19291648	0.022063324	7.0	3.0	0.55772114	0.19327153	0.0	10.0	10.0	-1.7655497	7.4250565	10.0	0.96742284	0	15	0	0	1	0	614.2699373613807	1839.7879826837034	37.432728	-.C[+57.0214635]QIC[+57.0214635]DHLEESHTSPK.-	DECOY_sp|P48507|GSH0_HUMAN
2017dec27_overlap_dia_6b_rep1_604to616.dia:2245.9636:decoyGAISSHIAGC[+57.0214635]LK+2	-1	51831	13.746084	0.83689314	1.4448968	6.1449285	5.3489385	0.12888311	0.017619597	11.0	2.0	2.111291	-0.92895156	0.9658541	6.880494	-0.07145834	-0.95204735	0.2080841	3.0869088	0.15480024	0	12	0	1	0	0	607.3215225586646	1212.6284921837034	37.432728	-.GAISSHIAGC[+57.0214635]LK.-	DECOY_sp|P36542-2|ATPG_HUMAN	DECOY_sp|P36542|ATPG_HUMAN
2017dec27_overlap_dia_6b_rep1_604to616.dia:2248.036:ESGSTLDLSGSR+2	1	51883	12.119526	0.5920081	0.95738894	5.559762	4.972409	0.075809866	0.017761737	10.0	0.0	3.348696	1.8929641	0.86031616	3.6051066	3.6051066	-0.032951355	0.3373375	0.51246834	2.6671154	0	12	0	1	0	0	604.7913058086647	1207.5680586837036	37.467266	-.ESGSTLDLSGSR.-	sp|Q9ULU4-10|PKCB1_HUMAN	sp|Q9ULU4-11|PKCB1_HUMAN	sp|Q9ULU4-12|PKCB1_HUMAN	sp|Q9ULU4-13|PKCB1_HUMAN	sp|Q9ULU4-14|PKCB1_HUMAN	sp|Q9ULU4-15|PKCB1_HUMAN	sp|Q9ULU4-16|PKCB1_HUMAN	sp|Q9ULU4-17|PKCB1_HUMAN	sp|Q9ULU4-18|PKCB1_HUMAN	sp|Q9ULU4-19|PKCB1_HUMAN	sp|Q9ULU4-20|PKCB1_HUMAN	sp|Q9ULU4-21|PKCB1_HUMAN	sp|Q9ULU4-22|PKCB1_HUMAN	sp|Q9ULU4-23|PKCB1_HUMAN	sp|Q9ULU4-2|PKCB1_HUMAN	sp|Q9ULU4-3|PKCB1_HUMAN	sp|Q9ULU4-4|PKCB1_HUMAN	sp|Q9ULU4-5|PKCB1_HUMAN	sp|Q9ULU4-6|PKCB1_HUMAN	sp|Q9ULU4-7|PKCB1_HUMAN	sp|Q9ULU4-8|PKCB1_HUMAN	sp|Q9ULU4-9|PKCB1_HUMAN	sp|Q9ULU4|PKCB1_HUMAN
2017dec27_overlap_dia_6b_rep1_604to616.dia:2248.036:FVTSNTQELGK+2	1	51883	15.305853	1.4834317	1.8820825	6.6255155	6.081099	0.013285042	9.828918E-4	12.0	0.0	0.885828	-0.4473429	0.5609986	7.5723963	7.5723963	2.3768053	0.13025665	4.4797583	0.32680842	0	11	0	1	0	0	612.3169603086648	1222.6193676837038	37.467266	-.FVTSNTQELGK.-	sp|Q9BXP5-2|SRRT_HUMAN	sp|Q9BXP5-3|SRRT_HUMAN	sp|Q9BXP5-4|SRRT_HUMAN	sp|Q9BXP5-5|SRRT_HUMAN	sp|Q9BXP5|SRRT_HUMAN
2017dec27_overlap_dia_6b_rep1_604to616.dia:2248.036:GLC[+57.0214635]GAIHSSIAK+2	1	51883	22.43073	1.31823	2.0101032	6.62439	6.0201454	0.017126322	0.0018147647	18.0	1.0	1.9291449	-1.4456027	0.9753549	4.4698124	-0.77365816	7.609827	0.17354584	3.8662963	0.67145133	0	12	0	1	0	0	607.3215225586647	1212.6284921837037	37.467266	-.GLC[+57.0214635]GAIHSSIAK.-	sp|P36542-2|ATPG_HUMAN	sp|P36542|ATPG_HUMAN
2017dec27_overlap_dia_6b_rep1_604to616.dia:2248.036:HKPLLIDMNK+2	1	51883	11.895885	0.75064963	0.93736583	6.336122	5.815541	0.05011565	0.003147283	9.0	1.0	2.7694702	-2.0771027	0.9562684	0.95709956	0.702011	1.9637403	0.3622284	2.3906274	1.3029513	0	10	0	1	0	0	604.8446333086647	1207.6747136837037	37.467266	-.HKPLLIDMNK.-	sp|Q15149-2|PLEC_HUMAN	sp|Q15149-3|PLEC_HUMAN	sp|Q15149-4|PLEC_HUMAN	sp|Q15149-5|PLEC_HUMAN	sp|Q15149-6|PLEC_HUMAN	sp|Q15149-7|PLEC_HUMAN	sp|Q15149-8|PLEC_HUMAN	sp|Q15149-9|PLEC_HUMAN	sp|Q15149|PLEC_HUMAN
2017dec27_overlap_dia_6b_rep1_604to616.dia:2248.036:TPPAAAVSPMQR+2	1	51883	14.60343	0.51780736	0.8514248	5.9230924	5.262409	0.090698816	0.024444629	12.0	1.0	4.259569	0.58736515	0.60432875	2.8833191	1.4739659	-0.12833881	1.5615044	1.6186724	1.3615165	0	12	0	1	0	0	613.3215233086646	1224.6284936837035	37.467266	-.TPPAAAVSPMQR.-	sp|Q69YQ0-2|CYTSA_HUMAN	sp|Q69YQ0|CYTSA_HUMAN
2017dec27_overlap_dia_6b_rep1_604to616.dia:2248.036:TSEADDAAGAAAAAARPAPR+3	1	51883	14.516499	0.8287698	0.68515337	5.8361607	5.460827	0.09791094	0.021356573	12.0	3.0	2.5240848	-1.8930637	0.0	10.0	10.0	0.098932266	0.04636383	10.0	1.1189123	0	20	0	0	1	0	613.969644694714	1838.8871046837032	37.467266	-.TSEADDAAGAAAAAARPAPR.-	sp|Q8N9B5-2|JMY_HUMAN	sp|Q8N9B5|JMY_HUMAN
2017dec27_overlap_dia_6b_rep1_604to616.dia:2248.036:decoyEVEEQLQLVK+2	-1	51883	10.346883	0.40860963	0.62978464	5.741362	4.812847	0.20512734	0.017553562	8.0	0.0	0.30239198	-0.095068604	0.08314213	4.27321	-4.27321	-1.7367964	13.136059	7.3658485	0.67908275	0	10	0	1	0	0	607.8349858086646	1213.6554186837034	37.467266	-.EVEEQLQLVK.-	DECOY_sp|Q9BYN8|RT26_HUMAN
2017dec27_overlap_dia_6b_rep1_604to616.dia:2248.036:decoyGASSVLDMAGGMK+2	-1	51883	12.912529	0.4975026	1.0118562	6.3527656	5.557335	0.1437164	0.015176913	10.0	1.0	0.82156444	-0.2409798	0.0	10.0	10.0	0.26810455	15.578846	10.0	0.53317153	0	13	0	1	0	0	612.2915738086646	1222.5685946837034	37.467266	-.GASSVLDMAGGMK.-	DECOY_sp|P55809-2|SCOT1_HUMAN	DECOY_sp|P55809|SCOT1_HUMAN
2017dec27_overlap_dia_6b_rep1_604to616.dia:2248.036:decoyLVSGYASPPTSHDGELSK+3	-1	51883	15.768242	0.4272425	0.86625165	7.0879035	6.2206492	0.17561555	0.018147748	12.0	5.0	4.3622766	-1.320653	0.0	10.0	10.0	-1.6029558	7.525097	10.0	0.54650164	0	18	0	0	1	0	615.6390093613808	1843.8951986837035	37.467266	-.LVSGYASPPTSHDGELSK.-	DECOY_sp|A6NMY6|AXA2L_HUMAN	DECOY_sp|P07355-2|ANXA2_HUMAN	DECOY_sp|P07355|ANXA2_HUMAN
2017dec27_overlap_dia_6b_rep1_604to616.dia:2248.036:decoySTEMEIFAQR+2	-1	51883	10.970449	0.5479465	0.6572005	6.3649287	6.0027285	0.18122779	0.037190825	8.0	0.0	3.649847	-1.3629874	0.0	10.0	10.0	-0.9896469	12.0278015	10.0	0.5888361	0	10	0	1	0	0	606.2898883086647	1210.5652236837036	37.467266	-.STEMEIFAQR.-	DECOY_sp|P43243-2|MATR3_HUMAN	DECOY_sp|P43243|MATR3_HUMAN
2017dec27_overlap_dia_6b_rep1_604to616.dia:2250.1758:SMQQLDPSPAR+2	1	51935	11.383595	0.64621556	1.2278066	5.823832	5.2444167	0.10851408	0.012343244	9.0	0.0	2.9023724	-1.9301333	0.93602496	6.493015	1.9398618	-0.6637583	0.22342682	1.200067	1.155982	0	11	0	1	0	0	615.3007873086647	1228.5870216837036	37.50293	-.SMQQLDPSPAR.-	sp|Q9H410-2|DSN1_HUMAN	sp|Q9H410-3|DSN1_HUMAN	sp|Q9H410-4|DSN1_HUMAN	sp|Q9H410|DSN1_HUMAN
2017dec27_overlap_dia_6b_rep1_604to616.dia:2250.1758:decoyDSSPKSDLHGLTPQETK+3	-1	51935	11.840565	0.50829095	0.8447968	5.280801	4.629818	0.09279703	0.011613259	10.0	1.0	3.4510744	-2.2909975	0.0	10.0	10.0	0.10395527	3.4089699	10.0	1.5168462	1	17	0	0	1	0	613.974283694714	1838.9010216837034	37.50293	-.DSSPKSDLHGLTPQETK.-	DECOY_sp|Q7KZI7-11|MARK2_HUMAN	DECOY_sp|Q7KZI7-15|MARK2_HUMAN	DECOY_sp|Q7KZI7-16|MARK2_HUMAN	DECOY_sp|Q7KZI7-4|MARK2_HUMAN	DECOY_sp|Q7KZI7-5|MARK2_HUMAN	DECOY_sp|Q7KZI7-8|MARK2_HUMAN	DECOY_sp|Q7KZI7-9|MARK2_HUMAN	DECOY_sp|Q7KZI7|MARK2_HUMAN
2017dec27_overlap_dia_6b_rep1_604to616.dia:2250.1758:decoySMPLVPDKPSDANC[+57.0214635]LAK+3	-1	51935	14.503399	0.90854406	1.0470775	5.8230615	5.2808743	0.08438628	0.013080178	12.0	4.0	3.563079	-0.06979346	0.0	10.0	10.0	-1.1078653	11.622429	10.0	0.70435786	0	17	0	0	1	0	614.9744615280473	1841.901555183703	37.50293	-.SMPLVPDKPSDANC[+57.0214635]LAK.-	DECOY_sp|Q29RF7|PDS5A_HUMAN
2017dec27_overlap_dia_6b_rep1_604to616.dia:2254.3245:VGLNAQAAC[+57.0214635]APR+2	1	52039	13.572392	0.70424026	1.2146268	5.971236	5.1884966	0.058655947	0.013449656	11.0	0.0	4.3933883	-3.2950413	0.9737553	4.4224906	-4.4224906	-0.36279106	0.07577133	7.5624194	2.533466	0	12	0	1	0	0	614.3167720586647	1226.6189911837037	37.572075	-.VGLNAQAAC[+57.0214635]APR.-	sp|P48681|NEST_HUMAN
2017dec27_overlap_dia_6b_rep1_604to616.dia:2254.3245:decoyTC[+57.0214635]GTTEPFKELLTC[+57.0214635]R+3	-1	52039	11.596323	0.4731242	0.5063686	6.03656	4.837882	0.064635985	0.010672405	9.0	2.0	4.9791274	-3.7343457	0.0	10.0	10.0	-0.9479618	15.627808	10.0	2.9727705	1	15	0	0	1	0	604.9588123613809	1811.854607683704	37.572075	-.TC[+57.0214635]GTTEPFKELLTC[+57.0214635]R.-	DECOY_sp|Q12797-10|ASPH_HUMAN	DECOY_sp|Q12797|ASPH_HUMAN
2017dec27_overlap_dia_6b_rep1_604to616.dia:2254.3245:decoyTLYAAETEAIK+2	-1	52039	13.719853	0.6876978	0.99963653	6.118697	5.4739704	0.1251307	0.020768445	11.0	0.0	1.786425	-0.11336099	0.0	10.0	10.0	0.32565975	11.448296	10.0	0.6482142	0	11	0	1	0	0	605.3217073086645	1208.6288616837032	37.572075	-.TLYAAETEAIK.-	DECOY_sp|O43805|SSNA1_HUMAN
2017dec27_overlap_dia_6b_rep1_604to616.dia:2256.3533:NNSFTAPSTVGK+2	1	52091	13.952187	0.6789819	0.83433986	6.3510303	5.5392094	0.03397978	0.0026801548	11.0	1.0	1.4949827	0.42219982	0.4046663	2.7955065	0.32668385	2.4669914	0.033042908	2.813245	1.1837751	0	12	0	1	0	0	611.8067593086647	1221.5989656837037	37.60589	-.NNSFTAPSTVGK.-	sp|O95453-2|PARN_HUMAN	sp|O95453-3|PARN_HUMAN	sp|O95453-4|PARN_HUMAN	sp|O95453|PARN_HUMAN
2017dec27_overlap_dia_6b_rep1_604to616.dia:2256.3533:decoyASEEDTLAAYR+2	-1	52091	11.023607	0.49229574	0.68012226	6.418086	5.6755114	0.13338532	0.017963443	8.0	1.0	2.3184805	1.7388604	0.0	10.0	10.0	-0.81384754	0.6755676	10.0	2.5004356	0	11	0	1	0	0	613.2883953086647	1224.5622376837036	37.60589	-.ASEEDTLAAYR.-	DECOY_sp|Q9UGP8|SEC63_HUMAN
2017dec27_overlap_dia_6b_rep1_604to616.dia:2256.3533:decoyKNFEIAQLQK+2	-1	52091	11.655262	0.4887157	0.8050125	6.0954986	4.914805	0.06950382	0.007034253	9.0	2.0	3.6086595	2.7064946	0.23711446	1.1260276	-1.1260276	-0.082014084	1.8991089	4.2659564	3.4680698	1	10	0	1	0	0	609.8456878086647	1217.6768226837037	37.60589	-.KNFEIAQLQK.-	DECOY_sp|O76094-2|SRP72_HUMAN	DECOY_sp|O76094|SRP72_HUMAN
2017dec27_overlap_dia_6b_rep1_604to616.dia:2258.53:ESVFTVEGGHR+2	1	52143	16.537207	0.8817997	1.1788632	6.7429256	6.255892	0.008103676	0.0027743182	13.0	0.0	1.0594746	0.12723823	0.9695924	5.2524967	5.2524967	4.6200504	0.112407684	2.092618	0.88881344	0	11	0	1	0	0	609.2991018086648	1216.5836506837038	37.642166	-.ESVFTVEGGHR.-	sp|Q99623-2|PHB2_HUMAN	sp|Q99623|PHB2_HUMAN
2017dec27_overlap_dia_6b_rep1_604to616.dia:2258.53:VTALC[+57.0214635]WHPTK+2	1	52143	9.405142	0.5144773	0.5766961	5.7027116	4.728529	0.15588318	0.02747763	7.0	0.0	3.069068	2.301801	0.23058698	8.070327	-8.070327	-1.6196566	5.979721	11.230206	3.0633762	0	10	0	1	0	0	606.8133340586647	1211.6121151837037	37.642166	-.VTALC[+57.0214635]WHPTK.-	sp|Q8TEQ6|GEMI5_HUMAN
2017dec27_overlap_dia_6b_rep1_604to616.dia:2262.742:DEPNSTPEKTEQFYR+3	1	52247	13.790369	0.29512253	0.1867724	6.1892133	5.899999	0.05072159	0.0108384695	11.0	3.0	3.8243988	2.1994658	0.9887758	5.360187	3.4979908	-0.29926872	0.13951874	0.33811212	2.961041	1	15	0	0	1	0	614.2831143613809	1839.827513683704	37.712364	-.DEPNSTPEKTEQFYR.-	sp|O76021|RL1D1_HUMAN
2017dec27_overlap_dia_6b_rep1_604to616.dia:2262.742:SLTPAVPVESKPDKPSGK+3	1	52247	20.179447	0.6973547	0.6315799	6.858827	6.4776244	0.0059591173	0.0015343784	16.0	11.0	3.2092655	-2.406949	0.75153047	2.6303506	2.6303506	3.4907255	0.32071686	0.52952814	1.6453738	0	18	0	0	1	0	613.0070360280475	1835.999278683704	37.712364	-.SLTPAVPVESKPDKPSGK.-	sp|P20810-10|ICAL_HUMAN	sp|P20810-2|ICAL_HUMAN	sp|P20810-3|ICAL_HUMAN	sp|P20810-4|ICAL_HUMAN	sp|P20810-5|ICAL_HUMAN	sp|P20810-6|ICAL_HUMAN	sp|P20810-7|ICAL_HUMAN	sp|P20810-8|ICAL_HUMAN	sp|P20810-9|ICAL_HUMAN	sp|P20810|ICAL_HUMAN
2017dec27_overlap_dia_6b_rep1_604to616.dia:2264.8264:EALC[+57.0214635]DPTVASR+2	1	52299	11.835382	0.4537765	0.5980374	6.275619	5.623444	0.034038007	0.005236104	9.0	1.0	5.408874	-0.5085678	0.9435069	4.5715837	0.11111633	-1.4460039	0.33125305	3.0687113	0.2530074	0	11	0	1	0	0	609.7927950586646	1217.5710371837035	37.74711	-.EALC[+57.0214635]DPTVASR.-	sp|Q9BRX2|PELO_HUMAN
2017dec27_overlap_dia_6b_rep1_604to616.dia:2266.97:LVVDSHVQYR+2	1	52351	11.723488	0.34990558	0.40648475	6.1637244	5.7111945	0.048281234	0.005223429	9.0	0.0	4.7895694	-3.592177	0.971633	4.4130654	-2.6758876	0.39079857	0.048179626	5.875256	2.8306017	0	10	0	1	0	0	608.3276578086646	1214.6407626837035	37.782833	-.LVVDSHVQYR.-	sp|Q6P2Q9|PRP8_HUMAN
2017dec27_overlap_dia_6b_rep1_604to616.dia:2277.5837:KQLQAIEFNK+2	1	52611	11.5531435	0.7836352	1.1920943	5.99338	4.9395065	0.03838878	0.006118118	9.0	1.0	2.9764748	-0.14660943	0.0	10.0	10.0	-0.9607296	1.545269	10.0	0.6149658	1	10	0	1	0	0	609.8456878086647	1217.6768226837037	37.95973	-.KQLQAIEFNK.-	sp|O76094-2|SRP72_HUMAN	sp|O76094|SRP72_HUMAN
2017dec27_overlap_dia_6b_rep1_604to616.dia:2277.5837:decoyGC[+57.0214635]PSDEAEPLR+2	-1	52611	8.744085	0.45226708	0.7483395	5.0416546	4.4955344	0.16424325	0.034461487	7.0	0.0	3.9483376	-1.6956751	0.0	10.0	10.0	-1.3223944	4.060417	10.0	0.9340999	0	11	0	1	0	0	615.7746020586646	1229.5346511837035	37.95973	-.GC[+57.0214635]PSDEAEPLR.-	DECOY_sp|Q7Z5J4-2|RAI1_HUMAN	DECOY_sp|Q7Z5J4-3|RAI1_HUMAN	DECOY_sp|Q7Z5J4|RAI1_HUMAN
2017dec27_overlap_dia_6b_rep1_604to616.dia:2277.5837:decoyHYLQLGPNLR+2	-1	52611	10.120654	0.48218173	0.89029706	5.5151334	4.850487	0.27458513	0.03586893	8.0	0.0	1.2718743	0.9539057	0.0	10.0	10.0	-1.4861622	8.790657	10.0	1.7154809	0	10	0	1	0	0	605.8381928086645	1209.6618326837033	37.95973	-.HYLQLGPNLR.-	DECOY_sp|Q15057|ACAP2_HUMAN
2017dec27_overlap_dia_6b_rep1_604to616.dia:2277.5837:decoyLGGWSEALHQK+2	-1	52611	11.399708	0.5961166	1.1946709	5.839944	5.1787972	0.08574555	0.015589688	9.0	1.0	1.2391714	0.9293785	0.5148177	6.5143795	0.96282434	-1.8493862	0.38288116	2.2768521	1.6909537	0	11	0	1	0	0	613.3198373086644	1224.6251216837031	37.95973	-.LGGWSEALHQK.-	DECOY_sp|Q7Z6Z7-2|HUWE1_HUMAN	DECOY_sp|Q7Z6Z7-3|HUWE1_HUMAN	DECOY_sp|Q7Z6Z7|HUWE1_HUMAN
2017dec27_overlap_dia_6b_rep1_604to616.dia:2279.6953:LGGGLGVAGGNSTR+2	1	52663	15.649723	1.2774779	2.107993	5.8554425	5.289579	0.061580528	0.010737951	13.0	2.0	0.6747754	0.5060816	0.9795071	3.856052	3.856052	0.5189495	0.13022614	0.5764756	1.2676568	0	14	0	1	0	0	608.3256513086646	1214.6367496837036	37.994923	-.LGGGLGVAGGNSTR.-	sp|Q9NPJ6|MED4_HUMAN
2017dec27_overlap_dia_6b_rep1_604to616.dia:2279.6953:decoyALELQMPSPRVGEGAQR+3	-1	52663	13.843291	0.50348073	1.108572	6.242135	5.3392467	0.12404225	0.021071706	11.0	2.0	2.0970678	1.2359941	0.10783572	3.542236	-3.542236	-0.7193556	14.015774	6.8218126	1.9975693	1	17	0	0	1	0	613.6562323613805	1837.9468676837027	37.994923	-.ALELQMPSPRVGEGAQR.-	DECOY_sp|O00764-2|PDXK_HUMAN	DECOY_sp|O00764-3|PDXK_HUMAN	DECOY_sp|O00764|PDXK_HUMAN
2017dec27_overlap_dia_6b_rep1_604to616.dia:2281.7263:DKSDSPAIQLR+2	1	52715	13.23427	1.0933799	1.9660492	5.6331134	5.0651865	0.097344734	0.007829899	11.0	1.0	4.4315257	-1.4169894	0.0	10.0	10.0	0.96995544	0.036987305	10.0	0.6554142	1	11	0	1	0	0	615.3278588086647	1228.6411646837037	38.02877	-.DKSDSPAIQLR.-	sp|Q96ST3|SIN3A_HUMAN
2017dec27_overlap_dia_6b_rep1_604to616.dia:2281.7263:TTPNSGDVQVTEDAVRR+3	1	52715	16.137884	1.1881769	0.924725	6.3436027	5.7025547	0.049433455	0.0042486344	13.0	5.0	2.8966858	-1.9700096	0.95615387	3.095561	-2.0209703	1.259757	0.036987305	5.3510084	1.2084343	1	17	0	0	1	0	615.6414163613808	1843.9024196837038	38.02877	-.TTPNSGDVQVTEDAVRR.-	sp|P35269|T2FA_HUMAN
2017dec27_overlap_dia_6b_rep1_604to616.dia:2281.7263:VIGELVGHTER+2	1	52715	12.426386	0.7461093	1.1417072	5.8666224	5.233928	0.16745281	0.008379762	10.0	1.0	4.3928657	-1.217387	0.822544	1.1058675	1.1058675	-0.123806	0.15694427	2.2241707	0.45581174	0	11	0	1	0	0	605.3329448086647	1208.6513366837037	38.02877	-.VIGELVGHTER.-	sp|Q8TEQ6|GEMI5_HUMAN
2017dec27_overlap_dia_6b_rep1_604to616.dia:2281.7263:decoyTPAPRAAAAAAGAADDAESR+3	-1	52715	11.94	0.68052566	1.7370887	5.380236	4.913333	0.16325036	0.032800507	10.0	2.0	3.869333	1.5609566	0.0	10.0	10.0	-2.135888	0.611393	10.0	2.3225317	1	20	0	0	1	0	613.9696446947142	1838.8871046837041	38.02877	-.TPAPRAAAAAAGAADDAESR.-	DECOY_sp|Q8N9B5-2|JMY_HUMAN	DECOY_sp|Q8N9B5|JMY_HUMAN
2017dec27_overlap_dia_6b_rep1_604to616.dia:2283.8662:EEETSIDVAGKPNEVTK+3	1	52767	26.00718	1.6432514	1.4717902	6.298835	5.676645	0.026057696	0.008402017	21.0	5.0	2.093093	0.63284755	0.7235615	4.4069347	-4.4069347	8.408312	0.075466156	7.74636	1.3944228	0	17	0	0	1	0	615.9740606947141	1844.9003526837037	38.064438	-.EEETSIDVAGKPNEVTK.-	sp|P53985|MOT1_HUMAN
2017dec27_overlap_dia_6b_rep1_604to616.dia:2283.8662:HPTTGQILGYK+2	1	52767	11.119232	0.6303218	0.9907206	5.5594687	5.038976	0.079780154	0.015854161	9.0	0.0	4.287502	-2.1181245	0.0	10.0	10.0	-1.0335903	0.15584946	10.0	1.3565493	0	11	0	1	0	0	607.8300343086648	1213.645515683704	38.064438	-.HPTTGQILGYK.-	sp|Q15477|SKIV2_HUMAN
2017dec27_overlap_dia_6b_rep1_604to616.dia:2283.8662:TTLTSDESVKDHTTAGR+3	1	52767	13.952755	0.6200538	1.0827385	5.2724175	4.6794577	0.14130019	0.016864832	12.0	3.0	2.1091778	-0.9506874	0.0	10.0	10.0	-1.0474176	8.0567665	10.0	0.18911219	1	17	0	0	1	0	606.9657886947141	1817.8755366837036	38.064438	-.TTLTSDESVKDHTTAGR.-	sp|Q9UBV2-2|SE1L1_HUMAN	sp|Q9UBV2|SE1L1_HUMAN
2017dec27_overlap_dia_6b_rep1_604to616.dia:2283.8662:VIPC[+57.0214635]PPFYESDHPVR+3	1	52767	11.840036	0.58224356	1.1365956	5.2802725	4.6346645	0.06593833	0.0088927625	10.0	1.0	0.5287387	0.28878194	0.0	10.0	10.0	-1.4667768	17.674755	10.0	1.0503571	0	15	0	0	1	0	604.9627705280475	1811.8664821837037	38.064438	-.VIPC[+57.0214635]PPFYESDHPVR.-	sp|P35658-2|NU214_HUMAN	sp|P35658-3|NU214_HUMAN	sp|P35658-4|NU214_HUMAN	sp|P35658-5|NU214_HUMAN	sp|P35658|NU214_HUMAN
2017dec27_overlap_dia_6b_rep1_604to616.dia:2283.8662:decoyFGTEAEC[+57.0214635]LAGR+2	-1	52767	11.057715	0.5329205	0.80185086	5.497952	5.164153	0.21441129	0.013081515	9.0	0.0	4.047594	3.0356956	0.8362826	2.679153	-2.679153	-1.0285015	4.2793236	6.018578	3.7972708	0	11	0	1	0	0	605.7796880586646	1209.5448231837036	38.064438	-.FGTEAEC[+57.0214635]LAGR.-	DECOY_sp|O00468-2|AGRIN_HUMAN	DECOY_sp|O00468-3|AGRIN_HUMAN	DECOY_sp|O00468-4|AGRIN_HUMAN	DECOY_sp|O00468-5|AGRIN_HUMAN	DECOY_sp|O00468-6|AGRIN_HUMAN	DECOY_sp|O00468-7|AGRIN_HUMAN	DECOY_sp|O00468|AGRIN_HUMAN
2017dec27_overlap_dia_6b_rep1_604to616.dia:2283.8662:decoyVDLAEQPVNPK+2	-1	52767	10.927618	0.51791364	1.1625152	5.3678546	4.8276176	0.107663795	0.011832687	9.0	0.0	1.4674768	1.1006076	0.0	10.0	10.0	-0.83609676	6.6703606	10.0	1.8621829	0	11	0	1	0	0	605.3273278086646	1208.6401026837034	38.064438	-.VDLAEQPVNPK.-	DECOY_sp|A3KMH1-2|VWA8_HUMAN	DECOY_sp|A3KMH1-3|VWA8_HUMAN	DECOY_sp|A3KMH1|VWA8_HUMAN
2017dec27_overlap_dia_6b_rep1_604to616.dia:2285.9097:NSC[+57.0214635]NVLHPQSPNNSNR+3	1	52819	10.830608	0.3364588	0.67972666	5.2708445	4.484667	0.13158652	0.02136112	9.0	1.0	3.344857	2.303285	0.0	10.0	10.0	-0.5644884	8.090824	10.0	3.06486	0	16	0	0	1	0	613.2834561947142	1836.8285391837037	38.098495	-.NSC[+57.0214635]NVLHPQSPNNSNR.-	sp|Q7Z333-3|SETX_HUMAN	sp|Q7Z333-4|SETX_HUMAN	sp|Q7Z333|SETX_HUMAN
2017dec27_overlap_dia_6b_rep1_604to616.dia:2285.9097:decoyKHNDHSEGDTVIVMVR+3	-1	52819	9.900419	0.56442904	0.91348165	6.197988	5.1212497	0.06265126	0.009872266	7.0	2.0	5.0308433	-0.44425416	0.0	10.0	10.0	-0.66433144	7.431301	10.0	0.31732106	1	16	0	0	1	0	612.9722200280474	1835.8948306837035	38.098495	-.KHNDHSEGDTVIVMVR.-	DECOY_sp|P56199|ITA1_HUMAN
2017dec27_overlap_dia_6b_rep1_604to616.dia:2285.9097:decoyVKVNEPNQAAPGDEPIR+3	-1	52819	13.27174	0.5193589	0.8779341	5.6705832	5.1499763	0.16291793	0.017178461	11.0	1.0	4.951605	3.6983743	0.0	10.0	10.0	0.44409847	2.4154968	10.0	4.4599495	1	17	0	0	1	0	611.9866350280475	1832.9380756837038	38.098495	-.VKVNEPNQAAPGDEPIR.-	DECOY_sp|Q02218-2|ODO1_HUMAN	DECOY_sp|Q02218|ODO1_HUMAN
2017dec27_overlap_dia_6b_rep1_604to616.dia:2288.0447:LQHLAESWGGK+2	1	52871	13.584715	0.8915003	1.1721784	5.983559	5.4209085	0.042404477	0.009003107	11.0	1.0	0.66167194	-0.25822294	0.0	10.0	10.0	0.23479366	0.20853043	10.0	0.5033523	0	11	0	1	0	0	613.3198373086648	1224.6251216837038	38.13408	-.LQHLAESWGGK.-	sp|Q7Z6Z7-2|HUWE1_HUMAN	sp|Q7Z6Z7-3|HUWE1_HUMAN	sp|Q7Z6Z7|HUWE1_HUMAN
2017dec27_overlap_dia_6b_rep1_604to616.dia:2288.0447:decoyAPIEQSTGEPGK+2	-1	52871	12.574598	0.6371565	1.1179508	6.0148344	5.7756977	0.09400313	0.03562498	10.0	2.0	2.745288	1.8869507	0.19608831	1.623673	1.623673	-2.3287067	5.8347282	1.6958022	2.648526	0	12	0	1	0	0	607.3065928086645	1212.5986326837033	38.13408	-.APIEQSTGEPGK.-	DECOY_sp|Q99575|POP1_HUMAN
2017dec27_overlap_dia_6b_rep1_604to616.dia:2288.0447:decoyNTSEEYEYGK+2	-1	52871	10.058857	0.38829184	0.677403	5.4533367	4.860172	0.14019936	0.022716977	8.0	0.0	1.1113553	0.6200298	0.0	10.0	10.0	-2.0169516	8.126408	10.0	1.381605	0	10	0	1	0	0	610.2592988086647	1218.5040446837036	38.13408	-.NTSEEYEYGK.-	DECOY_sp|O75717-2|WDHD1_HUMAN	DECOY_sp|O75717|WDHD1_HUMAN
2017dec27_overlap_dia_6b_rep1_604to616.dia:2290.0999:decoyLKIDNVEMQK+2	-1	52923	10.741302	0.54670954	0.90823704	6.135781	5.1049395	0.08851331	0.009235772	8.0	1.0	2.506451	-0.9609272	0.0	10.0	10.0	-1.6686783	0.75345993	10.0	0.19935197	1	10	0	1	0	0	609.3315558086646	1216.6485586837034	38.16833	-.LKIDNVEMQK.-	DECOY_sp|Q96B97-2|SH3K1_HUMAN	DECOY_sp|Q96B97-3|SH3K1_HUMAN	DECOY_sp|Q96B97|SH3K1_HUMAN
2017dec27_overlap_dia_6b_rep1_604to616.dia:2292.2117:decoyFPKSTMFENK+2	-1	52975	8.588486	0.5314996	0.69341743	4.8860545	4.2570844	0.18288435	0.018139014	7.0	0.0	2.8676612	1.1619073	0.0	10.0	10.0	-1.9749985	0.5251579	10.0	1.9234825	1	10	0	1	0	0	614.8051738086647	1227.5957946837036	38.20353	-.FPKSTMFENK.-	DECOY_sp|Q96RU3-2|FNBP1_HUMAN	DECOY_sp|Q96RU3-3|FNBP1_HUMAN	DECOY_sp|Q96RU3-5|FNBP1_HUMAN	DECOY_sp|Q96RU3|FNBP1_HUMAN
2017dec27_overlap_dia_6b_rep1_604to616.dia:2292.2117:decoyHDDGAVEVIQK+2	-1	52975	9.403871	0.55438864	1.1943913	5.70144	5.7578344	0.09609143	0.018905029	7.0	1.0	3.411712	2.2396228	0.52465385	8.550171	8.550171	-2.2793598	7.9398766	5.2905445	3.001198	0	11	0	1	0	0	605.8067598086647	1209.5989666837036	38.20353	-.HDDGAVEVIQK.-	DECOY_sp|Q07960|RHG01_HUMAN
2017dec27_overlap_dia_6b_rep1_604to616.dia:2294.2617:HHVLQTAHPSPLSVYR+3	1	53027	13.266859	0.5096666	0.71873623	5.6657023	5.059871	0.07047238	0.0078679295	11.0	1.0	1.3946365	0.35675448	0.64647305	6.445176	-6.445176	-0.7206688	0.35102844	9.686182	1.1183298	0	16	0	0	1	0	614.6638240280475	1840.9696426837038	38.237694	-.HHVLQTAHPSPLSVYR.-	sp|P13051-2|UNG_HUMAN	sp|P13051|UNG_HUMAN
2017dec27_overlap_dia_6b_rep1_604to616.dia:2294.2617:decoyASENSALFEVR+2	-1	53027	10.728806	0.42363906	0.5408541	6.123285	5.3240376	0.13019864	0.010881275	8.0	0.0	2.4811885	1.2301484	0.0	10.0	10.0	-1.1262407	8.690922	10.0	1.9917237	0	11	0	1	0	0	611.8067588086647	1221.5989646837036	38.237694	-.ASENSALFEVR.-	DECOY_sp|Q8NC56-2|LEMD2_HUMAN	DECOY_sp|Q8NC56|LEMD2_HUMAN
2017dec27_overlap_dia_6b_rep1_604to616.dia:2294.2617:decoyEAAEVIASEFR+2	-1	53027	13.486052	0.45774332	0.7289102	5.884896	5.5012574	0.17550842	0.029874159	11.0	0.0	2.4444182	-0.8789476	0.5345416	0.81328243	-0.81328243	-0.7248478	15.293743	4.054289	0.11737239	0	11	0	1	0	0	611.3091348086646	1220.6037166837034	38.237694	-.EAAEVIASEFR.-	DECOY_sp|Q15020-2|SART3_HUMAN	DECOY_sp|Q15020-4|SART3_HUMAN	DECOY_sp|Q15020|SART3_HUMAN
2017dec27_overlap_dia_6b_rep1_604to616.dia:2294.2617:decoyEHGGEVTFVSR+2	-1	53027	10.696209	0.3134809	0.66807365	6.0906878	5.5032597	0.26640156	0.032699607	8.0	1.0	4.963329	-2.7198763	0.9522136	4.8228965	-4.059508	-1.9573221	0.47457504	7.300514	1.9583011	0	11	0	1	0	0	609.2991018086644	1216.5836506837031	38.237694	-.EHGGEVTFVSR.-	DECOY_sp|Q99623-2|PHB2_HUMAN	DECOY_sp|Q99623|PHB2_HUMAN
2017dec27_overlap_dia_6b_rep1_604to616.dia:2294.2617:decoyELAQAVLESQK+2	-1	53027	12.10532	0.61579305	1.1566883	5.5455565	4.959076	0.14670505	0.018858882	10.0	0.0	2.426745	1.8062019	0.0	10.0	10.0	-1.045023	10.995785	10.0	2.5677772	0	11	0	1	0	0	608.3326103086645	1214.6506676837032	38.237694	-.ELAQAVLESQK.-	DECOY_sp|O75165|DJC13_HUMAN
2017dec27_overlap_dia_6b_rep1_604to616.dia:2294.2617:decoyHYGLIQGTTPK+2	-1	53027	9.391377	0.540409	0.908462	5.6889467	4.929222	0.14523005	0.018657114	7.0	1.0	4.1079154	-0.35816383	0.0	10.0	10.0	-2.306611	0.32910538	10.0	0.4034114	0	11	0	1	0	0	607.8300343086646	1213.6455156837035	38.237694	-.HYGLIQGTTPK.-	DECOY_sp|Q15477|SKIV2_HUMAN
2017dec27_overlap_dia_6b_rep1_604to616.dia:2296.3516:EQVPSGAELER+2	1	53079	14.466511	1.1369438	1.6931406	6.865354	6.2301855	0.020410364	0.0019923304	11.0	1.0	3.1391468	-2.35436	0.9811915	2.3575268	1.1814375	-0.946187	0.20841599	2.058239	1.5927849	0	11	0	1	0	0	607.8042168086647	1213.5938806837037	38.272526	-.EQVPSGAELER.-	sp|Q8WWI1-2|LMO7_HUMAN	sp|Q8WWI1-3|LMO7_HUMAN	sp|Q8WWI1-4|LMO7_HUMAN	sp|Q8WWI1-5|LMO7_HUMAN	sp|Q8WWI1|LMO7_HUMAN
2017dec27_overlap_dia_6b_rep1_604to616.dia:2296.3516:HHSQQAPQAEAPC[+57.0214635]LLR+3	1	53079	15.562109	0.51151806	0.7227445	5.7678275	5.330559	0.07979728	0.0069417367	13.0	1.0	1.9415709	-0.45615986	0.0	10.0	10.0	0.2713356	0.3506508	10.0	0.30541536	0	16	0	0	1	0	614.9724435280474	1841.8955011837036	38.272526	-.HHSQQAPQAEAPC[+57.0214635]LLR.-	sp|Q9C0I1-2|MTMRC_HUMAN	sp|Q9C0I1-3|MTMRC_HUMAN	sp|Q9C0I1|MTMRC_HUMAN
2017dec27_overlap_dia_6b_rep1_604to616.dia:2296.3516:decoyHVHVVDFSGPK+2	-1	53079	11.648794	0.43157783	0.8348881	6.089031	5.511684	0.19456692	0.022382967	9.0	1.0	2.72075	-2.0405626	0.43578026	8.5734415	8.5734415	-2.1889124	0.8123131	5.333765	1.2789874	0	11	0	1	0	0	611.3223798086646	1220.6302066837034	38.272526	-.HVHVVDFSGPK.-	DECOY_sp|P22090|RS4Y1_HUMAN	DECOY_sp|P62701|RS4X_HUMAN
2017dec27_overlap_dia_6b_rep1_604to616.dia:2296.3516:decoyQAHHLGGAWNVAIDTQK+3	-1	53079	11.684675	0.8013167	1.2405775	6.124912	5.5117908	0.12495622	0.026228148	9.0	4.0	4.8699207	3.1044927	0.7117284	4.4889555	4.1910906	-0.6291599	9.352596	0.9514141	3.866068	0	17	0	0	1	0	615.9833370280473	1844.9281816837033	38.272526	-.QAHHLGGAWNVAIDTQK.-	DECOY_sp|Q13547|HDAC1_HUMAN
2017dec27_overlap_dia_6b_rep1_604to616.dia:2296.3516:decoyYTNAAPRGLEK+2	-1	53079	12.896194	0.38022372	0.79014075	6.3364315	5.723913	0.18763877	0.018962145	10.0	1.0	6.1483364	-2.0884254	0.0	10.0	10.0	-1.0084877	8.264854	10.0	1.3268502	1	11	0	1	0	0	610.3251153086647	1218.6356776837038	38.272526	-.YTNAAPRGLEK.-	DECOY_sp|P62241|RS8_HUMAN
2017dec27_overlap_dia_6b_rep1_604to616.dia:2298.422:GKEGAIIVDPAR+2	1	53131	13.508326	0.530437	0.9280005	5.90717	5.278153	0.135722	0.0069531472	11.0	1.0	3.977867	2.6746519	0.0	10.0	10.0	0.90191936	0.23464203	10.0	3.436227	1	12	0	1	0	0	613.3485948086648	1224.6826366837038	38.307034	-.GKEGAIIVDPAR.-	sp|Q9H3U1-2|UN45A_HUMAN	sp|Q9H3U1|UN45A_HUMAN
2017dec27_overlap_dia_6b_rep1_604to616.dia:2300.5496:AYIC[+57.0214635]AHPLDR+2	1	53183	12.585039	0.5460787	0.6435782	6.025276	5.430025	0.052575313	0.0047035194	10.0	0.0	0.93474334	0.16010651	0.99412394	3.5681114	-0.7261863	2.7069902	0.11891937	3.9459138	0.92168176	0	10	0	1	0	0	608.3005860586647	1214.5866191837038	38.34249	-.AYIC[+57.0214635]AHPLDR.-	sp|Q9H845|ACAD9_HUMAN
2017dec27_overlap_dia_6b_rep1_604to616.dia:2300.5496:C[+57.0214635]TSAEEFVQR+2	1	53183	12.767597	0.5137093	0.710578	6.207834	5.6186457	0.070904836	0.0069136815	10.0	0.0	5.5250874	-3.0917232	0.9498433	5.0438795	5.0438795	1.0860023	0.12163925	1.824152	2.330148	0	10	0	1	0	0	613.7771450586646	1225.5397371837034	38.34249	-.C[+57.0214635]TSAEEFVQR.-	sp|O60231|DHX16_HUMAN
2017dec27_overlap_dia_6b_rep1_604to616.dia:2300.5496:decoyNNSNNPSQPHLVNC[+57.0214635]SR+3	-1	53183	12.083736	0.70931494	0.8359381	5.523973	4.818616	0.14561313	0.026856659	10.0	2.0	2.6380908	-0.1421786	0.0	10.0	10.0	0.5356779	8.33482	10.0	0.6193966	0	16	0	0	1	0	613.2834561947142	1836.8285391837037	38.34249	-.NNSNNPSQPHLVNC[+57.0214635]SR.-	DECOY_sp|Q7Z333-3|SETX_HUMAN	DECOY_sp|Q7Z333-4|SETX_HUMAN	DECOY_sp|Q7Z333|SETX_HUMAN
2017dec27_overlap_dia_6b_rep1_604to616.dia:2302.592:NDHQEDFWK+2	1	53235	16.022955	0.67856103	1.0050944	6.2286735	5.604901	0.027584605	0.00558269	13.0	0.0	2.5725071	1.2353142	0.90005875	4.6372614	4.6372614	8.632187	0.048225403	1.447186	1.9968895	0	9	0	1	0	0	609.7623518086647	1217.5101506837036	38.376534	-.NDHQEDFWK.-	sp|Q9H4A4|AMPB_HUMAN
2017dec27_overlap_dia_6b_rep1_604to616.dia:2302.592:NTEKENATVAHLVGALR+3	1	53235	13.982714	0.4334561	0.6237766	5.302376	4.670249	0.16410112	0.017536288	12.0	4.0	2.1386814	-1.604011	0.0	10.0	10.0	-0.6165476	13.935238	10.0	0.84243584	1	17	0	0	1	0	608.3305133613807	1821.9697106837032	38.376534	-.NTEKENATVAHLVGALR.-	sp|Q13158|FADD_HUMAN
2017dec27_overlap_dia_6b_rep1_604to616.dia:2302.592:QDLAKEEIQR+2	1	53235	13.84717	0.81748545	1.2180834	6.246013	5.2655497	0.022397716	0.0040329075	11.0	1.0	2.084036	-0.5164254	0.0	10.0	10.0	-1.1963949	8.368862	10.0	0.24514985	1	10	0	1	0	0	615.3278593086648	1228.6411656837038	38.376534	-.QDLAKEEIQR.-	sp|Q99567|NUP88_HUMAN
2017dec27_overlap_dia_6b_rep1_604to616.dia:2302.592:YQDLGAYSSAR+2	1	53235	17.902563	1.2835661	1.6195818	6.962154	6.4990897	0.018978411	0.0021172753	14.0	1.0	2.028944	-1.521708	0.81897134	0.15901789	-0.15901789	5.4911337	0.18803024	3.3490932	0.7601328	0	11	0	1	0	0	615.7911008086646	1229.5676486837035	38.376534	-.YQDLGAYSSAR.-	sp|O96000|NDUBA_HUMAN
2017dec27_overlap_dia_6b_rep1_604to616.dia:2302.592:decoyGYPEPADLNSR+2	-1	53235	9.9872	0.3801243	0.7428795	6.2847695	5.6098776	0.23046991	0.012889275	7.0	1.0	1.6711006	-1.0152953	0.5302765	8.256342	-8.256342	-2.5568628	0.5415611	11.446417	0.25372005	0	11	0	1	0	0	609.7911048086646	1217.5676566837035	38.376534	-.GYPEPADLNSR.-	DECOY_sp|P26358-2|DNMT1_HUMAN	DECOY_sp|P26358-3|DNMT1_HUMAN	DECOY_sp|P26358|DNMT1_HUMAN
2017dec27_overlap_dia_6b_rep1_604to616.dia:2302.592:decoyHESLLAAAELR+2	-1	53235	11.488768	0.56834376	0.70577234	5.9290047	5.3929453	0.16376191	0.030065723	9.0	1.0	1.8427643	-0.20807591	0.0	10.0	10.0	-1.468153	11.378609	10.0	0.55349934	0	11	0	1	0	0	605.3329443086645	1208.6513356837033	38.376534	-.HESLLAAAELR.-	DECOY_sp|Q9UJA5-2|TRM6_HUMAN	DECOY_sp|Q9UJA5-4|TRM6_HUMAN	DECOY_sp|Q9UJA5|TRM6_HUMAN
2017dec27_overlap_dia_6b_rep1_604to616.dia:2302.592:decoyHNMDILLPKK+2	-1	53235	9.57652	0.24104187	0.513489	5.8740892	5.3215227	0.22648598	0.071071595	7.0	0.0	2.553408	-1.9150559	0.0	10.0	10.0	-1.4262142	0.54703903	10.0	1.1534806	1	10	0	1	0	0	604.8446333086647	1207.6747136837037	38.376534	-.HNMDILLPKK.-	DECOY_sp|Q15149-2|PLEC_HUMAN	DECOY_sp|Q15149-3|PLEC_HUMAN	DECOY_sp|Q15149-4|PLEC_HUMAN	DECOY_sp|Q15149-5|PLEC_HUMAN	DECOY_sp|Q15149-6|PLEC_HUMAN	DECOY_sp|Q15149-7|PLEC_HUMAN	DECOY_sp|Q15149-8|PLEC_HUMAN	DECOY_sp|Q15149-9|PLEC_HUMAN	DECOY_sp|Q15149|PLEC_HUMAN
2017dec27_overlap_dia_6b_rep1_604to616.dia:2302.592:decoyLINC[+57.0214635]NFEC[+57.0214635]R+2	-1	53235	9.798311	0.5082586	0.6819475	6.0958805	5.2074904	0.13106033	0.030009676	7.0	0.0	2.8836985	-2.1627738	0.5449111	6.3299246	6.3299246	-0.6746559	5.667137	3.1398492	1.4011986	0	9	0	1	0	0	613.2762573086645	1224.5379616837033	38.376534	-.LINC[+57.0214635]NFEC[+57.0214635]R.-	DECOY_sp|Q9H269-2|VPS16_HUMAN	DECOY_sp|Q9H269|VPS16_HUMAN
2017dec27_overlap_dia_6b_rep1_604to616.dia:2302.592:decoyNASIDYYQLK+2	-1	53235	14.364069	0.43003765	0.8231744	6.7629128	6.2390337	0.116899066	0.024588544	11.0	0.0	1.9836702	-0.85483044	0.812613	1.5969445	-1.5969445	-0.3630247	10.369862	4.7870197	0.09325522	0	10	0	1	0	0	607.8062193086646	1213.5978856837035	38.376534	-.NASIDYYQLK.-	DECOY_sp|P62826|RAN_HUMAN
2017dec27_overlap_dia_6b_rep1_604to616.dia:2302.592:decoySGDHTLLISDR+2	-1	53235	9.296036	0.45220113	0.6377253	5.5936046	4.928864	0.20182544	0.01608581	7.0	0.0	3.7217858	-1.8959597	0.7658802	2.4894848	-2.4894848	-2.2444963	0.04681778	5.67956	1.1343845	0	11	0	1	0	0	607.3122088086646	1212.6098646837036	38.376534	-.SGDHTLLISDR.-	DECOY_sp|O96013-2|PAK4_HUMAN	DECOY_sp|O96013-3|PAK4_HUMAN	DECOY_sp|O96013-4|PAK4_HUMAN	DECOY_sp|O96013|PAK4_HUMAN
2017dec27_overlap_dia_6b_rep1_604to616.dia:2302.592:decoyVQAHEIMHVLNENYK+3	-1	53235	13.463344	0.40534914	0.57883954	5.8621874	5.0248117	0.08686938	0.017831216	11.0	1.0	1.4723278	-1.0926281	0.6520279	9.859836	9.859836	-0.70202637	14.782124	6.66976	0.3310529	0	15	0	0	1	0	608.9735580280475	1823.8988446837036	38.376534	-.VQAHEIMHVLNENYK.-	DECOY_sp|O75934|SPF27_HUMAN
2017dec27_overlap_dia_6b_rep1_604to616.dia:2306.7192:EVEVIGGADKYHSVC[+57.0214635]R+3	1	53339	20.731817	1.0062162	1.1325307	6.1807485	5.5643387	0.05252212	0.008092235	17.0	8.0	1.7993969	1.3495476	0.89601105	4.464457	-4.464457	4.3938513	0.18723297	7.6205077	2.1111228	1	16	0	0	1	0	606.9649511947142	1817.873024183704	38.44532	-.EVEVIGGADKYHSVC[+57.0214635]R.-	sp|P04183|KITH_HUMAN
2017dec27_overlap_dia_6b_rep1_604to616.dia:2306.7192:ISEQTYQLSR+2	1	53339	15.095739	1.1137099	1.5826147	6.415402	5.7775	0.027148418	0.002364786	12.0	1.0	2.5193136	-0.8326582	0.82348776	5.685435	5.685435	3.154625	0.09545517	2.5293841	0.07108295	0	10	0	1	0	0	612.8145803086647	1223.6146076837038	38.44532	-.ISEQTYQLSR.-	sp|P61764-2|STXB1_HUMAN	sp|P61764|STXB1_HUMAN
2017dec27_overlap_dia_6b_rep1_604to616.dia:2306.7192:SDSILLTHDGR+2	1	53339	12.087498	0.5649761	0.7338917	5.5277343	4.799885	0.15987112	0.014634994	10.0	1.0	2.6712005	-0.0021012723	0.0	10.0	10.0	0.6533413	0.017112732	10.0	0.7594739	0	11	0	1	0	0	607.3122088086646	1212.6098646837036	38.44532	-.SDSILLTHDGR.-	sp|O96013-2|PAK4_HUMAN	sp|O96013-3|PAK4_HUMAN	sp|O96013-4|PAK4_HUMAN	sp|O96013|PAK4_HUMAN
2017dec27_overlap_dia_6b_rep1_604to616.dia:2306.7192:decoyVTDSSYQVVGR+2	-1	53339	10.504165	0.5485052	0.8770553	5.898644	4.8101716	0.12510325	0.022807106	8.0	1.0	2.5812473	-0.8766225	0.0	10.0	10.0	-2.2320032	1.9787178	10.0	0.115047276	0	11	0	1	0	0	605.8067553086646	1209.5989576837035	38.44532	-.VTDSSYQVVGR.-	DECOY_sp|Q99715-4|COCA1_HUMAN	DECOY_sp|Q99715|COCA1_HUMAN
2017dec27_overlap_dia_6b_rep1_604to616.dia:2308.8481:NPVHNGHALLMQDTHK+3	1	53391	11.610498	0.53829294	1.0234191	5.050735	4.5789075	0.14414413	0.06961065	10.0	3.0	2.8336716	-1.7904365	0.9276743	1.5467172	0.3784299	-1.238492	8.473129	2.761499	1.0288613	0	16	0	0	1	0	604.6371720280474	1810.8896866837035	38.4808	-.NPVHNGHALLMQDTHK.-	sp|O43252|PAPS1_HUMAN
2017dec27_overlap_dia_6b_rep1_604to616.dia:2308.8481:decoyC[+57.0214635]QVFEEASTR+2	-1	53391	8.468496	0.33996236	0.51553386	5.611163	5.0695376	0.33346602	0.024725351	6.0	0.0	5.436569	-1.8760957	0.0	10.0	10.0	-2.118249	0.25078964	10.0	1.1145204	0	10	0	1	0	0	613.7771450586646	1225.5397371837034	38.4808	-.C[+57.0214635]QVFEEASTR.-	DECOY_sp|O60231|DHX16_HUMAN
2017dec27_overlap_dia_6b_rep1_604to616.dia:2308.8481:decoyQEVAASIESQR+2	-1	53391	13.963846	0.61549735	1.1783326	6.36269	5.222893	0.11475302	0.01660506	11.0	1.0	1.9116222	-1.0693884	0.5146318	2.0573912	2.0573912	-0.7347393	2.9951172	1.0825377	0.30781317	0	11	0	1	0	0	609.3096663086645	1216.6047796837033	38.4808	-.QEVAASIESQR.-	DECOY_sp|Q9Y520-2|PRC2C_HUMAN	DECOY_sp|Q9Y520-3|PRC2C_HUMAN	DECOY_sp|Q9Y520-4|PRC2C_HUMAN	DECOY_sp|Q9Y520-5|PRC2C_HUMAN	DECOY_sp|Q9Y520-6|PRC2C_HUMAN	DECOY_sp|Q9Y520-7|PRC2C_HUMAN	DECOY_sp|Q9Y520|PRC2C_HUMAN
2017dec27_overlap_dia_6b_rep1_604to616.dia:2308.8481:decoyWAASNALLQSR+2	-1	53391	12.608227	0.68854743	1.0128587	6.048464	5.1031337	0.22321704	0.021383401	10.0	1.0	3.9982731	0.7478635	0.0	10.0	10.0	0.7810011	10.643036	10.0	1.5094388	0	11	0	1	0	0	608.8252863086647	1215.6360196837036	38.4808	-.WAASNALLQSR.-	DECOY_sp|Q13813-2|SPTN1_HUMAN	DECOY_sp|Q13813-3|SPTN1_HUMAN	DECOY_sp|Q13813|SPTN1_HUMAN
2017dec27_overlap_dia_6b_rep1_604to616.dia:2308.8481:decoyYASSYAGLDQR+2	-1	53391	11.5848	0.3991075	0.69038576	6.0250363	5.343993	0.28702655	0.029192336	9.0	1.0	2.559183	-1.9193872	0.81897134	2.5171318	2.5171318	-1.0507326	0.29005814	0.622797	1.157812	0	11	0	1	0	0	615.7911008086646	1229.5676486837035	38.4808	-.YASSYAGLDQR.-	DECOY_sp|O96000|NDUBA_HUMAN
2017dec27_overlap_dia_6b_rep1_604to616.dia:2310.8762:decoyALC[+57.0214635]HDC[+57.0214635]AVQANPSPASK+3	-1	53443	13.57327	0.5970172	0.9634603	5.9721136	5.118456	0.13918637	0.016853385	11.0	4.0	2.5035594	0.90157807	0.6949382	9.697602	-9.697602	-1.2387724	3.9196014	12.818519	1.6631533	0	17	0	0	1	0	609.2821773613808	1824.8247026837037	38.514603	-.ALC[+57.0214635]HDC[+57.0214635]AVQANPSPASK.-	DECOY_sp|Q14258|TRI25_HUMAN
2017dec27_overlap_dia_6b_rep1_604to616.dia:2310.8762:decoyTGYSLTPGEER+2	-1	53443	13.025349	0.38403985	1.0088272	6.4655857	5.6364045	0.20984545	0.026092075	10.0	2.0	3.2621841	-1.3674768	0.19584613	2.345649	-2.345649	-0.7984247	0.8557167	5.4665656	0.6059016	0	11	0	1	0	0	605.2909383086647	1208.5673236837038	38.514603	-.TGYSLTPGEER.-	DECOY_sp|P43243|MATR3_HUMAN
2017dec27_overlap_dia_6b_rep1_604to616.dia:2310.8762:decoyYEPLNEEDSK+2	-1	53443	8.4634075	0.44575912	0.8913329	5.6060743	4.9527063	0.20720994	0.020824315	6.0	0.0	1.2352794	-0.020641237	0.0	10.0	10.0	-2.04181	6.704756	10.0	0.740934	0	10	0	1	0	0	612.2749528086646	1222.5353526837034	38.514603	-.YEPLNEEDSK.-	DECOY_sp|Q9BQI0-2|AIF1L_HUMAN	DECOY_sp|Q9BQI0-3|AIF1L_HUMAN	DECOY_sp|Q9BQI0-4|AIF1L_HUMAN	DECOY_sp|Q9BQI0|AIF1L_HUMAN
2017dec27_overlap_dia_6b_rep1_604to616.dia:2315.0432:DQQQNEIIVK+2	1	53547	9.217461	0.529551	0.72095287	5.5150294	4.515548	0.07069702	0.0062379157	7.0	0.0	0.6924867	0.06528643	0.96349883	1.5409636	1.5409636	-1.168952	0.31655884	1.4393687	0.8253448	0	10	0	1	0	0	607.8224098086648	1213.630266683704	38.584053	-.DQQQNEIIVK.-	sp|O60524-3|NEMF_HUMAN	sp|O60524-4|NEMF_HUMAN	sp|O60524-5|NEMF_HUMAN	sp|O60524|NEMF_HUMAN
2017dec27_overlap_dia_6b_rep1_604to616.dia:2315.0432:QDEVNAAWQR+2	1	53547	13.731449	1.3230382	1.797639	6.130293	5.393371	0.044737436	0.0052552978	11.0	0.0	1.4440459	-0.98183066	0.98013926	7.702442	7.702442	3.642991	0.15384293	4.72211	0.22177231	0	10	0	1	0	0	608.7889013086648	1215.5632496837038	38.584053	-.QDEVNAAWQR.-	sp|Q13813-2|SPTN1_HUMAN	sp|Q13813-3|SPTN1_HUMAN	sp|Q13813|SPTN1_HUMAN
2017dec27_overlap_dia_6b_rep1_604to616.dia:2315.0432:SETISVPQEIK+2	1	53547	12.408482	0.54362136	1.0331584	5.8487177	5.3507667	0.054110885	0.008488936	10.0	0.0	2.3470001	-1.7030404	0.0	10.0	10.0	0.43575668	10.915485	10.0	0.942982	0	11	0	1	0	0	615.8324428086647	1229.6503326837037	38.584053	-.SETISVPQEIK.-	sp|O96033|MOC2A_HUMAN
2017dec27_overlap_dia_6b_rep1_604to616.dia:2315.0432:decoyENLEHVMSTR+2	-1	53547	11.423183	0.6032286	0.8559743	5.86342	5.0382366	0.15441878	0.020476142	9.0	0.0	3.8047752	1.9193599	0.0	10.0	10.0	-0.6797848	6.3095856	10.0	2.6794183	0	10	0	1	0	0	608.2929618086645	1214.5713706837032	38.584053	-.ENLEHVMSTR.-	DECOY_sp|P61619-3|S61A1_HUMAN	DECOY_sp|P61619|S61A1_HUMAN
2017dec27_overlap_dia_6b_rep1_604to616.dia:2317.1736:ILTHVAEMQGK+2	1	53599	10.505209	0.49481446	0.8020232	5.8996882	4.7452874	0.09287035	0.0137511855	8.0	0.0	2.7969828	-2.0828803	0.0	10.0	10.0	-0.83878994	3.6718369	10.0	1.3679185	0	11	0	1	0	0	613.8317238086647	1225.6488946837037	38.61956	-.ILTHVAEMQGK.-	sp|Q9UH99-2|SUN2_HUMAN	sp|Q9UH99-3|SUN2_HUMAN	sp|Q9UH99|SUN2_HUMAN
2017dec27_overlap_dia_6b_rep1_604to616.dia:2317.1736:KPIEDPANDTVDFPKR+3	1	53599	13.428457	0.77915424	1.0474069	5.8273015	4.838014	0.094158255	0.009495007	11.0	4.0	3.0811894	-2.310892	0.0	10.0	10.0	-0.6094847	2.916298	10.0	1.5959303	1	16	0	0	1	0	614.6512523613809	1840.9319276837039	38.61956	-.KPIEDPANDTVDFPKR.-	sp|O60716-10|CTND1_HUMAN	sp|O60716-11|CTND1_HUMAN	sp|O60716-12|CTND1_HUMAN	sp|O60716-13|CTND1_HUMAN	sp|O60716-14|CTND1_HUMAN	sp|O60716-15|CTND1_HUMAN	sp|O60716-16|CTND1_HUMAN	sp|O60716-17|CTND1_HUMAN	sp|O60716-18|CTND1_HUMAN	sp|O60716-19|CTND1_HUMAN	sp|O60716-20|CTND1_HUMAN	sp|O60716-21|CTND1_HUMAN	sp|O60716-22|CTND1_HUMAN	sp|O60716-23|CTND1_HUMAN	sp|O60716-24|CTND1_HUMAN	sp|O60716-25|CTND1_HUMAN	sp|O60716-26|CTND1_HUMAN	sp|O60716-27|CTND1_HUMAN	sp|O60716-28|CTND1_HUMAN	sp|O60716-29|CTND1_HUMAN	sp|O60716-2|CTND1_HUMAN	sp|O60716-30|CTND1_HUMAN	sp|O60716-31|CTND1_HUMAN	sp|O60716-32|CTND1_HUMAN	sp|O60716-3|CTND1_HUMAN	sp|O60716-4|CTND1_HUMAN	sp|O60716-5|CTND1_HUMAN	sp|O60716-6|CTND1_HUMAN	sp|O60716-7|CTND1_HUMAN	sp|O60716-8|CTND1_HUMAN	sp|O60716-9|CTND1_HUMAN	sp|O60716|CTND1_HUMAN
2017dec27_overlap_dia_6b_rep1_604to616.dia:2317.1736:decoyRPGLVNGGWHK+2	-1	53599	8.420905	0.39972124	0.75825	5.5635724	5.0485325	0.2904036	0.02461993	6.0	1.0	3.8812418	1.5898058	0.0	10.0	10.0	-0.32658195	7.8655643	10.0	2.3047676	0	11	0	1	0	0	610.8359888086645	1219.6574246837033	38.61956	-.RPGLVNGGWHK.-	DECOY_sp|P62424|RL7A_HUMAN
2017dec27_overlap_dia_6b_rep1_604to616.dia:2319.2454:LTWHAYPEDAENKEK+3	1	53651	23.52777	1.6769689	1.5969192	6.4426746	5.7916226	0.0286781	0.004449999	19.0	9.0	2.290827	-1.7181203	0.99778306	2.01863	-0.20171094	6.786105	0.27544403	3.0822947	1.0320022	1	15	0	0	1	0	610.9600830280475	1829.858419683704	38.65409	-.LTWHAYPEDAENKEK.-	sp|P45973|CBX5_HUMAN
2017dec27_overlap_dia_6b_rep1_604to616.dia:2319.2454:RPEIPTEQSR+2	1	53651	9.86862	0.43773305	0.680071	5.2630987	4.7749004	0.3338764	0.017214078	8.0	0.0	1.382475	-1.0368563	0.0	10.0	10.0	-0.7501421	8.64642	10.0	0.35073817	0	10	0	1	0	0	606.8202013086648	1211.6258496837038	38.65409	-.RPEIPTEQSR.-	sp|Q8N766-2|EMC1_HUMAN	sp|Q8N766-3|EMC1_HUMAN	sp|Q8N766-4|EMC1_HUMAN	sp|Q8N766|EMC1_HUMAN
2017dec27_overlap_dia_6b_rep1_604to616.dia:2319.2454:decoyDVIIENQQQK+2	-1	53651	9.093918	0.47428438	0.68606824	5.3914866	4.658928	0.13613977	0.010726071	7.0	0.0	0.7333863	-0.5500397	0.0	10.0	10.0	-2.371132	0.37986755	10.0	0.13607842	0	10	0	1	0	0	607.8224098086646	1213.6302666837034	38.65409	-.DVIIENQQQK.-	DECOY_sp|O60524-3|NEMF_HUMAN	DECOY_sp|O60524-4|NEMF_HUMAN	DECOY_sp|O60524-5|NEMF_HUMAN	DECOY_sp|O60524|NEMF_HUMAN
2017dec27_overlap_dia_6b_rep1_604to616.dia:2319.2454:decoyGSHGEGASTPPGTGEQSLR+3	-1	53651	12.154243	0.42714462	0.47550976	5.5944805	4.9856553	0.26919046	0.036012337	10.0	2.0	3.065218	-0.004119754	0.6384293	8.021436	8.021436	-0.5962124	8.64642	5.140852	0.6819984	0	19	0	0	1	0	608.9538830280475	1823.8398196837036	38.65409	-.GSHGEGASTPPGTGEQSLR.-	DECOY_sp|Q63HN8-4|RN213_HUMAN	DECOY_sp|Q63HN8-5|RN213_HUMAN	DECOY_sp|Q63HN8|RN213_HUMAN
2017dec27_overlap_dia_6b_rep1_604to616.dia:2319.2454:decoyILQLHISEDR+2	-1	53651	9.388112	0.61513466	0.71545255	5.6856813	4.7299604	0.2274356	0.017784989	7.0	1.0	2.7711475	-0.3250326	0.0	10.0	10.0	-1.9756517	13.051964	10.0	0.36108553	0	10	0	1	0	0	612.3407693086647	1222.6669856837036	38.65409	-.ILQLHISEDR.-	DECOY_sp|Q9Y262-2|EIF3L_HUMAN	DECOY_sp|Q9Y262|EIF3L_HUMAN
2017dec27_overlap_dia_6b_rep1_604to616.dia:2319.2454:decoyVTEKDLNIYK+2	-1	53651	11.599401	0.39213097	0.9042802	6.0396385	5.0689745	0.11160905	0.03496185	9.0	2.0	4.0831227	1.9042904	0.0	10.0	10.0	-1.0421124	1.2966614	10.0	2.5904086	1	10	0	1	0	0	611.8375238086646	1221.6604946837035	38.65409	-.VTEKDLNIYK.-	DECOY_sp|O75380|NDUS6_HUMAN
2017dec27_overlap_dia_6b_rep1_604to616.dia:2321.4824:C[+57.0214635]PSTHSEELHDC[+57.0214635]IQK+3	1	53704	10.917509	0.14034034	0.6146335	5.357745	4.404471	0.09774003	0.021880541	9.0	1.0	1.6404346	0.58326536	0.0	10.0	10.0	-0.29310226	8.683701	10.0	1.2693834	0	15	0	0	1	0	614.2699373613808	1839.7879826837036	38.691372	-.C[+57.0214635]PSTHSEELHDC[+57.0214635]IQK.-	sp|P48507|GSH0_HUMAN
2017dec27_overlap_dia_6b_rep1_604to616.dia:2321.4824:DNFDEMDTSR+2	1	53704	10.309034	0.8221053	0.99218816	5.7035136	5.232229	0.17208809	0.0107197985	8.0	0.0	3.5848496	2.3497698	0.83412325	3.1603048	3.1603048	1.7735434	0.6896095	0.27972102	3.035888	0	10	0	1	0	0	615.2405918086647	1228.4666306837037	38.691372	-.DNFDEMDTSR.-	sp|P23258|TBG1_HUMAN
2017dec27_overlap_dia_6b_rep1_604to616.dia:2321.4824:LIQESDQHLK+2	1	53704	10.159506	0.68514127	1.1349921	5.5539846	4.8936315	0.056347217	0.015317287	8.0	0.0	2.7752607	2.0814455	0.0	10.0	10.0	-2.080823	8.683701	10.0	2.7675636	0	10	0	1	0	0	605.8249523086647	1209.6353516837037	38.691372	-.LIQESDQHLK.-	sp|O14776-2|TCRG1_HUMAN	sp|O14776|TCRG1_HUMAN
2017dec27_overlap_dia_6b_rep1_604to616.dia:2321.4824:decoyAIGIATSSNEVR+2	-1	53704	14.372829	1.1420621	1.5481582	6.7716727	6.0324583	0.12843604	0.008100512	11.0	1.0	3.952309	2.8617682	0.52104175	2.8646088	2.8646088	-0.9205227	1.022728	0.015974998	3.5478864	0	12	0	1	0	0	609.3278588086645	1216.6411646837032	38.691372	-.AIGIATSSNEVR.-	DECOY_sp|P25788-2|PSA3_HUMAN	DECOY_sp|P25788|PSA3_HUMAN
2017dec27_overlap_dia_6b_rep1_604to616.dia:2325.7197:EPQGALERPPVDHGLAR+3	1	53808	12.043131	0.539989	1.0961818	5.483367	4.669244	0.24168408	0.020988755	10.0	1.0	0.30519485	0.12643266	0.0	10.0	10.0	-2.3394756	0.29616165	10.0	0.8125508	0	17	0	0	1	0	614.6587416947142	1840.954395683704	38.761997	-.EPQGALERPPVDHGLAR.-	sp|Q96HY7|DHTK1_HUMAN
2017dec27_overlap_dia_6b_rep1_604to616.dia:2325.7197:GPEATGVMPEAR+2	1	53808	12.421895	0.8522186	1.1468935	5.8621316	5.685249	0.12745039	0.015195581	10.0	1.0	1.4428047	0.97964	0.9707295	8.161562	8.161562	-1.1049776	0.10707855	5.280978	1.6657581	0	12	0	1	0	0	607.7953383086648	1213.5761236837038	38.761997	-.GPEATGVMPEAR.-	sp|Q8N3D4|EH1L1_HUMAN
2017dec27_overlap_dia_6b_rep1_604to616.dia:2325.7197:KVTQLDLDGPK+2	1	53808	20.326527	1.8940039	2.5161695	7.0059075	6.1786075	0.011446472	0.0017963678	16.0	3.0	2.140636	0.42150667	0.56961894	5.553686	5.553686	2.2806711	0.13188934	2.6731024	1.1076248	1	11	0	1	0	0	607.3429783086647	1212.6714036837036	38.761997	-.KVTQLDLDGPK.-	sp|Q13442|HAP28_HUMAN
2017dec27_overlap_dia_6b_rep1_604to616.dia:2325.7197:LQMEVNDIKK+2	1	53808	11.676762	0.6427884	1.1088444	6.1169977	5.2122226	0.018448588	0.002646128	9.0	0.0	3.2570667	2.0414228	0.5292773	6.725018	6.725018	0.16309261	0.16753769	3.8444343	2.727541	1	10	0	1	0	0	609.3315558086647	1216.6485586837036	38.761997	-.LQMEVNDIKK.-	sp|Q96B97-2|SH3K1_HUMAN	sp|Q96B97-3|SH3K1_HUMAN	sp|Q96B97|SH3K1_HUMAN
2017dec27_overlap_dia_6b_rep1_604to616.dia:2325.7197:decoyGDTLDEFNYR+2	-1	53808	9.006089	0.45300537	0.6194358	6.1487565	5.0995345	0.3283904	0.030374138	6.0	1.0	4.0633645	2.9450603	0.0	10.0	10.0	-2.4740381	16.554619	10.0	3.6311784	0	10	0	1	0	0	615.2752878086645	1228.5360226837033	38.761997	-.GDTLDEFNYR.-	DECOY_sp|Q9H7D7-2|WDR26_HUMAN	DECOY_sp|Q9H7D7|WDR26_HUMAN
2017dec27_overlap_dia_6b_rep1_604to616.dia:2325.7197:decoyGGSVEITPKPDSTFAAHK+3	-1	53808	13.640272	0.53970927	1.1544868	6.0391164	5.568282	0.13619089	0.020179307	11.0	3.0	1.9977423	-0.04762253	0.92218465	6.84451	6.84451	-1.1001158	0.6127777	3.9639263	0.63849556	0	18	0	0	1	0	614.6512526947141	1840.9319286837037	38.761997	-.GGSVEITPKPDSTFAAHK.-	DECOY_sp|P00390-2|GSHR_HUMAN	DECOY_sp|P00390-3|GSHR_HUMAN	DECOY_sp|P00390-4|GSHR_HUMAN	DECOY_sp|P00390-5|GSHR_HUMAN	DECOY_sp|P00390|GSHR_HUMAN
2017dec27_overlap_dia_6b_rep1_604to616.dia:2325.7197:decoyKFQAFSAAHGEIPQSVK+3	-1	53808	16.243416	0.79273057	1.0248175	6.4491353	5.4142847	0.09379731	0.02231583	13.0	9.0	5.564877	-0.10014486	0.0	10.0	10.0	-0.025035858	5.4453697	10.0	0.58597326	1	17	0	0	1	0	615.6599710280473	1843.958083683703	38.761997	-.KFQAFSAAHGEIPQSVK.-	DECOY_sp|Q00610-2|CLH1_HUMAN	DECOY_sp|Q00610|CLH1_HUMAN
2017dec27_overlap_dia_6b_rep1_604to616.dia:2325.7197:decoyQGEISSLVYGR+2	-1	53808	12.545879	0.6877832	1.2869433	5.9861155	5.340239	0.30073565	0.024276262	10.0	1.0	0.8728381	0.5521651	0.0	10.0	10.0	-0.526206	13.07312	10.0	1.2382832	0	11	0	1	0	0	604.8171228086646	1207.6196926837035	38.761997	-.QGEISSLVYGR.-	DECOY_sp|O43684-2|BUB3_HUMAN	DECOY_sp|O43684|BUB3_HUMAN
2017dec27_overlap_dia_6b_rep1_604to616.dia:2325.7197:decoyQQAAEQALQLK+2	-1	53808	10.607956	0.5178262	0.97667986	6.0024357	5.081953	0.10800388	0.02598777	8.0	0.0	1.8460088	1.3845066	0.0	10.0	10.0	-2.1324358	0.3060608	10.0	2.0706248	0	11	0	1	0	0	614.3382278086646	1226.6619026837034	38.761997	-.QQAAEQALQLK.-	DECOY_sp|Q15149-2|PLEC_HUMAN	DECOY_sp|Q15149-3|PLEC_HUMAN	DECOY_sp|Q15149-4|PLEC_HUMAN	DECOY_sp|Q15149-5|PLEC_HUMAN	DECOY_sp|Q15149-6|PLEC_HUMAN	DECOY_sp|Q15149-7|PLEC_HUMAN	DECOY_sp|Q15149-8|PLEC_HUMAN	DECOY_sp|Q15149-9|PLEC_HUMAN	DECOY_sp|Q15149|PLEC_HUMAN
2017dec27_overlap_dia_6b_rep1_604to616.dia:2325.7197:decoyTLAQETEFKR+2	-1	53808	14.5168705	0.63711363	1.0000381	6.9157143	6.2822304	0.19352333	0.025165427	11.0	1.0	2.0850666	-1.5638	0.0	10.0	10.0	-0.13179874	6.0979614	10.0	0.87768185	1	10	0	1	0	0	611.8249528086646	1221.6353526837036	38.761997	-.TLAQETEFKR.-	DECOY_sp|P08727|K1C19_HUMAN	DECOY_sp|Q04695|K1C17_HUMAN
2017dec27_overlap_dia_6b_rep1_604to616.dia:2327.7937:C[+57.0214635]C[+57.0214635]AVYEEAVK+2	1	53860	13.94373	0.8357624	0.97220916	6.342574	5.4323416	0.012218861	0.0015354174	11.0	0.0	2.6673355	2.0005016	0.8359753	1.8488797	-1.8488797	3.486806	0.023944855	4.7294636	2.693935	0	10	0	1	0	0	614.7704698086648	1227.5263866837038	38.796562	-.C[+57.0214635]C[+57.0214635]AVYEEAVK.-	sp|Q9NYH9|UTP6_HUMAN
2017dec27_overlap_dia_6b_rep1_604to616.dia:2327.7937:decoyDSTDMEDFNR+2	-1	53860	7.467967	0.3401201	0.36321548	5.3887854	5.161703	0.35541424	0.031058723	5.0	0.0	2.659358	-0.80153567	0.0	10.0	10.0	-2.7957573	0.78736496	10.0	0.1081025	0	10	0	1	0	0	615.2405918086645	1228.4666306837032	38.796562	-.DSTDMEDFNR.-	DECOY_sp|P23258|TBG1_HUMAN
2017dec27_overlap_dia_6b_rep1_604to616.dia:2327.7937:decoyEEGVQLPRDGLESEKR+3	-1	53860	12.964145	0.4708606	0.60881424	5.3629885	4.8347573	0.19496064	0.014474819	11.0	1.0	0.6402017	0.21538427	0.9382195	4.9657607	-4.9657607	-1.0958719	1.9465637	7.8463445	0.9088174	2	16	0	0	1	0	614.6499113613806	1840.9279046837032	38.796562	-.EEGVQLPRDGLESEKR.-	DECOY_sp|A6NHR9-2|SMHD1_HUMAN	DECOY_sp|A6NHR9|SMHD1_HUMAN
2017dec27_overlap_dia_6b_rep1_604to616.dia:2327.7937:decoyKPGDLDLQTVK+2	-1	53860	14.468735	0.8169493	1.3338276	6.867578	5.9755254	0.13591108	0.0123020215	11.0	2.0	0.6041661	0.3565442	0.571538	5.401278	5.401278	-1.2295218	0.09732437	2.5206943	1.0499773	0	11	0	1	0	0	607.3429783086647	1212.6714036837036	38.796562	-.KPGDLDLQTVK.-	DECOY_sp|Q13442|HAP28_HUMAN
2017dec27_overlap_dia_6b_rep1_604to616.dia:2327.7937:decoyQTIIDISEGSR+2	-1	53860	12.652184	0.6438803	1.2784747	6.0924196	5.538961	0.19620086	0.019160576	10.0	1.0	4.6958485	2.6258597	0.0	10.0	10.0	-0.67953014	10.260536	10.0	3.319293	0	11	0	1	0	0	609.8198668086646	1217.6251806837035	38.796562	-.QTIIDISEGSR.-	DECOY_sp|Q16531|DDB1_HUMAN
2017dec27_overlap_dia_6b_rep1_604to616.dia:2329.9565:decoyDLGDKDDYLR+2	-1	53912	9.549148	0.37215808	0.8853132	5.846717	5.0784903	0.22007656	0.0201556	7.0	0.0	2.6782258	1.0035236	0.852489	5.4715414	-5.4715414	-2.7898722	0.18331528	8.352125	1.7022178	1	10	0	1	0	0	605.2909378086645	1208.5673226837032	38.832607	-.DLGDKDDYLR.-	DECOY_sp|Q12874|SF3A3_HUMAN
2017dec27_overlap_dia_6b_rep1_604to616.dia:2332.0178:LKLEQIDGHIAEHNSK+3	1	53964	14.598267	0.7165896	0.80481076	5.917928	5.3185277	0.09020862	0.010190832	12.0	3.0	2.750965	-0.6362014	0.96846426	2.1206038	2.1206038	1.3244934	0.37469864	0.75997996	0.049916744	1	16	0	0	1	0	611.3268800280474	1830.9588106837034	38.866962	-.LKLEQIDGHIAEHNSK.-	sp|Q9NTJ3|SMC4_HUMAN
2017dec27_overlap_dia_6b_rep1_604to616.dia:2332.0178:decoyGAEPMVGTAEPR+2	-1	53964	12.243021	0.6124207	1.0308248	5.6832576	5.0207124	0.11278231	0.010960567	10.0	1.0	1.4172325	0.48122478	0.9734068	7.0573516	7.0573516	-0.88474274	0.22303772	4.176768	1.1673429	0	12	0	1	0	0	607.7953383086646	1213.5761236837034	38.866962	-.GAEPMVGTAEPR.-	DECOY_sp|Q8N3D4|EH1L1_HUMAN
2017dec27_overlap_dia_6b_rep1_604to616.dia:2332.0178:decoySSITLAPSWQK+2	-1	53964	11.844952	0.5744036	0.9247314	6.2851887	5.5420117	0.15732104	0.025704218	9.0	0.0	3.7520497	-0.55149806	0.0	10.0	10.0	-1.2626619	17.23196	10.0	0.13462007	0	11	0	1	0	0	609.3298703086646	1216.6451876837034	38.866962	-.SSITLAPSWQK.-	DECOY_sp|P61077-2|UB2D3_HUMAN	DECOY_sp|P61077-3|UB2D3_HUMAN	DECOY_sp|P61077|UB2D3_HUMAN	DECOY_sp|P62837-2|UB2D2_HUMAN	DECOY_sp|P62837|UB2D2_HUMAN
2017dec27_overlap_dia_6b_rep1_604to616.dia:2334.1577:AHVVPC[+57.0214635]FDASK+2	1	54016	15.533148	1.5591475	1.812308	6.8528104	6.472036	0.020782592	0.0041961265	12.0	3.0	1.0134844	-0.7601133	0.9618473	8.333996	8.333996	4.628561	0.15552902	5.453412	0.07399517	0	11	0	1	0	0	615.8004230586647	1229.5862931837037	38.90263	-.AHVVPC[+57.0214635]FDASK.-	sp|P21333-2|FLNA_HUMAN	sp|P21333|FLNA_HUMAN
2017dec27_overlap_dia_6b_rep1_604to616.dia:2336.2288:AVETELEYQK+2	1	54068	9.072204	0.6325013	0.89413935	5.369773	4.594481	0.096878745	0.011176773	7.0	0.0	0.3377783	-0.1992341	0.0	10.0	10.0	-2.5482025	0.15669632	10.0	0.48688403	0	10	0	1	0	0	605.3035143086648	1208.592475683704	38.937145	-.AVETELEYQK.-	sp|Q9Y4D1-2|DAAM1_HUMAN	sp|Q9Y4D1|DAAM1_HUMAN
2017dec27_overlap_dia_6b_rep1_604to616.dia:2336.2288:DLYDDKDGLR+2	1	54068	10.656687	0.6511499	0.84536123	6.051166	5.2330003	0.11446635	0.004480871	8.0	0.0	1.5264412	-1.1109929	0.89450204	5.6365533	-5.6365533	-0.58201313	0.29887772	8.517138	0.42487478	1	10	0	1	0	0	605.2909378086647	1208.5673226837037	38.937145	-.DLYDDKDGLR.-	sp|Q12874|SF3A3_HUMAN
2017dec27_overlap_dia_6b_rep1_604to616.dia:2336.2288:GSTDSLDSLSSR+2	1	54068	7.842478	0.38273087	0.82987714	5.7632966	4.477895	0.22472253	0.015050041	5.0	1.0	3.9422991	1.4576855	0.84615815	1.385482	-1.385482	-3.0	0.5240898	4.2660656	2.1438036	0	12	0	1	0	0	612.7887628086647	1223.5629726837037	38.937145	-.GSTDSLDSLSSR.-	sp|Q9ULJ8-3|NEB1_HUMAN	sp|Q9ULJ8-4|NEB1_HUMAN	sp|Q9ULJ8-5|NEB1_HUMAN	sp|Q9ULJ8|NEB1_HUMAN
2017dec27_overlap_dia_6b_rep1_604to616.dia:2336.2288:LAQGEYIAPEK+2	1	54068	15.07912	1.0860537	1.6822318	6.398782	5.749584	0.032531682	0.008499159	12.0	1.0	1.0581146	-0.22018456	0.5442305	8.143172	-8.143172	0.48849964	0.0070724487	11.023756	0.46593356	0	11	0	1	0	0	609.8218743086647	1217.6291956837038	38.937145	-.LAQGEYIAPEK.-	sp|P33121-2|ACSL1_HUMAN	sp|P33121-3|ACSL1_HUMAN	sp|P33121|ACSL1_HUMAN	sp|Q9ULC5-3|ACSL5_HUMAN	sp|Q9ULC5-4|ACSL5_HUMAN	sp|Q9ULC5|ACSL5_HUMAN
2017dec27_overlap_dia_6b_rep1_604to616.dia:2336.2288:LTDEEVEMTR+2	1	54068	15.307852	0.9464157	1.1193908	6.6275134	6.1406384	0.054263983	0.005515867	12.0	1.0	1.9291364	-0.59190047	0.9904529	4.1694446	-0.15622807	4.7172823	0.11663818	3.0368118	0.09421766	0	10	0	1	0	0	611.7846358086647	1221.5547186837036	38.937145	-.LTDEEVEMTR.-	sp|Q10713|MPPA_HUMAN
2017dec27_overlap_dia_6b_rep1_604to616.dia:2336.2288:STAPIAKPLATR+2	1	54068	9.126562	0.5116359	0.7391657	5.424132	5.0073795	0.17238602	0.0305646	7.0	0.0	3.0646608	-2.1533935	0.0	10.0	10.0	-2.0163107	4.1224976	10.0	1.4672754	0	12	0	1	0	0	613.3667878086646	1224.7190226837035	38.937145	-.STAPIAKPLATR.-	sp|Q15022|SUZ12_HUMAN
2017dec27_overlap_dia_6b_rep1_604to616.dia:2336.2288:decoyQFQEEYEQK+2	-1	54068	9.076294	0.48196945	0.9272068	6.2189617	5.1327596	0.101162955	0.010812047	6.0	0.0	2.939518	-2.2046385	0.0	10.0	10.0	-2.8689804	5.077572	10.0	1.5185204	0	9	0	1	0	0	614.7776638086646	1227.5407746837034	38.937145	-.QFQEEYEQK.-	DECOY_sp|Q9GZU8|F192A_HUMAN
2017dec27_overlap_dia_6b_rep1_604to616.dia:2342.5637:decoyGGC[+57.0214635]GPPGYLLVK+2	-1	54224	9.524099	0.30875415	0.5082553	5.8216686	5.1065297	0.21822484	0.036335334	7.0	0.0	4.031175	1.5564405	0.0	10.0	10.0	-1.0785141	14.291077	10.0	2.2551346	0	12	0	1	0	0	609.3209875586646	1216.6274221837034	39.04273	-.GGC[+57.0214635]GPPGYLLVK.-	DECOY_sp|Q8NBU5-2|ATAD1_HUMAN	DECOY_sp|Q8NBU5|ATAD1_HUMAN
2017dec27_overlap_dia_6b_rep1_604to616.dia:2342.5637:decoyLSVADLQDQNK+2	-1	54224	13.235184	0.5812066	0.94034004	6.6754203	5.8813014	0.10795573	0.023793904	10.0	1.0	2.3319209	-1.542397	0.9999236	3.320752	2.97041	-0.9300022	0.17674637	0.089826345	0.8437028	0	11	0	1	0	0	615.8198668086646	1229.6251806837035	39.04273	-.LSVADLQDQNK.-	DECOY_sp|Q14444-2|CAPR1_HUMAN	DECOY_sp|Q14444|CAPR1_HUMAN
2017dec27_overlap_dia_6b_rep1_604to616.dia:2344.634:GSNLDAPEPYR+2	1	54276	14.270527	1.3061953	1.4896508	6.66937	6.154195	0.019548193	0.0027913568	11.0	0.0	3.9319685	-2.9489763	0.82387704	4.7504807	4.7504807	1.8273869	0.14769745	1.8698969	2.250282	0	11	0	1	0	0	609.7911048086647	1217.5676566837037	39.077232	-.GSNLDAPEPYR.-	sp|P26358-2|DNMT1_HUMAN	sp|P26358-3|DNMT1_HUMAN	sp|P26358|DNMT1_HUMAN
2017dec27_overlap_dia_6b_rep1_604to616.dia:2344.634:LNQDQLDAVSK+2	1	54276	21.948208	2.5254173	2.9888134	7.397139	6.696348	0.0010886372	1.4453183E-4	17.0	8.0	1.1707387	-0.7881892	0.99989694	4.244636	3.4317715	9.166996	0.22468567	0.55118775	0.08949494	0	11	0	1	0	0	615.8198668086646	1229.6251806837035	39.077232	-.LNQDQLDAVSK.-	sp|Q14444-2|CAPR1_HUMAN	sp|Q14444|CAPR1_HUMAN
2017dec27_overlap_dia_6b_rep1_604to616.dia:2344.634:decoyIPQVQTDTSPK+2	-1	54276	11.291224	0.897388	1.3843597	5.7314596	5.2574186	0.08268029	0.022297205	9.0	1.0	2.2946265	-1.6311052	0.22380759	3.9907215	-3.9907215	-1.8975058	7.0594444	6.8713055	0.93241096	0	11	0	1	0	0	607.3247858086646	1212.6350186837035	39.077232	-.IPQVQTDTSPK.-	DECOY_sp|Q9ULV3-2|CIZ1_HUMAN	DECOY_sp|Q9ULV3-3|CIZ1_HUMAN	DECOY_sp|Q9ULV3-4|CIZ1_HUMAN	DECOY_sp|Q9ULV3-5|CIZ1_HUMAN	DECOY_sp|Q9ULV3|CIZ1_HUMAN
2017dec27_overlap_dia_6b_rep1_604to616.dia:2344.634:decoySKHLADNEQNAQEDLK+3	-1	54276	11.067106	0.8989351	1.4360247	5.5073433	4.8485055	0.10932371	0.020932643	9.0	2.0	3.8145678	-1.0642428	0.0	10.0	10.0	-1.0920763	9.069561	10.0	0.3655486	1	16	0	0	1	0	613.9658993613807	1838.8758686837034	39.077232	-.SKHLADNEQNAQEDLK.-	DECOY_sp|A4D1E9-2|GTPBA_HUMAN	DECOY_sp|A4D1E9|GTPBA_HUMAN
2017dec27_overlap_dia_6b_rep1_604to616.dia:2348.8523:GHAAFTSDPKPTIEVSGK+3	1	54380	27.887615	1.5272498	1.7666683	6.8368487	6.4921823	0.028387906	0.003780895	22.0	15.0	3.475747	-2.6068103	0.99309677	3.2446706	1.26688	9.018353	0.21118927	1.6137037	1.9081161	0	18	0	0	1	0	614.6512526947141	1840.9319286837037	39.147537	-.GHAAFTSDPKPTIEVSGK.-	sp|P00390-2|GSHR_HUMAN	sp|P00390-3|GSHR_HUMAN	sp|P00390-4|GSHR_HUMAN	sp|P00390-5|GSHR_HUMAN	sp|P00390|GSHR_HUMAN
2017dec27_overlap_dia_6b_rep1_604to616.dia:2351.0066:GGSDDSSKDPIDVNYEK+3	1	54432	29.359514	2.1630714	2.2003586	6.947019	6.4294252	0.010299642	0.001346065	23.0	15.0	5.0420327	-3.7815247	0.99989045	2.9914634	1.9692326	16.643885	0.1561203	0.9113512	3.0954065	1	17	0	0	1	0	609.2743953613809	1824.8013566837042	39.183445	-.GGSDDSSKDPIDVNYEK.-	sp|P09874|PARP1_HUMAN
2017dec27_overlap_dia_6b_rep1_604to616.dia:2351.0066:QLQLAQEAAQK+2	1	54432	14.079269	0.97835886	1.5051075	6.4781127	5.6724563	0.04687384	0.005205679	11.0	1.0	3.7698078	-2.8273559	0.97685647	4.5179777	-0.49682498	-1.0875635	0.10801315	3.3774087	2.1412377	0	11	0	1	0	0	614.3382278086648	1226.6619026837038	39.183445	-.QLQLAQEAAQK.-	sp|Q15149-2|PLEC_HUMAN	sp|Q15149-3|PLEC_HUMAN	sp|Q15149-4|PLEC_HUMAN	sp|Q15149-5|PLEC_HUMAN	sp|Q15149-6|PLEC_HUMAN	sp|Q15149-7|PLEC_HUMAN	sp|Q15149-8|PLEC_HUMAN	sp|Q15149-9|PLEC_HUMAN	sp|Q15149|PLEC_HUMAN
2017dec27_overlap_dia_6b_rep1_604to616.dia:2351.0066:decoyIDGTQIYGAER+2	-1	54432	12.379974	0.6467068	1.0533104	5.820211	5.1511707	0.0798829	0.025844265	10.0	0.0	4.72358	-3.5426848	0.0	10.0	10.0	-1.1415148	0.5836601	10.0	2.8565667	0	11	0	1	0	0	611.8067558086645	1221.5989586837034	39.183445	-.IDGTQIYGAER.-	DECOY_sp|Q9Y450-4|HBS1L_HUMAN	DECOY_sp|Q9Y450|HBS1L_HUMAN
2017dec27_overlap_dia_6b_rep1_604to616.dia:2351.0066:decoyLPGFFNEEKK+2	-1	54432	10.775232	0.5414592	0.8530503	6.169712	5.3236623	0.1414049	0.01701473	8.0	0.0	1.9677835	-1.1869737	0.0	10.0	10.0	-1.1693697	4.8572044	10.0	0.50085557	1	10	0	1	0	0	604.8191383086646	1207.6237236837035	39.183445	-.LPGFFNEEKK.-	DECOY_sp|Q9NZI8-2|IF2B1_HUMAN	DECOY_sp|Q9NZI8|IF2B1_HUMAN
2017dec27_overlap_dia_6b_rep1_604to616.dia:2353.088:LKPTMAFMSGK+2	1	54484	10.191847	0.58128875	0.8099562	5.5863256	4.9739814	0.26237234	0.03342194	8.0	0.0	1.0181953	-0.7636465	0.0	10.0	10.0	-1.4100733	8.733204	10.0	0.064952254	0	11	0	1	0	0	605.8197703086647	1209.6249876837037	39.218132	-.LKPTMAFMSGK.-	sp|Q6YN16-2|HSDL2_HUMAN	sp|Q6YN16|HSDL2_HUMAN
2017dec27_overlap_dia_6b_rep1_604to616.dia:2353.088:QQIGSSAMPYK+2	1	54484	12.721037	0.81453276	1.2944444	6.1612735	5.591391	0.077358104	0.00416769	10.0	1.0	3.5546496	-2.6659873	0.96756876	0.80551183	-0.06916377	-0.2927456	0.021625519	2.9497476	1.967293	0	11	0	1	0	0	605.3002518086647	1208.5859506837037	39.218132	-.QQIGSSAMPYK.-	sp|P30566-2|PUR8_HUMAN	sp|P30566|PUR8_HUMAN
2017dec27_overlap_dia_6b_rep1_604to616.dia:2355.2576:APSDSSLGTPSDGRPELR+3	1	54536	19.711033	1.666199	1.1121047	6.3904123	5.8983297	0.03105861	0.0020773662	16.0	9.0	1.9060503	-1.4295378	0.0	10.0	10.0	3.8536367	0.0922699	10.0	0.73084354	0	18	0	0	1	0	614.6377826947141	1840.8915186837037	39.25429	-.APSDSSLGTPSDGRPELR.-	sp|Q15642-2|CIP4_HUMAN	sp|Q15642-3|CIP4_HUMAN	sp|Q15642-4|CIP4_HUMAN	sp|Q15642-5|CIP4_HUMAN	sp|Q15642|CIP4_HUMAN
2017dec27_overlap_dia_6b_rep1_604to616.dia:2370.078:AIEAVHNTAMR+2	1	54900	9.019398	0.3679086	0.52592576	5.3169675	4.666127	0.07525883	0.005178655	7.0	0.0	4.0166073	3.0124555	0.0	10.0	10.0	-0.5584583	9.493626	10.0	3.6985736	0	11	0	1	0	0	606.8113223086647	1211.6080916837036	39.501297	-.AIEAVHNTAMR.-	sp|Q9NZQ3-2|SPN90_HUMAN	sp|Q9NZQ3-3|SPN90_HUMAN	sp|Q9NZQ3-4|SPN90_HUMAN	sp|Q9NZQ3-5|SPN90_HUMAN	sp|Q9NZQ3|SPN90_HUMAN
2017dec27_overlap_dia_6b_rep1_604to616.dia:2370.078:ELQSVEQEVR+2	1	54900	16.66079	1.207098	1.5474625	6.8665085	6.1939435	0.0062709353	0.0011240494	13.0	1.0	4.121841	1.8611369	0.7240693	2.5029213	2.5029213	-0.57507706	0.16000366	0.33776355	2.547255	0	10	0	1	0	0	608.8120418086647	1215.6095306837037	39.501297	-.ELQSVEQEVR.-	sp|Q969Z0-2|TBRG4_HUMAN	sp|Q969Z0|TBRG4_HUMAN
2017dec27_overlap_dia_6b_rep1_604to616.dia:2370.078:KIEEQLTLEK+2	1	54900	17.840782	1.063634	1.4137665	6.9003744	6.0574965	0.032498192	0.002553854	14.0	2.0	3.908603	2.321979	0.9669339	4.883351	4.883351	2.4135256	0.12674713	2.042666	3.0080972	1	10	0	1	0	0	615.8506358086648	1229.686718683704	39.501297	-.KIEEQLTLEK.-	sp|P30740-2|ILEU_HUMAN	sp|P30740|ILEU_HUMAN
2017dec27_overlap_dia_6b_rep1_604to616.dia:2370.078:decoyEPMDSDYDVR+2	-1	54900	8.755089	0.30061388	0.38855726	5.897756	4.531146	0.04156521	0.017448734	6.0	0.0	3.8140213	2.860516	0.0	10.0	10.0	-2.908207	0.49457932	10.0	3.5466342	0	10	0	1	0	0	613.7533308086646	1225.4921086837035	39.501297	-.EPMDSDYDVR.-	DECOY_sp|Q9BX10-2|GTPB2_HUMAN	DECOY_sp|Q9BX10-4|GTPB2_HUMAN	DECOY_sp|Q9BX10|GTPB2_HUMAN
2017dec27_overlap_dia_6b_rep1_604to616.dia:2370.078:decoyKELTLQEEIK+2	-1	54900	14.428452	0.8473214	1.2794824	6.8272953	5.8487067	0.0695693	0.0071045132	11.0	2.0	3.9607294	2.5427234	0.9669339	4.883351	4.883351	-0.0988121	0.12674713	2.042666	3.2288415	1	10	0	1	0	0	615.8506358086646	1229.6867186837035	39.501297	-.KELTLQEEIK.-	DECOY_sp|P30740-2|ILEU_HUMAN	DECOY_sp|P30740|ILEU_HUMAN
2017dec27_overlap_dia_6b_rep1_604to616.dia:2372.2268:ELAAQLNEEAK+2	1	54952	18.927757	1.5901822	1.9192365	6.8112574	6.2600584	0.0033497335	8.6464646E-4	15.0	0.0	3.2706177	2.4529634	0.95979923	6.4078627	6.4078627	3.7879019	0.15364456	3.5671778	3.1390815	0	11	0	1	0	0	608.3144173086647	1214.6142816837037	39.537113	-.ELAAQLNEEAK.-	sp|Q9Y5B9|SP16H_HUMAN
2017dec27_overlap_dia_6b_rep1_604to616.dia:2374.3403:AAEIVPSDMYK+2	1	55004	9.261015	0.5930482	0.71230537	5.558584	5.138849	0.12355615	0.034201197	7.0	0.0	7.1480613	5.361046	0.0	10.0	10.0	-2.5021648	10.989075	10.0	6.047164	0	11	0	1	0	0	612.3024598086647	1222.5903666837037	39.57234	-.AAEIVPSDMYK.-	sp|P49917|DNLI4_HUMAN
2017dec27_overlap_dia_6b_rep1_604to616.dia:2374.3403:EALEQVAEEGR+2	1	55004	10.627521	0.58860725	1.0849007	6.022	5.3232517	0.118142776	0.01789264	8.0	0.0	5.1040554	3.8280416	0.69736916	6.0095253	6.0095253	-2.072523	0.6738663	3.1688404	4.5141597	0	11	0	1	0	0	615.8016743086647	1229.5887956837037	39.57234	-.EALEQVAEEGR.-	sp|Q8IWB1|IPRI_HUMAN
2017dec27_overlap_dia_6b_rep1_604to616.dia:2374.3403:IVQAEGEAEAAK+2	1	55004	11.035572	0.3444251	0.5042969	6.4300513	5.50135	0.22216485	0.022311525	8.0	1.0	6.2307496	4.6730623	0.8294962	3.9553392	3.9553392	-2.4488487	9.564667	1.1146543	5.3591805	0	12	0	1	0	0	608.3144178086648	1214.6142826837038	39.57234	-.IVQAEGEAEAAK.-	sp|Q99623|PHB2_HUMAN
2017dec27_overlap_dia_6b_rep1_604to616.dia:2374.3403:NVELVEGEEGR+2	1	55004	16.53914	0.8916325	1.1857831	6.7448597	6.236323	0.017850745	0.0026779496	13.0	2.0	4.359589	3.269692	0.69736916	6.0087137	6.0087137	1.7919092	0.22460938	3.1680288	3.95581	0	11	0	1	0	0	615.8016738086648	1229.5887946837038	39.57234	-.NVELVEGEEGR.-	sp|P52789|HXK2_HUMAN
2017dec27_overlap_dia_6b_rep1_604to616.dia:2374.3403:TEEGPTLSYGR+2	1	55004	16.927757	1.1966008	1.6626271	7.1334767	6.6506405	0.00831192	0.001665662	13.0	3.0	4.1683064	3.1262298	0.9976709	4.5588875	2.860897	-0.39790392	0.18775177	0.020212173	3.812348	0	11	0	1	0	0	605.2909383086646	1208.5673236837035	39.57234	-.TEEGPTLSYGR.-	sp|P43243|MATR3_HUMAN
2017dec27_overlap_dia_6b_rep1_604to616.dia:2374.3403:decoyAQEAIEPTSER+2	-1	55004	12.279839	0.5473681	1.0201646	6.7200756	6.169706	0.07390265	0.02599222	9.0	0.0	3.6501405	2.7376053	0.69736916	6.0095253	6.0095253	-0.05121994	7.339447	3.1688404	3.4237235	0	11	0	1	0	0	615.8016743086647	1229.5887956837037	39.57234	-.AQEAIEPTSER.-	DECOY_sp|Q13098-5|CSN1_HUMAN	DECOY_sp|Q13098-6|CSN1_HUMAN	DECOY_sp|Q13098-7|CSN1_HUMAN	DECOY_sp|Q13098|CSN1_HUMAN
2017dec27_overlap_dia_6b_rep1_604to616.dia:2374.3403:decoyGSLQSLDGEGKK+2	-1	55004	12.482042	0.35579842	0.737055	5.922279	5.2079277	0.17881465	0.023459047	10.0	1.0	5.8926086	2.3067732	0.29259494	8.377077	8.377077	-1.2085257	9.564667	5.536392	2.9928913	1	12	0	1	0	0	609.8198668086645	1217.6251806837033	39.57234	-.GSLQSLDGEGKK.-	DECOY_sp|Q9P013|CWC15_HUMAN
2017dec27_overlap_dia_6b_rep1_604to616.dia:2374.3403:decoyNEVKAIEEYK+2	-1	55004	10.408834	0.46330503	0.88643175	5.8033133	5.06398	0.1070276	0.022441303	8.0	0.0	6.1904073	4.6428056	0.97559184	2.1447005	-0.25764143	-1.8988676	4.5819244	3.0983262	5.3289237	1	10	0	1	0	0	611.8193308086647	1221.6241086837038	39.57234	-.NEVKAIEEYK.-	DECOY_sp|P49755|TMEDA_HUMAN
2017dec27_overlap_dia_6b_rep1_604to616.dia:2376.457:SFEEKVENLK+2	1	55056	17.558445	0.8132928	0.90991926	6.618036	5.970371	0.014703755	0.0020326485	14.0	0.0	5.233398	2.7859974	0.9773301	1.6940476	0.7943617	2.4892855	0.054821014	2.0463233	3.4846916	1	10	0	1	0	0	611.8193348086646	1221.6241166837035	39.607616	-.SFEEKVENLK.-	sp|P55327-2|TPD52_HUMAN	sp|P55327-3|TPD52_HUMAN	sp|P55327-4|TPD52_HUMAN	sp|P55327-5|TPD52_HUMAN	sp|P55327-6|TPD52_HUMAN	sp|P55327-7|TPD52_HUMAN	sp|P55327|TPD52_HUMAN
2017dec27_overlap_dia_6b_rep1_604to616.dia:2376.457:decoyDQVVYNAYQK+2	-1	55056	11.7018795	0.28898436	0.44689053	6.1421156	5.483872	0.058370955	0.010481808	9.0	0.0	6.7530556	5.0647917	0.0	10.0	10.0	-1.5387945	1.5767479	10.0	5.763486	0	10	0	1	0	0	614.3038443086647	1226.5931356837036	39.607616	-.DQVVYNAYQK.-	DECOY_sp|Q14671-2|PUM1_HUMAN	DECOY_sp|Q14671-3|PUM1_HUMAN	DECOY_sp|Q14671-4|PUM1_HUMAN	DECOY_sp|Q14671|PUM1_HUMAN	DECOY_sp|Q8TB72-2|PUM2_HUMAN	DECOY_sp|Q8TB72-3|PUM2_HUMAN	DECOY_sp|Q8TB72-4|PUM2_HUMAN	DECOY_sp|Q8TB72|PUM2_HUMAN
2017dec27_overlap_dia_6b_rep1_604to616.dia:2378.5566:ETGANGTSFSVR+2	1	55108	11.33206	0.781349	1.0703386	5.772297	5.0035596	0.077360824	0.025973449	9.0	0.0	4.9265695	3.6949272	0.0	10.0	10.0	-1.0907755	3.0850716	10.0	4.3936214	0	12	0	1	0	0	613.2940163086647	1224.5734796837037	39.642612	-.ETGANGTSFSVR.-	sp|P55201-2|BRPF1_HUMAN	sp|P55201-3|BRPF1_HUMAN	sp|P55201-4|BRPF1_HUMAN	sp|P55201|BRPF1_HUMAN
2017dec27_overlap_dia_6b_rep1_604to616.dia:2378.5566:SGQGDALASGPVETGPMKK+3	1	55108	13.189807	0.43047506	0.6315091	5.5886507	5.0310326	0.09501163	0.012381306	11.0	1.0	4.364763	2.1779897	0.90239525	7.559043	7.559043	-1.1857824	0.03503418	4.718358	2.876684	1	19	0	0	1	0	610.6402480280475	1828.8989146837037	39.642612	-.SGQGDALASGPVETGPMKK.-	sp|P42345|MTOR_HUMAN
2017dec27_overlap_dia_6b_rep1_604to616.dia:2378.5566:decoySSPLGQFNTGSK+2	-1	55108	11.597021	0.5822395	0.9579871	6.037258	5.41163	0.13803758	0.022463532	9.0	1.0	5.7131248	-1.508303	0.0	10.0	10.0	-2.317998	0.40281677	10.0	0.8096088	0	12	0	1	0	0	611.8067593086646	1221.5989656837035	39.642612	-.SSPLGQFNTGSK.-	DECOY_sp|Q68EM7-2|RHG17_HUMAN	DECOY_sp|Q68EM7-4|RHG17_HUMAN	DECOY_sp|Q68EM7-5|RHG17_HUMAN	DECOY_sp|Q68EM7-6|RHG17_HUMAN	DECOY_sp|Q68EM7|RHG17_HUMAN
2017dec27_overlap_dia_6b_rep1_604to616.dia:2380.6519:VYINLDKETK+2	1	55160	11.615721	0.7284588	0.89405066	6.055957	5.555781	0.05206432	0.011716555	9.0	1.0	4.422238	1.996026	0.62972826	8.2194	8.2194	-1.2187128	0.28849792	5.3787155	2.6947203	1	10	0	1	0	0	611.8375238086647	1221.6604946837037	39.677532	-.VYINLDKETK.-	sp|O75380|NDUS6_HUMAN
2017dec27_overlap_dia_6b_rep1_604to616.dia:2382.723:AALEAAAAAAPER+2	1	55212	14.891003	1.0126173	1.2669355	6.2106643	5.5632787	0.051234964	0.006864969	12.0	1.0	2.963938	2.2229536	0.0	10.0	10.0	0.2169199	0.030857086	10.0	2.9216478	0	13	0	1	0	0	606.3225773086647	1210.6306016837036	39.712048	-.AALEAAAAAAPER.-	sp|Q86UK7-2|ZN598_HUMAN	sp|Q86UK7-3|ZN598_HUMAN	sp|Q86UK7|ZN598_HUMAN
2017dec27_overlap_dia_6b_rep1_604to616.dia:2382.723:GLHQSIEEFR+2	1	55212	15.21497	1.0974928	1.4143012	6.5346317	5.887256	0.062564395	0.016032148	12.0	2.0	3.2029827	2.402237	0.95666265	4.230295	-4.230295	2.0516043	0.09098053	7.07098	3.1009312	0	10	0	1	0	0	608.3094693086647	1214.6043856837036	39.712048	-.GLHQSIEEFR.-	sp|Q15149-2|PLEC_HUMAN	sp|Q15149-3|PLEC_HUMAN	sp|Q15149-4|PLEC_HUMAN	sp|Q15149-5|PLEC_HUMAN	sp|Q15149-6|PLEC_HUMAN	sp|Q15149-7|PLEC_HUMAN	sp|Q15149-8|PLEC_HUMAN	sp|Q15149-9|PLEC_HUMAN	sp|Q15149|PLEC_HUMAN
2017dec27_overlap_dia_6b_rep1_604to616.dia:2382.723:IHDPQLLTER+2	1	55212	15.605856	1.3837162	1.8987594	6.9255185	6.474739	0.039193176	0.011930673	12.0	5.0	4.8113117	3.6084838	0.9491867	4.285725	2.3533485	3.1859455	0.25642395	0.4873364	4.307178	0	10	0	1	0	0	611.3329448086647	1220.6513366837037	39.712048	-.IHDPQLLTER.-	sp|P14868-2|SYDC_HUMAN	sp|P14868|SYDC_HUMAN
2017dec27_overlap_dia_6b_rep1_604to616.dia:2382.723:TTHYTPLAC[+57.0214635]GSNPLKR+3	1	55212	34.730186	1.7696395	1.7567424	6.693202	6.210124	0.019286996	0.0018160641	27.0	23.0	1.590568	1.1929259	0.9859164	2.5587947	1.0349396	9.490095	0.33547592	1.8057452	1.8916202	1	16	0	0	1	0	605.9771915280475	1814.9097451837035	39.712048	-.TTHYTPLAC[+57.0214635]GSNPLKR.-	sp|O60832-2|DKC1_HUMAN	sp|O60832|DKC1_HUMAN
2017dec27_overlap_dia_6b_rep1_604to616.dia:2382.723:decoyVEMEELEGER+2	-1	55212	9.646122	0.33103266	0.39499786	5.9436913	4.821797	0.110990316	0.022165064	7.0	1.0	4.167731	3.125798	0.0	10.0	10.0	-2.4822607	1.7225113	10.0	3.8244922	0	10	0	1	0	0	610.7768103086647	1219.5390676837037	39.712048	-.VEMEELEGER.-	DECOY_sp|P35580-2|MYH10_HUMAN	DECOY_sp|P35580-3|MYH10_HUMAN	DECOY_sp|P35580-4|MYH10_HUMAN	DECOY_sp|P35580-5|MYH10_HUMAN	DECOY_sp|P35580|MYH10_HUMAN
2017dec27_overlap_dia_6b_rep1_604to616.dia:2384.8318:AGTYFSNQAVR+2	1	55264	11.81979	0.705361	0.8406175	6.260027	5.7620854	0.099490404	0.017227242	9.0	0.0	1.7798882	-0.040313043	0.88669753	4.4562554	2.5856411	-0.8179264	0.022945404	0.25504375	0.65838116	0	11	0	1	0	0	607.3016403086647	1212.5887276837036	39.747196	-.AGTYFSNQAVR.-	sp|Q14690|RRP5_HUMAN
2017dec27_overlap_dia_6b_rep1_604to616.dia:2384.8318:decoyHDTTITGLVHK+2	-1	55264	10.576103	0.43860918	0.54245317	5.970582	6.4932714	0.10523828	0.08917789	8.0	1.0	1.3008729	0.23652297	0.9790921	1.047179	-0.352976	-0.17225456	9.739525	3.193661	0.9352172	0	11	0	1	0	0	611.3329453086646	1220.6513376837036	39.747196	-.HDTTITGLVHK.-	DECOY_sp|P69849|NOMO3_HUMAN	DECOY_sp|Q15155|NOMO1_HUMAN	DECOY_sp|Q5JPE7-2|NOMO2_HUMAN	DECOY_sp|Q5JPE7-3|NOMO2_HUMAN	DECOY_sp|Q5JPE7|NOMO2_HUMAN
2017dec27_overlap_dia_6b_rep1_604to616.dia:2386.8962:QPLGPDGSQGFK+2	1	55316	16.255602	0.5171584	0.79507816	6.4613204	5.9316354	0.022418048	0.004885213	13.0	0.0	3.2803462	2.4602597	0.8589928	2.6196315	-1.5916427	-0.7614374	0.09284592	4.4323277	3.158954	0	12	0	1	0	0	615.8093028086647	1229.6040526837037	39.781605	-.QPLGPDGSQGFK.-	sp|Q7Z422-2|SZRD1_HUMAN	sp|Q7Z422-3|SZRD1_HUMAN	sp|Q7Z422-4|SZRD1_HUMAN	sp|Q7Z422-5|SZRD1_HUMAN	sp|Q7Z422|SZRD1_HUMAN
2017dec27_overlap_dia_6b_rep1_604to616.dia:2386.8962:decoyGFEEISQHLR+2	-1	55316	9.041365	0.27146447	0.30715957	6.1840315	5.317404	0.3199296	0.026671447	6.0	1.0	5.225426	3.9190698	0.7413648	5.648491	5.648491	-2.9246035	0.02632904	2.807806	4.617764	0	10	0	1	0	0	608.3094693086646	1214.6043856837034	39.781605	-.GFEEISQHLR.-	DECOY_sp|Q15149-2|PLEC_HUMAN	DECOY_sp|Q15149-3|PLEC_HUMAN	DECOY_sp|Q15149-4|PLEC_HUMAN	DECOY_sp|Q15149-5|PLEC_HUMAN	DECOY_sp|Q15149-6|PLEC_HUMAN	DECOY_sp|Q15149-7|PLEC_HUMAN	DECOY_sp|Q15149-8|PLEC_HUMAN	DECOY_sp|Q15149-9|PLEC_HUMAN	DECOY_sp|Q15149|PLEC_HUMAN
2017dec27_overlap_dia_6b_rep1_604to616.dia:2386.8962:decoySPPSGVFPNPSK+2	-1	55316	13.685646	0.4816473	0.84122646	6.08449	5.648815	0.11470272	0.046655692	11.0	0.0	3.404495	2.5533712	0.0	10.0	10.0	-0.8064842	5.251446	10.0	3.2520654	0	12	0	1	0	0	607.3142198086646	1212.6138866837034	39.781605	-.SPPSGVFPNPSK.-	DECOY_sp|P98082-3|DAB2_HUMAN	DECOY_sp|P98082|DAB2_HUMAN
2017dec27_overlap_dia_6b_rep1_604to616.dia:2389.074:AVENSSTAIGIR+2	1	55368	19.520817	2.3812625	2.6643922	7.4043174	6.7891617	8.4755284E-4	1.4282536E-4	15.0	11.0	2.4638155	1.8478615	0.99914855	5.330814	5.330814	8.2581415	0.088653564	2.490129	2.5465558	0	12	0	1	0	0	609.3278588086647	1216.6411646837037	39.817898	-.AVENSSTAIGIR.-	sp|P25788-2|PSA3_HUMAN	sp|P25788|PSA3_HUMAN
2017dec27_overlap_dia_6b_rep1_604to616.dia:2391.1577:GSTDSLDSLSSR+2	1	55420	8.618742	0.40125555	0.6173229	5.761409	4.471715	0.19740392	0.0121641	6.0	1.0	3.103161	1.2657967	0.1850185	2.579851	-2.579851	-2.19479	0.36354446	5.400586	1.9644909	0	12	0	1	0	0	612.7887628086647	1223.5629726837037	39.852627	-.GSTDSLDSLSSR.-	sp|Q9ULJ8-3|NEB1_HUMAN	sp|Q9ULJ8-4|NEB1_HUMAN	sp|Q9ULJ8-5|NEB1_HUMAN	sp|Q9ULJ8|NEB1_HUMAN
2017dec27_overlap_dia_6b_rep1_604to616.dia:2391.1577:IAEQEHTQEDLQQLR+3	1	55420	12.26487	0.76732767	1.0844952	5.7051067	5.097666	0.13428767	0.016656391	10.0	1.0	1.5080618	1.0052118	0.6806344	9.542368	9.542368	-1.2605352	0.81168365	6.721633	1.703906	0	15	0	0	1	0	613.3061453613808	1836.8966066837036	39.852627	-.IAEQEHTQEDLQQLR.-	sp|Q9UPN3-2|MACF1_HUMAN	sp|Q9UPN3-3|MACF1_HUMAN	sp|Q9UPN3-4|MACF1_HUMAN	sp|Q9UPN3|MACF1_HUMAN
2017dec27_overlap_dia_6b_rep1_604to616.dia:2391.1577:TTVYVVEDQR+2	1	55420	15.21105	1.5018184	1.9017217	6.5307117	5.8997164	0.031520776	0.0028639247	12.0	2.0	2.1072896	1.0187632	0.92203295	4.5458097	4.5458097	-0.6128392	0.04096985	1.7250748	1.7174574	0	10	0	1	0	0	605.3091313086646	1208.6037096837035	39.852627	-.TTVYVVEDQR.-	sp|Q9H1C7|CYTM1_HUMAN
2017dec27_overlap_dia_6b_rep1_604to616.dia:2395.3276:IEAGYIQTGDR+2	1	55524	15.764427	0.8705571	1.3716747	5.9701467	5.4239764	0.032201953	0.0044756206	13.0	1.0	6.4300275	0.23646146	0.8236175	1.9839867	1.9839867	1.2404118	0.10285568	0.83674824	0.9351557	0	11	0	1	0	0	611.8067558086648	1221.5989586837038	39.922127	-.IEAGYIQTGDR.-	sp|Q9Y450-4|HBS1L_HUMAN	sp|Q9Y450|HBS1L_HUMAN
2017dec27_overlap_dia_6b_rep1_604to616.dia:2395.3276:decoyALESLQASDQR+2	-1	55524	11.971198	0.8466085	1.3796687	6.4114347	5.3920684	0.09819736	0.016936835	9.0	0.0	3.8369548	2.877716	0.0	10.0	10.0	-0.21325779	3.4911423	10.0	3.5764103	0	11	0	1	0	0	609.3096663086645	1216.6047796837033	39.922127	-.ALESLQASDQR.-	DECOY_sp|Q8N3T6|T132C_HUMAN
2017dec27_overlap_dia_6b_rep1_604to616.dia:2397.4292:decoyAVAQNSFYTGR+2	-1	55576	10.233121	0.62004924	1.1311231	5.6276	4.8402953	0.17892042	0.03352823	8.0	0.0	5.445601	0.5808691	0.0	10.0	10.0	-1.4593439	0.21807861	10.0	1.2795633	0	11	0	1	0	0	607.3016403086646	1212.5887276837034	39.957153	-.AVAQNSFYTGR.-	DECOY_sp|Q14690|RRP5_HUMAN
2017dec27_overlap_dia_6b_rep1_604to616.dia:2399.526:TMAQHEELMK+2	1	55628	11.084082	0.6819787	1.0156912	5.5243177	4.908703	0.09903022	0.0231168	9.0	2.0	4.6317863	3.291541	0.75263613	4.9525986	0.30498624	-1.0313835	9.984428	2.5356987	3.9902353	0	10	0	1	0	0	609.2862918086647	1216.5580306837037	39.9921	-.TMAQHEELMK.-	sp|P12270|TPR_HUMAN
2017dec27_overlap_dia_6b_rep1_604to616.dia:2399.526:decoyNIDPDKSTLSK+2	-1	55628	14.226561	0.6254661	1.1054983	6.6254044	5.7787724	0.08420098	0.012111804	11.0	3.0	3.7682438	2.8261828	0.0	10.0	10.0	-0.38403034	9.984428	10.0	3.524877	1	11	0	1	0	0	609.3222418086647	1216.6299306837036	39.9921	-.NIDPDKSTLSK.-	DECOY_sp|Q14974|IMB1_HUMAN
2017dec27_overlap_dia_6b_rep1_604to616.dia:2403.7095:AETEEGPDVLR+2	1	55732	14.265046	1.5485421	1.7227728	6.66389	6.009827	0.027021185	0.0050586495	11.0	1.0	2.3944259	0.9231657	0.9627446	3.7444005	3.7444005	0.85742664	0.15211105	0.9037156	1.6218599	0	11	0	1	0	0	608.2962248086646	1214.5778966837036	40.061825	-.AETEEGPDVLR.-	sp|Q15436-2|SC23A_HUMAN	sp|Q15436|SC23A_HUMAN
2017dec27_overlap_dia_6b_rep1_604to616.dia:2403.7095:NGYEYEESTK+2	1	55732	9.168164	0.29449937	0.4258495	5.4657335	4.94323	0.18351252	0.01908885	7.0	0.0	6.8339524	5.1254644	0.0	10.0	10.0	-1.2767687	10.054153	10.0	5.8241587	0	10	0	1	0	0	610.2592988086647	1218.5040446837036	40.061825	-.NGYEYEESTK.-	sp|O75717-2|WDHD1_HUMAN	sp|O75717|WDHD1_HUMAN
2017dec27_overlap_dia_6b_rep1_604to616.dia:2403.7095:SSGTNFQGLPSK+2	1	55732	13.987234	0.8931603	1.3316875	6.3860784	5.4811735	0.039885018	0.0052510067	11.0	2.0	3.6944897	1.805273	0.8236175	7.2771015	7.2771015	0.6741686	0.013214111	4.4364166	2.5039673	0	12	0	1	0	0	611.8067593086648	1221.598965683704	40.061825	-.SSGTNFQGLPSK.-	sp|Q68EM7-2|RHG17_HUMAN	sp|Q68EM7-4|RHG17_HUMAN	sp|Q68EM7-5|RHG17_HUMAN	sp|Q68EM7-6|RHG17_HUMAN	sp|Q68EM7|RHG17_HUMAN
2017dec27_overlap_dia_6b_rep1_604to616.dia:2403.7095:decoyAVQTC[+57.0214635]PGDVLR+2	-1	55732	11.548412	0.9651327	1.1480633	6.942892	6.128559	0.18401189	0.025611136	8.0	1.0	3.795089	2.8463168	0.0	10.0	10.0	-1.8353329	1.0730858	10.0	3.545011	0	11	0	1	0	0	608.3111555586645	1214.6077581837033	40.061825	-.AVQTC[+57.0214635]PGDVLR.-	DECOY_sp|P50914|RL14_HUMAN
2017dec27_overlap_dia_6b_rep1_604to616.dia:2403.7095:decoyGGGLELTVPKIK+2	-1	55732	10.184876	0.4781212	0.81558794	5.5793557	4.831112	0.27143258	0.045910224	8.0	0.0	4.844576	2.837831	0.0	10.0	10.0	-1.9428806	9.693317	10.0	3.5365252	1	12	0	1	0	0	606.3715388086646	1210.7285246837034	40.061825	-.GGGLELTVPKIK.-	DECOY_sp|P49189-2|AL9A1_HUMAN	DECOY_sp|P49189|AL9A1_HUMAN
2017dec27_overlap_dia_6b_rep1_604to616.dia:2407.8914:TELQQLIQQK+2	1	55836	12.835008	0.88934636	1.2150794	6.275244	5.6446795	0.09243759	0.023883566	10.0	1.0	2.3589172	0.42814487	0.0	10.0	10.0	-0.3733797	14.323093	10.0	1.1268392	0	10	0	1	0	0	614.8484283086648	1227.6823036837038	40.131523	-.TELQQLIQQK.-	sp|Q99570|PI3R4_HUMAN
2017dec27_overlap_dia_6b_rep1_604to616.dia:2416.1448:decoyAEPAAAAAAELAR+2	-1	56044	11.463761	0.40027496	0.7968952	5.903998	5.125903	0.1148479	0.011582914	9.0	1.0	2.639981	1.7903885	0.82711583	9.552394	-9.552394	-2.3099346	0.5485573	12.393079	2.4890828	0	13	0	1	0	0	606.3225773086644	1210.6306016837032	40.26908	-.AEPAAAAAAELAR.-	DECOY_sp|Q86UK7-2|ZN598_HUMAN	DECOY_sp|Q86UK7-3|ZN598_HUMAN	DECOY_sp|Q86UK7|ZN598_HUMAN
2017dec27_overlap_dia_6b_rep1_604to616.dia:2420.4058:C[+57.0214635]DDFVVNDTK+2	1	56148	9.686062	0.5537218	0.6897425	5.983631	5.1248	0.072328985	0.0075400486	7.0	0.0	0.883122	0.66234154	0.61216867	6.686105	-3.1140156	-0.5289421	0.28780365	5.9547005	1.3610358	0	10	0	1	0	0	606.7637030586646	1211.5128531837036	40.340096	-.C[+57.0214635]DDFVVNDTK.-	sp|Q9Y6I4-2|UBP3_HUMAN	sp|Q9Y6I4|UBP3_HUMAN
2017dec27_overlap_dia_6b_rep1_604to616.dia:2420.4058:EEPGEDFPAAR+2	1	56148	12.998875	0.88635314	1.359515	6.439111	5.919512	0.10368723	0.008447279	10.0	0.0	3.322665	0.12985003	0.91869617	3.9530032	3.591284	0.22266579	0.20428848	0.75059915	0.82854426	0	11	0	1	0	0	609.2752923086647	1216.5360316837036	40.340096	-.EEPGEDFPAAR.-	sp|P02786|TFR1_HUMAN
2017dec27_overlap_dia_6b_rep1_604to616.dia:2420.4058:QGVSYSVHAYTGQPSPR+3	1	56148	24.822573	1.1265197	1.2544384	6.4364486	5.955274	0.035126843	0.0030494018	20.0	6.0	2.084725	-0.21714151	0.99938333	4.942818	4.665707	4.0928926	0.24552155	1.8250222	0.48155272	0	17	0	0	1	0	611.9674580280474	1832.8805446837034	40.340096	-.QGVSYSVHAYTGQPSPR.-	sp|Q8IVT2|MISP_HUMAN
2017dec27_overlap_dia_6b_rep1_604to616.dia:2420.4058:QIQQLESNNR+2	1	56148	10.838795	0.4807178	0.75257796	6.233274	5.283224	0.18287079	0.016448315	8.0	0.0	1.2105342	0.10514702	0.0	10.0	10.0	-1.7640944	10.332424	10.0	0.80384123	0	10	0	1	0	0	615.3152828086647	1228.6160126837037	40.340096	-.QIQQLESNNR.-	sp|O75116|ROCK2_HUMAN
2017dec27_overlap_dia_6b_rep1_604to616.dia:2420.4058:TLISASSDTTVK+2	1	56148	13.777758	0.65461886	1.0303868	6.1766014	5.6592135	0.066534236	0.01862292	11.0	0.0	2.3504028	0.045909464	0.83036023	2.6848314	-2.6848314	0.7068634	0.08205414	5.5255165	0.7446037	0	12	0	1	0	0	611.8299003086647	1221.6452476837037	40.340096	-.TLISASSDTTVK.-	sp|Q8TAF3|WDR48_HUMAN
2017dec27_overlap_dia_6b_rep1_604to616.dia:2420.4058:decoyDLDDHHQSTENIVQGE+3	-1	56148	10.210463	0.3277969	0.60342366	6.508032	5.915679	0.116521776	0.03251151	7.0	0.0	4.741797	1.3534503	0.0	10.0	10.0	-1.7612791	4.4993324	10.0	2.0521445	0	16	0	0	1	0	612.9380096947141	1835.7921996837035	40.340096	-.DLDDHHQSTENIVQGE.-	DECOY_sp|P08670|VIME_HUMAN
2017dec27_overlap_dia_6b_rep1_604to616.dia:2420.4058:decoyQFGQSGDPGLPK+2	-1	56148	10.838048	0.5266899	0.93993723	6.2325273	5.288691	0.10455582	0.015997753	8.0	0.0	1.2857505	0.4818573	0.0	10.0	10.0	-2.3176908	0.6118889	10.0	1.1805515	0	12	0	1	0	0	615.8093028086647	1229.6040526837037	40.340096	-.QFGQSGDPGLPK.-	DECOY_sp|Q7Z422-2|SZRD1_HUMAN	DECOY_sp|Q7Z422-3|SZRD1_HUMAN	DECOY_sp|Q7Z422-4|SZRD1_HUMAN	DECOY_sp|Q7Z422-5|SZRD1_HUMAN	DECOY_sp|Q7Z422|SZRD1_HUMAN
2017dec27_overlap_dia_6b_rep1_604to616.dia:2420.4058:decoyTEEVTDEFVR+2	-1	56148	10.348679	0.76243925	0.99159217	5.743158	5.0077686	0.07888949	0.024873484	8.0	0.0	1.6539186	-0.8167114	0.0	10.0	10.0	-1.550992	3.361782	10.0	0.1180172	0	10	0	1	0	0	612.7907753086645	1223.5669976837032	40.340096	-.TEEVTDEFVR.-	DECOY_sp|Q16576-2|RBBP7_HUMAN
2017dec27_overlap_dia_6b_rep1_604to616.dia:2420.4058:decoyTQDEVVYVTR+2	-1	56148	9.689316	0.64207894	0.9513796	5.9868855	5.0785375	0.1982817	0.031659335	7.0	1.0	2.5569556	-1.9177167	0.0	10.0	10.0	-2.3345137	0.49401093	10.0	1.2190225	0	10	0	1	0	0	605.3091313086646	1208.6037096837035	40.340096	-.TQDEVVYVTR.-	DECOY_sp|Q9H1C7|CYTM1_HUMAN
2017dec27_overlap_dia_6b_rep1_604to616.dia:2422.5325:SENKDIENLR+2	1	56200	10.7091675	0.5777589	0.7978933	6.1036463	5.530038	0.10013695	0.020170871	8.0	1.0	4.635845	-3.476884	0.5473087	2.4005399	-0.64820457	-1.5184278	10.36787	3.4888895	2.7781897	1	10	0	1	0	0	609.3096653086646	1216.6047776837036	40.37554	-.SENKDIENLR.-	sp|Q86UP2-2|KTN1_HUMAN	sp|Q86UP2-3|KTN1_HUMAN	sp|Q86UP2-4|KTN1_HUMAN	sp|Q86UP2|KTN1_HUMAN
2017dec27_overlap_dia_6b_rep1_604to616.dia:2422.5325:VAQPTITDNKDGTVTVR+3	1	56200	27.337025	3.265596	2.8624103	7.628682	7.0670557	8.351493E-4	3.9293992E-4	21.0	20.0	1.4680198	-1.1010149	0.99968797	3.7931068	3.7931068	13.313256	0.006286621	0.9524219	0.40232062	1	17	0	0	1	0	605.6584076947141	1813.9533936837036	40.37554	-.VAQPTITDNKDGTVTVR.-	sp|P21333-2|FLNA_HUMAN	sp|P21333|FLNA_HUMAN
2017dec27_overlap_dia_6b_rep1_604to616.dia:2424.6003:DKLDETGNSLK+2	1	56252	11.656973	0.52380013	1.2062967	6.09721	5.4134903	0.07949327	0.0077931103	9.0	0.0	3.1632767	2.3724575	0.83390754	9.425746	-9.425746	-1.8153582	10.402336	12.266431	3.0711517	1	11	0	1	0	0	610.3118743086648	1218.6091956837038	40.410007	-.DKLDETGNSLK.-	sp|P11388-2|TOP2A_HUMAN	sp|P11388-3|TOP2A_HUMAN	sp|P11388-4|TOP2A_HUMAN	sp|P11388|TOP2A_HUMAN
2017dec27_overlap_dia_6b_rep1_604to616.dia:2424.6003:TATPEIVDNKDGTVTVR+3	1	56252	24.397144	2.2709959	2.12885	7.3120494	6.6389375	0.0025556067	4.3292693E-4	19.0	15.0	1.3042321	-0.862803	0.72476345	4.8946114	-4.8946114	5.4664335	0.025745392	7.7352962	0.16410875	1	17	0	0	1	0	605.9864126947142	1814.937408683704	40.410007	-.TATPEIVDNKDGTVTVR.-	sp|O75369-2|FLNB_HUMAN	sp|O75369-3|FLNB_HUMAN	sp|O75369-4|FLNB_HUMAN	sp|O75369-5|FLNB_HUMAN	sp|O75369-6|FLNB_HUMAN	sp|O75369-7|FLNB_HUMAN	sp|O75369-8|FLNB_HUMAN	sp|O75369-9|FLNB_HUMAN	sp|O75369|FLNB_HUMAN
2017dec27_overlap_dia_6b_rep1_604to616.dia:2424.6003:decoyIDGTQIYGAER+2	-1	56252	11.393381	0.6447076	0.80172265	5.833617	5.1651793	0.16076127	0.021711241	9.0	1.0	3.4001243	2.5500932	0.0	10.0	10.0	-1.9967575	0.5562782	10.0	3.2487874	0	11	0	1	0	0	611.8067558086645	1221.5989586837034	40.410007	-.IDGTQIYGAER.-	DECOY_sp|Q9Y450-4|HBS1L_HUMAN	DECOY_sp|Q9Y450|HBS1L_HUMAN
2017dec27_overlap_dia_6b_rep1_604to616.dia:2424.6003:decoyTPVQDMALVTR+2	-1	56252	11.1618595	0.9768022	1.2256392	6.5563393	6.041378	0.14016962	0.0345503	8.0	2.0	1.2273085	-0.19628866	0.81402	2.2491586	-2.2491586	-2.0950432	13.095257	5.0898438	0.5024056	0	11	0	1	0	0	615.8291813086646	1229.6438096837035	40.410007	-.TPVQDMALVTR.-	DECOY_sp|Q13423|NNTM_HUMAN
2017dec27_overlap_dia_6b_rep1_604to616.dia:2426.825:decoyELEEVQDVTR+2	-1	56305	10.301132	0.64082956	0.9469799	5.6956115	4.874355	0.1738915	0.011901012	8.0	0.0	3.834591	2.8759432	0.19337772	2.251948	2.251948	-0.8893442	3.253273	0.5887368	3.5746374	0	10	0	1	0	0	609.3040498086646	1216.5935466837034	40.447083	-.ELEEVQDVTR.-	DECOY_sp|Q14204|DYHC1_HUMAN
2017dec27_overlap_dia_6b_rep1_604to616.dia:2426.825:decoyNIENETLQVR+2	-1	56305	13.039745	0.5412687	0.7422604	6.4799824	5.6332273	0.19002883	0.03398655	10.0	0.0	3.8230085	2.8672564	0.0	10.0	10.0	-0.65120506	2.0074043	10.0	3.5659506	0	10	0	1	0	0	608.3200338086647	1214.6255146837036	40.447083	-.NIENETLQVR.-	DECOY_sp|P62136-2|PP1A_HUMAN	DECOY_sp|P62136|PP1A_HUMAN
2017dec27_overlap_dia_6b_rep1_604to616.dia:2426.825:decoyTRVADETVQVDGSNPTR+3	-1	56305	8.377201	0.55355847	0.9816165	5.519869	4.8662744	0.37407172	0.028681364	6.0	1.0	6.804777	-3.9426055	0.0	10.0	10.0	-1.7958412	2.3857422	10.0	3.2439113	1	17	0	0	1	0	615.6414163613807	1843.9024196837033	40.447083	-.TRVADETVQVDGSNPTR.-	DECOY_sp|P35269|T2FA_HUMAN
2017dec27_overlap_dia_6b_rep1_604to616.dia:2428.8674:WEADTLDKEGLSESVR+3	1	56357	10.840988	0.6763563	0.95116544	5.2812243	4.7291694	0.07960803	0.019518359	9.0	2.0	3.729356	-2.797017	0.0	10.0	10.0	-0.9215574	11.3119545	10.0	2.0983229	1	16	0	0	1	0	612.2987670280476	1833.8744716837039	40.481125	-.WEADTLDKEGLSESVR.-	sp|Q6PHR2-3|ULK3_HUMAN	sp|Q6PHR2-4|ULK3_HUMAN	sp|Q6PHR2|ULK3_HUMAN
2017dec27_overlap_dia_6b_rep1_604to616.dia:2428.8674:decoySSPLGQFNTGSK+2	-1	56357	11.576415	0.65208083	1.060872	6.0166516	5.351967	0.10823815	0.019823888	9.0	0.0	2.8778782	-0.592113	0.4653012	6.320337	6.320337	-2.3351097	0.37647247	3.479652	0.10658121	0	12	0	1	0	0	611.8067593086646	1221.5989656837035	40.481125	-.SSPLGQFNTGSK.-	DECOY_sp|Q68EM7-2|RHG17_HUMAN	DECOY_sp|Q68EM7-4|RHG17_HUMAN	DECOY_sp|Q68EM7-5|RHG17_HUMAN	DECOY_sp|Q68EM7-6|RHG17_HUMAN	DECOY_sp|Q68EM7|RHG17_HUMAN
2017dec27_overlap_dia_6b_rep1_604to616.dia:2433.0093:EALEQVAEEGR+2	1	56461	10.431194	0.4811147	0.90294665	5.825673	4.9999475	0.17009854	0.018758584	8.0	0.0	2.7191849	2.0393887	0.0	10.0	10.0	-2.2581015	0.23489761	10.0	2.738083	0	11	0	1	0	0	615.8016743086647	1229.5887956837037	40.550156	-.EALEQVAEEGR.-	sp|Q8IWB1|IPRI_HUMAN
2017dec27_overlap_dia_6b_rep1_604to616.dia:2433.0093:GKDC[+57.0214635]AVIVTQK+2	1	56461	10.5202465	0.39318985	0.6125849	5.9147263	5.31617	0.12724155	0.01981937	8.0	1.0	5.0058055	-1.1845397	0.0	10.0	10.0	-1.7650213	10.542484	10.0	0.48584545	1	11	0	1	0	0	609.8291810586646	1217.6438091837035	40.550156	-.GKDC[+57.0214635]AVIVTQK.-	sp|P60900-2|PSA6_HUMAN	sp|P60900|PSA6_HUMAN
2017dec27_overlap_dia_6b_rep1_604to616.dia:2435.1074:IHPTSVISGYR+2	1	56513	17.053215	0.96925926	1.3031436	7.258934	6.835096	0.008048578	0.003073975	13.0	2.0	2.9006207	-1.6606934	0.97749305	1.2430286	1.2430286	4.288329	0.30594635	1.5976562	0.9619992	0	11	0	1	0	0	615.3354828086647	1228.6564126837036	40.585125	-.IHPTSVISGYR.-	sp|P17987|TCPA_HUMAN
2017dec27_overlap_dia_6b_rep1_604to616.dia:2435.1074:decoyAEELDEPSYR+2	-1	56513	8.797485	0.17491192	0.3348045	5.9401526	5.2990212	0.18979505	0.018119264	6.0	0.0	2.1295652	0.8028603	0.0	10.0	10.0	-3.0	0.7463951	10.0	1.5015545	0	10	0	1	0	0	604.7751203086647	1207.5356876837036	40.585125	-.AEELDEPSYR.-	DECOY_sp|Q8WXD5|GEMI6_HUMAN
2017dec27_overlap_dia_6b_rep1_604to616.dia:2437.158:HIQDLNWQR+2	1	56565	13.08196	0.7473613	0.8079373	6.5221963	5.9552855	0.07926731	0.016264057	10.0	2.0	1.9997526	1.4844849	0.5418543	9.551869	9.551869	0.014536858	0.14723206	6.7111845	2.1831791	0	9	0	1	0	0	605.3098038086647	1208.6050546837037	40.6193	-.HIQDLNWQR.-	sp|O75934|SPF27_HUMAN
2017dec27_overlap_dia_6b_rep1_604to616.dia:2439.262:AADLNGDLTATR+2	1	56617	22.216915	2.4676595	2.7644565	7.665847	7.0554123	0.0017773058	5.1927724E-4	17.0	10.0	1.135301	-0.21060883	0.99911714	4.819345	4.657802	9.795189	0.16971207	1.8171172	0.4880854	0	12	0	1	0	0	609.3096668086647	1216.6047806837037	40.654366	-.AADLNGDLTATR.-	sp|Q15293-2|RCN1_HUMAN	sp|Q15293|RCN1_HUMAN
2017dec27_overlap_dia_6b_rep1_604to616.dia:2439.262:VEKDGLILTSR+2	1	56617	12.8213415	0.57599807	0.65629226	6.261578	5.4729652	0.0778195	0.010204101	10.0	2.0	1.1512557	-0.6361673	0.0	10.0	10.0	-0.71624565	0.3232956	10.0	0.06252694	1	11	0	1	0	0	615.8562523086648	1229.6979516837039	40.654366	-.VEKDGLILTSR.-	sp|Q99497|PARK7_HUMAN
2017dec27_overlap_dia_6b_rep1_604to616.dia:2439.262:decoyLALGQTQPKVTPC[+57.0214635]VTTK+3	-1	56617	11.336961	0.49124894	0.5217111	5.7771974	5.246768	0.0738943	0.030939441	9.0	0.0	3.337613	-2.1021798	0.0	10.0	10.0	-0.4497738	2.8035698	10.0	1.4034855	1	17	0	0	1	0	614.6766341947142	1841.008073183704	40.654366	-.LALGQTQPKVTPC[+57.0214635]VTTK.-	DECOY_sp|P07947|YES_HUMAN
2017dec27_overlap_dia_6b_rep1_604to616.dia:2441.31:VESQSSFGTLR+2	1	56669	16.282272	0.6620298	0.729455	6.487991	5.9027114	0.025650145	0.0033384305	13.0	2.0	1.6585823	-1.2164558	0.83798885	6.141431	2.2065828	1.9541531	0.04347992	0.6341021	0.5177616	0	11	0	1	0	0	605.8067593086647	1209.5989656837037	40.6885	-.VESQSSFGTLR.-	sp|O60443|DFNA5_HUMAN
2017dec27_overlap_dia_6b_rep1_604to616.dia:2441.31:decoyFAMAEEWEKSDNYSK+3	-1	56669	10.27812	0.23598816	0.41323286	5.6725993	5.182886	0.132772	0.035402432	8.0	1.0	4.078185	2.3326595	0.0	10.0	10.0	-1.6490669	13.959858	10.0	3.0313537	1	15	0	0	1	0	612.2699283613808	1833.7879556837038	40.6885	-.FAMAEEWEKSDNYSK.-	DECOY_sp|Q8WWI1-2|LMO7_HUMAN	DECOY_sp|Q8WWI1-3|LMO7_HUMAN	DECOY_sp|Q8WWI1-4|LMO7_HUMAN	DECOY_sp|Q8WWI1-5|LMO7_HUMAN	DECOY_sp|Q8WWI1|LMO7_HUMAN
2017dec27_overlap_dia_6b_rep1_604to616.dia:2443.4084:decoyGEAPEVYFTGR+2	-1	56721	11.566037	0.47097296	0.6766335	6.0062737	5.2271886	0.3372031	0.06984932	9.0	1.0	1.2567393	0.036487997	0.0	10.0	10.0	-0.9681454	5.021137	10.0	0.7329344	0	11	0	1	0	0	613.2960238086646	1224.5774946837034	40.723473	-.GEAPEVYFTGR.-	DECOY_sp|O14672|ADA10_HUMAN
2017dec27_overlap_dia_6b_rep1_604to616.dia:2445.4365:decoyTSGSGGLPHGLAIAGGNVNR+3	-1	56773	12.823627	0.59577376	0.82664114	6.263864	5.8084497	0.1293905	0.029898386	10.0	6.0	2.4608467	-1.8456349	0.0	10.0	10.0	-0.89025307	6.0951576	10.0	1.1595168	0	20	0	0	1	0	612.3221293613807	1833.9445586837035	40.757275	-.TSGSGGLPHGLAIAGGNVNR.-	DECOY_sp|P42765|THIM_HUMAN
2017dec27_overlap_dia_6b_rep1_604to616.dia:2449.6013:QYTEAISVGEK+2	1	56877	10.609879	0.32370675	0.9210991	5.0501146	4.483212	0.15644968	0.016099473	9.0	0.0	3.4811132	-0.5007062	0.0	10.0	10.0	-1.1626186	0.12471008	10.0	0.18541193	0	11	0	1	0	0	612.8089638086648	1223.6033746837038	40.826687	-.QYTEAISVGEK.-	sp|Q9H9A5-2|CNO10_HUMAN	sp|Q9H9A5-3|CNO10_HUMAN	sp|Q9H9A5-4|CNO10_HUMAN	sp|Q9H9A5-6|CNO10_HUMAN	sp|Q9H9A5|CNO10_HUMAN
2017dec27_overlap_dia_6b_rep1_604to616.dia:2451.7417:QLPPNGDPNFK+2	1	56929	15.085251	0.9274448	1.5126983	6.4049134	5.6835976	0.03482368	0.007917511	12.0	0.0	0.7217593	-0.5413195	0.34275174	8.370462	8.370462	-0.6344414	0.11527634	5.5297775	0.14479864	0	11	0	1	0	0	613.8118448086648	1225.6091366837038	40.862362	-.QLPPNGDPNFK.-	sp|Q92945|FUBP2_HUMAN
2017dec27_overlap_dia_6b_rep1_604to616.dia:2451.7417:decoyISGVHVNSSNIVPEHPR+3	-1	56929	12.097931	0.6961069	1.2689997	5.538167	4.8748326	0.089609414	0.016478397	10.0	3.0	3.794815	1.8766837	0.0	10.0	10.0	-1.8547916	0.07442093	10.0	2.5628018	0	17	0	0	1	0	614.6587406947141	1840.9543926837034	40.862362	-.ISGVHVNSSNIVPEHPR.-	DECOY_sp|Q14966-2|ZN638_HUMAN	DECOY_sp|Q14966-3|ZN638_HUMAN	DECOY_sp|Q14966-4|ZN638_HUMAN	DECOY_sp|Q14966|ZN638_HUMAN
2017dec27_overlap_dia_6b_rep1_604to616.dia:2453.7837:ASLENSLEETK+2	1	56981	12.063788	0.4808128	1.0401129	5.504025	4.959937	0.0646504	0.010207327	10.0	0.0	2.2117054	0.63511837	0.83515203	2.3183267	-2.3183267	0.45354652	0.107471466	5.159012	1.3212365	0	11	0	1	0	0	610.8038818086648	1219.5932106837038	40.896397	-.ASLENSLEETK.-	sp|P02533|K1C14_HUMAN	sp|P08779|K1C16_HUMAN
2017dec27_overlap_dia_6b_rep1_604to616.dia:2453.7837:QGFNNQPAVSGDEHGSAK+3	1	56981	15.015459	0.4970604	0.8659021	5.2211785	4.7106705	0.082258396	0.034818683	13.0	5.0	2.4752362	0.3615113	0.0	10.0	10.0	-0.8551531	10.888725	10.0	1.0476294	0	18	0	0	1	0	614.9503610280475	1841.8292536837037	40.896397	-.QGFNNQPAVSGDEHGSAK.-	sp|Q93074-2|MED12_HUMAN	sp|Q93074-3|MED12_HUMAN	sp|Q93074|MED12_HUMAN
2017dec27_overlap_dia_6b_rep1_604to616.dia:2453.7837:VTVESTPDLEK+2	1	56981	14.907902	0.892591	1.4133905	6.2275634	5.5674267	0.047834832	0.0061664954	12.0	0.0	3.7106616	1.2390742	0.9795349	2.1010756	1.8603923	1.6920204	0.06637955	0.98029256	1.9251924	0	11	0	1	0	0	609.3166258086648	1216.6186986837038	40.896397	-.VTVESTPDLEK.-	sp|Q14244-2|MAP7_HUMAN	sp|Q14244-3|MAP7_HUMAN	sp|Q14244-4|MAP7_HUMAN	sp|Q14244-5|MAP7_HUMAN	sp|Q14244-6|MAP7_HUMAN	sp|Q14244-7|MAP7_HUMAN	sp|Q14244|MAP7_HUMAN
2017dec27_overlap_dia_6b_rep1_604to616.dia:2453.7837:YNAYPSEQEK+2	1	56981	10.094291	0.49712974	0.70605856	5.48877	4.868674	0.09499939	0.009342132	8.0	0.0	4.9120317	-0.6525214	0.0	10.0	10.0	-0.5486412	10.888725	10.0	0.033596754	0	10	0	1	0	0	614.7776588086648	1227.5407646837039	40.896397	-.YNAYPSEQEK.-	sp|Q15583-2|TGIF1_HUMAN	sp|Q15583-3|TGIF1_HUMAN	sp|Q15583-4|TGIF1_HUMAN	sp|Q15583|TGIF1_HUMAN	sp|Q9GZN2-2|TGIF2_HUMAN	sp|Q9GZN2|TGIF2_HUMAN
2017dec27_overlap_dia_6b_rep1_604to616.dia:2453.7837:decoyYESSAGPLGGHSPGEC[+57.0214635]VK+3	-1	56981	11.219339	0.36838004	0.7288004	5.659576	4.899274	0.21283713	0.013895341	9.0	1.0	0.8935806	0.07530895	0.0	10.0	10.0	-0.02387619	6.2060776	10.0	0.76142704	0	18	0	0	1	0	611.2808278613807	1830.8206541837033	40.896397	-.YESSAGPLGGHSPGEC[+57.0214635]VK.-	DECOY_sp|P19838-2|NFKB1_HUMAN	DECOY_sp|P19838|NFKB1_HUMAN
2017dec27_overlap_dia_6b_rep1_604to616.dia:2455.8975:decoyLFFPHAQVEGADGPGAGR+3	-1	57033	13.412531	0.62026644	1.0701145	5.811375	5.2100163	0.13667838	0.041011393	11.0	4.0	4.7224684	0.523554	0.0	10.0	10.0	-0.5094423	13.121544	10.0	1.2096722	0	18	0	0	1	0	609.3041876947138	1824.8907336837028	40.931625	-.LFFPHAQVEGADGPGAGR.-	DECOY_sp|P23443-2|KS6B1_HUMAN	DECOY_sp|P23443-3|KS6B1_HUMAN	DECOY_sp|P23443-4|KS6B1_HUMAN	DECOY_sp|P23443-5|KS6B1_HUMAN	DECOY_sp|P23443|KS6B1_HUMAN
2017dec27_overlap_dia_6b_rep1_604to616.dia:2457.9443:EVDYDSDMPR+2	1	57085	8.799389	0.23082414	0.37644875	5.9420567	4.5457087	0.044457622	0.008553787	6.0	0.0	4.1715436	-0.008460283	0.0	10.0	10.0	-2.5840206	0.85723877	10.0	0.67765784	0	10	0	1	0	0	613.7533308086646	1225.4921086837035	40.96574	-.EVDYDSDMPR.-	sp|Q9BX10-2|GTPB2_HUMAN	sp|Q9BX10-4|GTPB2_HUMAN	sp|Q9BX10|GTPB2_HUMAN
2017dec27_overlap_dia_6b_rep1_604to616.dia:2457.9443:decoyAVDVMPNLNQK+2	-1	57085	12.829277	0.35657695	0.7287383	6.269513	5.3949304	0.15912384	0.017267458	10.0	1.0	3.1656325	2.051127	0.0	10.0	10.0	-0.8496523	8.092804	10.0	2.737245	0	11	0	1	0	0	614.8213553086647	1227.6281576837036	40.96574	-.AVDVMPNLNQK.-	DECOY_sp|Q9UBE0-2|SAE1_HUMAN	DECOY_sp|Q9UBE0-3|SAE1_HUMAN	DECOY_sp|Q9UBE0|SAE1_HUMAN
2017dec27_overlap_dia_6b_rep1_604to616.dia:2460.0508:LFVSGAC[+57.0214635]DASAK+2	1	57137	19.172335	1.4320695	1.938041	7.0558343	6.4669085	0.015433175	0.0026302042	15.0	4.0	4.7336254	-2.768907	0.9845789	3.4680378	2.9857492	5.0505705	0.001285553	0.14506435	2.082789	0	12	0	1	0	0	613.2977130586647	1224.5808731837037	41.000847	-.LFVSGAC[+57.0214635]DASAK.-	sp|P62873-2|GBB1_HUMAN	sp|P62873|GBB1_HUMAN
2017dec27_overlap_dia_6b_rep1_604to616.dia:2460.0508:LTPEQLHSMR+2	1	57137	9.79396	0.36404842	0.6521062	5.188439	4.7996264	0.18034317	0.029320074	8.0	0.0	2.0397327	0.20104796	0.0	10.0	10.0	-1.284142	4.368332	10.0	0.8871661	0	10	0	1	0	0	606.3136978086646	1210.6128426837035	41.000847	-.LTPEQLHSMR.-	sp|Q9Y2R0|COA3_HUMAN
2017dec27_overlap_dia_6b_rep1_604to616.dia:2460.0508:decoyLLSEENGSSMR+2	-1	57137	8.791	0.54672414	0.73861146	5.9336677	5.347887	0.18471427	0.043329027	6.0	0.0	1.0366844	-0.38186872	0.5335948	8.121434	-0.49965453	-2.2274923	6.957615	3.3403394	0.3042494	0	11	0	1	0	0	611.7902513086644	1221.5659496837031	41.000847	-.LLSEENGSSMR.-	DECOY_sp|P23786|CPT2_HUMAN
2017dec27_overlap_dia_6b_rep1_604to616.dia:2460.0508:decoySPASVDVSAEMK+2	-1	57137	12.377613	0.7129675	1.0353585	5.81785	5.1481194	0.0669669	0.012482409	10.0	0.0	2.4962215	-1.5091722	0.0	10.0	10.0	-2.0639372	0.7672882	10.0	0.8230541	0	12	0	1	0	0	610.7950028086647	1219.5754526837036	41.000847	-.SPASVDVSAEMK.-	DECOY_sp|Q8IVF2-3|AHNK2_HUMAN	DECOY_sp|Q8IVF2|AHNK2_HUMAN
2017dec27_overlap_dia_6b_rep1_604to616.dia:2462.093:FQEAGELYNR+2	1	57189	14.999256	0.96945477	1.121353	6.3189178	5.7822866	0.041633017	0.004408835	12.0	1.0	2.5648277	1.9236207	0.57914966	1.3897905	-0.48720434	2.5911407	0.05053711	3.3278892	2.6097388	0	10	0	1	0	0	613.7936478086647	1225.5727426837036	41.034885	-.FQEAGELYNR.-	sp|Q14690|RRP5_HUMAN
2017dec27_overlap_dia_6b_rep1_604to616.dia:2462.093:VEEGMHLLITGPNGC[+57.0214635]GK+3	1	57189	13.496319	0.51264614	0.69114435	5.895163	4.8419724	0.083035715	0.0106433155	11.0	3.0	3.4193118	0.16840073	0.38306454	7.1037836	7.1037836	-0.24613285	13.374084	4.2630987	0.8545189	0	17	0	0	1	0	604.6308068613807	1810.8705911837035	41.034885	-.VEEGMHLLITGPNGC[+57.0214635]GK.-	sp|P33897|ABCD1_HUMAN	sp|Q9UBJ2|ABCD2_HUMAN
2017dec27_overlap_dia_6b_rep1_604to616.dia:2462.093:decoyAIYVNTFEKK+2	-1	57189	10.17083	0.48343658	0.6965188	6.4683995	5.4627585	0.17054725	0.03140686	7.0	1.0	5.210976	3.9082322	0.0	10.0	10.0	-2.5581875	0.7756233	10.0	4.5943503	1	10	0	1	0	0	606.8347843086646	1211.6550156837034	41.034885	-.AIYVNTFEKK.-	DECOY_sp|P11940-2|PABP1_HUMAN	DECOY_sp|P11940|PABP1_HUMAN	DECOY_sp|Q13310-2|PABP4_HUMAN	DECOY_sp|Q13310-3|PABP4_HUMAN	DECOY_sp|Q13310|PABP4_HUMAN
2017dec27_overlap_dia_6b_rep1_604to616.dia:2466.2605:KGPQSLFNAPR+2	1	57293	10.535457	0.66814315	0.92063284	5.929936	5.3480253	0.016508523	0.0041934308	8.0	1.0	3.2820625	-1.3415046	0.81201696	1.1687986	-1.1687986	-2.1797028	0.46393585	4.0094833	0.65538645	1	11	0	1	0	0	607.8356543086646	1213.6567556837035	41.104343	-.KGPQSLFNAPR.-	sp|P46087-2|NOP2_HUMAN	sp|P46087-3|NOP2_HUMAN	sp|P46087-4|NOP2_HUMAN	sp|P46087|NOP2_HUMAN
2017dec27_overlap_dia_6b_rep1_604to616.dia:2468.4282:FGALC[+57.0214635]EAETGR+2	1	57345	9.521221	0.34545898	0.6434859	5.81879	5.026845	0.13163473	0.030015394	7.0	0.0	1.2560245	0.58514476	0.0	10.0	10.0	-2.2300444	1.2710228	10.0	1.2712629	0	11	0	1	0	0	605.7796880586646	1209.5448231837036	41.14047	-.FGALC[+57.0214635]EAETGR.-	sp|O00468-2|AGRIN_HUMAN	sp|O00468-3|AGRIN_HUMAN	sp|O00468-4|AGRIN_HUMAN	sp|O00468-5|AGRIN_HUMAN	sp|O00468-6|AGRIN_HUMAN	sp|O00468-7|AGRIN_HUMAN	sp|O00468|AGRIN_HUMAN
2017dec27_overlap_dia_6b_rep1_604to616.dia:2474.6746:AKEFTNVYIK+2	1	57501	20.220474	0.6986649	0.8306103	6.8998556	6.303444	0.0058786743	0.0017605772	16.0	0.0	3.4219227	1.0207479	0.99708796	4.3618093	4.3618093	10.178608	0.5659332	1.5211244	1.6942899	1	10	0	1	0	0	606.8347843086647	1211.6550156837036	41.244576	-.AKEFTNVYIK.-	sp|P11940-2|PABP1_HUMAN	sp|P11940|PABP1_HUMAN	sp|Q13310-2|PABP4_HUMAN	sp|Q13310-3|PABP4_HUMAN	sp|Q13310|PABP4_HUMAN
2017dec27_overlap_dia_6b_rep1_604to616.dia:2476.7861:ALVDGPC[+57.0214635]TQVR+2	1	57553	17.553604	2.0872526	2.3527794	7.7593226	7.279904	0.0026558249	5.3368625E-4	13.0	7.0	1.7995578	1.3496684	0.97631073	3.5559037	3.5559037	-1.0693455	0.06332016	0.7152188	2.0232105	0	11	0	1	0	0	608.3111555586647	1214.6077581837037	41.27977	-.ALVDGPC[+57.0214635]TQVR.-	sp|P50914|RL14_HUMAN
2017dec27_overlap_dia_6b_rep1_604to616.dia:2478.8748:LYYDTDYGSK+2	1	57605	11.643978	0.38886437	0.544599	6.084215	5.659123	0.14550498	0.011831634	9.0	0.0	3.264499	2.4483743	0.9443992	2.5388684	-2.0675426	-1.1100397	0.1379242	4.9082274	3.1093402	0	10	0	1	0	0	612.7745808086647	1223.5346086837037	41.31458	-.LYYDTDYGSK.-	sp|Q9NQZ2|SAS10_HUMAN
2017dec27_overlap_dia_6b_rep1_604to616.dia:2478.8748:NLDAQYEMAR+2	1	57605	12.728058	0.4236167	0.6143287	6.1682944	5.634901	0.10625425	0.0073098447	10.0	0.0	2.0125036	1.5093777	0.9187479	2.170097	-1.2765207	-0.1169672	0.019908905	4.1172056	2.1703436	0	10	0	1	0	0	605.7796833086647	1209.5448136837038	41.31458	-.NLDAQYEMAR.-	sp|Q7L4I2-2|RSRC2_HUMAN	sp|Q7L4I2|RSRC2_HUMAN
2017dec27_overlap_dia_6b_rep1_604to616.dia:2483.006:decoySSPTPGVLTHAR+2	-1	57709	11.295894	0.29150394	0.505082	5.73613	4.982345	0.12969314	0.03097552	9.0	0.0	5.772014	-2.8648145	0.0	10.0	10.0	-1.7746515	11.375763	10.0	2.2038486	0	12	0	1	0	0	611.8305693086646	1221.6465856837035	41.383434	-.SSPTPGVLTHAR.-	DECOY_sp|Q13428-3|TCOF_HUMAN	DECOY_sp|Q13428-7|TCOF_HUMAN	DECOY_sp|Q13428-8|TCOF_HUMAN
2017dec27_overlap_dia_6b_rep1_604to616.dia:2483.006:decoyTIQAEIDEHR+2	-1	57709	12.840475	0.3857162	0.80762583	6.2807117	5.629543	0.10347023	0.028710851	10.0	0.0	3.361433	-1.4650058	0.0	10.0	10.0	-0.62372303	8.1955185	10.0	0.80403984	0	10	0	1	0	0	606.3043843086646	1210.5942156837034	41.383434	-.TIQAEIDEHR.-	DECOY_sp|O75533-2|SF3B1_HUMAN	DECOY_sp|O75533|SF3B1_HUMAN
2017dec27_overlap_dia_6b_rep1_604to616.dia:2485.09:FITDNTVEER+2	1	57761	11.822737	0.5633457	0.87704474	6.262973	5.7921667	0.056809377	0.007854349	9.0	0.0	2.5484235	1.9113176	0.9140784	4.979795	4.979795	-0.298378	0.12388229	2.15906	2.5722835	0	10	0	1	0	0	612.2987673086647	1222.5829816837036	41.418167	-.FITDNTVEER.-	sp|O60264|SMCA5_HUMAN
2017dec27_overlap_dia_6b_rep1_604to616.dia:2485.09:decoyANEETFAGDLR+2	-1	57761	10.877203	0.48471743	0.7684852	6.271682	5.569314	0.114464015	0.016847651	8.0	0.0	2.0538318	1.5403738	0.81035167	5.6645513	-5.6645513	-2.3440714	0.68462753	8.485287	2.2013397	0	11	0	1	0	0	611.7885668086645	1221.5625806837033	41.418167	-.ANEETFAGDLR.-	DECOY_sp|Q9Y490|TLN1_HUMAN
2017dec27_overlap_dia_6b_rep1_604to616.dia:2489.2678:AYSPEDLEER+2	1	57865	10.672514	0.22570433	0.38633883	6.0669937	5.4644103	0.09973666	0.012620462	8.0	0.0	2.752469	2.0643518	0.1959358	5.6963425	5.6963425	-0.72857475	0.11936188	2.8756075	2.7127416	0	10	0	1	0	0	604.7751203086647	1207.5356876837036	41.487797	-.AYSPEDLEER.-	sp|Q8WXD5|GEMI6_HUMAN
2017dec27_overlap_dia_6b_rep1_604to616.dia:2489.2678:DQYANYVVQK+2	1	57865	11.064329	0.7651383	0.87970877	6.458809	5.532948	0.14808024	0.018478937	8.0	1.0	3.3995984	2.5496988	0.8949712	7.5646133	7.5646133	-0.816226	0.19351196	4.7438784	3.1980886	0	10	0	1	0	0	614.3038443086647	1226.5931356837036	41.487797	-.DQYANYVVQK.-	sp|Q14671-2|PUM1_HUMAN	sp|Q14671-3|PUM1_HUMAN	sp|Q14671-4|PUM1_HUMAN	sp|Q14671|PUM1_HUMAN	sp|Q8TB72-2|PUM2_HUMAN	sp|Q8TB72-3|PUM2_HUMAN	sp|Q8TB72-4|PUM2_HUMAN	sp|Q8TB72|PUM2_HUMAN
2017dec27_overlap_dia_6b_rep1_604to616.dia:2489.2678:VIATFTC[+57.0214635]SGEK+2	1	57865	19.055996	1.1462758	1.5600426	6.9394965	6.389758	0.011237347	8.975566E-4	15.0	3.0	1.581102	0.92791826	0.8294233	6.101416	6.101416	6.9167757	0.11519241	3.2806811	1.576308	0	11	0	1	0	0	606.8000890586648	1211.5856251837038	41.487797	-.VIATFTC[+57.0214635]SGEK.-	sp|P49189|AL9A1_HUMAN
2017dec27_overlap_dia_6b_rep1_604to616.dia:2499.5544:AEVSPMYGVQK+2	1	58125	11.407209	0.7520617	1.0609468	6.8016887	5.699655	0.041333422	0.0071231527	8.0	1.0	6.014706	4.5110297	0.6605116	1.5385703	1.5385703	-2.3924599	0.026618958	1.2821647	5.046234	0	11	0	1	0	0	604.8026273086647	1207.5907016837036	41.65924	-.AEVSPMYGVQK.-	sp|Q9H3K2|GHITM_HUMAN
2017dec27_overlap_dia_6b_rep1_604to616.dia:2503.8167:TANVPQTVPMR+2	1	58229	14.308317	1.1004955	1.5288793	6.707161	6.182275	0.030191008	0.0033243133	11.0	0.0	4.7464476	3.5598357	0.9730945	4.552518	4.552518	1.4654846	0.21524048	1.8749249	4.0339804	0	11	0	1	0	0	607.3215233086647	1212.6284936837037	41.730278	-.TANVPQTVPMR.-	sp|P46937-2|YAP1_HUMAN	sp|P46937-3|YAP1_HUMAN	sp|P46937-5|YAP1_HUMAN	sp|P46937-6|YAP1_HUMAN	sp|P46937-7|YAP1_HUMAN	sp|P46937-8|YAP1_HUMAN	sp|P46937-9|YAP1_HUMAN	sp|P46937|YAP1_HUMAN
2017dec27_overlap_dia_6b_rep1_604to616.dia:2503.8167:YLESLGEEQR+2	1	58229	9.849684	0.6619083	0.95678663	6.147253	5.0140867	0.15377821	0.015928736	7.0	0.0	4.582394	1.4253699	0.5176268	6.411971	6.411971	-1.7591743	0.271904	3.734378	1.8995148	0	10	0	1	0	0	612.2987628086647	1222.5829726837037	41.730278	-.YLESLGEEQR.-	sp|Q02818|NUCB1_HUMAN
2017dec27_overlap_dia_6b_rep1_604to616.dia:2505.9614:SMEASVDVSAPK+2	1	58281	11.49973	0.5418418	0.6214171	5.9399667	5.3958154	0.07575766	0.00968658	9.0	0.0	7.907843	5.9308825	0.8261251	6.9275684	6.9275684	-0.8298788	0.0019607544	4.3298683	6.3596306	0	12	0	1	0	0	610.7950028086645	1219.5754526837034	41.766026	-.SMEASVDVSAPK.-	sp|Q8IVF2-3|AHNK2_HUMAN	sp|Q8IVF2|AHNK2_HUMAN
2017dec27_overlap_dia_6b_rep1_604to616.dia:2505.9614:decoyLSAEDSIQQAR+2	-1	58281	12.014855	0.66142386	0.8238498	6.455092	5.825087	0.09756615	0.018891843	9.0	0.0	5.857262	3.1122246	0.8360688	1.7456999	-1.7456999	-0.6907511	10.30685	4.3434	3.5409725	0	11	0	1	0	0	609.3096663086646	1216.6047796837036	41.766026	-.LSAEDSIQQAR.-	DECOY_sp|Q93008-1|USP9X_HUMAN	DECOY_sp|Q93008|USP9X_HUMAN
2017dec27_overlap_dia_6b_rep1_604to616.dia:2508.0762:DFESHITSYK+2	1	58333	15.654386	0.81228113	1.0846225	6.9740477	6.325872	0.02419644	0.0014670844	12.0	1.0	5.382185	4.0366387	0.8124192	6.07547	6.07547	4.746171	0.0096588135	3.4941301	4.433505	0	10	0	1	0	0	613.7880308086648	1225.5615086837038	41.80127	-.DFESHITSYK.-	sp|B5ME19|EIFCL_HUMAN	sp|Q99613-2|EIF3C_HUMAN	sp|Q99613|EIF3C_HUMAN
2017dec27_overlap_dia_6b_rep1_604to616.dia:2508.0762:decoyEAAPFDEGPER+2	-1	58333	11.366695	0.2907605	0.64677656	5.806932	5.231759	0.2470963	0.040398873	9.0	0.0	4.1939006	2.2937777	0.0	10.0	10.0	-1.4400702	1.6174889	10.0	2.690644	0	11	0	1	0	0	609.2752923086646	1216.5360316837034	41.80127	-.EAAPFDEGPER.-	DECOY_sp|P02786|TFR1_HUMAN
2017dec27_overlap_dia_6b_rep1_604to616.dia:2508.0762:decoyEGEEAVQELAR+2	-1	58333	10.617289	0.3167495	0.50055915	6.011768	5.1987424	0.11765047	0.0070348843	8.0	0.0	6.9187226	5.189042	0.53993684	5.6528473	5.6528473	-2.0669365	1.4528694	3.0715075	5.5859084	0	11	0	1	0	0	615.8016743086646	1229.5887956837034	41.80127	-.EGEEAVQELAR.-	DECOY_sp|Q8IWB1|IPRI_HUMAN
2017dec27_overlap_dia_6b_rep1_604to616.dia:2508.0762:decoyVIYVQELQAR+2	-1	58333	11.559459	0.352739	0.3893175	6.953938	6.020104	0.12201028	0.016266547	8.0	0.0	5.986965	4.490224	0.0	10.0	10.0	-1.5910969	11.532536	10.0	4.88709	0	10	0	1	0	0	609.8456838086647	1217.6768146837037	41.80127	-.VIYVQELQAR.-	DECOY_sp|P62318-2|SMD3_HUMAN	DECOY_sp|P62318|SMD3_HUMAN
2017dec27_overlap_dia_6b_rep1_604to616.dia:2512.193:DFENSMNQVK+2	1	58437	12.14527	0.50201607	0.7351762	6.585507	5.8437304	0.050971854	0.0043498683	9.0	0.0	7.2159276	5.411946	0.97225684	4.822736	4.822736	0.24032974	0.45632172	2.241396	5.808812	0	10	0	1	0	0	606.2716948086647	1210.5288366837037	41.869884	-.DFENSMNQVK.-	sp|O75521-2|ECI2_HUMAN	sp|O75521|ECI2_HUMAN
2017dec27_overlap_dia_6b_rep1_604to616.dia:2514.2776:decoyEHLEESVSSAK+2	-1	58489	11.436296	0.61197066	1.0844692	5.8765326	5.113329	0.07684863	0.033473734	9.0	0.0	0.7659436	-0.5744577	0.0	10.0	10.0	-1.3015461	11.896954	10.0	0.19016749	0	11	0	1	0	0	608.2962238086646	1214.5778946837036	41.904625	-.EHLEESVSSAK.-	DECOY_sp|Q9C0B1|FTO_HUMAN
2017dec27_overlap_dia_6b_rep1_604to616.dia:2516.3225:WPTETDVSSAK+2	1	58541	17.948051	1.3632178	1.8275537	7.0076427	6.571674	0.0074604913	0.0015731935	14.0	0.0	1.17977	-0.32821503	0.999352	5.226428	5.226428	0.86325073	0.06956482	2.6450882	0.056075186	0	11	0	1	0	0	610.7933178086647	1219.5720826837037	41.93871	-.WPTETDVSSAK.-	sp|P27816-2|MAP4_HUMAN	sp|P27816-6|MAP4_HUMAN	sp|P27816|MAP4_HUMAN
2017dec27_overlap_dia_6b_rep1_604to616.dia:2516.3225:decoyAQVFQFDHPK+2	-1	58541	9.394595	0.59787977	1.1474676	5.6921644	5.093522	0.11189384	0.034900263	7.0	0.0	5.7102485	-3.1425612	0.5583619	2.8676214	-2.8676214	-2.1875458	0.8509674	5.4489613	2.758271	0	10	0	1	0	0	608.8091058086646	1215.6036586837035	41.93871	-.AQVFQFDHPK.-	DECOY_sp|Q86TI2-2|DPP9_HUMAN	DECOY_sp|Q86TI2-4|DPP9_HUMAN	DECOY_sp|Q86TI2|DPP9_HUMAN
2017dec27_overlap_dia_6b_rep1_604to616.dia:2516.3225:decoyLLHQDSEQIK+2	-1	58541	9.656833	0.80341876	0.8934668	5.954402	5.247699	0.0781311	0.017478082	7.0	0.0	3.9315288	2.9486465	0.0	10.0	10.0	-2.184908	11.931038	10.0	3.3329368	0	10	0	1	0	0	605.8249523086645	1209.6353516837032	41.93871	-.LLHQDSEQIK.-	DECOY_sp|O14776-2|TCRG1_HUMAN	DECOY_sp|O14776|TCRG1_HUMAN
2017dec27_overlap_dia_6b_rep1_604to616.dia:2518.4927:IMAQMSEMQR+2	1	58593	8.543932	0.3050678	0.41318774	5.686599	5.2456207	0.0411839	0.011321172	6.0	0.0	4.184606	1.1534526	0.89532316	3.3589349	3.3589349	-2.4026642	0.01467514	0.77759504	1.5251667	0	10	0	1	0	0	612.7803193086646	1223.5460856837035	41.974876	-.IMAQMSEMQR.-	sp|Q8IWV8-4|UBR2_HUMAN	sp|Q8IWV8|UBR2_HUMAN
2017dec27_overlap_dia_6b_rep1_604to616.dia:2520.5352:VTDMFTDQEK+2	1	58645	10.14143	0.41503525	0.48857203	6.438999	5.489276	0.15862542	0.018681884	7.0	1.0	1.7186847	1.2890135	0.82300377	6.7991033	6.7991033	-0.7726526	0.14104462	4.1978135	1.6607276	0	10	0	1	0	0	607.2739043086648	1212.5332556837038	42.00892	-.VTDMFTDQEK.-	sp|Q9GZT6-2|CC90B_HUMAN	sp|Q9GZT6-3|CC90B_HUMAN	sp|Q9GZT6|CC90B_HUMAN
2017dec27_overlap_dia_6b_rep1_604to616.dia:2522.644:decoyAGSYLNVMEPK+2	-1	58697	11.299184	0.18331324	0.41273087	5.7394204	5.0213923	0.069047295	0.0166719	9.0	0.0	4.2267003	-2.7171345	0.0	10.0	10.0	-1.8061533	8.557743	10.0	2.3454204	0	11	0	1	0	0	604.8026268086646	1207.5907006837035	42.044067	-.AGSYLNVMEPK.-	DECOY_sp|Q2M2I8-2|AAK1_HUMAN	DECOY_sp|Q2M2I8|AAK1_HUMAN
2017dec27_overlap_dia_6b_rep1_604to616.dia:2522.644:decoyEVEQEVSQLR+2	-1	58697	12.183537	0.28479105	0.40369985	6.6237726	5.591117	0.24645314	0.03789344	9.0	2.0	0.9191583	0.58690524	0.0	10.0	10.0	-1.7487669	2.624424	10.0	0.95861936	0	10	0	1	0	0	608.8120418086645	1215.6095306837033	42.044067	-.EVEQEVSQLR.-	DECOY_sp|Q969Z0-2|TBRG4_HUMAN	DECOY_sp|Q969Z0|TBRG4_HUMAN
2017dec27_overlap_dia_6b_rep1_604to616.dia:2522.644:decoyVEQDTFMDTK+2	-1	58697	9.213912	0.5713041	0.86576307	6.3565793	5.5698233	0.17556418	0.042337462	6.0	0.0	3.0418959	2.281422	0.823185	5.7940354	5.7940354	-2.0768852	0.17619324	3.1927457	2.653136	0	10	0	1	0	0	607.2739043086646	1212.5332556837034	42.044067	-.VEQDTFMDTK.-	DECOY_sp|Q9GZT6-2|CC90B_HUMAN	DECOY_sp|Q9GZT6-3|CC90B_HUMAN	DECOY_sp|Q9GZT6|CC90B_HUMAN
2017dec27_overlap_dia_6b_rep1_604to616.dia:2526.7876:DIISDTSGDFR+2	1	58801	15.188219	1.739572	1.9204482	7.587063	7.00314	0.02277901	0.005657137	11.0	8.0	1.0969952	0.26314268	0.0	10.0	10.0	-0.62162256	11.985741	10.0	0.6348568	0	11	0	1	0	0	613.2883993086647	1224.5622456837036	42.113125	-.DIISDTSGDFR.-	sp|A6NMY6|AXA2L_HUMAN	sp|P07355-2|ANXA2_HUMAN	sp|P07355|ANXA2_HUMAN
2017dec27_overlap_dia_6b_rep1_604to616.dia:2526.7876:DITSDTSGDFR+2	1	58801	18.827574	2.1657946	2.3354163	7.887165	7.3205867	0.0013082098	3.4008652E-4	14.0	10.0	1.5216727	-0.055365443	0.9995472	4.284365	1.3407282	7.2203884	0.62280655	1.2605616	0.31634867	0	11	0	1	0	0	607.2702068086646	1212.5258606837035	42.113125	-.DITSDTSGDFR.-	sp|P04083|ANXA1_HUMAN
2017dec27_overlap_dia_6b_rep1_604to616.dia:2528.8635:decoyQIDSANELMAK+2	-1	58853	11.314466	0.23894843	0.39895254	5.754703	4.966911	0.13660778	0.01554183	9.0	0.0	5.589256	-4.1919417	0.9813477	6.635205	2.5198867	-1.880805	0.029582977	0.08140302	3.8328037	0	11	0	1	0	0	610.3029953086645	1218.5914376837034	42.147724	-.QIDSANELMAK.-	DECOY_sp|Q8NE71-2|ABCF1_HUMAN	DECOY_sp|Q8NE71|ABCF1_HUMAN
2017dec27_overlap_dia_6b_rep1_604to616.dia:2528.8635:decoyYQEEGLSELR+2	-1	58853	9.935997	0.2242393	0.24725154	6.2335663	5.178618	0.17756346	0.01877204	7.0	1.0	4.7223887	0.29136097	0.42749622	6.4723372	6.4723372	-2.0421867	0.6893501	3.8710475	0.650499	0	10	0	1	0	0	612.2987628086646	1222.5829726837035	42.147724	-.YQEEGLSELR.-	DECOY_sp|Q02818|NUCB1_HUMAN
2017dec27_overlap_dia_6b_rep1_604to616.dia:2528.8635:decoyYYHEVAHNNGGSGDFR+3	-1	58853	11.949321	0.94807863	1.0342358	6.3895574	5.849912	0.13736556	0.04028376	9.0	5.0	6.2324233	-4.6743174	0.0	10.0	10.0	0.044614792	12.138447	10.0	4.3151793	0	16	0	0	1	0	608.2679070280473	1821.781891683703	42.147724	-.YYHEVAHNNGGSGDFR.-	DECOY_sp|P45974-2|UBP5_HUMAN	DECOY_sp|P45974|UBP5_HUMAN
2017dec27_overlap_dia_6b_rep1_604to616.dia:2533.093:QAMLENASDIK+2	1	58958	12.55796	0.61248916	0.78863335	5.998196	5.2987065	0.07665386	0.0106659345	10.0	0.0	5.247708	-3.935781	0.9670314	3.9973516	1.1246368	-0.534853	0.040908813	1.476653	3.589219	0	11	0	1	0	0	610.3029953086647	1218.5914376837036	42.218216	-.QAMLENASDIK.-	sp|Q8NE71-2|ABCF1_HUMAN	sp|Q8NE71|ABCF1_HUMAN
2017dec27_overlap_dia_6b_rep1_604to616.dia:2533.093:decoyNDEIHVFGYK+2	-1	58958	11.4731865	0.2899255	0.5702364	5.9134226	5.2980814	0.14293359	0.018454446	9.0	1.0	4.5475154	-2.511321	0.80665225	3.3649998	3.3649998	-1.6847105	3.6138268	0.76371	2.1647592	0	10	0	1	0	0	611.2985658086646	1220.5825786837036	42.218216	-.NDEIHVFGYK.-	DECOY_sp|Q9BQ04|RBM4B_HUMAN	DECOY_sp|Q9BWF3-2|RBM4_HUMAN	DECOY_sp|Q9BWF3-3|RBM4_HUMAN	DECOY_sp|Q9BWF3-4|RBM4_HUMAN	DECOY_sp|Q9BWF3|RBM4_HUMAN
2017dec27_overlap_dia_6b_rep1_604to616.dia:2533.093:decoyVEGSC[+57.0214635]TFTAIK+2	-1	58958	12.114393	0.3103324	0.5967995	6.5546303	5.765744	0.13875331	0.021099405	9.0	3.0	4.543964	-2.1150756	0.0	10.0	10.0	-1.402523	0.61522675	10.0	1.7685137	0	11	0	1	0	0	606.8000890586645	1211.5856251837033	42.218216	-.VEGSC[+57.0214635]TFTAIK.-	DECOY_sp|P49189|AL9A1_HUMAN
2017dec27_overlap_dia_6b_rep1_604to616.dia:2535.2327:MDQDSLSSSLK+2	1	59010	12.496599	0.7253259	0.9177164	5.9368353	5.4522276	0.061645973	0.011365799	10.0	0.0	4.768581	-3.5764356	0.8355336	2.2626004	2.2626004	1.8483133	0.30836105	0.33868933	3.2298737	0	11	0	1	0	0	605.7846348086647	1209.5547166837036	42.25388	-.MDQDSLSSSLK.-	sp|P37268-5|FDFT_HUMAN	sp|P37268|FDFT_HUMAN
2017dec27_overlap_dia_6b_rep1_604to616.dia:2535.2327:NNLSYDC[+57.0214635]IGR+2	1	59010	13.052353	0.8097921	1.0872035	6.4925895	5.7700896	0.036006786	0.0045917155	10.0	0.0	7.0607133	-5.295535	0.97700566	4.679247	-1.9249531	0.45537663	0.07657242	4.5262427	4.948973	0	10	0	1	0	0	606.2773070586646	1210.5400611837035	42.25388	-.NNLSYDC[+57.0214635]IGR.-	sp|Q01581|HMCS1_HUMAN
2017dec27_overlap_dia_6b_rep1_604to616.dia:2535.2327:VQEFEHINGR+2	1	59010	10.909687	0.37402356	0.67155457	5.3499236	4.652112	0.051755525	0.011341987	9.0	0.0	5.909022	-4.4317665	0.5400521	0.43724206	0.43724206	-0.45594215	9.72023	2.1640477	4.0852046	0	10	0	1	0	0	614.8070938086647	1227.5996346837037	42.25388	-.VQEFEHINGR.-	sp|Q12873-2|CHD3_HUMAN	sp|Q12873-3|CHD3_HUMAN	sp|Q12873|CHD3_HUMAN
2017dec27_overlap_dia_6b_rep1_604to616.dia:2535.2327:YKDMGTVVLGK+2	1	59010	10.192288	0.36025852	0.6557837	5.5867677	4.93795	0.13977055	0.02938957	8.0	0.0	5.9800935	-1.4922669	0.0	10.0	10.0	-0.59208965	0.27000046	10.0	1.145705	1	11	0	1	0	0	605.8286453086647	1209.6427376837037	42.25388	-.YKDMGTVVLGK.-	sp|P15170-2|ERF3A_HUMAN	sp|P15170-3|ERF3A_HUMAN	sp|P15170|ERF3A_HUMAN	sp|Q8IYD1|ERF3B_HUMAN
2017dec27_overlap_dia_6b_rep1_604to616.dia:2535.2327:decoySMATDSELGADK+2	-1	59010	12.906645	0.23534223	0.6234359	6.346882	5.7460093	0.1774404	0.019338926	10.0	0.0	7.5439925	-5.6579943	0.0	10.0	10.0	-1.5266066	8.331348	10.0	5.3114324	0	12	0	1	0	0	612.7742678086646	1223.5339826837035	42.25388	-.SMATDSELGADK.-	DECOY_sp|Q9NR30|DDX21_HUMAN
2017dec27_overlap_dia_6b_rep1_604to616.dia:2535.2327:decoyVMHYLYQDR+2	-1	59010	10.718353	0.7912984	0.8281235	6.112833	5.7346077	0.1274045	0.052728985	8.0	1.0	7.736197	-5.802148	0.17840321	1.1402097	1.1402097	-1.015048	0.65036774	1.4610801	5.455586	0	9	0	1	0	0	612.7951323086646	1223.5757116837035	42.25388	-.VMHYLYQDR.-	DECOY_sp|P52789|HXK2_HUMAN
2017dec27_overlap_dia_6b_rep1_604to616.dia:2537.308:ALDGAFTEENR+2	1	59062	15.469072	1.1104279	1.6370196	6.788735	6.2846155	0.031374175	0.0033450816	12.0	1.0	5.058905	-3.794179	0.99400914	3.3159773	1.6451507	1.4327421	0.18567276	0.9561391	3.4881892	0	11	0	1	0	0	611.7885668086647	1221.5625806837036	42.288467	-.ALDGAFTEENR.-	sp|Q9Y490|TLN1_HUMAN
2017dec27_overlap_dia_6b_rep1_604to616.dia:2537.308:EATTEFSVDAR+2	1	59062	18.623299	2.1604664	2.5730755	7.6828904	7.0845213	0.0053260243	6.5523625E-4	14.0	7.0	6.0998588	-4.574894	0.9799193	2.8846889	-1.4800625	-0.15825415	0.0739212	4.081352	4.268904	0	11	0	1	0	0	613.2883998086646	1224.5622466837035	42.288467	-.EATTEFSVDAR.-	sp|P21333-2|FLNA_HUMAN	sp|P21333|FLNA_HUMAN
2017dec27_overlap_dia_6b_rep1_604to616.dia:2539.4346:IGSNMESLLQK+2	1	59114	10.78422	0.32204905	0.5821689	5.224456	4.5328946	0.15981764	0.029293135	9.0	0.0	4.8510537	-3.6382902	0.0	10.0	10.0	-1.4976702	12.486694	10.0	3.377315	0	11	0	1	0	0	610.3211878086647	1218.6278226837037	42.32391	-.IGSNMESLLQK.-	sp|Q9UK61-2|F208A_HUMAN	sp|Q9UK61-3|F208A_HUMAN	sp|Q9UK61-4|F208A_HUMAN	sp|Q9UK61|F208A_HUMAN
2017dec27_overlap_dia_6b_rep1_604to616.dia:2539.4346:VQEFEHVNGR+2	1	59114	9.203699	0.36893302	0.81403357	5.5012684	4.872365	0.19025065	0.031414412	7.0	0.0	5.4107056	-4.058029	0.0	10.0	10.0	-1.8203802	12.316238	10.0	3.797054	0	10	0	1	0	0	607.7992688086647	1213.5839846837036	42.32391	-.VQEFEHVNGR.-	sp|Q14839-2|CHD4_HUMAN	sp|Q14839|CHD4_HUMAN
2017dec27_overlap_dia_6b_rep1_604to616.dia:2539.4346:decoyATEELSNELSK+2	-1	59114	13.396927	0.46725777	0.74027824	5.795771	5.2657566	0.1035457	0.02340918	11.0	0.0	6.762442	-0.5600202	0.0	10.0	10.0	2.2287617	1.5431519	10.0	0.29904506	0	11	0	1	0	0	610.8038818086645	1219.5932106837033	42.32391	-.ATEELSNELSK.-	DECOY_sp|P02533|K1C14_HUMAN	DECOY_sp|P08779|K1C16_HUMAN
2017dec27_overlap_dia_6b_rep1_604to616.dia:2539.4346:decoyGLGVNPPSHVESTSSISR+3	-1	59114	12.162836	0.39921913	0.6901202	5.603073	5.0851755	0.107948296	0.02099235	10.0	4.0	6.886048	-1.3856034	0.0	10.0	10.0	-0.6523237	1.2994919	10.0	1.1246283	0	18	0	0	1	0	608.6463893613807	1822.9173386837033	42.32391	-.GLGVNPPSHVESTSSISR.-	DECOY_sp|Q8WWQ0|PHIP_HUMAN
2017dec27_overlap_dia_6b_rep1_604to616.dia:2539.4346:decoyLTSNGGAVGLGGGR+2	-1	59114	14.041483	0.40300453	0.63722134	5.3611445	4.6523705	0.18161777	0.023142587	12.0	1.0	5.7647347	-4.323551	0.55600333	6.611602	6.611602	0.46157742	4.40197	4.010312	4.062576	0	14	0	1	0	0	608.3256513086646	1214.6367496837036	42.32391	-.LTSNGGAVGLGGGR.-	DECOY_sp|Q9NPJ6|MED4_HUMAN
2017dec27_overlap_dia_6b_rep1_604to616.dia:2539.4346:decoyNDNIYFNGAAK+2	-1	59114	10.409197	0.45738706	0.69788045	5.8036766	5.1751504	0.19615597	0.027683364	8.0	0.0	6.6455116	-4.9841337	0.43011647	3.3926177	3.3926177	-1.8316908	0.65590286	0.79132795	4.7231584	0	11	0	1	0	0	613.7936473086646	1225.5727416837035	42.32391	-.NDNIYFNGAAK.-	DECOY_sp|P30038-2|AL4A1_HUMAN	DECOY_sp|P30038-3|AL4A1_HUMAN	DECOY_sp|P30038|AL4A1_HUMAN
2017dec27_overlap_dia_6b_rep1_604to616.dia:2541.4646:NVQLTENEIR+2	1	59166	14.475021	1.1102083	1.338243	6.8738656	6.3423862	0.012766256	0.0026485878	11.0	0.0	6.6207175	-4.965538	0.66797465	2.459697	0.3751904	0.65526676	0.08991623	2.2260993	4.747528	0	10	0	1	0	0	608.3200338086647	1214.6255146837036	42.357742	-.NVQLTENEIR.-	sp|P62136-2|PP1A_HUMAN	sp|P62136|PP1A_HUMAN
2017dec27_overlap_dia_6b_rep1_604to616.dia:2541.4646:VTQSNFAVGYK+2	1	59166	18.43527	1.6297448	2.1164749	7.4948616	6.9899397	0.0010377783	1.8524671E-4	14.0	3.0	5.518717	-4.1390376	0.9813357	2.5067725	-1.3639083	4.372258	0.1661377	3.965198	3.9210277	0	11	0	1	0	0	607.3142163086646	1212.6138796837035	42.357742	-.VTQSNFAVGYK.-	sp|P21796|VDAC1_HUMAN
2017dec27_overlap_dia_6b_rep1_604to616.dia:2543.5781:VSPTNMQGFTK+2	1	59218	12.634675	0.5127158	0.74506223	6.0749116	5.520766	0.05975602	0.011643027	10.0	1.0	4.2639604	-3.1979704	0.81614375	7.0181465	-7.0181465	-1.6129303	0.024852753	9.619436	3.0023227	0	11	0	1	0	0	605.3002563086646	1208.5859596837035	42.392967	-.VSPTNMQGFTK.-	sp|O15379-2|HDAC3_HUMAN	sp|O15379|HDAC3_HUMAN
2017dec27_overlap_dia_6b_rep1_604to616.dia:2543.5781:decoyDYVHFEGSGAGASSGMVR+3	-1	59218	13.530529	0.488913	0.5131319	5.929373	5.8140106	0.058147945	0.013573195	11.0	3.0	5.9907794	-1.9814327	0.0	10.0	10.0	0.7055969	6.2008743	10.0	1.785785	0	18	0	0	1	0	609.6090560280473	1825.8053386837034	42.392967	-.DYVHFEGSGAGASSGMVR.-	DECOY_sp|Q9H875-2|PKRI1_HUMAN	DECOY_sp|Q9H875|PKRI1_HUMAN
2017dec27_overlap_dia_6b_rep1_604to616.dia:2543.5781:decoyEADVSFETTAR+2	-1	59218	11.082701	0.7349226	1.159502	7.3802705	6.5316443	0.13858692	0.027946455	7.0	3.0	6.4835544	-4.8626657	0.99979466	5.901543	3.323446	-2.2149162	0.17842102	0.7221563	4.667018	0	11	0	1	0	0	613.2883998086646	1224.5622466837035	42.392967	-.EADVSFETTAR.-	DECOY_sp|P21333-2|FLNA_HUMAN	DECOY_sp|P21333|FLNA_HUMAN
2017dec27_overlap_dia_6b_rep1_604to616.dia:2543.5781:decoyLDTYQFAQVK+2	-1	59218	10.974778	0.31541747	0.56560725	6.3692575	5.5383887	0.14378451	0.018404441	8.0	0.0	6.1763153	-4.224914	0.5496207	5.4301004	5.4301004	-1.5375652	5.272873	2.8288107	4.0292664	0	10	0	1	0	0	606.8165923086647	1211.6186316837036	42.392967	-.LDTYQFAQVK.-	DECOY_sp|Q13162|PRDX4_HUMAN
2017dec27_overlap_dia_6b_rep1_604to616.dia:2545.607:AEEVEYYYR+2	1	59270	10.196341	0.34252286	0.5647622	6.49391	5.48083	0.12005032	0.020537661	7.0	0.0	4.9525075	-3.7143807	0.0	10.0	10.0	-1.2177582	0.12680435	10.0	3.518733	0	9	0	1	0	0	611.2747478086646	1220.5349426837035	42.42678	-.AEEVEYYYR.-	sp|Q9H0B6-2|KLC2_HUMAN	sp|Q9H0B6|KLC2_HUMAN
2017dec27_overlap_dia_6b_rep1_604to616.dia:2545.607:C[+57.0214635]SVSLSNVEAR+2	1	59270	17.839779	0.96915495	1.3871855	6.8993707	6.203815	0.027162312	0.0024910173	14.0	1.0	8.204878	-6.1536584	0.9756497	2.3448777	-0.80798566	3.2774057	0.06729126	3.4092755	5.9580107	0	11	0	1	0	0	611.2982435586647	1220.5819341837037	42.42678	-.C[+57.0214635]SVSLSNVEAR.-	sp|P47712|PA24A_HUMAN
2017dec27_overlap_dia_6b_rep1_604to616.dia:2545.607:DALQQNPGAFR+2	1	59270	12.569859	0.7156288	0.9733293	6.0100956	5.3815455	0.10392836	0.00908205	10.0	0.0	4.385019	-3.0880196	0.19974752	6.1654987	-6.1654987	-0.23710346	0.16825104	8.7667885	2.892372	0	11	0	1	0	0	608.8070943086647	1215.5996356837036	42.42678	-.DALQQNPGAFR.-	sp|Q96P11-2|NSUN5_HUMAN	sp|Q96P11-4|NSUN5_HUMAN	sp|Q96P11-5|NSUN5_HUMAN	sp|Q96P11|NSUN5_HUMAN
2017dec27_overlap_dia_6b_rep1_604to616.dia:2545.607:decoySPASVDVSAEMK+2	-1	59270	12.547074	0.53120226	0.8221963	5.987311	5.3230295	0.07439558	0.01896999	10.0	0.0	6.2571926	-4.6928945	0.30316216	2.3441372	0.9771608	-1.9484463	0.65864563	1.6241289	4.4972467	0	12	0	1	0	0	610.7950028086647	1219.5754526837036	42.42678	-.SPASVDVSAEMK.-	DECOY_sp|Q8IVF2-3|AHNK2_HUMAN	DECOY_sp|Q8IVF2|AHNK2_HUMAN
2017dec27_overlap_dia_6b_rep1_604to616.dia:2545.607:decoySRYDGSTDGSIDHYLK+3	-1	59270	12.964754	0.5690206	0.76562375	6.404991	5.73979	0.10369513	0.020676011	10.0	7.0	6.6209626	-4.965722	0.0	10.0	10.0	-1.0065165	5.9145393	10.0	4.7700744	1	16	0	0	1	0	605.283222694714	1812.8278386837035	42.42678	-.SRYDGSTDGSIDHYLK.-	DECOY_sp|P50995-2|ANX11_HUMAN	DECOY_sp|P50995|ANX11_HUMAN
2017dec27_overlap_dia_6b_rep1_604to616.dia:2547.7449:AVQQVNAMIEK+2	1	59322	11.68219	0.5819438	0.7791427	6.122426	5.4963474	0.058962103	0.0047449903	9.0	0.0	4.529557	-1.3191607	0.93667644	6.2398243	1.8094223	-1.1111813	0.091171265	0.7918675	1.123513	0	11	0	1	0	0	615.8291808086648	1229.6438086837038	42.462414	-.AVQQVNAMIEK.-	sp|P49366-2|DHYS_HUMAN	sp|P49366|DHYS_HUMAN
2017dec27_overlap_dia_6b_rep1_604to616.dia:2547.7449:TAAFQQDLEAK+2	1	59322	14.866491	0.55987465	1.1319351	6.186153	5.500395	0.06833777	0.0065320637	12.0	1.0	6.187487	-4.6406155	0.0	10.0	10.0	-0.12830544	0.045921326	10.0	4.4449677	0	11	0	1	0	0	611.3091358086647	1220.6037186837036	42.462414	-.TAAFQQDLEAK.-	sp|Q96BQ5|CC127_HUMAN
2017dec27_overlap_dia_6b_rep1_604to616.dia:2549.7854:HPELADKNVPNLHVMK+3	1	59374	11.491772	0.44547915	0.59625036	5.9320083	5.348111	0.09157081	0.008783104	9.0	1.0	2.0922241	-0.90883386	0.9027433	2.796255	-1.6846937	-2.1952982	0.3817215	4.266051	0.71318614	1	16	0	0	1	0	614.6612056947141	1840.9617876837035	42.49642	-.HPELADKNVPNLHVMK.-	sp|P46783|RS10_HUMAN	sp|Q9NQ39|RS10L_HUMAN
2017dec27_overlap_dia_6b_rep1_604to616.dia:2549.7854:KYADLLEESR+2	1	59374	13.485258	0.6665492	1.0721244	6.925495	5.7080793	0.021002123	0.0027954134	10.0	1.0	4.073165	-2.5508077	0.0	10.0	10.0	-1.3416185	0.08311081	10.0	2.35516	1	10	0	1	0	0	612.3169553086647	1222.6193576837036	42.49642	-.KYADLLEESR.-	sp|Q9NUQ3|TXLNG_HUMAN
2017dec27_overlap_dia_6b_rep1_604to616.dia:2549.7854:LPPNVVEESAR+2	1	59374	12.872351	0.5908028	1.0756191	6.3125873	5.5300245	0.03059699	0.0049807252	10.0	0.0	3.539051	-1.097071	0.8238056	5.441399	5.441399	-1.167696	0.15628433	2.860042	0.90142334	0	11	0	1	0	0	605.8249518086647	1209.6353506837036	42.49642	-.LPPNVVEESAR.-	sp|P01023|A2MG_HUMAN
2017dec27_overlap_dia_6b_rep1_604to616.dia:2549.7854:decoyDYSTIHSEFK+2	-1	59374	9.324667	0.51248294	0.7148918	6.467334	5.991314	0.16320693	0.021605894	6.0	0.0	4.0732627	2.3368955	0.0	10.0	10.0	-2.9392033	0.68549347	10.0	2.5325432	0	10	0	1	0	0	613.7880308086645	1225.5615086837033	42.49642	-.DYSTIHSEFK.-	DECOY_sp|B5ME19|EIFCL_HUMAN	DECOY_sp|Q99613-2|EIF3C_HUMAN	DECOY_sp|Q99613|EIF3C_HUMAN
2017dec27_overlap_dia_6b_rep1_604to616.dia:2549.7854:decoyEVSFSTGNAGTR+2	-1	59374	12.354176	0.87036884	1.470057	5.794412	4.9428396	0.048760746	0.0085867625	10.0	0.0	4.8024406	-3.3557584	0.0	10.0	10.0	-0.83744144	5.938881	10.0	3.1601107	0	12	0	1	0	0	613.2940163086645	1224.5734796837032	42.49642	-.EVSFSTGNAGTR.-	DECOY_sp|P55201-2|BRPF1_HUMAN	DECOY_sp|P55201-3|BRPF1_HUMAN	DECOY_sp|P55201-4|BRPF1_HUMAN	DECOY_sp|P55201|BRPF1_HUMAN
2017dec27_overlap_dia_6b_rep1_604to616.dia:2553.9287:NDWTNPEINK+2	1	59478	12.607054	0.42172003	0.6517051	6.0472903	5.367985	0.03740918	0.0052722264	10.0	0.0	5.4956794	-0.35974443	0.5647436	6.2859044	-6.2859044	1.1283121	0.10795593	8.867245	0.16409671	0	10	0	1	0	0	615.7911088086647	1229.5676646837037	42.56548	-.NDWTNPEINK.-	sp|O43402|EMC8_HUMAN
2017dec27_overlap_dia_6b_rep1_604to616.dia:2553.9287:decoyDAPAEEEGVPAK+2	-1	59478	12.386565	0.47405308	0.67388713	5.826802	5.145372	0.124355055	0.017291926	10.0	0.0	3.1952507	1.6337364	0.5205244	5.331262	5.331262	-0.35838604	12.557808	2.7499223	1.8293841	0	12	0	1	0	0	606.7907753086647	1211.5669976837037	42.56548	-.DAPAEEEGVPAK.-	DECOY_sp|Q9UBK8-2|MTRR_HUMAN	DECOY_sp|Q9UBK8|MTRR_HUMAN
2017dec27_overlap_dia_6b_rep1_604to616.dia:2553.9287:decoyYGLVVTGMDKK+2	-1	59478	8.3626175	0.27794537	0.53807926	5.5052853	5.0846357	0.201026	0.03507012	6.0	0.0	4.322154	1.5030987	0.8079049	4.48073	-4.48073	-2.307497	0.041599274	7.06207	1.6987464	1	11	0	1	0	0	605.8286453086646	1209.6427376837034	42.56548	-.YGLVVTGMDKK.-	DECOY_sp|P15170-2|ERF3A_HUMAN	DECOY_sp|P15170-3|ERF3A_HUMAN	DECOY_sp|P15170|ERF3A_HUMAN	DECOY_sp|Q8IYD1|ERF3B_HUMAN
2017dec27_overlap_dia_6b_rep1_604to616.dia:2556.027:C[+57.0214635]IELC[+57.0214635]C[+57.0214635]GSVK+2	1	59530	16.817883	1.4817114	1.9642799	7.0236006	6.4457493	0.0055770474	0.001220555	13.0	0.0	2.6765003	1.3001893	0.95837075	4.7036076	4.7036076	4.0522366	0.07960129	2.1222677	1.495837	0	10	0	1	0	0	613.2723265586648	1224.5301001837038	42.600452	-.C[+57.0214635]IELC[+57.0214635]C[+57.0214635]GSVK.-	sp|P05023-2|AT1A1_HUMAN	sp|P05023-3|AT1A1_HUMAN	sp|P05023-4|AT1A1_HUMAN	sp|P05023|AT1A1_HUMAN
2017dec27_overlap_dia_6b_rep1_604to616.dia:2556.027:LTDNGTEFSVK+2	1	59530	10.548323	0.47507676	0.7442537	5.9428015	5.2503614	0.135606	0.02666588	8.0	1.0	2.0025365	1.5019023	0.0	10.0	10.0	-2.0945692	0.14735794	10.0	1.69755	0	11	0	1	0	0	605.8011428086647	1209.5877326837037	42.600452	-.LTDNGTEFSVK.-	sp|P52732|KIF11_HUMAN
2017dec27_overlap_dia_6b_rep1_604to616.dia:2556.027:MAKEELLFGGK+2	1	59530	9.286907	0.46348584	0.8338703	5.5844765	4.989816	0.054703966	0.018383713	7.0	0.0	1.2312161	0.923412	0.0	10.0	10.0	-1.3931723	5.352398	10.0	1.1190598	1	11	0	1	0	0	611.8286493086647	1221.6427456837037	42.600452	-.MAKEELLFGGK.-	sp|P52789|HXK2_HUMAN
2017dec27_overlap_dia_6b_rep1_604to616.dia:2556.027:decoyAEIMANVQQVK+2	-1	59530	10.462837	0.41996768	0.810568	5.8573165	4.9238925	0.10948353	0.017121134	8.0	0.0	1.7413324	0.64532304	0.0	10.0	10.0	-2.5229263	0.04686737	10.0	0.84097075	0	11	0	1	0	0	615.8291808086645	1229.6438086837034	42.600452	-.AEIMANVQQVK.-	DECOY_sp|P49366-2|DHYS_HUMAN	DECOY_sp|P49366|DHYS_HUMAN
2017dec27_overlap_dia_6b_rep1_604to616.dia:2556.027:decoyC[+57.0214635]VSGC[+57.0214635]C[+57.0214635]LEIK+2	-1	59530	10.034422	0.5307011	0.81147605	6.3319917	5.431433	0.15550621	0.044740625	7.0	0.0	0.6983137	0.011243715	0.95837075	4.7036076	4.7036076	-2.7271852	0.07960129	2.1222677	0.20689143	0	10	0	1	0	0	613.2723265586645	1224.5301001837033	42.600452	-.C[+57.0214635]VSGC[+57.0214635]C[+57.0214635]LEIK.-	DECOY_sp|P05023-2|AT1A1_HUMAN	DECOY_sp|P05023-3|AT1A1_HUMAN	DECOY_sp|P05023-4|AT1A1_HUMAN	DECOY_sp|P05023|AT1A1_HUMAN
2017dec27_overlap_dia_6b_rep1_604to616.dia:2556.027:decoySQTASLQQEPK+2	-1	59530	11.918497	0.55700004	0.7652727	6.358733	5.603405	0.08811024	0.014968297	9.0	1.0	2.2467566	-0.2771049	0.1931548	0.4471056	0.4471056	-1.7744427	12.592781	2.1342342	0.0814572	0	11	0	1	0	0	608.8120423086647	1215.6095316837036	42.600452	-.SQTASLQQEPK.-	DECOY_sp|P52294|IMA5_HUMAN
2017dec27_overlap_dia_6b_rep1_604to616.dia:2558.0781:HFGSVVAQTIR+2	1	59582	11.734118	0.53161794	0.6684704	6.174355	5.633167	0.078179836	0.0055218805	9.0	1.0	3.2304077	-2.311946	0.0	10.0	10.0	0.6471672	0.24047089	10.0	2.1162982	0	11	0	1	0	0	607.8356548086646	1213.6567566837034	42.634636	-.HFGSVVAQTIR.-	sp|Q9UNN5-2|FAF1_HUMAN	sp|Q9UNN5|FAF1_HUMAN
2017dec27_overlap_dia_6b_rep1_604to616.dia:2558.0781:decoyGEYNVDIPDKSSDDSGK+3	-1	59582	13.012163	0.5283505	0.6359185	6.4523993	5.780985	0.1407021	0.02767101	10.0	5.0	1.3694878	1.0271158	0.0	10.0	10.0	-0.44633102	3.5918198	10.0	1.2227635	1	17	0	0	1	0	609.2743953613807	1824.8013566837033	42.634636	-.GEYNVDIPDKSSDDSGK.-	DECOY_sp|P09874|PARP1_HUMAN
2017dec27_overlap_dia_6b_rep1_604to616.dia:2560.1643:ITTQLDQVTAK+2	1	59634	12.920517	0.9106361	1.196673	6.360753	5.6914206	0.032777276	0.0069900774	10.0	1.0	0.7273965	-0.54554737	0.8246758	5.780424	5.780424	1.5573463	0.04693222	3.2190332	0.34989965	0	11	0	1	0	0	609.3404363086647	1216.6663196837037	42.669407	-.ITTQLDQVTAK.-	sp|Q15075|EEA1_HUMAN
2017dec27_overlap_dia_6b_rep1_604to616.dia:2560.1643:LGSSSEIEVPAK+2	1	59634	15.221172	0.7857882	1.2052817	6.540834	5.850285	0.025810096	0.005290627	12.0	3.0	0.3502395	-0.21123831	0.7866391	2.75315	-2.75315	1.8548393	0.009120941	5.314541	0.015590593	0	12	0	1	0	0	608.8246173086648	1215.6346816837038	42.669407	-.LGSSSEIEVPAK.-	sp|Q6UXV4|MIC27_HUMAN
2017dec27_overlap_dia_6b_rep1_604to616.dia:2562.208:decoyAVSTAGPAC[+57.0214635]HEESVAVTR+3	-1	59686	11.2062645	0.5588532	1.1557235	5.646501	4.9384637	0.11616526	0.019306522	9.0	4.0	2.2709494	0.59991664	0.0	10.0	10.0	-1.4696045	7.931389	10.0	0.79556435	0	18	0	0	1	0	614.6318638613808	1840.8737621837038	42.70347	-.AVSTAGPAC[+57.0214635]HEESVAVTR.-	DECOY_sp|Q9BY89|K1671_HUMAN
2017dec27_overlap_dia_6b_rep1_604to616.dia:2566.321:GLSPAQADSQFLENAKR+3	1	59790	13.431411	0.7030707	0.9538554	5.8302546	5.0658045	0.04382115	0.0076465793	11.0	6.0	0.45119023	0.008595681	0.0	10.0	10.0	-0.18248653	7.7559586	10.0	0.20424339	1	17	0	0	1	0	611.3147516947141	1830.9224256837035	42.77202	-.GLSPAQADSQFLENAKR.-	sp|O43491-2|E41L2_HUMAN	sp|O43491-3|E41L2_HUMAN	sp|O43491-4|E41L2_HUMAN	sp|O43491|E41L2_HUMAN
2017dec27_overlap_dia_6b_rep1_604to616.dia:2566.321:LELEQTYQAK+2	1	59790	15.410628	1.1131244	1.2734562	6.7302904	6.0900965	0.02792972	0.0017555889	12.0	2.0	2.152541	-0.29978007	0.98911965	3.6838188	1.152064	1.8305273	0.0104904175	1.4093269	0.104132354	0	10	0	1	0	0	611.8193318086647	1221.6241106837037	42.77202	-.LELEQTYQAK.-	sp|Q03252|LMNB2_HUMAN
2017dec27_overlap_dia_6b_rep1_604to616.dia:2566.321:RPVGASFSFGGK+2	1	59790	11.837782	0.79917604	1.2553127	6.278018	5.490705	0.070588954	0.008513162	9.0	1.0	2.319656	-0.60564554	0.5495784	3.6121564	3.6121564	-0.559947	0.419075	1.0507655	0.40999782	0	12	0	1	0	0	605.3223798086647	1208.6302066837036	42.77202	-.RPVGASFSFGGK.-	sp|O94979-10|SC31A_HUMAN	sp|O94979-2|SC31A_HUMAN	sp|O94979-3|SC31A_HUMAN	sp|O94979-4|SC31A_HUMAN	sp|O94979-5|SC31A_HUMAN	sp|O94979-6|SC31A_HUMAN	sp|O94979-7|SC31A_HUMAN	sp|O94979-8|SC31A_HUMAN	sp|O94979-9|SC31A_HUMAN	sp|O94979|SC31A_HUMAN
2017dec27_overlap_dia_6b_rep1_604to616.dia:2566.321:SPSSEVWFDR+2	1	59790	11.643927	0.56881064	1.0147953	6.084163	5.022454	0.05529087	0.01141049	9.0	0.0	2.8537662	-0.8846828	0.0	10.0	10.0	-0.44426918	10.791695	10.0	0.68903506	0	10	0	1	0	0	605.2803768086646	1208.5462006837035	42.77202	-.SPSSEVWFDR.-	sp|P42345|MTOR_HUMAN
2017dec27_overlap_dia_6b_rep1_604to616.dia:2566.321:decoyEQLESEAVVVK+2	-1	59790	9.435608	0.43036094	1.0284932	5.7331767	5.1602407	0.17547396	0.008913534	7.0	0.0	2.3246481	1.1290513	0.0	10.0	10.0	-2.9029245	0.57373047	10.0	1.324699	0	11	0	1	0	0	615.8324428086646	1229.6503326837035	42.77202	-.EQLESEAVVVK.-	DECOY_sp|Q9BVM2|DPCD_HUMAN
2017dec27_overlap_dia_6b_rep1_604to616.dia:2568.4385:GDVENIEVVQK+2	1	59842	19.180511	1.4397635	2.0567043	7.064011	6.449162	0.0021771872	2.3029029E-4	15.0	1.0	3.9409382	-2.9557037	0.97902185	2.3788915	-0.23799825	0.7862873	0.15042114	2.7993891	2.760056	0	11	0	1	0	0	615.3222423086647	1228.6299316837037	42.80731	-.GDVENIEVVQK.-	sp|P42704|LPPRC_HUMAN
2017dec27_overlap_dia_6b_rep1_604to616.dia:2570.5051:LC[+57.0214635]NSLEESIR+2	1	59894	10.42668	0.8940898	1.0977345	5.8211594	5.0987477	0.08530655	0.014539713	8.0	0.0	3.5203445	-2.6402583	0.84025943	5.6301236	5.6301236	-1.1482267	2.2797356	3.0687327	2.4446106	0	10	0	1	0	0	610.8006190586647	1219.5866851837036	42.84175	-.LC[+57.0214635]NSLEESIR.-	sp|Q9HAU5|RENT2_HUMAN
2017dec27_overlap_dia_6b_rep1_604to616.dia:2570.5051:VPNVPQEALDK+2	1	59894	11.429644	0.7576863	1.333736	5.8698807	5.662545	0.046538923	0.010569449	9.0	1.0	4.484646	1.5194168	0.0	10.0	10.0	-0.4056282	1.8930473	10.0	1.7150645	0	11	0	1	0	0	605.3273278086648	1208.6401026837038	42.84175	-.VPNVPQEALDK.-	sp|A3KMH1-2|VWA8_HUMAN	sp|A3KMH1-3|VWA8_HUMAN	sp|A3KMH1|VWA8_HUMAN
2017dec27_overlap_dia_6b_rep1_604to616.dia:2570.5051:decoyGSSLSDLSDTSR+2	-1	59894	8.665842	0.32270086	0.5260851	5.8085093	4.9525423	0.10071721	0.028331567	6.0	0.0	4.145477	1.1370691	0.0	10.0	10.0	-1.8369398	3.3716354	10.0	1.3327168	0	12	0	1	0	0	612.7887628086645	1223.5629726837033	42.84175	-.GSSLSDLSDTSR.-	DECOY_sp|Q9ULJ8-3|NEB1_HUMAN	DECOY_sp|Q9ULJ8-4|NEB1_HUMAN	DECOY_sp|Q9ULJ8-5|NEB1_HUMAN	DECOY_sp|Q9ULJ8|NEB1_HUMAN
2017dec27_overlap_dia_6b_rep1_604to616.dia:2572.631:FGPYESYDSR+2	1	59946	14.09935	0.7773416	1.1475401	6.4981937	5.9254966	0.009258525	0.0017114666	11.0	0.0	3.8991365	-2.9243524	0.8128124	2.5574055	-2.5574055	4.307111	0.03351593	5.1187963	2.7287047	0	10	0	1	0	0	610.7645513086646	1219.5145496837035	42.877186	-.FGPYESYDSR.-	sp|Q5BKZ1|ZN326_HUMAN
2017dec27_overlap_dia_6b_rep1_604to616.dia:2576.832:C[+57.0214635]VNNYQGMLK+2	1	60050	14.548998	0.80322254	0.8985089	5.8686604	5.1039934	0.029037036	0.0062482404	12.0	0.0	3.6836967	-2.7627726	0.8889652	2.4916925	-2.4916925	4.0692835	0.17891312	5.0530834	2.5545483	0	10	0	1	0	0	613.7864540586647	1225.5583551837037	42.9472	-.C[+57.0214635]VNNYQGMLK.-	sp|O75663-2|TIPRL_HUMAN	sp|O75663|TIPRL_HUMAN
2017dec27_overlap_dia_6b_rep1_604to616.dia:2576.832:LSQLVNSNNLK+2	1	60050	13.3070755	0.5836264	0.9757219	5.7059197	5.162235	0.058918986	0.01241392	11.0	0.0	1.218264	-0.52363205	0.0	10.0	10.0	1.4086332	0.008174896	10.0	0.31540775	0	11	0	1	0	0	615.3460508086646	1228.6775486837034	42.9472	-.LSQLVNSNNLK.-	sp|Q9UI42-2|CBPA4_HUMAN	sp|Q9UI42|CBPA4_HUMAN
2017dec27_overlap_dia_6b_rep1_604to616.dia:2576.832:NVDLDLAASHR+2	1	60050	9.819906	0.58295226	1.1707011	5.214386	4.5865498	0.08113926	0.006741085	8.0	1.0	3.422486	-1.5769533	0.8305435	7.6604457	-7.6604457	-2.2139015	0.24389267	10.221836	1.368729	0	11	0	1	0	0	605.8123758086647	1209.6101986837036	42.9472	-.NVDLDLAASHR.-	sp|Q15751|HERC1_HUMAN
2017dec27_overlap_dia_6b_rep1_604to616.dia:2576.832:decoyAYAAGLSVSPQR+2	-1	60050	13.593091	0.40913624	0.9255651	5.991935	5.2396255	0.22642682	0.031809285	11.0	1.0	5.8567924	-4.3925943	0.0	10.0	10.0	0.016124725	3.13871	10.0	4.18437	0	12	0	1	0	0	610.3251153086644	1218.635677683703	42.9472	-.AYAAGLSVSPQR.-	DECOY_sp|Q96PK6|RBM14_HUMAN
2017dec27_overlap_dia_6b_rep1_604to616.dia:2576.832:decoyNHSAALDLDVR+2	-1	60050	9.814951	0.55904895	0.91572607	5.20943	4.4402795	0.10568336	0.011482333	8.0	1.0	4.334795	-3.2510962	0.8305435	7.6604457	-7.6604457	-1.7987242	0.24389267	10.221836	3.042872	0	11	0	1	0	0	605.8123758086646	1209.6101986837034	42.9472	-.NHSAALDLDVR.-	DECOY_sp|Q15751|HERC1_HUMAN
2017dec27_overlap_dia_6b_rep1_604to616.dia:2581.0486:EVFGDDSEISKESSGVK+3	1	60154	10.8071	0.5351942	0.83808994	5.247337	4.322107	0.20443512	0.019877616	9.0	1.0	0.7714248	0.19392319	0.68763137	5.239647	-5.239647	-1.8120632	0.03768921	7.801038	0.40214747	1	17	0	0	1	0	604.9547770280475	1811.8425016837039	43.017475	-.EVFGDDSEISKESSGVK.-	sp|O43395|PRPF3_HUMAN
2017dec27_overlap_dia_6b_rep1_604to616.dia:2581.0486:NAAGNFYINDK+2	1	60154	10.256081	0.5585863	1.2110932	5.6505594	5.050874	0.20233296	0.014348529	8.0	0.0	3.5414588	1.7879097	0.0	10.0	10.0	-1.7204456	0.035003662	10.0	1.996134	0	11	0	1	0	0	613.7936473086647	1225.5727416837037	43.017475	-.NAAGNFYINDK.-	sp|P30038-2|AL4A1_HUMAN	sp|P30038-3|AL4A1_HUMAN	sp|P30038|AL4A1_HUMAN
2017dec27_overlap_dia_6b_rep1_604to616.dia:2581.0486:QISDGEREELNLTANR+3	1	60154	26.691362	2.0684428	1.9316187	6.983019	6.33507	0.00397355	7.620822E-4	21.0	15.0	1.1499894	-0.63247454	0.9406739	3.1989975	3.1989975	6.414673	0.04113388	0.6376066	0.42425025	1	16	0	0	1	0	615.641415694714	1843.9024176837036	43.017475	-.QISDGEREELNLTANR.-	sp|O95816-2|BAG2_HUMAN	sp|O95816|BAG2_HUMAN
2017dec27_overlap_dia_6b_rep1_604to616.dia:2581.0486:decoyGILDQNGDLKR+2	-1	60154	10.1941595	0.29137334	0.80230427	5.588639	4.6874685	0.08870096	0.014955919	8.0	0.0	2.4729712	0.019283473	0.16173288	7.4773245	-7.4773245	-1.3617296	7.0453415	10.038715	0.22750777	1	11	0	1	0	0	614.8358513086646	1227.6571496837034	43.017475	-.GILDQNGDLKR.-	DECOY_sp|P48735-2|IDHP_HUMAN	DECOY_sp|P48735|IDHP_HUMAN
2017dec27_overlap_dia_6b_rep1_604to616.dia:2585.2263:LVPSQAEIEAR+2	1	60258	12.483847	1.0777447	1.6702092	5.9240837	5.255272	0.061462045	0.0048766923	10.0	0.0	4.4297547	-1.609278	0.9337879	4.493904	4.493904	0.33048058	0.031536102	1.9524632	1.389989	0	11	0	1	0	0	606.8327773086647	1211.6510016837037	43.087105	-.LVPSQAEIEAR.-	sp|Q96K21-2|ANCHR_HUMAN	sp|Q96K21-3|ANCHR_HUMAN	sp|Q96K21-4|ANCHR_HUMAN	sp|Q96K21|ANCHR_HUMAN
2017dec27_overlap_dia_6b_rep1_604to616.dia:2585.2263:decoyEADLC[+57.0214635]NEIMK+2	-1	60258	10.26328	0.33658928	0.6089166	5.657759	4.8043466	0.07240417	0.015156723	8.0	0.0	4.0701756	2.5390406	0.4941793	2.5947757	-2.5947757	-1.7165909	0.1395607	5.1362166	2.7583294	0	10	0	1	0	0	611.7757560586647	1221.5369591837036	43.087105	-.EADLC[+57.0214635]NEIMK.-	DECOY_sp|P40692|MLH1_HUMAN
2017dec27_overlap_dia_6b_rep1_604to616.dia:2585.2263:decoyGLYEANEATSR+2	-1	60258	9.535593	0.73719496	1.1424757	5.833163	4.827839	0.17697385	0.024193622	7.0	0.0	1.969995	-1.4774963	0.0	10.0	10.0	-1.4013958	9.143551	10.0	1.2582073	0	11	0	1	0	0	605.7885623086646	1209.5625716837035	43.087105	-.GLYEANEATSR.-	DECOY_sp|P00533|EGFR_HUMAN
2017dec27_overlap_dia_6b_rep1_604to616.dia:2589.399:IPHEPVINSSNVHVGSR+3	1	60362	14.256224	0.72690886	0.9371418	5.5758862	5.1869793	0.08962886	0.033623993	12.0	4.0	2.2818954	0.21585685	0.0	10.0	10.0	-0.5187473	2.3743668	10.0	0.43665725	0	17	0	0	1	0	614.6587406947141	1840.9543926837034	43.15665	-.IPHEPVINSSNVHVGSR.-	sp|Q14966-2|ZN638_HUMAN	sp|Q14966-3|ZN638_HUMAN	sp|Q14966-4|ZN638_HUMAN	sp|Q14966|ZN638_HUMAN
2017dec27_overlap_dia_6b_rep1_604to616.dia:2589.399:LSNLALVKPEK+2	1	60362	15.078161	1.3116205	1.5410357	6.3978233	5.708129	0.065406285	0.007534363	12.0	2.0	1.9998986	1.499924	0.98782545	3.5105946	3.5105946	3.4430065	0.46523666	0.96915364	1.7207243	0	11	0	1	0	0	606.3715378086648	1210.7285226837039	43.15665	-.LSNLALVKPEK.-	sp|O14737-2|PDCD5_HUMAN	sp|O14737|PDCD5_HUMAN
2017dec27_overlap_dia_6b_rep1_604to616.dia:2589.399:decoyEELEAGSPVQR+2	-1	60362	10.59862	0.62943155	0.9054804	5.9930997	5.516953	0.27089137	0.026180016	8.0	0.0	4.0702877	2.8322191	0.8329173	3.3427706	3.3427706	-1.5582113	5.0925407	0.8013296	3.0530195	0	11	0	1	0	0	607.8042168086645	1213.5938806837032	43.15665	-.EELEAGSPVQR.-	DECOY_sp|Q8WWI1-2|LMO7_HUMAN	DECOY_sp|Q8WWI1-3|LMO7_HUMAN	DECOY_sp|Q8WWI1-4|LMO7_HUMAN	DECOY_sp|Q8WWI1-5|LMO7_HUMAN	DECOY_sp|Q8WWI1|LMO7_HUMAN
2017dec27_overlap_dia_6b_rep1_604to616.dia:2589.399:decoyHMVHLNPVNKDALEPK+3	-1	60362	10.33701	0.54206103	0.94409305	5.7314897	5.0052066	0.14671454	0.027826494	8.0	4.0	1.7003031	1.2752273	0.0	10.0	10.0	-2.2950182	0.27850723	10.0	1.4960277	1	16	0	0	1	0	614.661205694714	1840.9617876837033	43.15665	-.HMVHLNPVNKDALEPK.-	DECOY_sp|P46783|RS10_HUMAN	DECOY_sp|Q9NQ39|RS10L_HUMAN
2017dec27_overlap_dia_6b_rep1_604to616.dia:2589.399:decoyLSNHEAIHGDIQELKK+3	-1	60362	12.451057	0.5361837	0.8191962	5.891294	5.0803366	0.1672173	0.024966616	10.0	4.0	3.9242017	2.9431512	0.0	10.0	10.0	-0.62679386	3.9149895	10.0	3.1639516	1	16	0	0	1	0	611.3268800280474	1830.9588106837034	43.15665	-.LSNHEAIHGDIQELKK.-	DECOY_sp|Q9NTJ3|SMC4_HUMAN
2017dec27_overlap_dia_6b_rep1_604to616.dia:2589.399:decoyRGGFSFSAGVPK+2	-1	60362	11.612196	0.49375543	0.83276355	6.0524325	5.051713	0.17092632	0.014685171	9.0	1.0	1.2662681	0.94970113	0.0	10.0	10.0	-0.7946243	0.0344429	10.0	1.1705015	1	12	0	1	0	0	605.3223798086644	1208.6302066837031	43.15665	-.RGGFSFSAGVPK.-	DECOY_sp|O94979-10|SC31A_HUMAN	DECOY_sp|O94979-2|SC31A_HUMAN	DECOY_sp|O94979-3|SC31A_HUMAN	DECOY_sp|O94979-4|SC31A_HUMAN	DECOY_sp|O94979-5|SC31A_HUMAN	DECOY_sp|O94979-6|SC31A_HUMAN	DECOY_sp|O94979-7|SC31A_HUMAN	DECOY_sp|O94979-8|SC31A_HUMAN	DECOY_sp|O94979-9|SC31A_HUMAN	DECOY_sp|O94979|SC31A_HUMAN
2017dec27_overlap_dia_6b_rep1_604to616.dia:2589.399:decoyYNLSVSPAFTK+2	-1	60362	11.77821	0.32530743	0.6539116	6.2184467	5.0778627	0.15192506	0.022493517	9.0	1.0	2.6007211	1.4503686	0.0	10.0	10.0	-0.64672565	13.27597	10.0	1.671169	0	11	0	1	0	0	613.8244163086645	1225.6342796837032	43.15665	-.YNLSVSPAFTK.-	DECOY_sp|Q9NR12-3|PDLI7_HUMAN	DECOY_sp|Q9NR12-4|PDLI7_HUMAN	DECOY_sp|Q9NR12-5|PDLI7_HUMAN	DECOY_sp|Q9NR12-6|PDLI7_HUMAN	DECOY_sp|Q9NR12|PDLI7_HUMAN
2017dec27_overlap_dia_6b_rep1_604to616.dia:2593.5105:VEEVGPYTYR+2	1	60466	14.292748	1.7044678	1.8977367	6.691592	6.1531796	0.016636966	0.0010635203	11.0	1.0	0.53670764	-0.07535933	0.97762823	2.9137082	2.9037046	2.6687584	0.039951324	0.36226368	0.14544107	0	10	0	1	0	0	606.7983948086647	1211.5822366837037	43.225174	-.VEEVGPYTYR.-	sp|Q14108-2|SCRB2_HUMAN	sp|Q14108|SCRB2_HUMAN
2017dec27_overlap_dia_6b_rep1_604to616.dia:2593.5105:decoyLMSHLQEPTR+2	-1	60466	8.911884	0.73604894	0.9667894	5.209453	4.695033	0.19316256	0.023084367	7.0	1.0	5.381651	-0.61090124	0.7350863	0.03776009	-0.03776009	-2.3201132	6.592659	2.579201	0.39010084	0	10	0	1	0	0	606.3136978086646	1210.6128426837035	43.225174	-.LMSHLQEPTR.-	DECOY_sp|Q9Y2R0|COA3_HUMAN
2017dec27_overlap_dia_6b_rep1_604to616.dia:2599.6814:ASENGHYELEHLSTPK+3	1	60622	11.813205	0.45227006	0.64317966	5.2534413	4.5882893	0.106786884	0.0123309465	10.0	4.0	3.2955701	2.4716775	0.3486867	7.335308	-7.335308	0.8951731	5.2654305	9.876749	2.705054	0	16	0	0	1	0	604.6234706947141	1810.8485826837036	43.328022	-.ASENGHYELEHLSTPK.-	sp|O95149|SPN1_HUMAN
2017dec27_overlap_dia_6b_rep1_604to616.dia:2601.7664:APHDFQFVQK+2	1	60674	9.134661	0.3933121	0.8719908	5.43223	4.6449842	0.2105493	0.037707373	7.0	1.0	1.8505626	1.3879219	0.0	10.0	10.0	-1.3966103	2.275032	10.0	1.6212984	0	10	0	1	0	0	608.8091058086646	1215.6036586837035	43.362774	-.APHDFQFVQK.-	sp|Q86TI2-2|DPP9_HUMAN	sp|Q86TI2-4|DPP9_HUMAN	sp|Q86TI2|DPP9_HUMAN
2017dec27_overlap_dia_6b_rep1_604to616.dia:2601.7664:FQVSVAADGAQK+2	1	60674	14.852766	0.9975081	1.7039113	6.172428	5.380898	0.05379531	0.0070093796	12.0	1.0	2.480828	1.5692973	0.81903154	8.775508	8.775508	0.5755987	0.05940628	6.234067	1.8026738	0	12	0	1	0	0	610.8171278086646	1219.6197026837035	43.362774	-.FQVSVAADGAQK.-	sp|Q9H4A3-2|WNK1_HUMAN	sp|Q9H4A3-4|WNK1_HUMAN	sp|Q9H4A3-5|WNK1_HUMAN	sp|Q9H4A3-6|WNK1_HUMAN	sp|Q9H4A3-7|WNK1_HUMAN	sp|Q9H4A3|WNK1_HUMAN
2017dec27_overlap_dia_6b_rep1_604to616.dia:2601.7664:IASPEGQDYLK+2	1	60674	16.763552	1.5529774	2.1250849	6.9692707	6.3013687	0.02117805	0.0031015056	13.0	2.0	1.8874744	0.3087933	0.9918976	4.879027	4.5938663	5.54169	0.1701622	2.0524254	0.5421698	0	11	0	1	0	0	610.8115063086647	1219.6084596837036	43.362774	-.IASPEGQDYLK.-	sp|Q9Y3I0|RTCB_HUMAN
2017dec27_overlap_dia_6b_rep1_604to616.dia:2601.7664:KGTPWEGGLFK+2	1	60674	10.911388	0.94363946	1.7965015	5.351625	4.8572593	0.05553978	0.01351874	9.0	2.0	3.6360967	-0.985213	0.0	10.0	10.0	-1.3795109	10.648529	10.0	0.7518365	1	11	0	1	0	0	610.3271313086648	1218.6397096837038	43.362774	-.KGTPWEGGLFK.-	sp|P63279|UBC9_HUMAN
2017dec27_overlap_dia_6b_rep1_604to616.dia:2601.7664:QSVDNVTNPEK+2	1	60674	11.216597	0.7960347	1.1436033	5.6568336	4.722333	0.13288559	0.012354261	9.0	1.0	3.281741	2.4613056	0.0	10.0	10.0	-1.6223211	13.355103	10.0	2.6946821	0	11	0	1	0	0	615.8016738086648	1229.5887946837038	43.362774	-.QSVDNVTNPEK.-	sp|Q9UPN6-2|SCAF8_HUMAN	sp|Q9UPN6|SCAF8_HUMAN
2017dec27_overlap_dia_6b_rep1_604to616.dia:2603.8347:QARPGPQSPGSPLEEER+3	1	60726	15.810722	0.90685564	1.0481502	6.0164413	5.0417314	0.049386874	0.008851824	13.0	5.0	2.6584523	-1.922035	0.64772743	4.9454823	-4.9454823	0.6959038	0.08272171	7.486923	1.6886585	0	17	0	0	1	0	612.3062563613809	1833.896939683704	43.397243	-.QARPGPQSPGSPLEEER.-	sp|A6NI72|NCF1B_HUMAN	sp|A8MVU1|NCF1C_HUMAN	sp|P14598|NCF1_HUMAN
2017dec27_overlap_dia_6b_rep1_604to616.dia:2603.8347:decoyVEAQEFAEMR+2	-1	60726	12.445365	0.5682677	1.0430081	5.8856015	5.1785097	0.13797428	0.026337085	10.0	1.0	3.6390781	-1.6328988	0.0	10.0	10.0	0.7216644	0.2246437	10.0	1.3995223	0	10	0	1	0	0	605.2820633086645	1208.5495736837033	43.397243	-.VEAQEFAEMR.-	DECOY_sp|P12694-2|ODBA_HUMAN	DECOY_sp|P12694|ODBA_HUMAN
2017dec27_overlap_dia_6b_rep1_604to616.dia:2605.9285:EVVVAESELQK+2	1	60778	11.560845	0.8468461	1.19273	6.001082	5.2588415	0.039505094	0.003562577	9.0	0.0	4.0004764	3.0003572	0.48479944	1.4358588	-0.7697936	-1.6583967	0.08639145	3.3112345	3.2337337	0	11	0	1	0	0	615.8324428086647	1229.6503326837037	43.43214	-.EVVVAESELQK.-	sp|Q9BVM2|DPCD_HUMAN
2017dec27_overlap_dia_6b_rep1_604to616.dia:2605.9285:GGGEYGETWHK+2	1	60778	10.401658	0.5636576	0.8283243	5.7961373	4.9323926	0.043835126	0.0077146944	8.0	0.0	5.4752593	-2.431405	0.0	10.0	10.0	-0.0803833	13.424469	10.0	2.1980286	0	11	0	1	0	0	610.7701733086648	1219.5257936837038	43.43214	-.GGGEYGETWHK.-	sp|P48147|PPCE_HUMAN
2017dec27_overlap_dia_6b_rep1_604to616.dia:2605.9285:decoyVYTYPGVEER+2	-1	60778	9.737141	0.8211509	1.0977726	6.0347104	5.6889105	0.16136956	0.0214239	7.0	0.0	5.0001106	-2.8499513	0.9699534	4.0214024	-1.2190504	-1.967372	0.16560745	3.7604914	2.6165748	0	10	0	1	0	0	606.7983948086647	1211.5822366837037	43.43214	-.VYTYPGVEER.-	DECOY_sp|Q14108-2|SCRB2_HUMAN	DECOY_sp|Q14108|SCRB2_HUMAN
2017dec27_overlap_dia_6b_rep1_604to616.dia:2608.0151:EMIENC[+57.0214635]LDAK+2	1	60830	12.774558	0.68754417	0.91107714	6.2147946	5.149525	0.039949585	0.0027797138	10.0	0.0	4.418842	-1.693217	0.83298	4.091726	-4.091726	0.67918205	0.24025345	6.633167	1.4598405	0	10	0	1	0	0	611.7757560586647	1221.5369591837036	43.46692	-.EMIENC[+57.0214635]LDAK.-	sp|P40692|MLH1_HUMAN
2017dec27_overlap_dia_6b_rep1_604to616.dia:2608.0151:LTTVC[+57.0214635]PTVKPQTQGLAK+3	1	60830	11.337596	0.603918	0.80156565	5.7778325	4.9966316	0.18178155	0.020838134	9.0	3.0	2.1008077	-1.5756058	0.0	10.0	10.0	-1.0956497	0.008983612	10.0	1.3422292	0	17	0	0	1	0	614.676634194714	1841.0080731837031	43.46692	-.LTTVC[+57.0214635]PTVKPQTQGLAK.-	sp|P07947|YES_HUMAN
2017dec27_overlap_dia_6b_rep1_604to616.dia:2608.0151:decoyFDAQTLDC[+57.0214635]VR+2	-1	60830	8.8047905	0.5254678	1.1199238	5.947458	4.8305182	0.1561612	0.012522797	6.0	0.0	5.024191	3.0557427	0.55581677	5.5304117	5.5304117	-2.5877962	0.6627159	2.9889708	3.2891192	0	10	0	1	0	0	612.7875130586647	1223.5604731837036	43.46692	-.FDAQTLDC[+57.0214635]VR.-	DECOY_sp|Q6IEG0|SNR48_HUMAN
2017dec27_overlap_dia_6b_rep1_604to616.dia:2608.0151:decoyYKNEEVIAEK+2	-1	60830	10.522301	0.7184229	1.0888195	5.9167805	5.3399844	0.23608924	0.017896181	8.0	0.0	4.4805565	-0.93860763	0.5767867	3.6844516	3.0763125	-0.8899965	13.459248	0.5348716	0.70523113	1	10	0	1	0	0	611.8193308086646	1221.6241086837035	43.46692	-.YKNEEVIAEK.-	DECOY_sp|Q99417|MYCBP_HUMAN
2017dec27_overlap_dia_6b_rep1_604to616.dia:2612.154:GSISSTSEVHSPPNVGLR+3	1	60934	16.590212	0.97263885	1.1405857	5.6498036	5.0880547	0.05068413	0.0047674454	14.0	5.0	1.5550138	-0.5828345	0.33911514	8.48976	8.48976	0.58004856	0.087501526	5.9483194	0.33688188	0	18	0	0	1	0	608.6463893613808	1822.9173386837035	43.5359	-.GSISSTSEVHSPPNVGLR.-	sp|Q8WWQ0|PHIP_HUMAN
2017dec27_overlap_dia_6b_rep1_604to616.dia:2612.154:decoyIEAFPQGAGYR+2	-1	60934	11.086332	0.57263607	0.85506123	5.5265684	4.942003	0.21331379	0.05505782	9.0	0.0	3.1172273	-1.2750788	0.0	10.0	10.0	-0.9556446	1.7733116	10.0	1.0291262	0	11	0	1	0	0	604.8065588086646	1207.5985646837034	43.5359	-.IEAFPQGAGYR.-	DECOY_sp|P54098|DPOG1_HUMAN
2017dec27_overlap_dia_6b_rep1_604to616.dia:2612.154:decoyLDVEEGLHTDEC[+57.0214635]EKR+3	-1	60934	10.386282	0.47210294	0.521763	5.7807617	5.056799	0.15248336	0.013921926	8.0	3.0	3.3749542	1.3384993	0.0	10.0	10.0	-2.2074327	11.155876	10.0	1.5844519	1	15	0	0	1	0	610.6159905280475	1828.826142183704	43.5359	-.LDVEEGLHTDEC[+57.0214635]EKR.-	DECOY_sp|O43847-2|NRDC_HUMAN	DECOY_sp|O43847|NRDC_HUMAN
2017dec27_overlap_dia_6b_rep1_604to616.dia:2614.248:EALQEQLDER+2	1	60986	13.245405	0.53252333	0.87449425	5.6442485	4.84499	0.11491127	0.013532535	11.0	0.0	2.7783983	-2.007972	0.0	10.0	10.0	-0.22911263	4.4157944	10.0	1.7620194	0	10	0	1	0	0	615.8016743086647	1229.5887956837037	43.5708	-.EALQEQLDER.-	sp|Q13439-3|GOGA4_HUMAN	sp|Q13439-4|GOGA4_HUMAN	sp|Q13439-5|GOGA4_HUMAN	sp|Q13439|GOGA4_HUMAN
2017dec27_overlap_dia_6b_rep1_604to616.dia:2614.248:decoyKQTEYEFIR+2	-1	60986	12.8845005	0.63023263	1.0132034	6.3247366	5.703661	0.05790644	0.013772451	10.0	0.0	1.9916887	-1.2061069	0.0	10.0	10.0	-0.98362255	7.9437027	10.0	0.9601543	1	9	0	1	0	0	607.3142163086646	1212.6138796837035	43.5708	-.KQTEYEFIR.-	DECOY_sp|P50402|EMD_HUMAN
2017dec27_overlap_dia_6b_rep1_604to616.dia:2614.248:decoyLSVKDHEYDTFVAYR+3	-1	60986	12.2796135	0.50940686	0.7968358	5.7198505	4.710091	0.10060762	0.021500379	10.0	2.0	0.84710497	-0.4113856	0.0	10.0	10.0	0.018249512	7.5082436	10.0	0.16543299	1	15	0	0	1	0	614.9722086947141	1841.8947966837038	43.5708	-.LSVKDHEYDTFVAYR.-	DECOY_sp|Q8TCS8|PNPT1_HUMAN
2017dec27_overlap_dia_6b_rep1_604to616.dia:2616.3008:AQDSAQLSELR+2	1	61038	12.316056	0.8050569	0.9556888	6.756293	5.812385	0.016636904	0.0018628491	9.0	1.0	3.4434242	0.16110884	0.5578048	3.6507778	-2.345909	-0.7832508	0.19174576	4.88735	0.40706146	0	11	0	1	0	0	609.3096663086646	1216.6047796837036	43.605015	-.AQDSAQLSELR.-	sp|Q8N3T6|T132C_HUMAN
2017dec27_overlap_dia_6b_rep1_604to616.dia:2616.3008:ASPQSEFMPSK+2	1	61038	12.117672	0.45976973	0.628356	5.557909	4.863575	0.0516572	0.012122215	10.0	0.0	5.80016	4.35012	0.52650887	0.5263904	0.5263904	-1.1251726	1.3932877	2.0150506	4.5960727	0	11	0	1	0	0	604.7844383086647	1207.5543236837036	43.605015	-.ASPQSEFMPSK.-	sp|Q9NQW6-2|ANLN_HUMAN	sp|Q9NQW6|ANLN_HUMAN
2017dec27_overlap_dia_6b_rep1_604to616.dia:2616.3008:HFLEAIENNK+2	1	61038	19.507309	0.96457756	1.3502983	6.1866884	5.603042	0.023340885	0.0026649209	16.0	0.0	6.8546824	-1.9100804	0.81468964	1.3312547	1.3312547	5.920024	0.08348465	1.2101862	1.6641278	0	10	0	1	0	0	607.8118443086647	1213.6091356837037	43.605015	-.HFLEAIENNK.-	sp|Q8WU90|ZC3HF_HUMAN
2017dec27_overlap_dia_6b_rep1_604to616.dia:2616.3008:LENDQIESLR+2	1	61038	18.048197	1.8318278	2.2702723	7.1077876	6.3776875	0.006516288	0.0010049625	14.0	4.0	4.0040135	1.1742444	0.9780357	5.0071363	5.0071363	1.486804	0.19174576	2.4656954	1.420197	0	10	0	1	0	0	608.8120413086647	1215.6095296837036	43.605015	-.LENDQIESLR.-	sp|P56192|SYMC_HUMAN
2017dec27_overlap_dia_6b_rep1_604to616.dia:2616.3008:decoyDSSPIQLAPKGALNESGR+3	-1	61038	13.156425	0.3296758	0.57555425	5.5552697	5.1089897	0.24363245	0.016440958	11.0	1.0	4.483752	0.5913186	0.0	10.0	10.0	-0.16893196	6.6532745	10.0	0.8372712	1	18	0	0	1	0	613.9901563613806	1838.948639683703	43.605015	-.DSSPIQLAPKGALNESGR.-	DECOY_sp|Q8TF74|WIPF2_HUMAN
2017dec27_overlap_dia_6b_rep1_604to616.dia:2616.3008:decoyELGSEVYGSFK+2	-1	61038	12.54005	0.53609043	1.0405328	5.980286	5.408469	0.19954476	0.038690865	10.0	1.0	4.2357945	3.176846	0.20940503	7.99491	-7.99491	-1.8527489	6.327076	10.53635	3.4227986	0	11	0	1	0	0	608.2982313086646	1214.5819096837035	43.605015	-.ELGSEVYGSFK.-	DECOY_sp|P20073-2|ANXA7_HUMAN	DECOY_sp|P20073|ANXA7_HUMAN
2017dec27_overlap_dia_6b_rep1_604to616.dia:2616.3008:decoyGVAATPHTTAGLK+2	-1	61038	14.373803	0.45828363	0.751133	5.693465	5.1054044	0.05465138	0.013043303	12.0	1.0	4.499752	3.374814	0.0	10.0	10.0	-1.1948652	13.597343	10.0	3.6207666	0	13	0	1	0	0	612.3407708086645	1222.6669886837033	43.605015	-.GVAATPHTTAGLK.-	DECOY_sp|P52789|HXK2_HUMAN
2017dec27_overlap_dia_6b_rep1_604to616.dia:2616.3008:decoyNNWGQLNDQK+2	-1	61038	10.701686	0.5129772	0.891992	6.096165	5.197979	0.11393351	0.011655228	8.0	0.0	5.5379386	1.3659767	0.0	10.0	10.0	-1.2824135	7.3811264	10.0	1.6119293	0	10	0	1	0	0	608.7889008086646	1215.5632486837035	43.605015	-.NNWGQLNDQK.-	DECOY_sp|P30085-2|KCY_HUMAN	DECOY_sp|P30085|KCY_HUMAN
2017dec27_overlap_dia_6b_rep1_604to616.dia:2616.3008:decoyTEEDSAAEVIR+2	-1	61038	10.466055	0.85137296	1.0514547	5.8605337	5.279458	0.10251005	0.01285255	8.0	0.0	3.4069207	-1.3506461	0.0	10.0	10.0	-0.39269638	10.379562	10.0	1.1046935	0	11	0	1	0	0	610.2936818086646	1218.5728106837034	43.605015	-.TEEDSAAEVIR.-	DECOY_sp|Q9NWY4|CD027_HUMAN
2017dec27_overlap_dia_6b_rep1_604to616.dia:2620.5098:QQTDIAVNWAGGLHHAK+3	1	61142	13.598639	0.8422318	1.3033494	5.9974823	5.025827	0.10552463	0.019950725	11.0	5.0	4.620396	3.465297	0.662122	6.5708313	-6.5708313	-1.6112137	3.9194717	9.112272	3.7112496	0	17	0	0	1	0	615.9833370280473	1844.9281816837033	43.675163	-.QQTDIAVNWAGGLHHAK.-	sp|Q13547|HDAC1_HUMAN
2017dec27_overlap_dia_6b_rep1_604to616.dia:2620.5098:decoyDPGGEVVVVNVK+2	-1	61142	11.355196	0.4141189	0.73586154	5.7954326	5.3010406	0.12314364	0.018826213	9.0	1.0	6.036522	0.663741	0.0	10.0	10.0	-1.3286266	6.8847313	10.0	0.9096936	0	12	0	1	0	0	606.3351528086646	1210.6557526837034	43.675163	-.DPGGEVVVVNVK.-	DECOY_sp|O43395|PRPF3_HUMAN
2017dec27_overlap_dia_6b_rep1_604to616.dia:2620.5098:decoyWHNESPLSNK+2	-1	61142	10.123387	0.5845636	0.8459501	5.5178666	5.014892	0.21491715	0.037321046	8.0	0.0	7.7093735	-1.3003969	0.0	10.0	10.0	-0.68217564	12.373842	10.0	1.0544443	0	10	0	1	0	0	606.2938183086646	1210.5730836837035	43.675163	-.WHNESPLSNK.-	DECOY_sp|Q15785|TOM34_HUMAN
2017dec27_overlap_dia_6b_rep1_604to616.dia:2624.6538:decoyFSDYSEYPGR+2	-1	61246	9.670292	0.4873337	0.6738725	5.9678607	5.4762487	0.29819402	0.029299324	7.0	0.0	3.8641708	2.8827984	0.0	10.0	10.0	-1.0153799	0.8335266	10.0	3.128751	0	10	0	1	0	0	610.7645513086646	1219.5145496837035	43.74423	-.FSDYSEYPGR.-	DECOY_sp|Q5BKZ1|ZN326_HUMAN
2017dec27_overlap_dia_6b_rep1_604to616.dia:2624.6538:decoyHGVGPPGTLFVK+2	-1	61246	11.3467455	0.5811167	0.98705155	5.786982	5.425224	0.13310769	0.025839875	9.0	2.0	2.029073	0.037103012	0.0	10.0	10.0	-0.7612066	3.3294106	10.0	0.2830556	0	12	0	1	0	0	604.8429488086646	1207.6713446837034	43.74423	-.HGVGPPGTLFVK.-	DECOY_sp|Q9BSD7|NTPCR_HUMAN
2017dec27_overlap_dia_6b_rep1_604to616.dia:2624.6538:decoyLGANLSYEDVK+2	-1	61246	11.864716	0.7170506	1.3634509	6.304952	5.079538	0.089828864	0.020621456	9.0	1.0	1.5287619	1.1465714	0.20193858	4.5661855	-4.5661855	-2.2765656	0.7296753	7.1076264	1.392524	0	11	0	1	0	0	604.8115058086646	1207.6084586837035	43.74423	-.LGANLSYEDVK.-	DECOY_sp|P19367-2|HXK1_HUMAN	DECOY_sp|P19367-3|HXK1_HUMAN	DECOY_sp|P19367-4|HXK1_HUMAN	DECOY_sp|P19367|HXK1_HUMAN
2017dec27_overlap_dia_6b_rep1_604to616.dia:2626.7678:C[+57.0214635]TPAC[+57.0214635]ISLGSR+2	1	61298	16.33078	1.2122914	1.4566908	6.536499	5.9890957	0.011590557	8.0922013E-4	13.0	0.0	2.9457111	-2.2092834	0.0	10.0	10.0	6.1228666	0.03258133	10.0	1.9633307	0	11	0	1	0	0	611.2893653086647	1220.5641776837037	43.779465	-.C[+57.0214635]TPAC[+57.0214635]ISLGSR.-	sp|O95757|HS74L_HUMAN
2017dec27_overlap_dia_6b_rep1_604to616.dia:2628.857:LKEENFFGPK+2	1	61350	12.775543	0.8097556	1.2269223	6.2157793	5.2959776	0.062429745	0.009254184	10.0	0.0	5.083937	-3.671227	0.95156634	4.1621118	-4.1621118	-0.108234406	0.21038055	6.7035527	3.4252744	1	10	0	1	0	0	604.8191383086647	1207.6237236837037	43.81428	-.LKEENFFGPK.-	sp|Q9NZI8-2|IF2B1_HUMAN	sp|Q9NZI8|IF2B1_HUMAN
2017dec27_overlap_dia_6b_rep1_604to616.dia:2628.857:decoyAMGMLVSNMHK+2	-1	61350	8.912661	0.49598023	0.7873368	6.0553284	4.832594	0.16537555	0.015940618	6.0	1.0	2.307448	-0.93523824	0.0	10.0	10.0	-2.810751	0.7812958	10.0	0.68928564	0	11	0	1	0	0	609.7932293086645	1217.5719056837033	43.81428	-.AMGMLVSNMHK.-	DECOY_sp|Q9Y3E7-2|CHMP3_HUMAN	DECOY_sp|Q9Y3E7-3|CHMP3_HUMAN	DECOY_sp|Q9Y3E7|CHMP3_HUMAN
2017dec27_overlap_dia_6b_rep1_604to616.dia:2628.857:decoyC[+57.0214635]LMGQYNNVK+2	-1	61350	10.576334	0.809105	1.0242506	5.9708133	5.326353	0.16428299	0.022287956	8.0	1.0	3.9986887	-2.8475995	0.5104441	5.638977	-5.638977	-1.7025957	0.6881676	8.180418	2.601647	0	10	0	1	0	0	613.7864540586646	1225.5583551837035	43.81428	-.C[+57.0214635]LMGQYNNVK.-	DECOY_sp|O75663-2|TIPRL_HUMAN	DECOY_sp|O75663|TIPRL_HUMAN
2017dec27_overlap_dia_6b_rep1_604to616.dia:2630.9412:ESVEDKLELR+2	1	61402	12.069712	0.63721514	1.0073065	5.5099483	4.935806	0.041323565	0.004983994	10.0	0.0	2.2073371	-1.6555028	0.82304364	2.064461	2.064461	0.45590782	0.060459137	0.47697997	1.4095502	1	10	0	1	0	0	609.3222418086647	1216.6299306837036	43.84902	-.ESVEDKLELR.-	sp|Q6I9Y2|THOC7_HUMAN
2017dec27_overlap_dia_6b_rep1_604to616.dia:2630.9412:IWDPTPSHTPAGAATPGR+3	1	61402	27.764286	2.442596	2.4414139	6.7135205	6.198194	0.0068288557	0.0019036625	22.0	17.0	3.1519268	-1.8776163	0.99725264	4.706708	4.706708	11.064413	0.05751419	2.165267	1.6316637	0	18	0	0	1	0	611.3077093613807	1830.9012986837035	43.84902	-.IWDPTPSHTPAGAATPGR.-	sp|O75533|SF3B1_HUMAN
2017dec27_overlap_dia_6b_rep1_604to616.dia:2630.9412:VMEAFEQAER+2	1	61402	13.4292965	0.7273185	0.975468	5.82814	5.198282	0.1223301	0.01622972	11.0	0.0	3.5589569	-1.1737823	0.8208587	2.1503856	2.1503856	0.0067129135	0.22713089	0.39105535	0.92782974	0	10	0	1	0	0	605.2820633086648	1208.5495736837038	43.84902	-.VMEAFEQAER.-	sp|P12694-2|ODBA_HUMAN	sp|P12694|ODBA_HUMAN
2017dec27_overlap_dia_6b_rep1_604to616.dia:2630.9412:decoyEQYDELAMGR+2	-1	61402	9.525671	0.53574824	1.0981287	5.8232408	4.835944	0.14936197	0.011749944	7.0	0.0	2.107155	-1.5803664	0.0	10.0	10.0	-2.4983444	0.06197357	10.0	1.3344138	0	10	0	1	0	0	606.2716913086645	1210.5288296837032	43.84902	-.EQYDELAMGR.-	DECOY_sp|Q53GS7-2|GLE1_HUMAN	DECOY_sp|Q53GS7|GLE1_HUMAN
2017dec27_overlap_dia_6b_rep1_604to616.dia:2630.9412:decoyKEYPDDPLLK+2	-1	61402	11.179255	0.90174764	1.5672005	6.573734	5.5562344	0.10433767	0.016604995	8.0	2.0	3.5285807	0.9459574	0.802829	5.3590875	5.3590875	-1.0125294	0.8308449	2.8176465	1.19191	1	10	0	1	0	0	609.3242493086647	1216.6339456837036	43.84902	-.KEYPDDPLLK.-	DECOY_sp|P78417-2|GSTO1_HUMAN	DECOY_sp|P78417-3|GSTO1_HUMAN	DECOY_sp|P78417|GSTO1_HUMAN
2017dec27_overlap_dia_6b_rep1_604to616.dia:2630.9412:decoyKSPMGPC[+57.0214635]SILK+2	-1	61402	11.113805	0.70003045	1.1882354	6.508284	5.290439	0.102017395	0.019439036	8.0	1.0	3.3561695	0.5310656	0.8118667	2.7779565	2.7779565	-3.0	0.8308449	0.23651552	0.7770182	1	11	0	1	0	0	609.3226765586646	1216.6308001837035	43.84902	-.KSPMGPC[+57.0214635]SILK.-	DECOY_sp|Q9NQI0-2|DDX4_HUMAN	DECOY_sp|Q9NQI0-3|DDX4_HUMAN	DECOY_sp|Q9NQI0-4|DDX4_HUMAN	DECOY_sp|Q9NQI0|DDX4_HUMAN
2017dec27_overlap_dia_6b_rep1_604to616.dia:2630.9412:decoySSIPGPLSDTSR+2	-1	61402	12.669312	0.6705382	1.0972649	6.1095486	4.9539523	0.1823352	0.029627413	10.0	0.0	5.06477	-3.7985775	0.6028506	5.9623737	-5.331773	-1.3141308	0.5034828	7.873214	3.552625	0	12	0	1	0	0	608.8120413086644	1215.6095296837032	43.84902	-.SSIPGPLSDTSR.-	DECOY_sp|Q9HCD5|NCOA5_HUMAN
2017dec27_overlap_dia_6b_rep1_604to616.dia:2635.2007:KVSQPIEGHAASFAQFK+3	1	61507	24.94221	1.3888093	1.4187723	6.5560856	5.7240005	0.046626244	0.005752648	20.0	11.0	2.498018	-1.8735135	0.92620975	0.62363946	0.62363946	1.8072252	0.2762642	1.9178015	1.6275609	1	17	0	0	1	0	615.6599710280476	1843.9580836837042	43.92001	-.KVSQPIEGHAASFAQFK.-	sp|Q00610-2|CLH1_HUMAN	sp|Q00610|CLH1_HUMAN
2017dec27_overlap_dia_6b_rep1_604to616.dia:2635.2007:MATGIEDSELR+2	1	61507	17.264921	1.1541702	1.3792369	6.324512	5.7762003	0.023640512	0.0028762107	14.0	0.0	4.0495644	-3.0371733	0.0	10.0	10.0	2.611539	0.17240143	10.0	2.7912207	0	11	0	1	0	0	611.2926278086646	1220.5707026837035	43.92001	-.MATGIEDSELR.-	sp|Q13619-2|CUL4A_HUMAN	sp|Q13619|CUL4A_HUMAN
2017dec27_overlap_dia_6b_rep1_604to616.dia:2635.2007:NGPALQEAYVR+2	1	61507	16.363413	1.5000871	2.0334067	6.5691323	6.1884933	0.010729829	0.0031761	13.0	0.0	6.0209794	-4.5157347	0.99981266	2.1535902	-0.387563	2.034604	0.032146454	2.929004	4.269782	0	11	0	1	0	0	609.3172903086647	1216.6200276837037	43.92001	-.NGPALQEAYVR.-	sp|Q9UJU6-2|DBNL_HUMAN	sp|Q9UJU6-3|DBNL_HUMAN	sp|Q9UJU6-6|DBNL_HUMAN	sp|Q9UJU6|DBNL_HUMAN
2017dec27_overlap_dia_6b_rep1_604to616.dia:2635.2007:decoyKEEELQSSLR+2	-1	61507	11.348535	1.0542285	1.5257124	5.788771	5.091828	0.029233804	0.007812017	9.0	1.0	1.3416032	-0.5507215	0.47341028	2.065588	-2.065588	-1.751235	13.912338	4.607029	0.30476892	1	10	0	1	0	0	609.8198663086646	1217.6251796837034	43.92001	-.KEEELQSSLR.-	DECOY_sp|Q9P2B4|CT2NL_HUMAN
2017dec27_overlap_dia_6b_rep1_604to616.dia:2637.262:decoyETVENPKGAVDISTEEK+3	-1	61559	12.868822	0.901762	1.1797732	6.309058	5.5669847	0.10341859	0.026302926	10.0	3.0	1.6980289	0.8356873	0.0	10.0	10.0	0.012830734	5.965393	10.0	1.0816399	1	17	0	0	1	0	615.9740606947142	1844.9003526837039	43.954365	-.ETVENPKGAVDISTEEK.-	DECOY_sp|P53985|MOT1_HUMAN
2017dec27_overlap_dia_6b_rep1_604to616.dia:2639.4028:IHFHNLQGEK+2	1	61611	10.48214	0.52026224	0.9495997	5.8766184	5.0422425	0.1323647	0.015273097	8.0	1.0	0.8805023	0.6603767	0.2103252	3.792949	-3.792949	-1.1297064	13.982376	6.3343897	0.90632933	0	10	0	1	0	0	611.8200043086647	1221.6254556837036	43.990047	-.IHFHNLQGEK.-	sp|Q8TC12-2|RDH11_HUMAN	sp|Q8TC12|RDH11_HUMAN
2017dec27_overlap_dia_6b_rep1_604to616.dia:2639.4028:KFDQLLAEEK+2	1	61611	20.395748	1.6553142	2.2321491	7.075128	6.2580314	0.008598793	0.0018436316	16.0	8.0	6.0172296	0.52889776	0.9824221	3.0102942	-3.0102942	6.8456306	0.048423767	5.551735	0.77485037	1	10	0	1	0	0	610.8297033086648	1219.6448536837038	43.990047	-.KFDQLLAEEK.-	sp|P35579-2|MYH9_HUMAN	sp|P35579|MYH9_HUMAN	sp|P35580-2|MYH10_HUMAN	sp|P35580-3|MYH10_HUMAN	sp|P35580-4|MYH10_HUMAN	sp|P35580-5|MYH10_HUMAN	sp|P35580|MYH10_HUMAN	sp|P35749-2|MYH11_HUMAN	sp|P35749-3|MYH11_HUMAN	sp|P35749-4|MYH11_HUMAN	sp|P35749|MYH11_HUMAN	sp|Q7Z406-2|MYH14_HUMAN	sp|Q7Z406-6|MYH14_HUMAN	sp|Q7Z406|MYH14_HUMAN
2017dec27_overlap_dia_6b_rep1_604to616.dia:2641.46:EANALAAGHPAQAVAINAR+3	1	61663	12.163927	0.6615255	0.9663618	5.604163	4.8860803	0.17487563	0.016511163	10.0	3.0	3.564049	-0.11511868	0.93564636	1.1724012	-0.5776712	-1.6622105	0.13892365	3.119112	0.13083392	0	19	0	0	1	0	615.662374694714	1843.9652946837034	44.024334	-.EANALAAGHPAQAVAINAR.-	sp|O15020-2|SPTN2_HUMAN	sp|O15020|SPTN2_HUMAN
2017dec27_overlap_dia_6b_rep1_604to616.dia:2641.46:EGMALEDYQR+2	1	61663	11.631454	0.8248133	1.0750624	6.071691	5.341299	0.067640275	0.0040260237	9.0	0.0	2.6073878	-1.8538592	0.22782968	4.3864336	-4.3864336	-1.1257334	0.22973633	6.9278746	1.6079066	0	10	0	1	0	0	606.2716913086647	1210.5288296837036	44.024334	-.EGMALEDYQR.-	sp|Q53GS7-2|GLE1_HUMAN	sp|Q53GS7|GLE1_HUMAN
2017dec27_overlap_dia_6b_rep1_604to616.dia:2641.46:IQAVIDSGVC[+57.0214635]R+2	1	61663	14.462482	2.0678473	2.3829176	6.8613257	6.28397	0.010256599	0.0011733093	11.0	0.0	1.7818345	-1.2545308	0.9956531	5.4402137	3.9155862	4.4677315	0.1463356	1.3741453	1.0085782	0	11	0	1	0	0	609.3189800586647	1216.6234071837036	44.024334	-.IQAVIDSGVC[+57.0214635]R.-	sp|O15131|IMA6_HUMAN	sp|O60684|IMA7_HUMAN
2017dec27_overlap_dia_6b_rep1_604to616.dia:2641.46:decoyDFAGPNQQLAR+2	-1	61663	11.302734	0.6353227	0.89892566	5.7429705	5.2094254	0.12985744	0.015444762	9.0	0.0	1.5071307	-1.124929	0.19955447	7.06629	-7.06629	-1.534832	1.7658043	9.607731	0.87897635	0	11	0	1	0	0	608.8070943086647	1215.5996356837036	44.024334	-.DFAGPNQQLAR.-	DECOY_sp|Q96P11-2|NSUN5_HUMAN	DECOY_sp|Q96P11-4|NSUN5_HUMAN	DECOY_sp|Q96P11-5|NSUN5_HUMAN	DECOY_sp|Q96P11|NSUN5_HUMAN
2017dec27_overlap_dia_6b_rep1_604to616.dia:2641.46:decoyDYFEHEQEK+2	-1	61663	8.981754	0.48774523	0.68790203	6.124422	4.9176583	0.25381663	0.023892708	6.0	1.0	3.3421905	-2.227397	0.0	10.0	10.0	-1.3079262	14.016663	10.0	1.9814444	0	9	0	1	0	0	612.7620133086646	1223.5094736837034	44.024334	-.DYFEHEQEK.-	DECOY_sp|P43686-2|PRS6B_HUMAN	DECOY_sp|P43686|PRS6B_HUMAN
2017dec27_overlap_dia_6b_rep1_604to616.dia:2641.46:decoyEANIAVAQAPHGAALANAR+3	-1	61663	15.466494	0.5967448	1.1633624	5.6722126	4.9807777	0.13869172	0.013824411	13.0	2.0	2.0870683	-1.5653012	0.93564636	1.1724012	-0.5776712	-0.18119144	0.13892365	3.119112	1.3193486	0	19	0	0	1	0	615.662374694714	1843.9652946837034	44.024334	-.EANIAVAQAPHGAALANAR.-	DECOY_sp|O15020-2|SPTN2_HUMAN	DECOY_sp|O15020|SPTN2_HUMAN
2017dec27_overlap_dia_6b_rep1_604to616.dia:2641.46:decoyKEEALLQDFK+2	-1	61663	12.591978	1.234018	1.6552504	7.0322146	6.0428524	0.09970766	0.012982977	9.0	3.0	2.4998806	-1.8749104	0.93664145	3.260244	-3.260244	-1.2976294	0.0165596	5.801685	1.6289577	1	10	0	1	0	0	610.8297033086645	1219.6448536837033	44.024334	-.KEEALLQDFK.-	DECOY_sp|P35579-2|MYH9_HUMAN	DECOY_sp|P35579|MYH9_HUMAN	DECOY_sp|P35580-2|MYH10_HUMAN	DECOY_sp|P35580-3|MYH10_HUMAN	DECOY_sp|P35580-4|MYH10_HUMAN	DECOY_sp|P35580-5|MYH10_HUMAN	DECOY_sp|P35580|MYH10_HUMAN	DECOY_sp|P35749-2|MYH11_HUMAN	DECOY_sp|P35749-3|MYH11_HUMAN	DECOY_sp|P35749-4|MYH11_HUMAN	DECOY_sp|P35749|MYH11_HUMAN	DECOY_sp|Q7Z406-2|MYH14_HUMAN	DECOY_sp|Q7Z406-6|MYH14_HUMAN	DECOY_sp|Q7Z406|MYH14_HUMAN
2017dec27_overlap_dia_6b_rep1_604to616.dia:2641.46:decoyLEPDTVSIDTK+2	-1	61663	11.009662	0.60951173	0.7565752	5.4498982	4.9173765	0.14723626	0.010945362	9.0	1.0	1.692935	0.9446794	0.99501365	4.1555095	0.055040043	-0.29244137	0.91311264	2.4864008	1.190632	0	11	0	1	0	0	609.3166258086646	1216.6186986837035	44.024334	-.LEPDTVSIDTK.-	DECOY_sp|Q9Y333|LSM2_HUMAN
2017dec27_overlap_dia_6b_rep1_604to616.dia:2645.6467:GAMAATYSALNR+2	1	61767	18.78872	1.5503403	1.9766934	6.6722193	6.1309547	0.014896072	0.0019379109	15.0	0.0	2.9822729	-2.2367046	0.96256506	4.6172748	-1.3944513	4.054879	0.04688263	3.935892	1.990752	0	12	0	1	0	0	613.3033258086647	1224.5920986837036	44.094112	-.GAMAATYSALNR.-	sp|P51812|KS6A3_HUMAN
2017dec27_overlap_dia_6b_rep1_604to616.dia:2645.6467:LC[+57.0214635]EFNC[+57.0214635]NIR+2	1	61767	11.565049	0.68339974	0.8534581	6.0052857	5.1741123	0.05993411	0.006348383	9.0	0.0	2.9701395	-0.20507476	0.0	10.0	10.0	-0.31778145	0.04688263	10.0	0.04087785	0	9	0	1	0	0	613.2762573086646	1224.5379616837035	44.094112	-.LC[+57.0214635]EFNC[+57.0214635]NIR.-	sp|Q9H269-2|VPS16_HUMAN	sp|Q9H269|VPS16_HUMAN
2017dec27_overlap_dia_6b_rep1_604to616.dia:2645.6467:decoyEADLC[+57.0214635]NEIMK+2	-1	61767	9.775173	0.29711	0.6284189	6.072743	4.7495294	0.11787117	0.0138331	7.0	0.0	3.5242767	-0.83406913	0.0	10.0	10.0	-2.4698925	0.8674469	10.0	0.5881165	0	10	0	1	0	0	611.7757560586647	1221.5369591837036	44.094112	-.EADLC[+57.0214635]NEIMK.-	DECOY_sp|P40692|MLH1_HUMAN
2017dec27_overlap_dia_6b_rep1_604to616.dia:2645.6467:decoyMLSSSLSDQDK+2	-1	61767	9.17932	0.45099628	0.67346525	5.4768896	4.938683	0.15825227	0.027939258	7.0	0.0	4.6746526	1.2858673	0.0	10.0	10.0	-1.7901583	2.148594	10.0	1.5318199	0	11	0	1	0	0	605.7846348086645	1209.5547166837032	44.094112	-.MLSSSLSDQDK.-	DECOY_sp|P37268-5|FDFT_HUMAN	DECOY_sp|P37268|FDFT_HUMAN
2017dec27_overlap_dia_6b_rep1_604to616.dia:2649.84:AVLEC[+57.0214635]KPLGIK+2	1	61871	13.7213	0.48132607	0.813806	6.1201444	4.9408107	0.01962949	0.0041985773	11.0	0.0	1.1472812	-0.01881051	0.8135933	7.8335824	-7.8335824	2.1658525	0.19857788	10.375023	0.2397182	0	11	0	1	0	0	614.3601165586647	1226.7056801837036	44.164	-.AVLEC[+57.0214635]KPLGIK.-	sp|Q63HN8-4|RN213_HUMAN	sp|Q63HN8|RN213_HUMAN
2017dec27_overlap_dia_6b_rep1_604to616.dia:2649.84:FVC[+57.0214635]DLTQADR+2	1	61871	9.699215	0.7994781	1.3618772	5.996784	4.8951864	0.0855441	0.02157767	7.0	0.0	3.0313275	1.6929336	0.0	10.0	10.0	-0.93715096	0.031150818	10.0	1.9514623	0	10	0	1	0	0	612.7875130586647	1223.5604731837036	44.164	-.FVC[+57.0214635]DLTQADR.-	sp|Q6IEG0|SNR48_HUMAN
2017dec27_overlap_dia_6b_rep1_604to616.dia:2649.84:GITC[+57.0214635]DIGSMEK+2	1	61871	11.1566515	0.4262501	1.0473729	5.596888	4.897326	0.121615306	0.019899886	9.0	0.0	3.5729198	-2.566207	0.0	10.0	10.0	-0.76096725	0.7004585	10.0	2.3076782	0	11	0	1	0	0	605.7757565586647	1209.5369601837037	44.164	-.GITC[+57.0214635]DIGSMEK.-	sp|Q92887|MRP2_HUMAN
2017dec27_overlap_dia_6b_rep1_604to616.dia:2649.84:KILAQDVAQLK+2	1	61871	10.979067	0.59091663	0.95084894	6.373546	5.0947824	0.032533962	0.003278214	8.0	0.0	0.572654	-0.37228072	0.0	10.0	10.0	-2.1508179	0.19857788	10.0	0.11375201	1	11	0	1	0	0	613.8769883086646	1225.7394236837035	44.164	-.KILAQDVAQLK.-	sp|O95239-2|KIF4A_HUMAN	sp|O95239|KIF4A_HUMAN
2017dec27_overlap_dia_6b_rep1_604to616.dia:2649.84:LPYC[+57.0214635]QIATEK+2	1	61871	13.559552	0.7569171	1.2953268	5.958396	5.4945965	0.032483615	0.003232146	11.0	1.0	1.0676843	-0.68728024	0.97049284	3.7878127	1.738184	3.0440578	0.0418396	0.803257	0.42875153	0	10	0	1	0	0	611.8104525586647	1221.6063521837036	44.164	-.LPYC[+57.0214635]QIATEK.-	sp|O75717-2|WDHD1_HUMAN	sp|O75717|WDHD1_HUMAN
2017dec27_overlap_dia_6b_rep1_604to616.dia:2649.84:TVIVTGANTGIGK+2	1	61871	17.824753	1.7525871	2.3214438	6.884345	6.086597	0.009841066	0.001897462	14.0	1.0	2.3842678	-1.7882009	0.99346936	4.7375603	-4.7375603	3.538165	0.07167816	7.279001	1.5296721	0	13	0	1	0	0	615.8562533086647	1229.6979536837036	44.164	-.TVIVTGANTGIGK.-	sp|Q8NBN7|RDH13_HUMAN
2017dec27_overlap_dia_6b_rep1_604to616.dia:2649.84:VSAPGVLTAQDR+2	1	61871	17.213665	1.0300119	1.6788906	6.2732553	5.543795	0.055165797	0.008191756	14.0	1.0	0.8360114	-0.0943729	0.8269865	9.515961	-9.515961	1.5834208	0.033893585	12.057402	0.16415581	0	12	0	1	0	0	607.3304023086647	1212.6462516837037	44.164	-.VSAPGVLTAQDR.-	sp|Q9C0C2-2|TB182_HUMAN	sp|Q9C0C2|TB182_HUMAN
2017dec27_overlap_dia_6b_rep1_604to616.dia:2649.84:VVVVTGANTGIGK+2	1	61871	19.108694	2.3004966	2.6941414	6.992194	6.5733256	0.014583423	0.002668783	15.0	4.0	1.7223583	-1.1994053	0.99941343	3.0591986	0.014130831	4.078678	0.033893585	2.5273101	0.9408766	0	13	0	1	0	0	607.8587958086647	1213.7030386837037	44.164	-.VVVVTGANTGIGK.-	sp|Q8TC12-3|RDH11_HUMAN	sp|Q8TC12|RDH11_HUMAN
2017dec27_overlap_dia_6b_rep1_604to616.dia:2649.84:decoyAIGLPKC[+57.0214635]ELVK+2	-1	61871	10.675861	0.4190052	0.79330397	6.0703406	4.8162527	0.050659116	0.0056332564	8.0	0.0	0.62377876	-0.21021506	0.8135933	7.8335824	-7.8335824	-1.7659588	0.19857788	10.375023	0.048313648	1	11	0	1	0	0	614.3601165586647	1226.7056801837036	44.164	-.AIGLPKC[+57.0214635]ELVK.-	DECOY_sp|Q63HN8-4|RN213_HUMAN	DECOY_sp|Q63HN8|RN213_HUMAN
2017dec27_overlap_dia_6b_rep1_604to616.dia:2649.84:decoyEKGELELVAPK+2	-1	61871	12.377222	0.5571511	0.8297644	5.8174586	4.8451223	0.1272338	0.020978441	10.0	1.0	0.40468487	-0.01563473	0.81689215	3.3926282	-3.3926282	-1.068552	0.7004585	5.934069	0.24289398	1	11	0	1	0	0	606.8453533086645	1211.6761536837032	44.164	-.EKGELELVAPK.-	DECOY_sp|Q01518-2|CAP1_HUMAN	DECOY_sp|Q01518|CAP1_HUMAN
2017dec27_overlap_dia_6b_rep1_604to616.dia:2649.84:decoyLPPPSSTATAGVK+2	-1	61871	10.458153	0.7470448	1.210275	5.8526325	5.157262	0.21803688	0.08571516	8.0	0.0	0.54586625	-0.19722563	0.0	10.0	10.0	-1.5842934	12.592421	10.0	0.06130308	0	13	0	1	0	0	613.3429783086647	1224.6714036837036	44.164	-.LPPPSSTATAGVK.-	DECOY_sp|Q96QD9-4|UIF_HUMAN	DECOY_sp|Q96QD9|UIF_HUMAN
2017dec27_overlap_dia_6b_rep1_604to616.dia:2649.84:decoyLQTEQKQEELFQDAK+3	-1	61871	11.061992	0.5627856	0.8314462	5.5022283	4.5640883	0.06421393	0.011151407	9.0	2.0	0.6242721	0.06619407	0.6706391	0.82475394	-0.82475394	-2.1431923	0.7074547	3.366195	0.32472277	1	15	0	0	1	0	612.3108963613805	1833.910859683703	44.164	-.LQTEQKQEELFQDAK.-	DECOY_sp|Q6P4E1-2|CASC4_HUMAN	DECOY_sp|Q6P4E1-4|CASC4_HUMAN	DECOY_sp|Q6P4E1-5|CASC4_HUMAN	DECOY_sp|Q6P4E1|CASC4_HUMAN
2017dec27_overlap_dia_6b_rep1_604to616.dia:2649.84:decoyTDTPLGAGPNFK+2	-1	61871	12.649291	0.5312752	0.9424952	6.0895276	5.5972223	0.12631106	0.018574594	10.0	0.0	2.0842614	-1.3164877	0.5402605	0.3523492	0.3523492	-1.6664581	3.8605614	2.1890917	1.057959	0	12	0	1	0	0	609.3116783086646	1216.6088036837034	44.164	-.TDTPLGAGPNFK.-	DECOY_sp|P09661|RU2A_HUMAN
2017dec27_overlap_dia_6b_rep1_604to616.dia:2649.84:decoyVDQATLVGPASR+2	-1	61871	12.40616	0.42927587	0.8695419	5.846397	4.6694326	0.20972718	0.027347678	10.0	1.0	1.8465117	-1.3848838	0.8269865	9.515961	-9.515961	-1.5340996	0.033893585	12.057402	1.126355	0	12	0	1	0	0	607.3304023086647	1212.6462516837037	44.164	-.VDQATLVGPASR.-	DECOY_sp|Q9C0C2-2|TB182_HUMAN	DECOY_sp|Q9C0C2|TB182_HUMAN
2017dec27_overlap_dia_6b_rep1_604to616.dia:2654.0212:AHMNSVLMGMK+2	1	61975	9.7211895	0.5027956	0.6838088	6.0187593	5.222989	0.101647206	0.011151256	7.0	1.0	4.9872727	3.1035428	0.59692633	6.639109	5.589415	-1.789957	0.37174988	3.047974	3.3620715	0	11	0	1	0	0	609.7932293086648	1217.5719056837038	44.23369	-.AHMNSVLMGMK.-	sp|Q9Y3E7-2|CHMP3_HUMAN	sp|Q9Y3E7-3|CHMP3_HUMAN	sp|Q9Y3E7|CHMP3_HUMAN
2017dec27_overlap_dia_6b_rep1_604to616.dia:2654.0212:decoyGPLTVDVDPGEK+2	-1	61975	12.841694	0.5222404	0.99199295	6.2819304	6.296315	0.13484111	0.061115257	10.0	1.0	0.6051243	-0.34036028	0.66612303	5.204608	5.204608	-0.9233818	8.89426	2.663167	0.081831574	0	12	0	1	0	0	613.8167933086645	1225.6190336837033	44.23369	-.GPLTVDVDPGEK.-	DECOY_sp|Q09666|AHNK_HUMAN
2017dec27_overlap_dia_6b_rep1_604to616.dia:2654.0212:decoyLSLMEETDRK+2	-1	61975	11.6015625	0.48027274	0.8238232	6.0417995	5.0688396	0.22434449	0.02448876	9.0	1.0	1.2006419	-0.84477633	0.517288	3.6375701	3.6375701	-0.6467695	11.394791	1.0961292	0.5862476	1	10	0	1	0	0	611.3108203086646	1220.6070876837034	44.23369	-.LSLMEETDRK.-	DECOY_sp|Q9H444|CHM4B_HUMAN
2017dec27_overlap_dia_6b_rep1_604to616.dia:2656.1223:decoyLEVENQLEKK+2	-1	62027	10.731424	0.7743825	0.866493	6.1259036	5.2957573	0.12077323	0.014109969	8.0	0.0	1.0681491	-0.53552663	0.0	10.0	10.0	-1.1967468	14.211969	10.0	0.27699792	1	10	0	1	0	0	615.3404348086647	1228.6663166837036	44.268703	-.LEVENQLEKK.-	DECOY_sp|Q86U42-2|PABP2_HUMAN	DECOY_sp|Q86U42|PABP2_HUMAN	DECOY_sp|Q92843-2|B2CL2_HUMAN
2017dec27_overlap_dia_6b_rep1_604to616.dia:2658.1633:AGLASPEEEDAVGKEPLK+3	1	62079	13.351454	0.63728845	0.9662203	5.750297	4.648893	0.047308546	0.011372834	11.0	5.0	1.2455975	-0.3356231	0.0	10.0	10.0	-1.3636961	0.47430038	10.0	0.077094376	1	18	0	0	1	0	613.9826676947141	1838.9261736837036	44.302723	-.AGLASPEEEDAVGKEPLK.-	sp|Q9UNS1-2|TIM_HUMAN	sp|Q9UNS1|TIM_HUMAN
2017dec27_overlap_dia_6b_rep1_604to616.dia:2658.1633:C[+57.0214635]SGPGLSPGMVR+2	1	62079	23.33696	2.2019472	2.6586318	7.530619	6.979705	0.0021067234	2.0244978E-4	18.0	9.0	3.018903	-2.2641773	0.96862	2.251462	1.6125159	12.864715	0.058330536	0.92892504	2.0056486	0	12	0	1	0	0	609.2919080586647	1216.5692631837037	44.302723	-.C[+57.0214635]SGPGLSPGMVR.-	sp|P21333-2|FLNA_HUMAN	sp|P21333|FLNA_HUMAN
2017dec27_overlap_dia_6b_rep1_604to616.dia:2658.1633:KEPAVLELEGK+2	1	62079	18.84801	1.063102	1.5595348	6.7315097	5.941822	0.030644732	0.0027615528	15.0	4.0	1.4824587	-1.1118441	0.9775361	2.3625865	-2.0358195	4.743395	0.2609825	4.5772605	0.85331535	1	11	0	1	0	0	606.8453533086647	1211.6761536837037	44.302723	-.KEPAVLELEGK.-	sp|Q01518-2|CAP1_HUMAN	sp|Q01518|CAP1_HUMAN
2017dec27_overlap_dia_6b_rep1_604to616.dia:2658.1633:decoyKGELELVAPEK+2	-1	62079	12.019473	0.41699886	0.80205727	6.4597096	5.3847046	0.19205864	0.021614987	9.0	2.0	1.3344167	-1.0008125	0.9775361	2.3625865	-2.0358195	-1.748333	0.2609825	4.5772605	0.7422838	1	11	0	1	0	0	606.8453533086646	1211.6761536837034	44.302723	-.KGELELVAPEK.-	DECOY_sp|Q01518-2|CAP1_HUMAN	DECOY_sp|Q01518|CAP1_HUMAN
2017dec27_overlap_dia_6b_rep1_604to616.dia:2662.3188:decoyLAQAPATGQQLK+2	-1	62183	11.610104	0.722381	0.988429	6.05034	5.185131	0.12485092	0.021782573	9.0	0.0	0.36197793	-0.27148345	0.0	10.0	10.0	-0.9441681	13.838947	10.0	0.012954742	0	12	0	1	0	0	613.3485958086645	1224.6826386837033	44.371983	-.LAQAPATGQQLK.-	DECOY_sp|Q86YP4-2|P66A_HUMAN	DECOY_sp|Q86YP4-3|P66A_HUMAN	DECOY_sp|Q86YP4|P66A_HUMAN
2017dec27_overlap_dia_6b_rep1_604to616.dia:2664.4202:FTNTQITEHYSTC[+57.0214635]IK+3	1	62235	13.419476	0.5545014	0.6693447	5.8183193	5.533872	0.0701419	0.012085676	11.0	3.0	1.8092976	-0.611145	0.9434559	4.972093	1.6914483	-0.6537075	0.12141037	0.70986784	0.3526163	0	15	0	0	1	0	614.9612071947141	1841.8617921837038	44.407	-.FTNTQITEHYSTC[+57.0214635]IK.-	sp|Q15003|CND2_HUMAN
2017dec27_overlap_dia_6b_rep1_604to616.dia:2666.4644:FLMGTNSPDSR+2	1	62287	12.966063	1.1612786	1.4743499	6.4062986	5.7897286	0.034141943	0.0034397529	10.0	0.0	1.3276567	-0.40399042	0.9572627	0.30802158	0.30802158	1.9528828	0.14633942	2.017154	0.14546171	0	11	0	1	0	0	612.7875123086646	1223.5604716837036	44.441074	-.FLMGTNSPDSR.-	sp|Q8NBJ7-3|SUMF2_HUMAN	sp|Q8NBJ7-4|SUMF2_HUMAN	sp|Q8NBJ7-5|SUMF2_HUMAN	sp|Q8NBJ7|SUMF2_HUMAN
2017dec27_overlap_dia_6b_rep1_604to616.dia:2666.4644:decoyC[+57.0214635]VMGPSLGPGSR+2	-1	62287	10.061309	0.3798157	0.8018284	6.358878	5.6253395	0.28442246	0.021946257	7.0	1.0	4.451576	-2.970961	0.9589733	5.3185368	5.3185368	-2.2443743	0.07436752	2.9933612	2.7124324	0	12	0	1	0	0	609.2919080586646	1216.5692631837035	44.441074	-.C[+57.0214635]VMGPSLGPGSR.-	DECOY_sp|P21333-2|FLNA_HUMAN	DECOY_sp|P21333|FLNA_HUMAN
2017dec27_overlap_dia_6b_rep1_604to616.dia:2666.4644:decoyEATYGALETVR+2	-1	62287	11.265343	0.4754557	0.7993981	5.7055793	4.6418467	0.14419189	0.017947312	9.0	0.0	2.5938895	-1.9454172	0.0	10.0	10.0	-1.5222645	0.7391014	10.0	1.6868885	0	11	0	1	0	0	605.3091313086645	1208.6037096837033	44.441074	-.EATYGALETVR.-	DECOY_sp|P33897|ABCD1_HUMAN	DECOY_sp|Q9UBJ2|ABCD2_HUMAN
2017dec27_overlap_dia_6b_rep1_604to616.dia:2670.5808:decoyIADPYWNPPR+2	-1	62391	12.878049	0.6931706	1.2963924	6.3182855	5.262406	0.0784593	0.02014005	10.0	0.0	4.831182	-3.6233864	0.79587954	0.22909181	0.22909181	-0.1820507	8.161884	1.9427575	3.3328602	0	10	0	1	0	0	614.8091008086647	1227.6036486837036	44.50968	-.IADPYWNPPR.-	DECOY_sp|Q8IYB8|SUV3_HUMAN
2017dec27_overlap_dia_6b_rep1_604to616.dia:2672.6675:C[+57.0214635]TVVSETISSK+2	1	62443	10.814009	0.4897598	0.9450515	5.2542453	4.450164	0.23113014	0.024363074	9.0	1.0	3.9189932	1.1632869	0.0	10.0	10.0	-1.1428308	7.0180664	10.0	1.49798	0	11	0	1	0	0	605.8028280586648	1209.5911031837038	44.544456	-.C[+57.0214635]TVVSETISSK.-	sp|Q68D10-2|SPT2_HUMAN	sp|Q68D10|SPT2_HUMAN
2017dec27_overlap_dia_6b_rep1_604to616.dia:2672.6675:IISDNLTYC[+57.0214635]K+2	1	62443	16.57097	1.5943806	2.0344665	6.7766895	6.226979	0.018944882	0.0022517957	13.0	0.0	3.1330216	-2.317154	0.9837798	4.3465195	4.3465195	3.0264196	0.09402847	2.22402	1.9824609	0	10	0	1	0	0	613.8079090586648	1225.6012651837038	44.544456	-.IISDNLTYC[+57.0214635]K.-	sp|Q9Y2X3|NOP58_HUMAN
2017dec27_overlap_dia_6b_rep1_604to616.dia:2672.6675:SKAEEVVSFVK+2	1	62443	12.195642	0.503827	0.8655044	5.6358795	5.0801067	0.09163232	0.01423903	10.0	1.0	2.497112	-1.7544858	0.8120889	3.696562	3.696562	-0.1760416	0.23001862	1.5740626	1.4197928	1	11	0	1	0	0	611.8375278086647	1221.6605026837037	44.544456	-.SKAEEVVSFVK.-	sp|Q9BWH2|FUND2_HUMAN
2017dec27_overlap_dia_6b_rep1_604to616.dia:2672.6675:SSTDSLPGPISR+2	1	62443	16.351103	1.1466742	1.4540772	6.5568213	5.9109125	0.037364688	0.007442477	13.0	1.0	4.0438733	-3.032905	0.9592405	4.261276	-4.261276	4.5869265	0.17965317	6.383775	2.698212	0	12	0	1	0	0	608.8120413086648	1215.6095296837038	44.544456	-.SSTDSLPGPISR.-	sp|Q9HCD5|NCOA5_HUMAN
2017dec27_overlap_dia_6b_rep1_604to616.dia:2672.6675:decoyC[+57.0214635]VSGGANFFEK+2	-1	62443	10.363783	0.4725214	0.73155797	5.7582617	4.769786	0.19570301	0.015861232	8.0	0.0	2.9232185	-2.1924138	0.0	10.0	10.0	-1.0297489	3.184063	10.0	1.8577207	0	11	0	1	0	0	608.2767805586647	1214.5390081837036	44.544456	-.C[+57.0214635]VSGGANFFEK.-	DECOY_sp|P35520-2|CBS_HUMAN	DECOY_sp|P35520|CBS_HUMAN
2017dec27_overlap_dia_6b_rep1_604to616.dia:2672.6675:decoyEELEEFKGPNQELLR+3	-1	62443	11.65139	0.73621964	0.80874246	6.0916266	5.122627	0.07373037	0.009940904	9.0	1.0	0.96647024	-0.70191604	0.0	10.0	10.0	-1.4310436	9.300598	10.0	0.36722293	1	15	0	0	1	0	610.9792573613807	1829.9159426837034	44.544456	-.EELEEFKGPNQELLR.-	DECOY_sp|Q4KMP7|TB10B_HUMAN
2017dec27_overlap_dia_6b_rep1_604to616.dia:2672.6675:decoyIALQAEVEAQR+2	-1	62443	11.426288	0.46410367	0.9534531	5.866524	4.9454203	0.13384308	0.01648179	9.0	1.0	4.082188	-3.061641	0.0	10.0	10.0	-2.145059	0.837368	10.0	2.7269478	0	11	0	1	0	0	614.3382273086645	1226.6619016837033	44.544456	-.IALQAEVEAQR.-	DECOY_sp|Q9UM54-1|MYO6_HUMAN	DECOY_sp|Q9UM54-2|MYO6_HUMAN	DECOY_sp|Q9UM54-4|MYO6_HUMAN	DECOY_sp|Q9UM54-5|MYO6_HUMAN	DECOY_sp|Q9UM54-6|MYO6_HUMAN	DECOY_sp|Q9UM54|MYO6_HUMAN
2017dec27_overlap_dia_6b_rep1_604to616.dia:2672.6675:decoyIC[+57.0214635]YTLNDSIK+2	-1	62443	10.954755	0.56752986	1.006652	6.349234	5.410664	0.14396438	0.019854482	8.0	0.0	3.4377534	-2.225712	0.9837798	4.3465195	4.3465195	-1.7861013	0.09402847	2.22402	1.891019	0	10	0	1	0	0	613.8079090586644	1225.6012651837032	44.544456	-.IC[+57.0214635]YTLNDSIK.-	DECOY_sp|Q9Y2X3|NOP58_HUMAN
2017dec27_overlap_dia_6b_rep1_604to616.dia:2672.6675:decoySLMASADESGGPRLIC[+57.0214635]R+3	-1	62443	12.700422	0.49220356	0.8646656	6.1406593	5.2070265	0.20319185	0.032221332	10.0	3.0	3.9382265	-1.305907	0.0	10.0	10.0	-0.55126286	5.938301	10.0	0.97121394	1	17	0	0	1	0	607.2978271947139	1818.871652183703	44.544456	-.SLMASADESGGPRLIC[+57.0214635]R.-	DECOY_sp|P52888-2|THOP1_HUMAN	DECOY_sp|P52888|THOP1_HUMAN
2017dec27_overlap_dia_6b_rep1_604to616.dia:2672.6675:decoyVEFSLSNNALK+2	-1	62443	11.76344	0.6133569	1.0819044	6.2036767	5.376457	0.14114575	0.017315013	9.0	0.0	2.246647	-1.6849852	0.5723951	3.2410476	-2.6541145	-0.59176064	3.8780632	4.776614	1.3502921	0	11	0	1	0	0	611.3273268086646	1220.6401006837034	44.544456	-.VEFSLSNNALK.-	DECOY_sp|O76094-2|SRP72_HUMAN	DECOY_sp|O76094|SRP72_HUMAN
2017dec27_overlap_dia_6b_rep1_604to616.dia:2674.6672:EPAVLELEGKK+2	1	62495	13.647076	0.8560358	1.2020855	6.0459194	5.2066665	0.09624474	0.010194793	11.0	1.0	2.5852463	-1.7662809	0.5390315	1.1307212	1.1307212	0.8277893	0.2698822	0.99177825	1.419719	1	11	0	1	0	0	606.8453533086648	1211.676153683704	44.577785	-.EPAVLELEGKK.-	sp|Q01518-2|CAP1_HUMAN	sp|Q01518|CAP1_HUMAN
2017dec27_overlap_dia_6b_rep1_604to616.dia:2674.6672:FHLLELEKGK+2	1	62495	9.676073	0.6614007	0.8065815	5.973642	5.0518956	0.14068134	0.009884846	7.0	0.0	2.2795806	-1.6211923	0.8018079	2.6455646	2.6455646	0.013576508	0.2698822	0.5230651	1.2746304	1	10	0	1	0	0	607.3506058086647	1212.6866586837036	44.577785	-.FHLLELEKGK.-	sp|A6NDR6|ME3L1_HUMAN	sp|A8K0S8|ME3L2_HUMAN	sp|Q99687-3|MEIS3_HUMAN
2017dec27_overlap_dia_6b_rep1_604to616.dia:2674.6672:decoyENIGVDIVAAGR+2	-1	62495	12.45127	0.46083662	0.79266	5.8915067	5.1276355	0.17786258	0.01667	10.0	1.0	1.6463412	-1.2347559	0.0	10.0	10.0	-1.7566519	8.697712	10.0	0.88819396	0	12	0	1	0	0	607.3304018086645	1212.6462506837033	44.577785	-.ENIGVDIVAAGR.-	DECOY_sp|P13995-2|MTDC_HUMAN	DECOY_sp|P13995|MTDC_HUMAN
2017dec27_overlap_dia_6b_rep1_604to616.dia:2674.6672:decoyILYDQGEPSAK+2	-1	62495	10.343494	0.68293536	1.0298582	6.641063	5.795286	0.18597206	0.023163347	7.0	0.0	1.1942985	0.052286446	0.5384399	2.96555	2.96555	-2.2926626	1.3851738	0.8430505	0.39884835	0	11	0	1	0	0	610.8115063086647	1219.6084596837036	44.577785	-.ILYDQGEPSAK.-	DECOY_sp|Q9Y3I0|RTCB_HUMAN
2017dec27_overlap_dia_6b_rep1_604to616.dia:2674.6672:decoyKLQAVDQALIK+2	-1	62495	10.224159	0.51402074	0.7228125	6.521728	5.189911	0.04916948	0.0069108973	7.0	1.0	0.88024217	-0.66018164	0.0	10.0	10.0	-2.9610882	0.21520615	10.0	0.31361973	1	11	0	1	0	0	613.8769883086646	1225.7394236837035	44.577785	-.KLQAVDQALIK.-	DECOY_sp|O95239-2|KIF4A_HUMAN	DECOY_sp|O95239|KIF4A_HUMAN
2017dec27_overlap_dia_6b_rep1_604to616.dia:2678.8025:QVC[+57.0214635]GDYLLSR+2	1	62599	10.075369	0.53237236	0.8131073	5.4698486	4.435942	0.05749456	0.009117773	8.0	0.0	2.2296119	-1.6722089	0.0	10.0	10.0	-1.0117483	4.2484627	10.0	1.325647	0	10	0	1	0	0	605.7978760586647	1209.5811991837036	44.64671	-.QVC[+57.0214635]GDYLLSR.-	sp|Q9Y6Y0|NS1BP_HUMAN
2017dec27_overlap_dia_6b_rep1_604to616.dia:2678.8025:TC[+57.0214635]SVSTLSASVHNGAQVK+3	1	62599	11.864828	0.30583212	0.6342214	5.305064	4.226289	0.16907467	0.03501226	10.0	3.0	2.055543	-1.5416572	0.6327759	3.5038276	3.5038276	-1.388073	4.2175217	1.3613782	1.1950953	0	18	0	0	1	0	615.9756301947141	1844.9050611837035	44.64671	-.TC[+57.0214635]SVSTLSASVHNGAQVK.-	sp|Q9C0D5-2|TANC1_HUMAN	sp|Q9C0D5|TANC1_HUMAN
2017dec27_overlap_dia_6b_rep1_604to616.dia:2678.8025:decoyLLVETEAQHAEGLQQR+3	-1	62599	10.574602	0.78928053	0.77513236	5.969082	5.396502	0.11154122	0.019898923	8.0	2.0	4.2233787	1.8981591	0.0	10.0	10.0	-1.4926777	1.6594734	10.0	2.244721	0	16	0	0	1	0	607.9866356947138	1820.9380776837027	44.64671	-.LLVETEAQHAEGLQQR.-	DECOY_sp|Q14980-2|NUMA1_HUMAN	DECOY_sp|Q14980-3|NUMA1_HUMAN	DECOY_sp|Q14980-4|NUMA1_HUMAN	DECOY_sp|Q14980|NUMA1_HUMAN
2017dec27_overlap_dia_6b_rep1_604to616.dia:2678.8025:decoySGSPKDPKSEVPVAPTLK+3	-1	62599	10.688683	0.42365474	0.52842796	6.0831623	5.4777694	0.07567043	0.02612565	8.0	3.0	2.4714746	-1.853606	0.0	10.0	10.0	-1.724906	6.6136284	10.0	1.5070441	2	18	0	0	1	0	613.0070360280473	1835.999278683703	44.64671	-.SGSPKDPKSEVPVAPTLK.-	DECOY_sp|P20810-10|ICAL_HUMAN	DECOY_sp|P20810-2|ICAL_HUMAN	DECOY_sp|P20810-3|ICAL_HUMAN	DECOY_sp|P20810-4|ICAL_HUMAN	DECOY_sp|P20810-5|ICAL_HUMAN	DECOY_sp|P20810-6|ICAL_HUMAN	DECOY_sp|P20810-7|ICAL_HUMAN	DECOY_sp|P20810-8|ICAL_HUMAN	DECOY_sp|P20810-9|ICAL_HUMAN	DECOY_sp|P20810|ICAL_HUMAN
2017dec27_overlap_dia_6b_rep1_604to616.dia:2680.8962:EVLQQLETQK+2	1	62651	12.341458	0.6600348	1.0152372	5.781695	4.823919	0.034824636	0.009666829	10.0	0.0	0.6910475	-0.27206913	0.0	10.0	10.0	-0.4154024	0.23409653	10.0	0.07449278	0	10	0	1	0	0	608.3326108086648	1214.6506686837038	44.681602	-.EVLQQLETQK.-	sp|Q92696|PGTA_HUMAN
2017dec27_overlap_dia_6b_rep1_604to616.dia:2680.8962:ILDMC[+57.0214635]C[+57.0214635]APGGK+2	1	62651	16.651415	1.5059859	1.8971382	6.8571343	6.357509	0.016922621	0.003150665	13.0	0.0	1.914113	-1.1373229	0.83347976	1.5509592	-1.5509592	3.3002663	0.2764969	3.6934085	0.790761	0	11	0	1	0	0	611.2748698086647	1220.5351866837036	44.681602	-.ILDMC[+57.0214635]C[+57.0214635]APGGK.-	sp|P46087-2|NOP2_HUMAN	sp|P46087-3|NOP2_HUMAN	sp|P46087-4|NOP2_HUMAN	sp|P46087|NOP2_HUMAN
2017dec27_overlap_dia_6b_rep1_604to616.dia:2682.9165:LVDEYSLNAGK+2	1	62703	16.219917	0.9628044	1.5556359	6.4256363	5.4491096	0.054153457	0.01080175	13.0	1.0	2.543319	0.6718645	0.82187647	3.3593755	-3.3593755	3.7066574	0.22553253	5.501825	1.0310025	0	11	0	1	0	0	604.8115058086647	1207.6084586837037	44.715275	-.LVDEYSLNAGK.-	sp|P19367-2|HXK1_HUMAN	sp|P19367-3|HXK1_HUMAN	sp|P19367-4|HXK1_HUMAN	sp|P19367|HXK1_HUMAN
2017dec27_overlap_dia_6b_rep1_604to616.dia:2682.9165:MENQVLQEAR+2	1	62703	11.514158	0.51911056	0.87730926	5.9543943	5.177729	0.106941596	0.018340372	9.0	0.0	3.1731694	2.2338467	0.88340664	7.5193715	7.5193715	0.22423649	6.683464	5.376922	2.5929847	0	10	0	1	0	0	609.3007873086648	1216.5870216837038	44.715275	-.MENQVLQEAR.-	sp|Q9Y6D5|BIG2_HUMAN
2017dec27_overlap_dia_6b_rep1_604to616.dia:2682.9165:decoyAEEVEALQSLK+2	-1	62703	10.057118	0.5341555	0.997388	6.3546877	5.2217927	0.22954135	0.023606826	7.0	1.0	1.5298346	0.8267188	0.52712566	9.267644	9.267644	-1.8474607	2.896183	7.1251945	1.1858568	0	11	0	1	0	0	608.8246178086646	1215.6346826837034	44.715275	-.AEEVEALQSLK.-	DECOY_sp|O60749-2|SNX2_HUMAN	DECOY_sp|O60749|SNX2_HUMAN	DECOY_sp|Q13596-2|SNX1_HUMAN	DECOY_sp|Q13596-3|SNX1_HUMAN	DECOY_sp|Q13596|SNX1_HUMAN
2017dec27_overlap_dia_6b_rep1_604to616.dia:2682.9165:decoyDSVYYISVDR+2	-1	62703	10.576612	0.745873	1.206782	5.9710913	5.269437	0.07945041	0.014053421	8.0	0.0	3.9205086	0.07820445	0.901039	7.5351987	7.5351987	-1.6195459	8.326485	5.3927493	0.43734246	0	10	0	1	0	0	608.7958513086646	1215.5771496837035	44.715275	-.DSVYYISVDR.-	DECOY_sp|O14975-2|S27A2_HUMAN	DECOY_sp|O14975|S27A2_HUMAN
2017dec27_overlap_dia_6b_rep1_604to616.dia:2682.9165:decoyKSTFWAEADR+2	-1	62703	10.278077	1.0536296	1.5149382	5.6725564	5.0569453	0.17070444	0.019229557	8.0	1.0	4.6291385	-0.42366135	0.81495094	0.82054967	-0.82054967	-1.634347	0.14210129	2.962999	0.06452334	1	10	0	1	0	0	605.7961948086645	1209.5778366837033	44.715275	-.KSTFWAEADR.-	DECOY_sp|P08727|K1C19_HUMAN
2017dec27_overlap_dia_6b_rep1_604to616.dia:2682.9165:decoyLAQYTQELEK+2	-1	62703	12.813883	0.5929924	1.4556878	6.2541194	5.395179	0.19061588	0.024318665	10.0	1.0	2.841586	0.43112808	0.0	10.0	10.0	-0.638813	1.9537468	10.0	0.7902661	0	10	0	1	0	0	611.8193318086647	1221.6241106837037	44.715275	-.LAQYTQELEK.-	DECOY_sp|Q03252|LMNB2_HUMAN
2017dec27_overlap_dia_6b_rep1_604to616.dia:2686.9932:KDAEAWFTSR+2	1	62807	13.669861	0.8771145	1.3228126	6.0687046	5.519843	0.040010486	0.0069177933	11.0	0.0	3.8177547	-2.863316	0.81495094	5.426072	5.426072	0.08526325	0.078956604	3.2836227	2.504178	1	10	0	1	0	0	605.7961948086647	1209.5778366837037	44.78322	-.KDAEAWFTSR.-	sp|P08727|K1C19_HUMAN
2017dec27_overlap_dia_6b_rep1_604to616.dia:2686.9932:KLISC[+57.0214635]PGMPSK+2	1	62807	12.042056	0.6425345	1.0379592	6.4822927	5.364842	0.058343098	0.00717205	9.0	1.0	0.80831975	0.2580745	0.8181043	7.339098	-7.339098	-1.583559	0.0833931	9.481547	0.61721253	1	11	0	1	0	0	609.3226765586647	1216.6308001837037	44.78322	-.KLISC[+57.0214635]PGMPSK.-	sp|Q9NQI0-2|DDX4_HUMAN	sp|Q9NQI0-3|DDX4_HUMAN	sp|Q9NQI0-4|DDX4_HUMAN	sp|Q9NQI0|DDX4_HUMAN
2017dec27_overlap_dia_6b_rep1_604to616.dia:2686.9932:KLLPDDPYEK+2	1	62807	13.098139	0.7808323	1.0760871	6.538376	5.531844	0.06439091	0.004292747	10.0	2.0	1.064296	0.06609231	0.8089972	4.7579412	-4.7579412	2.2412949	0.0833931	6.9003906	0.42523032	1	10	0	1	0	0	609.3242493086647	1216.6339456837036	44.78322	-.KLLPDDPYEK.-	sp|P78417-2|GSTO1_HUMAN	sp|P78417-3|GSTO1_HUMAN	sp|P78417|GSTO1_HUMAN
2017dec27_overlap_dia_6b_rep1_604to616.dia:2686.9932:MWDPHNDPNAQGDAFK+3	1	62807	29.436802	2.2920935	2.0043702	7.0243063	6.6172333	0.004904556	0.0011053216	23.0	18.0	1.1373454	-0.76314414	0.9230415	2.314336	1.519066	7.3073177	0.08197403	0.6233834	0.40400612	0	16	0	0	1	0	614.9336540280475	1841.779132683704	44.78322	-.MWDPHNDPNAQGDAFK.-	sp|P08621-2|RU17_HUMAN	sp|P08621-3|RU17_HUMAN	sp|P08621|RU17_HUMAN
2017dec27_overlap_dia_6b_rep1_604to616.dia:2686.9932:decoyDILPNPDEC[+57.0214635]R+2	-1	62807	12.1225605	0.80055046	1.0853858	6.562797	5.9117575	0.14039902	0.055337224	9.0	0.0	3.8434353	2.2259762	0.0	10.0	10.0	0.726202	2.472206	10.0	2.5851142	0	10	0	1	0	0	614.7849695586647	1227.5553861837036	44.78322	-.DILPNPDEC[+57.0214635]R.-	DECOY_sp|P63010-2|AP2B1_HUMAN	DECOY_sp|P63010-3|AP2B1_HUMAN	DECOY_sp|P63010|AP2B1_HUMAN	DECOY_sp|Q10567-2|AP1B1_HUMAN	DECOY_sp|Q10567-3|AP1B1_HUMAN	DECOY_sp|Q10567-4|AP1B1_HUMAN	DECOY_sp|Q10567|AP1B1_HUMAN
2017dec27_overlap_dia_6b_rep1_604to616.dia:2686.9932:decoyTTVQHIESNLFC[+57.0214635]NQK+3	-1	62807	13.693522	0.61318594	1.0572425	6.092366	5.07078	0.06563687	0.016941048	11.0	1.0	2.678189	-0.8229599	0.0	10.0	10.0	0.6438875	5.5607033	10.0	0.4638219	0	15	0	0	1	0	606.9649541947141	1817.8730331837035	44.78322	-.TTVQHIESNLFC[+57.0214635]NQK.-	DECOY_sp|Q9BYX2-2|TBD2A_HUMAN	DECOY_sp|Q9BYX2-3|TBD2A_HUMAN	DECOY_sp|Q9BYX2-4|TBD2A_HUMAN	DECOY_sp|Q9BYX2-5|TBD2A_HUMAN	DECOY_sp|Q9BYX2-6|TBD2A_HUMAN	DECOY_sp|Q9BYX2|TBD2A_HUMAN
2017dec27_overlap_dia_6b_rep1_604to616.dia:2686.9932:decoyVDEALVDNIPK+2	-1	62807	12.83549	0.5598926	0.9541802	6.275727	5.0825844	0.10844191	0.014605813	10.0	1.0	1.6495233	-0.47002444	0.5329805	9.464581	9.464581	-0.3779974	7.734894	7.322131	0.110886425	0	11	0	1	0	0	606.8271603086646	1211.6397676837034	44.78322	-.VDEALVDNIPK.-	DECOY_sp|P82650-2|RT22_HUMAN	DECOY_sp|P82650|RT22_HUMAN
2017dec27_overlap_dia_6b_rep1_604to616.dia:2686.9932:decoyVGSFGC[+57.0214635]SQGVSK+2	-1	62807	11.1554985	0.67010796	1.0904036	5.5957355	4.3571553	0.07469842	0.020168155	9.0	1.0	1.3152009	0.5985949	0.0	10.0	10.0	-2.0174427	10.541	10.0	0.9577329	0	12	0	1	0	0	606.7875125586646	1211.5604721837035	44.78322	-.VGSFGC[+57.0214635]SQGVSK.-	DECOY_sp|O75128-2|COBL_HUMAN	DECOY_sp|O75128-3|COBL_HUMAN	DECOY_sp|O75128-6|COBL_HUMAN	DECOY_sp|O75128-7|COBL_HUMAN	DECOY_sp|O75128|COBL_HUMAN
2017dec27_overlap_dia_6b_rep1_604to616.dia:2689.1526:decoyHDATVNGLDGVK+2	-1	62859	12.13457	0.61876994	1.0183958	6.5748067	6.5971828	0.10437273	0.021995895	9.0	3.0	1.1796178	-0.18495235	0.0	10.0	10.0	-1.3023071	12.067623	10.0	0.17418566	0	12	0	1	0	0	613.3122093086646	1224.6098656837034	44.81921	-.HDATVNGLDGVK.-	DECOY_sp|P00441|SODC_HUMAN
2017dec27_overlap_dia_6b_rep1_604to616.dia:2689.1526:decoyTQMPSVAAAPPR+2	-1	62859	12.418821	0.38202953	0.650146	5.859058	4.947265	0.1195005	0.044989884	10.0	0.0	6.1296306	3.3529863	0.5327988	1.5731333	1.5731333	-0.49465942	5.7904396	0.569316	3.7121243	0	12	0	1	0	0	613.3215233086646	1224.6284936837035	44.81921	-.TQMPSVAAAPPR.-	DECOY_sp|Q69YQ0-2|CYTSA_HUMAN	DECOY_sp|Q69YQ0|CYTSA_HUMAN
2017dec27_overlap_dia_6b_rep1_604to616.dia:2691.1816:NWQYQETIK+2	1	62911	10.300931	0.59541464	0.6628697	6.5985003	5.9538717	0.114955984	0.005172128	7.0	0.0	4.856955	-3.2416863	0.96989065	5.2094593	5.2094593	-1.3542233	0.09288025	3.0472996	2.8825483	0	9	0	1	0	0	605.2985663086647	1208.5825796837037	44.853027	-.NWQYQETIK.-	sp|Q15008-2|PSMD6_HUMAN	sp|Q15008-3|PSMD6_HUMAN	sp|Q15008-4|PSMD6_HUMAN	sp|Q15008|PSMD6_HUMAN
2017dec27_overlap_dia_6b_rep1_604to616.dia:2691.1816:decoyIEQWETSEAK+2	-1	62911	10.682163	0.5920534	0.7339333	6.076642	5.4419127	0.1646912	0.00984975	8.0	0.0	3.4919045	-1.5757607	0.59677863	5.6608496	5.6608496	-1.1373882	9.224407	3.49869	1.2166227	0	10	0	1	0	0	610.7933178086647	1219.5720826837037	44.853027	-.IEQWETSEAK.-	DECOY_sp|Q14789-2|GOGB1_HUMAN	DECOY_sp|Q14789-3|GOGB1_HUMAN	DECOY_sp|Q14789-4|GOGB1_HUMAN	DECOY_sp|Q14789|GOGB1_HUMAN
2017dec27_overlap_dia_6b_rep1_604to616.dia:2693.304:LSLEGDHSTPPSAYGSVK+3	1	62963	43.78316	3.0403163	2.8806453	8.3629875	7.8916144	1.4649222E-4	5.569181E-5	32.0	28.0	1.1984328	-0.33807614	0.9999633	4.870304	3.715599	17.981651	0.103961945	1.5532007	0.021061867	0	18	0	0	1	0	615.6390093613808	1843.8951986837035	44.8884	-.LSLEGDHSTPPSAYGSVK.-	sp|A6NMY6|AXA2L_HUMAN	sp|P07355-2|ANXA2_HUMAN	sp|P07355|ANXA2_HUMAN
2017dec27_overlap_dia_6b_rep1_604to616.dia:2695.332:SSPNPFVGSPPK+2	1	63015	13.019999	0.7669031	0.9912131	6.4602356	5.8314996	0.12332178	0.012752047	10.0	1.0	3.5253112	-2.294814	0.9766414	2.5605159	0.7693369	-1.5774431	0.10302353	1.3930614	1.9231	0	12	0	1	0	0	607.3142198086647	1212.6138866837036	44.9222	-.SSPNPFVGSPPK.-	sp|P98082-3|DAB2_HUMAN	sp|P98082|DAB2_HUMAN
2017dec27_overlap_dia_6b_rep1_604to616.dia:2695.332:decoyGPLSVDVDPGEK+2	-1	63015	12.093219	0.63278013	1.0995082	6.5334554	6.106098	0.10870762	0.016715672	9.0	1.0	3.9141395	2.9356046	0.5540596	2.561148	-0.7441487	-1.562006	7.476143	2.906547	3.3073187	0	12	0	1	0	0	606.8089678086648	1211.6033826837038	44.9222	-.GPLSVDVDPGEK.-	DECOY_sp|Q09666|AHNK_HUMAN
2017dec27_overlap_dia_6b_rep1_604to616.dia:2699.5144:decoyAVDEMGYHDEELVAQK+3	-1	63119	12.906941	0.5098021	0.6495063	6.347178	5.637252	0.06475668	0.014318334	10.0	6.0	6.462555	-4.204845	0.0	10.0	10.0	0.67274857	1.4628334	10.0	3.8331308	0	16	0	0	1	0	611.9489670280475	1832.8250716837038	44.991905	-.AVDEMGYHDEELVAQK.-	DECOY_sp|P36776-2|LONM_HUMAN	DECOY_sp|P36776-3|LONM_HUMAN	DECOY_sp|P36776|LONM_HUMAN
2017dec27_overlap_dia_6b_rep1_604to616.dia:2701.6282:GITC[+57.0214635]DIGSMEK+2	1	63171	10.349343	0.51449233	0.7438618	5.7438226	5.0733833	0.15804069	0.029994793	8.0	1.0	2.9316828	-0.015219316	0.0	10.0	10.0	-1.600543	0.15693665	10.0	0.35649478	0	11	0	1	0	0	605.7757565586647	1209.5369601837037	45.027138	-.GITC[+57.0214635]DIGSMEK.-	sp|Q92887|MRP2_HUMAN
2017dec27_overlap_dia_6b_rep1_604to616.dia:2701.6282:MTSGVSQGEWK+2	1	63171	10.529377	0.36255053	0.73196095	5.9238563	4.873723	0.15985668	0.029929517	8.0	1.0	7.1389375	0.8646287	0.52256566	0.9378386	0.9378386	-0.8276949	8.394623	1.2245598	1.2363428	0	11	0	1	0	0	605.2820633086648	1208.5495736837038	45.027138	-.MTSGVSQGEWK.-	sp|Q9UPQ9-1|TNR6B_HUMAN	sp|Q9UPQ9|TNR6B_HUMAN
2017dec27_overlap_dia_6b_rep1_604to616.dia:2703.65:decoyQVDENLVDKR+2	-1	63223	10.2067375	0.54102	0.66534036	5.6012173	5.053851	0.15120512	0.02529561	8.0	0.0	5.2656636	0.9592128	0.19294088	3.0450935	3.0450935	-1.4360046	14.716991	0.8826952	1.343503	1	10	0	1	0	0	608.3200338086646	1214.6255146837034	45.060833	-.QVDENLVDKR.-	DECOY_sp|O75116|ROCK2_HUMAN
2017dec27_overlap_dia_6b_rep1_604to616.dia:2712.0012:LTDISVTDPEK+2	1	63431	10.345556	1.258233	1.5366485	5.7400355	5.1145887	0.043624755	0.004401327	8.0	1.0	2.4308784	1.8231587	0.19959192	8.456687	8.456687	-1.9384432	0.21635437	6.2942886	2.220025	0	11	0	1	0	0	609.3166258086648	1216.6186986837038	45.20002	-.LTDISVTDPEK.-	sp|Q9Y333|LSM2_HUMAN
2017dec27_overlap_dia_6b_rep1_604to616.dia:2712.0012:decoyAIQTDLVTVNR+2	-1	63431	12.002487	0.6813462	1.1475781	6.4427233	5.6615505	0.13033937	0.010275065	9.0	0.0	1.479215	-0.1760275	0.0	10.0	10.0	-0.24983597	7.387619	10.0	0.22083881	0	11	0	1	0	0	615.3460523086646	1228.6775516837035	45.20002	-.AIQTDLVTVNR.-	DECOY_sp|Q9NZM1-2|MYOF_HUMAN	DECOY_sp|Q9NZM1-3|MYOF_HUMAN	DECOY_sp|Q9NZM1-5|MYOF_HUMAN	DECOY_sp|Q9NZM1-6|MYOF_HUMAN	DECOY_sp|Q9NZM1|MYOF_HUMAN
2017dec27_overlap_dia_6b_rep1_604to616.dia:2712.0012:decoyQASGHEDGSVAPQNNFGK+3	-1	63431	12.905388	0.89987224	1.3653876	5.304232	4.723876	0.12340175	0.032207035	11.0	4.0	2.5287895	1.8965921	0.0	10.0	10.0	-1.5961485	15.1923485	10.0	2.2934585	0	18	0	0	1	0	614.9503610280475	1841.8292536837037	45.20002	-.QASGHEDGSVAPQNNFGK.-	DECOY_sp|Q93074-2|MED12_HUMAN	DECOY_sp|Q93074-3|MED12_HUMAN	DECOY_sp|Q93074|MED12_HUMAN
2017dec27_overlap_dia_6b_rep1_604to616.dia:2716.2065:HAEATLGSGNLR+2	1	63535	13.44675	0.33463898	0.7842888	5.8455935	5.437261	0.26259157	0.020371526	11.0	1.0	3.8127663	2.8595748	0.7570432	6.862212	-0.5670016	-1.1023331	15.262436	2.7294	3.256441	0	12	0	1	0	0	613.3178258086647	1224.6210986837036	45.270107	-.HAEATLGSGNLR.-	sp|Q7L9L4-2|MOB1B_HUMAN	sp|Q7L9L4|MOB1B_HUMAN	sp|Q9H8S9-2|MOB1A_HUMAN	sp|Q9H8S9|MOB1A_HUMAN
2017dec27_overlap_dia_6b_rep1_604to616.dia:2716.2065:NQLTSNPENTVFDAKR+3	1	63535	30.776585	3.127396	2.9797688	6.983879	6.423594	0.01112181	0.0020511977	24.0	18.0	2.1731794	1.6298845	0.9999552	4.2484074	4.2484074	9.764595	0.1217041	2.086009	2.0267508	1	16	0	0	1	0	611.9745063613808	1832.9016896837036	45.270107	-.NQLTSNPENTVFDAKR.-	sp|P11021|GRP78_HUMAN
2017dec27_overlap_dia_6b_rep1_604to616.dia:2716.2065:NQVAMNPQNTVFDAKR+3	1	63535	21.369638	1.9837426	2.320443	6.8185697	6.151051	0.01160558	0.0028002332	17.0	6.0	2.3344715	1.7508535	0.7253641	6.159252	6.159252	6.6326485	0.1217041	3.9968538	2.1477199	1	16	0	0	1	0	611.6405820280476	1831.899916683704	45.270107	-.NQVAMNPQNTVFDAKR.-	sp|P34931|HS71L_HUMAN
2017dec27_overlap_dia_6b_rep1_604to616.dia:2716.2065:decoyDVQNMSNEFK+2	-1	63535	10.715521	0.50855935	0.8729277	6.11	5.137122	0.114116326	0.015930938	8.0	0.0	3.8998203	0.1551004	0.0	10.0	10.0	-1.087616	3.8565445	10.0	0.5519667	0	10	0	1	0	0	606.2716948086646	1210.5288366837035	45.270107	-.DVQNMSNEFK.-	DECOY_sp|O75521-2|ECI2_HUMAN	DECOY_sp|O75521|ECI2_HUMAN
2017dec27_overlap_dia_6b_rep1_604to616.dia:2716.2065:decoyEEDTMDNQLK+2	-1	63535	9.996229	0.32097465	0.4807936	5.390708	4.6718073	0.09271589	0.008397264	8.0	0.0	3.2746809	2.4560106	0.0	10.0	10.0	-2.2251778	15.262436	10.0	2.852877	0	10	0	1	0	0	611.7664428086646	1221.5183326837034	45.270107	-.EEDTMDNQLK.-	DECOY_sp|O75691|UTP20_HUMAN
2017dec27_overlap_dia_6b_rep1_604to616.dia:2716.2065:decoyFMDSQVVPDGK+2	-1	63535	10.3249445	0.36125115	0.5073141	6.622514	5.8083196	0.26863575	0.029437877	7.0	1.0	6.0264974	4.519873	0.0	10.0	10.0	-2.5145874	0.8177185	10.0	4.9167395	0	11	0	1	0	0	611.7922638086646	1221.5699746837035	45.270107	-.FMDSQVVPDGK.-	DECOY_sp|P0DMV8-2|HS71A_HUMAN	DECOY_sp|P0DMV8|HS71A_HUMAN	DECOY_sp|P0DMV9|HS71B_HUMAN
2017dec27_overlap_dia_6b_rep1_604to616.dia:2716.2065:decoyKSEELLDAYR+2	-1	63535	12.340719	0.5715977	0.9990039	6.7809563	5.521496	0.048847537	0.0047722245	9.0	2.0	4.8536887	3.6402664	0.0	10.0	10.0	-1.4204092	2.6905746	10.0	4.0371327	1	10	0	1	0	0	612.3169553086647	1222.6193576837036	45.270107	-.KSEELLDAYR.-	DECOY_sp|Q9NUQ3|TXLNG_HUMAN
2017dec27_overlap_dia_6b_rep1_604to616.dia:2720.4453:NQVALNPQNTVFDAKR+3	1	63639	18.684221	2.0446148	2.534437	6.5677214	5.9101467	0.047229253	0.009935683	15.0	12.0	1.9333897	1.3572137	0.0	10.0	10.0	0.22711563	4.533531	10.0	1.75408	1	16	0	0	1	0	605.6551083613808	1813.9434956837038	45.340755	-.NQVALNPQNTVFDAKR.-	sp|P0DMV8-2|HS71A_HUMAN	sp|P0DMV8|HS71A_HUMAN	sp|P0DMV9|HS71B_HUMAN
2017dec27_overlap_dia_6b_rep1_604to616.dia:2722.5713:IAQETFDAAVR+2	1	63691	16.228806	1.0373343	1.5276577	6.434525	5.6535983	0.023371978	0.004201215	13.0	1.0	1.7968549	-0.15383375	0.74485916	3.0798523	3.0798523	0.25669003	0.014518738	0.917454	0.25560868	0	11	0	1	0	0	610.8171278086646	1219.6197026837035	45.376186	-.IAQETFDAAVR.-	sp|Q6NXE6-2|ARMC6_HUMAN	sp|Q6NXE6|ARMC6_HUMAN
2017dec27_overlap_dia_6b_rep1_604to616.dia:2722.5713:IYGAGQPFAER+2	1	63691	10.123472	0.66139	1.1300992	5.517952	4.975397	0.114952356	0.008123589	8.0	0.0	4.374039	3.2805295	0.68161964	3.5747721	1.6444994	-2.3237128	0.029037476	0.5178989	3.689972	0	11	0	1	0	0	604.8065588086647	1207.5985646837037	45.376186	-.IYGAGQPFAER.-	sp|P54098|DPOG1_HUMAN
2017dec27_overlap_dia_6b_rep1_604to616.dia:2722.5713:QLPAQPPEHAVDGEGFK+3	1	63691	22.099909	1.553374	2.226332	6.2935677	5.728997	0.019148195	0.004334327	18.0	4.0	1.2021064	0.9015798	0.92827845	3.3478558	2.559676	4.108452	0.13476562	0.3972776	1.3110223	0	17	0	0	1	0	607.3039646947142	1818.890064683704	45.376186	-.QLPAQPPEHAVDGEGFK.-	sp|Q14151|SAFB2_HUMAN
2017dec27_overlap_dia_6b_rep1_604to616.dia:2722.5713:decoyC[+57.0214635]VAEEYVAC[+57.0214635]K+2	-1	63691	11.819476	0.4869075	0.51405597	6.2597127	5.138095	0.0649037	0.008358491	9.0	0.0	5.091245	3.8184338	0.24378575	5.5166106	-5.5166106	-0.4049387	6.5556793	7.679009	4.227876	0	10	0	1	0	0	614.7704698086646	1227.5263866837035	45.376186	-.C[+57.0214635]VAEEYVAC[+57.0214635]K.-	DECOY_sp|Q9NYH9|UTP6_HUMAN
2017dec27_overlap_dia_6b_rep1_604to616.dia:2722.5713:decoyIVAADFTEQAR+2	-1	63691	11.771959	0.6127031	1.0433662	6.212196	5.211539	0.11149747	0.018466022	9.0	1.0	2.3377934	-1.2483442	0.74485916	3.0798523	3.0798523	-1.8480396	0.014518738	0.917454	0.83890176	0	11	0	1	0	0	610.8171278086647	1219.6197026837037	45.376186	-.IVAADFTEQAR.-	DECOY_sp|Q6NXE6-2|ARMC6_HUMAN	DECOY_sp|Q6NXE6|ARMC6_HUMAN
2017dec27_overlap_dia_6b_rep1_604to616.dia:2724.6108:EVTELAGYTAR+2	1	63743	14.835524	1.4187992	1.775807	6.1551857	5.56546	0.052782558	0.0064793164	12.0	1.0	2.8237984	2.1178489	0.9526598	7.7915173	7.7915173	0.56972504	0.17996597	5.629119	2.5272913	0	11	0	1	0	0	605.3091313086647	1208.6037096837038	45.41018	-.EVTELAGYTAR.-	sp|P33897|ABCD1_HUMAN	sp|Q9UBJ2|ABCD2_HUMAN
2017dec27_overlap_dia_6b_rep1_604to616.dia:2724.6108:decoyGGGHLHLQGLGVQAQVDR+3	-1	63743	12.371763	0.7847607	0.9253965	5.8119993	4.7624617	0.1452954	0.014166928	10.0	1.0	2.2913969	-0.79421973	0.0	10.0	10.0	-1.0235548	3.3391724	10.0	0.3847773	0	18	0	0	1	0	614.6624866947142	1840.965630683704	45.41018	-.GGGHLHLQGLGVQAQVDR.-	DECOY_sp|Q9UBV2|SE1L1_HUMAN
2017dec27_overlap_dia_6b_rep1_604to616.dia:2724.6108:decoyIALQAEVEAQR+2	-1	63743	11.466681	0.611822	1.144863	5.906917	5.046607	0.14253122	0.014312677	9.0	1.0	2.1067226	-0.56423545	0.8219674	5.813649	5.813649	-2.1172738	0.023586273	3.6512508	0.15479302	0	11	0	1	0	0	614.3382273086645	1226.6619016837033	45.41018	-.IALQAEVEAQR.-	DECOY_sp|Q9UM54-1|MYO6_HUMAN	DECOY_sp|Q9UM54-2|MYO6_HUMAN	DECOY_sp|Q9UM54-4|MYO6_HUMAN	DECOY_sp|Q9UM54-5|MYO6_HUMAN	DECOY_sp|Q9UM54-6|MYO6_HUMAN	DECOY_sp|Q9UM54|MYO6_HUMAN
2017dec27_overlap_dia_6b_rep1_604to616.dia:2724.6108:decoyLIAPHEQDQIC[+57.0214635]QDLR+3	-1	63743	12.633261	0.6635765	0.8513474	6.0734973	5.186195	0.11731529	0.020017909	10.0	3.0	3.1267169	0.0699656	0.3699764	2.3571906	-2.0110297	-1.2486916	0.9360237	4.173428	0.47940803	0	15	0	0	1	0	612.6404708613807	1834.8995831837033	45.41018	-.LIAPHEQDQIC[+57.0214635]QDLR.-	DECOY_sp|O60518|RNBP6_HUMAN
2017dec27_overlap_dia_6b_rep1_604to616.dia:2724.6108:decoyYEQESPYANK+2	-1	63743	8.937117	0.44275606	0.8039612	5.2346854	4.9420366	0.25371343	0.035428558	7.0	0.0	6.13969	1.2779043	0.2078057	8.635894	8.635894	-1.893693	15.402508	6.4734955	1.6873467	0	10	0	1	0	0	614.7776588086646	1227.5407646837034	45.41018	-.YEQESPYANK.-	DECOY_sp|Q15583-2|TGIF1_HUMAN	DECOY_sp|Q15583-3|TGIF1_HUMAN	DECOY_sp|Q15583-4|TGIF1_HUMAN	DECOY_sp|Q15583|TGIF1_HUMAN	DECOY_sp|Q9GZN2-2|TGIF2_HUMAN	DECOY_sp|Q9GZN2|TGIF2_HUMAN
2017dec27_overlap_dia_6b_rep1_604to616.dia:2726.6958:IQAEVEAQLAR+2	1	63795	13.458184	0.931307	1.4469537	5.857028	5.1203976	0.04108678	0.010160272	11.0	0.0	3.530859	-0.49556875	0.9527906	6.852914	6.852914	-0.8607588	0.008712769	4.6705656	0.08612633	0	11	0	1	0	0	614.3382273086647	1226.6619016837037	45.44493	-.IQAEVEAQLAR.-	sp|Q9UM54-1|MYO6_HUMAN	sp|Q9UM54-2|MYO6_HUMAN	sp|Q9UM54-4|MYO6_HUMAN	sp|Q9UM54-5|MYO6_HUMAN	sp|Q9UM54-6|MYO6_HUMAN	sp|Q9UM54|MYO6_HUMAN
2017dec27_overlap_dia_6b_rep1_604to616.dia:2726.6958:LHVGNISPTC[+57.0214635]TNQELR+3	1	63795	20.476822	1.4519483	1.6362814	5.925754	5.5896506	0.02087256	0.006049352	17.0	1.0	4.262602	-1.5676727	0.9017329	4.654533	4.654533	5.1091175	0.19622421	2.4721847	1.1582303	0	16	0	0	1	0	613.6441035280474	1837.9104811837035	45.44493	-.LHVGNISPTC[+57.0214635]TNQELR.-	sp|Q9BQ04|RBM4B_HUMAN
2017dec27_overlap_dia_6b_rep1_604to616.dia:2726.6958:QLEKDFSSMK+2	1	63795	11.997684	0.57002825	0.9506729	5.43792	4.870491	0.07412037	0.016620645	10.0	0.0	3.7728374	2.7609594	0.526814	3.0783525	3.0783525	-0.5987606	10.004986	0.8960042	3.1704018	1	10	0	1	0	0	606.8000883086646	1211.5856236837035	45.44493	-.QLEKDFSSMK.-	sp|P39023|RL3_HUMAN
2017dec27_overlap_dia_6b_rep1_604to616.dia:2726.6958:decoyC[+57.0214635]SGLSIC[+57.0214635]APTR+2	-1	63795	11.348271	0.32029957	0.5520368	5.788508	5.0672226	0.11613631	0.021269536	9.0	0.0	5.737821	1.4997333	0.23443837	5.888501	-5.888501	0.17956161	1.635643	8.070849	1.9091758	0	11	0	1	0	0	611.2893653086645	1220.5641776837033	45.44493	-.C[+57.0214635]SGLSIC[+57.0214635]APTR.-	DECOY_sp|O95757|HS74L_HUMAN
2017dec27_overlap_dia_6b_rep1_604to616.dia:2726.6958:decoyHQWNLDQIR+2	-1	63795	11.4847145	1.0898417	1.2701515	5.924951	5.513455	0.06693746	0.01896944	9.0	0.0	5.980807	4.4856052	0.0	10.0	10.0	-0.5862217	4.6672096	10.0	4.8950477	0	9	0	1	0	0	605.3098038086646	1208.6050546837034	45.44493	-.HQWNLDQIR.-	DECOY_sp|O75934|SPF27_HUMAN
2017dec27_overlap_dia_6b_rep1_604to616.dia:2728.745:NYGFVHIEDK+2	1	63847	14.864926	0.99849993	1.4204731	6.1845884	5.657128	0.04946396	0.004020966	12.0	1.0	4.548851	2.004023	0.96085435	3.4619098	3.4619098	2.7883759	0.32803345	1.2795615	2.4134655	0	10	0	1	0	0	611.2985658086646	1220.5825786837036	45.479084	-.NYGFVHIEDK.-	sp|Q9BQ04|RBM4B_HUMAN	sp|Q9BWF3-2|RBM4_HUMAN	sp|Q9BWF3-3|RBM4_HUMAN	sp|Q9BWF3-4|RBM4_HUMAN	sp|Q9BWF3|RBM4_HUMAN
2017dec27_overlap_dia_6b_rep1_604to616.dia:2728.745:decoyALPEKGVADEEEPSALGK+3	-1	63847	12.140749	0.5103462	0.85009724	5.580986	4.4154773	0.15077916	0.035855956	10.0	4.0	2.4337597	1.8253198	0.58894426	3.9790788	3.9790788	-2.2671347	0.6465874	1.7967305	2.2347622	1	18	0	0	1	0	613.9826676947142	1838.926173683704	45.479084	-.ALPEKGVADEEEPSALGK.-	DECOY_sp|Q9UNS1-2|TIM_HUMAN	DECOY_sp|Q9UNS1|TIM_HUMAN
2017dec27_overlap_dia_6b_rep1_604to616.dia:2728.745:decoyKSDC[+57.0214635]IIDDVR+2	-1	63847	11.870761	0.7167333	1.0837065	6.3109975	5.018536	0.04396193	0.005598903	9.0	1.0	2.5875652	0.27380425	0.0	10.0	10.0	-1.114275	9.596001	10.0	0.6832467	1	10	0	1	0	0	610.8006195586645	1219.5866861837033	45.479084	-.KSDC[+57.0214635]IIDDVR.-	DECOY_sp|P07942|LAMB1_HUMAN
2017dec27_overlap_dia_6b_rep1_604to616.dia:2728.745:decoyNKADFVTNQPNLAVQR+3	-1	63847	15.769432	0.66170037	1.1020955	5.975151	5.0547705	0.13880524	0.025192693	13.0	3.0	2.4900103	0.9936576	0.0	10.0	10.0	0.77404785	4.3952026	10.0	1.4031	1	16	0	0	1	0	605.6551083613807	1813.9434956837033	45.479084	-.NKADFVTNQPNLAVQR.-	DECOY_sp|P0DMV8-2|HS71A_HUMAN	DECOY_sp|P0DMV8|HS71A_HUMAN	DECOY_sp|P0DMV9|HS71B_HUMAN
2017dec27_overlap_dia_6b_rep1_604to616.dia:2728.745:decoySVFSVVEEAKK+2	-1	63847	11.099675	0.45591563	0.7364023	5.5399117	4.8255396	0.09645622	0.011167352	9.0	1.0	4.3888383	1.2427976	0.0	10.0	10.0	-1.6876335	0.64780045	10.0	1.65224	1	11	0	1	0	0	611.8375278086645	1221.6605026837033	45.479084	-.SVFSVVEEAKK.-	DECOY_sp|Q9BWH2|FUND2_HUMAN
2017dec27_overlap_dia_6b_rep1_604to616.dia:2728.745:decoyWYIPNEGTDK+2	-1	63847	9.970926	0.49932313	0.8794525	6.2684956	5.3267283	0.17295839	0.021642791	7.0	0.0	5.083931	3.8129482	0.5491819	2.517557	-2.517557	-0.8644905	2.6502914	4.6999054	4.2223907	0	10	0	1	0	0	611.7905738086646	1221.5665946837034	45.479084	-.WYIPNEGTDK.-	DECOY_sp|P05556|ITB1_HUMAN
2017dec27_overlap_dia_6b_rep1_604to616.dia:2730.8193:KVLPLEEAYR+2	1	63899	11.333105	0.50267375	0.8394423	5.773342	5.107519	0.06298206	0.004145038	9.0	0.0	4.1365485	-2.085032	0.0	10.0	10.0	-0.25062656	0.37865067	10.0	1.6755896	1	10	0	1	0	0	609.3480588086647	1216.6815646837038	45.513657	-.KVLPLEEAYR.-	sp|Q9H223|EHD4_HUMAN
2017dec27_overlap_dia_6b_rep1_604to616.dia:2730.8193:VVQDTYQIMK+2	1	63899	13.662003	0.93120515	1.1438781	6.060846	5.6472425	0.052150548	0.005390321	11.0	0.0	6.174906	-2.8404384	0.84191364	6.631318	6.631318	0.860981	0.09017944	4.44897	2.430996	0	10	0	1	0	0	612.8182778086647	1223.6220026837036	45.513657	-.VVQDTYQIMK.-	sp|O14964-2|HGS_HUMAN	sp|O14964|HGS_HUMAN
2017dec27_overlap_dia_6b_rep1_604to616.dia:2730.8193:decoyIEVMDMQPQK+2	-1	63899	9.59276	0.46328843	0.6333568	5.8903294	4.9115915	0.14831567	0.015540266	7.0	0.0	5.0013747	3.751031	0.0	10.0	10.0	-2.5122051	0.7622452	10.0	4.1604733	0	10	0	1	0	0	609.7964923086646	1217.5784316837035	45.513657	-.IEVMDMQPQK.-	DECOY_sp|Q9HA64|KT3K_HUMAN
2017dec27_overlap_dia_6b_rep1_604to616.dia:2730.8193:decoyMNGVAPSFTER+2	-1	63899	9.141576	0.2643686	0.6905706	5.439145	4.896946	0.16792944	0.013050904	7.0	0.0	4.7681375	3.1274996	0.0	10.0	10.0	-1.4168262	0.72385406	10.0	3.536942	0	11	0	1	0	0	604.7900553086645	1207.5655576837032	45.513657	-.MNGVAPSFTER.-	DECOY_sp|Q7Z4H7-3|HAUS6_HUMAN	DECOY_sp|Q7Z4H7|HAUS6_HUMAN
2017dec27_overlap_dia_6b_rep1_604to616.dia:2730.8193:decoyTAELDQQFAAK+2	-1	63899	12.227898	0.24257393	0.6544026	5.6681347	5.0341945	0.19246718	0.01772522	10.0	2.0	1.8453082	0.118257925	0.0	10.0	10.0	-1.070137	3.1006508	10.0	0.52770036	0	11	0	1	0	0	611.3091358086647	1220.6037186837036	45.513657	-.TAELDQQFAAK.-	DECOY_sp|Q96BQ5|CC127_HUMAN
2017dec27_overlap_dia_6b_rep1_604to616.dia:2730.8193:decoyVNDLLEEYAR+2	-1	63899	12.931824	0.4335893	0.8014597	5.330668	4.771518	0.12758835	0.0213471	11.0	0.0	2.9850225	0.7414994	0.0	10.0	10.0	-0.52464867	10.101246	10.0	1.1509418	0	10	0	1	0	0	611.3091303086645	1220.6037076837033	45.513657	-.VNDLLEEYAR.-	DECOY_sp|Q6UXD5-3|SE6L2_HUMAN	DECOY_sp|Q6UXD5-5|SE6L2_HUMAN	DECOY_sp|Q6UXD5-6|SE6L2_HUMAN
2017dec27_overlap_dia_6b_rep1_604to616.dia:2730.8193:decoyYVTTDGSGSALR+2	-1	63899	10.741513	0.60644275	0.9744615	6.1359925	5.721735	0.16238289	0.043424983	8.0	1.0	3.049414	2.2870605	0.0	10.0	10.0	-1.5533781	14.248423	10.0	2.696503	0	12	0	1	0	0	613.8042128086645	1225.5938726837032	45.513657	-.YVTTDGSGSALR.-	DECOY_sp|Q9NVX2|NLE1_HUMAN
2017dec27_overlap_dia_6b_rep1_604to616.dia:2732.8193:IAQLEEQLDNETKER+3	1	63951	29.137497	2.1591966	1.80751	6.7250023	6.219575	0.011973401	0.0027492112	23.0	10.0	3.186904	-0.26658654	0.99876744	5.4340496	0.53382236	9.021643	0.056484222	1.648526	0.14664435	1	15	0	0	1	0	605.9742836947141	1814.9010216837037	45.54699	-.IAQLEEQLDNETKER.-	sp|P35579-2|MYH9_HUMAN	sp|P35579|MYH9_HUMAN
2017dec27_overlap_dia_6b_rep1_604to616.dia:2732.8193:decoySNASFLLHVSHDEVDR+3	-1	63951	11.50029	0.6837567	0.9710097	5.940527	5.135229	0.18976334	0.024928382	9.0	3.0	5.0906157	-3.4411888	0.0	10.0	10.0	-2.1406612	7.0391235	10.0	3.027958	0	16	0	0	1	0	609.2991010280474	1824.8754736837034	45.54699	-.SNASFLLHVSHDEVDR.-	DECOY_sp|P23919-2|KTHY_HUMAN	DECOY_sp|P23919|KTHY_HUMAN
2017dec27_overlap_dia_6b_rep1_604to616.dia:2732.8193:decoySSQAEGAIGAEAK+2	-1	63951	11.2774725	0.6066237	0.9669884	5.717709	4.88115	0.15661006	0.01374006	9.0	1.0	3.2553627	0.5226795	0.19035073	7.634476	-7.634476	-1.2504826	15.539318	9.816824	0.9359104	0	13	0	1	0	0	609.8016743086647	1217.5887956837037	45.54699	-.SSQAEGAIGAEAK.-	DECOY_sp|Q7Z478|DHX29_HUMAN
2017dec27_overlap_dia_6b_rep1_604to616.dia:2732.8193:decoyYIAYDATELR+2	-1	63951	10.094746	0.8216776	1.1119465	5.489225	4.896874	0.12451266	0.024959011	8.0	0.0	3.7865932	-1.8244069	0.9709096	2.9697855	2.9697855	-0.84609413	4.3851013	0.7874372	1.411176	0	10	0	1	0	0	607.8062198086644	1213.597886683703	45.54699	-.YIAYDATELR.-	DECOY_sp|O95782-2|AP2A1_HUMAN	DECOY_sp|O95782|AP2A1_HUMAN
2017dec27_overlap_dia_6b_rep1_604to616.dia:2734.9407:GGTFYVEPAER+2	1	64003	12.714076	0.70208484	0.97800803	6.1543126	5.402704	0.08136968	0.009809729	10.0	0.0	4.187591	3.1406934	0.0	10.0	10.0	-0.12888432	0.15080261	10.0	3.5988226	0	11	0	1	0	0	613.2960238086647	1224.5774946837037	45.582344	-.GGTFYVEPAER.-	sp|O14672|ADA10_HUMAN
2017dec27_overlap_dia_6b_rep1_604to616.dia:2734.9407:YDESDNAFIR+2	1	64003	10.841477	0.2765456	0.46247837	6.2359567	5.619649	0.058049243	0.0055979867	8.0	0.0	3.2251806	-0.6063826	0.53394634	4.8280373	-4.8280373	0.34815407	0.13505173	7.0103855	0.14825332	0	10	0	1	0	0	615.2752873086646	1228.5360216837034	45.582344	-.YDESDNAFIR.-	sp|O43615|TIM44_HUMAN
2017dec27_overlap_dia_6b_rep1_604to616.dia:2734.9407:YVMTTTTLER+2	1	64003	16.905693	1.6347892	2.3019931	7.111411	6.662431	0.009502959	0.0019959596	13.0	2.0	2.425273	-0.7846956	0.99989724	4.772519	3.01871	8.522482	0.10680771	0.83636165	0.32656634	0	10	0	1	0	0	607.8079103086646	1213.6012676837036	45.582344	-.YVMTTTTLER.-	sp|P05198|IF2A_HUMAN
2017dec27_overlap_dia_6b_rep1_604to616.dia:2734.9407:decoyLISEELSNC[+57.0214635]R+2	-1	64003	8.28971	0.30049124	0.69724995	5.4323773	4.9003997	0.23458946	0.034112494	6.0	0.0	2.9108975	2.1831732	0.0	10.0	10.0	-2.5673265	0.41910553	10.0	2.6413026	0	10	0	1	0	0	610.8006190586647	1219.5866851837036	45.582344	-.LISEELSNC[+57.0214635]R.-	DECOY_sp|Q9HAU5|RENT2_HUMAN
2017dec27_overlap_dia_6b_rep1_604to616.dia:2734.9407:decoyLKC[+57.0214635]EESLSTVANQQAR+3	-1	64003	12.503239	0.42439595	0.7535036	5.943475	4.655196	0.1505047	0.015614784	10.0	3.0	2.8709543	2.1532156	0.0	10.0	10.0	-0.8841686	6.761837	10.0	2.6113448	1	16	0	0	1	0	611.9756301947142	1832.905061183704	45.582344	-.LKC[+57.0214635]EESLSTVANQQAR.-	DECOY_sp|Q14289-2|FAK2_HUMAN	DECOY_sp|Q14289|FAK2_HUMAN
2017dec27_overlap_dia_6b_rep1_604to616.dia:2734.9407:decoyNKADFVTNEPNSTLQR+3	-1	64003	16.269781	0.5441756	0.85525936	6.4755006	5.716471	0.117284514	0.01668988	13.0	6.0	3.2445765	-2.2744944	0.0	10.0	10.0	-0.20645905	0.17707825	10.0	1.8163651	1	16	0	0	1	0	611.9745063613808	1832.9016896837036	45.582344	-.NKADFVTNEPNSTLQR.-	DECOY_sp|P11021|GRP78_HUMAN
2017dec27_overlap_dia_6b_rep1_604to616.dia:2734.9407:decoyQAAETYFQLR+2	-1	64003	12.067774	0.43311587	0.835292	5.508011	5.004916	0.09164093	0.009870726	10.0	1.0	0.7762203	0.4543841	0.0	10.0	10.0	-0.68958664	4.0879555	10.0	0.9125134	0	10	0	1	0	0	613.8118413086645	1225.6091296837033	45.582344	-.QAAETYFQLR.-	DECOY_sp|Q6P1N0-2|C2D1A_HUMAN	DECOY_sp|Q6P1N0|C2D1A_HUMAN
2017dec27_overlap_dia_6b_rep1_604to616.dia:2736.9858:decoyTVQASGHSLDFHPFYK+3	-1	64055	10.665585	0.6105882	1.12418	6.0600634	5.0381	0.07116472	0.020805264	8.0	3.0	5.6916595	-4.2687445	0.66783166	5.2334795	5.2334795	-2.6765394	9.912937	3.0511312	3.796421	0	16	0	0	1	0	611.9688016947139	1832.884575683703	45.616432	-.TVQASGHSLDFHPFYK.-	DECOY_sp|P69905|HBA_HUMAN
2017dec27_overlap_dia_6b_rep1_604to616.dia:2736.9858:decoyVELSEYDMIK+2	-1	64055	11.359546	0.4458557	0.8019676	6.754025	5.917791	0.07592343	0.014468523	8.0	0.0	3.79255	-2.0326965	0.0	10.0	10.0	-1.5608511	8.314621	10.0	1.5603731	0	10	0	1	0	0	613.8022923086646	1225.5900316837035	45.616432	-.VELSEYDMIK.-	DECOY_sp|P00491|PNPH_HUMAN
2017dec27_overlap_dia_6b_rep1_604to616.dia:2736.9858:decoyWDDVTPNDIR+2	-1	64055	10.304995	0.3641047	0.47402573	6.602564	5.611728	0.20627612	0.016759496	7.0	1.0	5.89059	-4.4179425	0.8378369	3.911817	3.911817	-2.4635534	0.085762024	1.7294688	3.945619	0	10	0	1	0	0	615.7911093086647	1229.5676656837036	45.616432	-.WDDVTPNDIR.-	DECOY_sp|P18206-2|VINC_HUMAN	DECOY_sp|P18206|VINC_HUMAN
2017dec27_overlap_dia_6b_rep1_604to616.dia:2739.224:decoyMAEQLVQNER+2	-1	64108	10.203309	0.3177541	0.4739579	5.5977883	5.1439986	0.111446485	0.025413495	8.0	0.0	2.5304434	0.33141574	0.0	10.0	10.0	-0.4185648	7.6219254	10.0	0.8163153	0	10	0	1	0	0	609.3007873086644	1216.5870216837031	45.653736	-.MAEQLVQNER.-	DECOY_sp|Q9Y6D5|BIG2_HUMAN
2017dec27_overlap_dia_6b_rep1_604to616.dia:2741.267:VLQSFTVDSSK+2	1	64160	18.094713	1.223794	1.599941	7.1543045	6.601036	0.0024445392	2.379806E-4	14.0	5.0	1.9067777	-1.4300833	0.9974108	3.7889369	1.9076134	5.73281	0.032302856	0.27473485	0.94518375	0	11	0	1	0	0	605.8193353086647	1209.6241176837036	45.687786	-.VLQSFTVDSSK.-	sp|O75369-2|FLNB_HUMAN	sp|O75369-3|FLNB_HUMAN	sp|O75369-4|FLNB_HUMAN	sp|O75369-5|FLNB_HUMAN	sp|O75369-6|FLNB_HUMAN	sp|O75369-7|FLNB_HUMAN	sp|O75369-8|FLNB_HUMAN	sp|O75369-9|FLNB_HUMAN	sp|O75369|FLNB_HUMAN
2017dec27_overlap_dia_6b_rep1_604to616.dia:2741.267:decoyNGLYPKTYDWSDNDR+3	-1	64160	10.39071	0.22852373	0.44861856	6.688279	5.428797	0.06234864	0.014951908	7.0	2.0	2.8340168	-2.1255126	0.0	10.0	10.0	-1.3975124	8.367916	10.0	1.6406131	1	15	0	0	1	0	615.2797010280475	1842.817273683704	45.687786	-.NGLYPKTYDWSDNDR.-	DECOY_sp|Q8WVV9-2|HNRLL_HUMAN	DECOY_sp|Q8WVV9-3|HNRLL_HUMAN	DECOY_sp|Q8WVV9-4|HNRLL_HUMAN	DECOY_sp|Q8WVV9-5|HNRLL_HUMAN	DECOY_sp|Q8WVV9|HNRLL_HUMAN
2017dec27_overlap_dia_6b_rep1_604to616.dia:2741.267:decoyNITEQYQWK+2	-1	64160	10.935662	0.40730816	0.6193846	6.3301415	5.7126074	0.07840133	0.024839174	8.0	0.0	3.0608838	2.281806	0.8116052	0.9791463	0.9791463	-2.016161	0.6802826	1.203202	2.7667055	0	9	0	1	0	0	605.2985663086647	1208.5825796837037	45.687786	-.NITEQYQWK.-	DECOY_sp|Q15008-2|PSMD6_HUMAN	DECOY_sp|Q15008-3|PSMD6_HUMAN	DECOY_sp|Q15008-4|PSMD6_HUMAN	DECOY_sp|Q15008|PSMD6_HUMAN
2017dec27_overlap_dia_6b_rep1_604to616.dia:2747.5686:decoyLDSTPC[+57.0214635]VDSSK+2	-1	64316	10.894253	0.7749052	1.0045352	6.2887316	5.6757298	0.108826816	0.038768675	8.0	1.0	0.5756315	-0.18254147	0.0	10.0	10.0	-0.53312206	15.785137	10.0	0.30394703	0	11	0	1	0	0	604.7768100586645	1207.5390671837033	45.79281	-.LDSTPC[+57.0214635]VDSSK.-	DECOY_sp|P11717|MPRI_HUMAN
2017dec27_overlap_dia_6b_rep1_604to616.dia:2749.6257:WIDNPTVDDR+2	1	64368	16.830345	1.4312555	1.8090758	7.036065	6.43854	0.0051173572	3.9772099E-4	13.0	0.0	1.8664533	-1.39984	0.97719765	2.7227757	2.379328	5.4977646	0.28154755	0.19697976	0.9023644	0	10	0	1	0	0	615.7911093086647	1229.5676656837036	45.827095	-.WIDNPTVDDR.-	sp|P18206-2|VINC_HUMAN	sp|P18206|VINC_HUMAN
2017dec27_overlap_dia_6b_rep1_604to616.dia:2749.6257:decoyTVTTDSSASILK+2	-1	64368	12.8179035	0.612064	1.1146458	6.2581396	5.3904867	0.099856764	0.021399433	10.0	3.0	2.138108	-1.603581	0.0	10.0	10.0	0.18212223	5.5752907	10.0	1.1061053	0	12	0	1	0	0	611.8299003086645	1221.6452476837032	45.827095	-.TVTTDSSASILK.-	DECOY_sp|Q8TAF3|WDR48_HUMAN
2017dec27_overlap_dia_6b_rep1_604to616.dia:2751.8042:APEDFSQNWK+2	1	64420	13.732859	0.5560366	0.6914976	6.131702	5.761838	0.040796816	0.0129529685	11.0	0.0	6.1625304	0.5553987	0.41454837	4.2927523	1.3688146	2.9071398	0.27573776	0.81353366	1.0528743	0	10	0	1	0	0	611.2803773086647	1220.5462016837037	45.863403	-.APEDFSQNWK.-	sp|Q9GZR2-2|REXO4_HUMAN	sp|Q9GZR2|REXO4_HUMAN
2017dec27_overlap_dia_6b_rep1_604to616.dia:2751.8042:EDSEWQASLR+2	1	64420	11.252865	0.6124025	0.74859387	5.693102	4.9965906	0.052369136	0.0043617613	9.0	0.0	3.0230513	1.8837053	0.48949602	3.7639134	3.7639134	-0.6285763	0.2348671	1.5815651	2.3811808	0	10	0	1	0	0	610.7807413086647	1219.5469296837036	45.863403	-.EDSEWQASLR.-	sp|Q9H788-2|SH24A_HUMAN	sp|Q9H788|SH24A_HUMAN
2017dec27_overlap_dia_6b_rep1_604to616.dia:2751.8042:decoySRFEEEEQPSVAGAFR+3	-1	64420	10.625246	0.49453667	0.5566725	6.019725	5.4129043	0.17090337	0.020048033	8.0	2.0	6.963692	0.15013921	0.35481372	7.667728	-7.667728	-1.9306479	0.8127823	9.850077	0.64761484	1	16	0	0	1	0	613.627106694714	1837.8594906837034	45.863403	-.SRFEEEEQPSVAGAFR.-	DECOY_sp|P33992|MCM5_HUMAN
2017dec27_overlap_dia_6b_rep1_604to616.dia:2753.8613:ALVSGKPAESSAVAATEKK+3	1	64472	14.512318	0.5956584	0.95511466	5.83198	5.1596284	0.10594452	0.020787941	12.0	3.0	5.958259	4.468694	0.0	10.0	10.0	-1.2884493	14.087843	10.0	4.96617	1	19	0	0	1	0	615.3423073613809	1843.005092683704	45.89769	-.ALVSGKPAESSAVAATEKK.-	sp|O95182|NDUA7_HUMAN
2017dec27_overlap_dia_6b_rep1_604to616.dia:2753.8613:decoyEMSDDNVNYK+2	-1	64472	9.861483	0.64126796	0.8452494	5.2559624	4.9420147	0.24718916	0.034759913	8.0	0.0	7.133936	5.350452	0.0	10.0	10.0	-1.5476122	14.170515	10.0	5.8479276	0	10	0	1	0	0	607.7533303086647	1213.4921076837036	45.89769	-.EMSDDNVNYK.-	DECOY_sp|Q14527-2|HLTF_HUMAN	DECOY_sp|Q14527|HLTF_HUMAN
2017dec27_overlap_dia_6b_rep1_604to616.dia:2753.8613:decoyIATVQDLQTTK+2	-1	64472	9.593124	0.37668276	0.9312671	5.8906937	5.058778	0.13846587	0.00866796	7.0	0.0	4.7317357	-0.59797835	0.8246758	8.885569	8.885569	-1.7149439	3.2752151	6.7032204	0.10050273	0	11	0	1	0	0	609.3404363086646	1216.6663196837035	45.89769	-.IATVQDLQTTK.-	DECOY_sp|Q15075|EEA1_HUMAN
2017dec27_overlap_dia_6b_rep1_604to616.dia:2753.8613:decoyLLEQNTC[+57.0214635]TPSINGVHR+3	-1	64472	10.991606	0.67580014	0.8097465	5.4318423	5.0477905	0.1741288	0.015030035	9.0	1.0	6.132261	0.754915	0.0	10.0	10.0	-1.8853388	0.2245636	10.0	1.2523906	0	16	0	0	1	0	613.6441035280474	1837.9104811837035	45.89769	-.LLEQNTC[+57.0214635]TPSINGVHR.-	DECOY_sp|Q9BQ04|RBM4B_HUMAN
2017dec27_overlap_dia_6b_rep1_604to616.dia:2753.8613:decoyLPVAELAEQVR+2	-1	64472	11.93191	0.6425473	0.9570248	6.3721466	5.7533517	0.17109449	0.019716458	9.0	1.0	3.0469491	2.2852118	0.0	10.0	10.0	-1.4192591	9.462437	10.0	2.7826874	0	11	0	1	0	0	612.8509703086646	1223.6873876837035	45.89769	-.LPVAELAEQVR.-	DECOY_sp|Q15269|PWP2_HUMAN
2017dec27_overlap_dia_6b_rep1_604to616.dia:2758.0295:AQPSVSLGAAYR+2	1	64576	18.96476	1.787992	2.4840617	6.8482594	6.426499	0.032392994	0.0069697066	15.0	3.0	4.046743	-2.1299882	0.99799967	4.749147	3.7950528	0.30571032	0.12036514	1.6127045	1.6325126	0	12	0	1	0	0	610.3251153086647	1218.6356776837038	45.96716	-.AQPSVSLGAAYR.-	sp|Q96PK6|RBM14_HUMAN
2017dec27_overlap_dia_6b_rep1_604to616.dia:2758.0295:RNTIQFTHTQIEAIR+3	1	64576	20.0241	0.8031623	0.98091906	5.4730306	4.842634	0.10426162	0.008005436	17.0	3.0	3.3319142	2.4989357	0.46765894	0.94089025	0.94089025	1.911315	0.41002274	1.2414579	2.9964113	1	15	0	0	1	0	609.9989870280473	1826.975131683703	45.96716	-.RNTIQFTHTQIEAIR.-	sp|O60306|AQR_HUMAN
2017dec27_overlap_dia_6b_rep1_604to616.dia:2758.0295:decoyKLVDLVAQPNK+2	-1	64576	12.037625	0.6715335	1.1048338	6.477862	5.354188	0.18076901	0.017803255	9.0	2.0	2.0575557	1.5431668	0.0	10.0	10.0	-0.9835558	5.9131966	10.0	2.0406423	1	11	0	1	0	0	612.8691628086646	1223.7237726837034	45.96716	-.KLVDLVAQPNK.-	DECOY_sp|O75914-2|PAK3_HUMAN	DECOY_sp|O75914-3|PAK3_HUMAN	DECOY_sp|O75914-4|PAK3_HUMAN	DECOY_sp|O75914|PAK3_HUMAN	DECOY_sp|Q13177|PAK2_HUMAN
2017dec27_overlap_dia_6b_rep1_604to616.dia:2758.0295:decoyNVNTFDTFNR+2	-1	64576	9.326324	0.65006965	0.92514503	5.6238937	5.17498	0.17764652	0.03718692	7.0	0.0	1.9434363	0.70388335	0.0	10.0	10.0	-1.1392374	7.3681602	10.0	1.201359	0	10	0	1	0	0	614.2912763086646	1226.5679996837034	45.96716	-.NVNTFDTFNR.-	DECOY_sp|Q9NQE9|HINT3_HUMAN
2017dec27_overlap_dia_6b_rep1_604to616.dia:2758.0295:decoyTAIASAVYQSSK+2	-1	64576	11.295046	0.5753382	0.9788606	5.735282	5.0247884	0.13421392	0.027517874	9.0	2.0	1.6130376	-0.29013968	0.0	10.0	10.0	-1.9111519	5.4938736	10.0	0.20733595	0	12	0	1	0	0	613.3247808086646	1224.6350086837035	45.96716	-.TAIASAVYQSSK.-	DECOY_sp|O75128-2|COBL_HUMAN	DECOY_sp|O75128-3|COBL_HUMAN	DECOY_sp|O75128-6|COBL_HUMAN	DECOY_sp|O75128-7|COBL_HUMAN	DECOY_sp|O75128|COBL_HUMAN
2017dec27_overlap_dia_6b_rep1_604to616.dia:2760.1135:decoyEEYPAFGC[+57.0214635]VR+2	-1	64628	10.331687	0.30986646	0.68139094	6.6292562	6.121422	0.14285229	0.0395878	7.0	0.0	1.6987123	1.2740343	0.0	10.0	10.0	-2.182063	0.8081932	10.0	1.7715099	0	10	0	1	0	0	614.2767765586647	1226.5390001837036	46.001892	-.EEYPAFGC[+57.0214635]VR.-	DECOY_sp|Q9Y3U8|RL36_HUMAN
2017dec27_overlap_dia_6b_rep1_604to616.dia:2760.1135:decoyKIIC[+57.0214635]YPVGMK+2	-1	64628	12.639988	0.7019914	1.1272218	6.080224	5.2259455	0.117377765	0.022018274	10.0	2.0	4.5673075	3.4254806	0.0	10.0	10.0	-0.34431267	5.029625	10.0	3.9229562	1	10	0	1	0	0	604.8301335586647	1207.6457141837036	46.001892	-.KIIC[+57.0214635]YPVGMK.-	DECOY_sp|P62424|RL7A_HUMAN
2017dec27_overlap_dia_6b_rep1_604to616.dia:2762.142:ATVAVSEEHC[+57.0214635]APGATSVR+3	1	64680	11.1148815	0.45285866	0.8203989	5.5551186	4.904381	0.12933819	0.015496985	9.0	1.0	1.4031597	1.0523698	0.0	10.0	10.0	-1.2652979	11.263622	10.0	1.5498455	0	18	0	0	1	0	614.6318638613808	1840.8737621837038	46.0357	-.ATVAVSEEHC[+57.0214635]APGATSVR.-	sp|Q9BY89|K1671_HUMAN
2017dec27_overlap_dia_6b_rep1_604to616.dia:2762.142:decoyFGLEQTNSTVK+2	-1	64680	10.765045	0.50891256	1.058023	6.159524	5.9799523	0.08283719	0.05659978	8.0	0.0	5.056806	-0.8173547	0.20354821	3.0893147	3.0893147	-0.638607	8.700504	0.90696645	0.31987906	0	11	0	1	0	0	612.3169603086645	1222.6193676837033	46.0357	-.FGLEQTNSTVK.-	DECOY_sp|Q9BXP5-2|SRRT_HUMAN	DECOY_sp|Q9BXP5-3|SRRT_HUMAN	DECOY_sp|Q9BXP5-4|SRRT_HUMAN	DECOY_sp|Q9BXP5-5|SRRT_HUMAN	DECOY_sp|Q9BXP5|SRRT_HUMAN
2017dec27_overlap_dia_6b_rep1_604to616.dia:2762.142:decoyLHVQMC[+57.0214635]HIALGPGTYK+3	-1	64680	12.307109	0.7468839	0.90030646	5.7473454	5.2514453	0.12073411	0.021813244	10.0	3.0	3.199498	-0.01476109	0.0	10.0	10.0	-1.9084749	4.3624153	10.0	0.48271453	0	16	0	0	1	0	608.9797678613808	1823.9174741837035	46.0357	-.LHVQMC[+57.0214635]HIALGPGTYK.-	DECOY_sp|O43670-2|ZN207_HUMAN	DECOY_sp|O43670-4|ZN207_HUMAN	DECOY_sp|O43670|ZN207_HUMAN
2017dec27_overlap_dia_6b_rep1_604to616.dia:2762.142:decoyQYPMASSGIQK+2	-1	64680	11.43051	0.38141295	0.9508028	5.8707457	5.1714144	0.17498872	0.012455546	9.0	1.0	3.4180279	2.563521	0.0	10.0	10.0	-1.4298849	6.8178596	10.0	3.0609965	0	11	0	1	0	0	605.3002518086647	1208.5859506837037	46.0357	-.QYPMASSGIQK.-	DECOY_sp|P30566-2|PUR8_HUMAN	DECOY_sp|P30566|PUR8_HUMAN
2017dec27_overlap_dia_6b_rep1_604to616.dia:2764.2263:ADPSLNPEQLK+2	1	64732	14.058111	0.606839	0.8087759	6.4569554	5.7144527	0.042231105	0.0045297355	11.0	1.0	4.421491	-1.5565608	0.985336	4.5264087	0.90711766	0.325943	0.10049057	1.2951806	1.0192975	0	11	0	1	0	0	606.3169598086647	1210.6193666837037	46.07044	-.ADPSLNPEQLK.-	sp|Q9UNF0-2|PACN2_HUMAN	sp|Q9UNF0|PACN2_HUMAN
2017dec27_overlap_dia_6b_rep1_604to616.dia:2764.2263:DDPIISTHLAK+2	1	64732	9.572041	0.34643373	0.49153197	5.8696094	5.3386483	0.14882076	0.010482196	7.0	0.0	1.7613748	1.3210311	0.0	10.0	10.0	-1.9726553	0.06213379	10.0	1.8582944	0	11	0	1	0	0	605.3273278086647	1208.6401026837036	46.07044	-.DDPIISTHLAK.-	sp|O00231-2|PSD11_HUMAN	sp|O00231|PSD11_HUMAN
2017dec27_overlap_dia_6b_rep1_604to616.dia:2764.2263:FNTSDVSAIEK+2	1	64732	13.803146	0.45644927	0.61819375	6.2019897	5.0503507	0.070340194	0.0059229964	11.0	1.0	6.1372285	4.6029215	0.0	10.0	10.0	0.983716	0.058444977	10.0	5.140185	0	11	0	1	0	0	605.8011423086647	1209.5877316837036	46.07044	-.FNTSDVSAIEK.-	sp|P19367-2|HXK1_HUMAN	sp|P19367-3|HXK1_HUMAN	sp|P19367-4|HXK1_HUMAN	sp|P19367|HXK1_HUMAN
2017dec27_overlap_dia_6b_rep1_604to616.dia:2764.2263:decoyELSAQWESDR+2	-1	64732	9.224399	0.24433008	0.535042	5.521968	4.8003793	0.13741842	0.023845335	7.0	0.0	3.1793	2.384475	0.19719388	0.7351099	-0.7351099	-2.3752203	0.42728043	2.937408	2.9217381	0	10	0	1	0	0	610.7807413086646	1219.5469296837034	46.07044	-.ELSAQWESDR.-	DECOY_sp|Q9H788-2|SH24A_HUMAN	DECOY_sp|Q9H788|SH24A_HUMAN
2017dec27_overlap_dia_6b_rep1_604to616.dia:2764.2263:decoyYIFANDSEDR+2	-1	64732	8.996088	0.20955722	0.38204032	6.138756	5.04325	0.12442718	0.017458111	6.0	0.0	2.8879423	0.7936827	0.0	10.0	10.0	-2.6468124	0.58867645	10.0	1.330946	0	10	0	1	0	0	615.2752873086646	1228.5360216837034	46.07044	-.YIFANDSEDR.-	DECOY_sp|O43615|TIM44_HUMAN
2017dec27_overlap_dia_6b_rep1_604to616.dia:2766.2417:FGDPVVQSDMK+2	1	64784	22.341301	2.0880017	2.3593328	7.7902327	7.441172	0.0011289568	3.4237106E-4	17.0	9.0	1.746548	1.0291297	0.97127944	4.4308553	4.4308553	7.4987736	0.033493042	2.228557	1.6090508	0	11	0	1	0	0	611.7922638086646	1221.5699746837035	46.104027	-.FGDPVVQSDMK.-	sp|P0DMV8-2|HS71A_HUMAN	sp|P0DMV8|HS71A_HUMAN	sp|P0DMV9|HS71B_HUMAN
2017dec27_overlap_dia_6b_rep1_604to616.dia:2770.4072:EYNALVAQGVR+2	1	64888	13.623226	0.37411413	0.7215725	6.0220695	5.411193	0.024396226	0.006019336	11.0	0.0	1.6818691	0.59157145	0.932456	6.483793	1.0628384	1.6980934	0.10373306	1.1394597	1.1770803	0	11	0	1	0	0	610.3251153086647	1218.6356776837038	46.173454	-.EYNALVAQGVR.-	sp|Q9H7C9|AAMDC_HUMAN
2017dec27_overlap_dia_6b_rep1_604to616.dia:2774.576:decoyDPTQSAETIMK+2	-1	64992	10.462624	0.5987777	0.7764239	5.857103	5.127627	0.15121162	0.031058196	8.0	0.0	2.20658	0.8250848	0.0	10.0	10.0	-1.5149527	4.9055405	10.0	1.4105936	0	11	0	1	0	0	610.7950038086645	1219.5754546837034	46.24293	-.DPTQSAETIMK.-	DECOY_sp|Q14197|ICT1_HUMAN
2017dec27_overlap_dia_6b_rep1_604to616.dia:2774.576:decoyFEQDC[+57.0214635]LAMSK+2	-1	64992	11.520571	0.5364177	0.76307946	5.9608073	5.4008827	0.0917069	0.009388768	9.0	0.0	3.5873606	-2.6905205	0.0	10.0	10.0	-0.14050865	2.6273155	10.0	2.1050117	0	10	0	1	0	0	614.7704740586646	1227.5263951837035	46.24293	-.FEQDC[+57.0214635]LAMSK.-	DECOY_sp|P47712|PA24A_HUMAN
2017dec27_overlap_dia_6b_rep1_604to616.dia:2774.576:decoyGQTVIVAC[+57.0214635]DKK+2	-1	64992	11.4388075	0.5885213	0.8868125	5.879044	5.258749	0.116458155	0.023344193	9.0	0.0	4.895758	-0.5868507	0.27409056	5.728715	5.728715	-1.4722137	16.23526	3.5264168	0.0013418794	1	11	0	1	0	0	609.8291810586646	1217.6438091837035	46.24293	-.GQTVIVAC[+57.0214635]DKK.-	DECOY_sp|P60900-2|PSA6_HUMAN	DECOY_sp|P60900|PSA6_HUMAN
2017dec27_overlap_dia_6b_rep1_604to616.dia:2774.576:decoyLITQEEIQKK+2	-1	64992	10.695833	0.54956806	0.72195476	6.090312	5.411443	0.09642266	0.018212952	8.0	0.0	5.3858876	-0.64246213	0.38044333	1.6629785	1.6629785	-0.23744678	14.748285	0.53931963	0.05695331	1	10	0	1	0	0	615.3586283086647	1228.7027036837037	46.24293	-.LITQEEIQKK.-	DECOY_sp|P35241-2|RADI_HUMAN	DECOY_sp|P35241-4|RADI_HUMAN	DECOY_sp|P35241-5|RADI_HUMAN	DECOY_sp|P35241|RADI_HUMAN
2017dec27_overlap_dia_6b_rep1_604to616.dia:2776.6687:AYIASAGADALAK+2	1	65044	12.35429	0.96317804	1.7296656	5.794526	5.258597	0.032687355	0.0036634393	10.0	1.0	2.6658208	1.7780654	0.0	10.0	10.0	-0.7736578	0.040988922	10.0	2.3635743	0	13	0	1	0	0	611.3273238086647	1220.6400946837036	46.277813	-.AYIASAGADALAK.-	sp|Q13033-2|STRN3_HUMAN	sp|Q13033|STRN3_HUMAN
2017dec27_overlap_dia_6b_rep1_604to616.dia:2776.6687:TYFPHFDLSHGSAQVK+3	1	65044	11.336985	1.3550915	1.5104228	5.7772207	5.310847	0.052319888	0.012149017	9.0	3.0	2.2515237	-0.65865624	0.375133	6.0614986	-6.0614986	-1.5320492	9.251556	8.243847	0.073147416	0	16	0	0	1	0	611.9688016947142	1832.8845756837038	46.277813	-.TYFPHFDLSHGSAQVK.-	sp|P69905|HBA_HUMAN
2017dec27_overlap_dia_6b_rep1_604to616.dia:2776.6687:decoyC[+57.0214635]LLEDMSTQK+2	-1	65044	10.568156	0.57708377	0.9707259	5.9626355	4.853067	0.13848561	0.016831141	8.0	0.0	3.4954274	-2.43596	0.0	10.0	10.0	-1.2561913	5.2976837	10.0	1.8504512	0	10	0	1	0	0	612.7835815586647	1223.5526101837036	46.277813	-.C[+57.0214635]LLEDMSTQK.-	DECOY_sp|O95747|OXSR1_HUMAN	DECOY_sp|Q9UEW8-2|STK39_HUMAN	DECOY_sp|Q9UEW8|STK39_HUMAN
2017dec27_overlap_dia_6b_rep1_604to616.dia:2776.6687:decoyEPQAMVPTQTK+2	-1	65044	10.875979	0.58934253	1.3630011	5.316216	4.7048883	0.16658497	0.01899864	9.0	0.0	1.4567708	-0.8529587	0.0	10.0	10.0	-1.7511597	12.570557	10.0	0.26744986	0	11	0	1	0	0	615.3133643086645	1228.6121756837033	46.277813	-.EPQAMVPTQTK.-	DECOY_sp|Q13409-2|DC1I2_HUMAN	DECOY_sp|Q13409-3|DC1I2_HUMAN	DECOY_sp|Q13409-5|DC1I2_HUMAN	DECOY_sp|Q13409-6|DC1I2_HUMAN	DECOY_sp|Q13409-7|DC1I2_HUMAN	DECOY_sp|Q13409|DC1I2_HUMAN
2017dec27_overlap_dia_6b_rep1_604to616.dia:2776.6687:decoyGEMSGIDC[+57.0214635]TIK+2	-1	65044	10.200861	0.9365919	1.2083626	5.5953407	4.9489546	0.12289089	0.013956429	8.0	0.0	2.9676273	-2.2257204	0.0	10.0	10.0	-1.4525814	1.3837051	10.0	1.6402116	0	11	0	1	0	0	605.7757565586646	1209.5369601837035	46.277813	-.GEMSGIDC[+57.0214635]TIK.-	DECOY_sp|Q92887|MRP2_HUMAN
2017dec27_overlap_dia_6b_rep1_604to616.dia:2776.6687:decoyQFGEGDVAHEPPQAPLK+3	-1	65044	12.425556	0.61465657	1.0020063	5.865793	4.4706707	0.13727711	0.033903517	10.0	3.0	1.3084079	-0.6105695	0.0	10.0	10.0	-1.3759155	0.7566185	10.0	0.025060654	0	17	0	0	1	0	607.303964694714	1818.890064683703	46.277813	-.QFGEGDVAHEPPQAPLK.-	DECOY_sp|Q14151|SAFB2_HUMAN
2017dec27_overlap_dia_6b_rep1_604to616.dia:2776.6687:decoyVMIQYTDQVK+2	-1	65044	9.514463	0.77766746	1.1405635	5.812032	5.113478	0.1442709	0.019836953	7.0	0.0	2.9621754	0.67827886	0.0	10.0	10.0	-2.028101	0.6671219	10.0	1.2637877	0	10	0	1	0	0	612.8182778086647	1223.6220026837036	46.277813	-.VMIQYTDQVK.-	DECOY_sp|O14964-2|HGS_HUMAN	DECOY_sp|O14964|HGS_HUMAN
2017dec27_overlap_dia_6b_rep1_604to616.dia:2778.767:GIPALIENDHHMNSIR+3	1	65096	13.516394	0.6590522	1.0777714	5.9152374	4.840463	0.084036976	0.010204276	11.0	2.0	1.1901802	0.47217417	0.0	10.0	10.0	0.11836338	3.9874268	10.0	1.057683	0	16	0	0	1	0	606.3089433613808	1815.9050006837035	46.312786	-.GIPALIENDHHMNSIR.-	sp|P35573-2|GDE_HUMAN	sp|P35573-3|GDE_HUMAN	sp|P35573|GDE_HUMAN
2017dec27_overlap_dia_6b_rep1_604to616.dia:2778.767:LLDQC[+57.0214635]IQDQEHPAIR+3	1	65096	17.100945	1.2025448	1.2811968	6.160537	5.3243933	0.062456556	0.009016632	14.0	5.0	1.1210392	0.5204813	0.38073295	3.2173066	3.2173066	1.6683426	0.03105545	1.0349584	1.1059902	0	15	0	0	1	0	612.6404708613808	1834.8995831837035	46.312786	-.LLDQC[+57.0214635]IQDQEHPAIR.-	sp|O60518|RNBP6_HUMAN
2017dec27_overlap_dia_6b_rep1_604to616.dia:2778.767:LQQLGEAHQAETEVLR+3	1	65096	18.174837	1.7698357	1.8422347	6.058337	5.2571635	0.045001633	0.005380467	15.0	3.0	0.9975457	0.4278612	0.9960522	2.8093758	1.2727032	2.5382385	0.028232574	0.9096451	1.01337	0	16	0	0	1	0	607.9866356947142	1820.938077683704	46.312786	-.LQQLGEAHQAETEVLR.-	sp|Q14980-2|NUMA1_HUMAN	sp|Q14980-3|NUMA1_HUMAN	sp|Q14980-4|NUMA1_HUMAN	sp|Q14980|NUMA1_HUMAN
2017dec27_overlap_dia_6b_rep1_604to616.dia:2778.767:VAIQPVNDHAPVQTISR+3	1	65096	13.328022	0.84860677	1.1313096	5.7268653	4.9678936	0.07181992	0.009540958	11.0	3.0	2.1033373	-1.4826666	0.0	10.0	10.0	-0.13642406	0.22312927	10.0	0.8971578	0	17	0	0	1	0	615.6707586947142	1843.990446683704	46.312786	-.VAIQPVNDHAPVQTISR.-	sp|Q6UVK1|CSPG4_HUMAN
2017dec27_overlap_dia_6b_rep1_604to616.dia:2778.767:decoyC[+57.0214635]DLVDAVVAEK+2	-1	65096	11.269259	0.6629277	0.9922238	5.709496	4.884668	0.18238154	0.009720801	9.0	1.0	3.6646917	1.7567136	0.0	10.0	10.0	-0.4365692	9.216583	10.0	2.3422225	0	11	0	1	0	0	609.8053710586645	1217.5961891837032	46.312786	-.C[+57.0214635]DLVDAVVAEK.-	DECOY_sp|P51659-2|DHB4_HUMAN	DECOY_sp|P51659-3|DHB4_HUMAN	DECOY_sp|P51659|DHB4_HUMAN
2017dec27_overlap_dia_6b_rep1_604to616.dia:2778.767:decoyLIVDEPDTGNR+2	-1	65096	10.340683	0.3404172	0.90590256	6.6382523	5.6773887	0.21523154	0.045757797	7.0	2.0	5.062758	-1.1290269	0.0	10.0	10.0	-2.4207668	0.45907974	10.0	0.54351807	0	11	0	1	0	0	614.8120418086647	1227.6095306837037	46.312786	-.LIVDEPDTGNR.-	DECOY_sp|O14950|ML12B_HUMAN	DECOY_sp|P19105|ML12A_HUMAN	DECOY_sp|P24844|MYL9_HUMAN
2017dec27_overlap_dia_6b_rep1_604to616.dia:2778.767:decoyTVTVTGDKNDVIEPTAR+3	-1	65096	13.87417	0.59721273	1.2509344	6.2730145	4.764827	0.17351158	0.051957604	11.0	4.0	1.388823	-1.0308913	0.0	10.0	10.0	-0.9625826	5.930481	10.0	0.44538248	1	17	0	0	1	0	605.9864126947141	1814.9374086837036	46.312786	-.TVTVTGDKNDVIEPTAR.-	DECOY_sp|O75369-2|FLNB_HUMAN	DECOY_sp|O75369-3|FLNB_HUMAN	DECOY_sp|O75369-4|FLNB_HUMAN	DECOY_sp|O75369-5|FLNB_HUMAN	DECOY_sp|O75369-6|FLNB_HUMAN	DECOY_sp|O75369-7|FLNB_HUMAN	DECOY_sp|O75369-8|FLNB_HUMAN	DECOY_sp|O75369-9|FLNB_HUMAN	DECOY_sp|O75369|FLNB_HUMAN
2017dec27_overlap_dia_6b_rep1_604to616.dia:2780.8767:GASFEELC[+57.0214635]HNYTQDR+3	1	65148	15.431648	1.2390813	1.1544758	5.637367	5.0019403	0.033246282	0.0065980507	13.0	0.0	2.2428896	-1.0175332	0.9584422	4.8697457	3.6055572	3.1493845	0.0030326843	1.4321864	0.43202436	0	15	0	0	1	0	609.5969275280476	1825.7689531837038	46.347946	-.GASFEELC[+57.0214635]HNYTQDR.-	sp|Q92614-2|MY18A_HUMAN	sp|Q92614-3|MY18A_HUMAN	sp|Q92614-4|MY18A_HUMAN	sp|Q92614-5|MY18A_HUMAN	sp|Q92614|MY18A_HUMAN
2017dec27_overlap_dia_6b_rep1_604to616.dia:2780.8767:LENYYMVC[+57.0214635]K+2	1	65148	9.969959	1.086557	1.2846328	5.364438	4.893557	0.11918059	0.012103128	8.0	0.0	1.9672581	1.4754436	0.0	10.0	10.0	0.21267414	0.074832916	10.0	2.0609524	0	9	0	1	0	0	610.2779260586648	1218.5412991837038	46.347946	-.LENYYMVC[+57.0214635]K.-	sp|Q8NHQ9|DDX55_HUMAN
2017dec27_overlap_dia_6b_rep1_604to616.dia:2782.8774:decoyFSC[+57.0214635]LAAMQGAR+2	-1	65200	10.275313	0.77715	1.2652771	5.6697927	5.0374026	0.188764	0.016603673	8.0	1.0	3.2812908	2.460968	0.0	10.0	10.0	-1.363184	0.36143494	10.0	3.0464768	0	11	0	1	0	0	606.2866260586646	1210.5586991837035	46.38129	-.FSC[+57.0214635]LAAMQGAR.-	DECOY_sp|Q9NXE4-10|NSMA3_HUMAN	DECOY_sp|Q9NXE4-2|NSMA3_HUMAN	DECOY_sp|Q9NXE4-3|NSMA3_HUMAN	DECOY_sp|Q9NXE4-4|NSMA3_HUMAN	DECOY_sp|Q9NXE4-5|NSMA3_HUMAN	DECOY_sp|Q9NXE4-6|NSMA3_HUMAN	DECOY_sp|Q9NXE4-7|NSMA3_HUMAN	DECOY_sp|Q9NXE4-8|NSMA3_HUMAN	DECOY_sp|Q9NXE4-9|NSMA3_HUMAN	DECOY_sp|Q9NXE4|NSMA3_HUMAN
2017dec27_overlap_dia_6b_rep1_604to616.dia:2782.8774:decoyLLNNSNVLQSK+2	-1	65200	10.097883	0.65502954	1.0133103	5.492363	4.9032326	0.17902398	0.0238459	8.0	1.0	3.7325218	2.7993913	0.53321993	8.95141	-8.95141	-1.4222364	3.425293	11.113809	3.3849	0	11	0	1	0	0	615.3460508086647	1228.6775486837037	46.38129	-.LLNNSNVLQSK.-	DECOY_sp|Q9UI42-2|CBPA4_HUMAN	DECOY_sp|Q9UI42|CBPA4_HUMAN
2017dec27_overlap_dia_6b_rep1_604to616.dia:2784.9707:AQAVLEEDHYGMEDVK+3	1	65252	20.82249	1.8058128	1.7225773	6.2714214	5.6660576	0.021841656	0.0043706396	17.0	7.0	1.3976231	1.0482173	0.984347	4.4388423	4.4388423	1.5953379	0.040790558	2.276444	1.6337261	0	16	0	0	1	0	611.9489670280475	1832.8250716837038	46.41618	-.AQAVLEEDHYGMEDVK.-	sp|P36776-2|LONM_HUMAN	sp|P36776-3|LONM_HUMAN	sp|P36776|LONM_HUMAN
2017dec27_overlap_dia_6b_rep1_604to616.dia:2784.9707:SFTNYSGGYSADHPVIK+3	1	65252	16.41847	1.1714588	1.3109275	5.4780617	4.853401	0.05266904	0.010804807	14.0	3.0	2.4802563	-0.5426512	0.9296076	3.6930995	-3.6930995	1.1971817	0.16323471	5.855498	0.042857647	0	17	0	0	1	0	614.9600800280475	1841.8584106837038	46.41618	-.SFTNYSGGYSADHPVIK.-	sp|Q15386|UBE3C_HUMAN
2017dec27_overlap_dia_6b_rep1_604to616.dia:2793.308:C[+57.0214635]GVQSFYTPR+2	1	65460	13.827096	0.617721	0.9509665	6.2259398	5.6006637	0.027298141	0.005093665	11.0	0.0	1.405383	1.0352023	0.9895618	2.096977	1.938054	2.3349705	0.06037903	0.20439541	1.6207111	0	10	0	1	0	0	607.7847690586647	1213.5549851837036	46.555134	-.C[+57.0214635]GVQSFYTPR.-	sp|Q7Z7K6-2|CENPV_HUMAN	sp|Q7Z7K6-3|CENPV_HUMAN	sp|Q7Z7K6|CENPV_HUMAN
2017dec27_overlap_dia_6b_rep1_604to616.dia:2793.308:TNVNGGAIALGHPLGGSGSR+3	1	65460	30.883951	2.8001919	2.2817333	7.091245	6.5990357	0.006415341	0.0014970173	24.0	20.0	2.027646	-1.3856797	0.99330544	3.1449108	2.9301014	9.582166	0.29729843	0.787652	0.8001709	0	20	0	0	1	0	612.3221293613807	1833.9445586837035	46.555134	-.TNVNGGAIALGHPLGGSGSR.-	sp|P42765|THIM_HUMAN
2017dec27_overlap_dia_6b_rep1_604to616.dia:2795.3364:SFAGAVSPQEEEEFRR+3	1	65512	21.845093	1.8086867	1.4205335	7.294025	6.7817006	0.0020964057	3.7388975E-4	17.0	10.0	1.2563397	0.9422548	0.99991953	5.4174995	5.4174995	6.171563	0.071884155	3.2750502	1.5277636	1	16	0	0	1	0	613.6271066947143	1837.859490683704	46.58894	-.SFAGAVSPQEEEEFRR.-	sp|P33992|MCM5_HUMAN
2017dec27_overlap_dia_6b_rep1_604to616.dia:2795.3364:decoyNEVILSGEVGAK+2	-1	65512	13.589586	0.59778386	0.75254387	7.029823	6.158872	0.07675898	0.010776298	10.0	1.0	6.237982	-2.2546844	0.0	10.0	10.0	-2.2831469	0.6635742	10.0	1.6691756	0	12	0	1	0	0	608.3326098086648	1214.6506666837038	46.58894	-.NEVILSGEVGAK.-	DECOY_sp|P10809|CH60_HUMAN
2017dec27_overlap_dia_6b_rep1_604to616.dia:2799.4758:decoyATDMEWSEKK+2	-1	65616	9.7704315	0.41422474	0.56720614	6.068001	5.0559406	0.17283376	0.017519051	7.0	0.0	3.7446458	1.2718444	0.0	10.0	10.0	-2.0539083	15.310877	10.0	1.8573532	1	10	0	1	0	0	612.7818958086647	1223.5492386837036	46.657932	-.ATDMEWSEKK.-	DECOY_sp|Q13451|FKBP5_HUMAN
2017dec27_overlap_dia_6b_rep1_604to616.dia:2799.4758:decoyEPQVSVWPQR+2	-1	65616	11.937328	0.39140826	0.72617185	6.377565	5.8384385	0.1909136	0.029616319	9.0	1.0	1.1708437	-0.09566921	0.8084753	6.788433	6.788433	-1.31353	3.3852997	4.6659336	0.4898396	0	10	0	1	0	0	613.3198373086647	1224.6251216837036	46.657932	-.EPQVSVWPQR.-	DECOY_sp|Q14204|DYHC1_HUMAN
2017dec27_overlap_dia_6b_rep1_604to616.dia:2799.4758:decoyGPEPAPEPNALK+2	-1	65616	11.918148	0.4647209	1.0017977	6.3583846	5.8894486	0.18241721	0.03290051	9.0	2.0	0.8290903	-0.6218177	0.0	10.0	10.0	-1.9727182	10.476723	10.0	0.036308885	0	12	0	1	0	0	610.3195028086645	1218.6244526837033	46.657932	-.GPEPAPEPNALK.-	DECOY_sp|O15027-2|SC16A_HUMAN	DECOY_sp|O15027-3|SC16A_HUMAN	DECOY_sp|O15027-4|SC16A_HUMAN	DECOY_sp|O15027-5|SC16A_HUMAN	DECOY_sp|O15027|SC16A_HUMAN
2017dec27_overlap_dia_6b_rep1_604to616.dia:2799.4758:decoyLEAQLQQLER+2	-1	65616	11.351599	0.53805715	1.0070475	5.791835	5.2233524	0.12521107	0.016856642	9.0	0.0	6.044395	3.5594943	0.5330658	3.9212258	-3.9212258	-0.6399689	3.600357	6.043725	4.1450033	0	10	0	1	0	0	614.3382273086645	1226.6619016837033	46.657932	-.LEAQLQQLER.-	DECOY_sp|P48681|NEST_HUMAN
2017dec27_overlap_dia_6b_rep1_604to616.dia:2799.4758:decoyLGQNVDAGSELK+2	-1	65616	10.542609	0.52767533	0.99399954	5.9370885	5.0654593	0.14283565	0.015439851	8.0	0.0	1.1175569	-0.40314505	0.72208875	3.3998802	-3.3998802	-1.376401	13.904816	5.52238	0.18236378	0	12	0	1	0	0	615.8198668086646	1229.6251806837035	46.657932	-.LGQNVDAGSELK.-	DECOY_sp|Q96DX5-2|ASB9_HUMAN	DECOY_sp|Q96DX5-3|ASB9_HUMAN	DECOY_sp|Q96DX5|ASB9_HUMAN
2017dec27_overlap_dia_6b_rep1_604to616.dia:2803.6692:DTSNDPGQLLR+2	1	65720	14.039465	0.84796506	1.0104482	6.4383082	5.7841005	0.035037328	0.0059184176	11.0	0.0	2.7270548	2.0452912	0.9067193	3.9218454	0.8054622	4.2287846	0.5599823	1.2571118	2.6308	0	11	0	1	0	0	608.3018413086647	1214.5891296837037	46.72782	-.DTSNDPGQLLR.-	sp|Q96BN8|OTUL_HUMAN
2017dec27_overlap_dia_6b_rep1_604to616.dia:2803.6692:TSSQYVASAIAK+2	1	65720	11.470955	0.7969689	1.0132095	5.9111915	5.4046855	0.14312315	0.022074806	9.0	2.0	2.5229852	1.0371208	0.82003427	6.588781	6.588781	0.48286247	6.2545357	4.526207	1.6226296	0	12	0	1	0	0	613.3247808086646	1224.6350086837035	46.72782	-.TSSQYVASAIAK.-	sp|O75128-2|COBL_HUMAN	sp|O75128-3|COBL_HUMAN	sp|O75128-6|COBL_HUMAN	sp|O75128-7|COBL_HUMAN	sp|O75128|COBL_HUMAN
2017dec27_overlap_dia_6b_rep1_604to616.dia:2803.6692:decoyLEKNEADEPYAHWTK+3	-1	65720	12.79236	0.555268	0.69169	6.2325974	5.55546	0.123101555	0.02544237	10.0	5.0	3.4284427	1.5716143	0.0	10.0	10.0	-1.002984	7.7982864	10.0	2.157123	1	15	0	0	1	0	610.9600830280474	1829.8584196837035	46.72782	-.LEKNEADEPYAHWTK.-	DECOY_sp|P45973|CBX5_HUMAN
2017dec27_overlap_dia_6b_rep1_604to616.dia:2803.6692:decoyLIAADVPSASLR+2	-1	65720	10.864312	0.54808915	0.633117	6.2587914	5.511558	0.08714486	0.008248422	8.0	0.0	1.8551165	1.3564548	0.0	10.0	10.0	-1.2981644	8.970356	10.0	1.9419637	0	12	0	1	0	0	606.8509698086646	1211.6873866837034	46.72782	-.LIAADVPSASLR.-	DECOY_sp|Q9NRG9-2|AAAS_HUMAN	DECOY_sp|Q9NRG9|AAAS_HUMAN
2017dec27_overlap_dia_6b_rep1_604to616.dia:2805.7866:DSTTDEQLFR+2	1	65772	8.872316	0.28647196	0.61545587	6.014984	4.925263	0.14106773	0.012895898	6.0	0.0	4.604852	-3.207567	0.80923647	6.195262	-6.195262	-2.4828634	0.16270828	8.178975	2.609482	0	10	0	1	0	0	606.2805748086647	1210.5465966837037	46.76311	-.DSTTDEQLFR.-	sp|Q92696|PGTA_HUMAN
2017dec27_overlap_dia_6b_rep1_604to616.dia:2805.7866:FAGQMAALC[+57.0214635]SR+2	1	65772	12.524012	0.74616534	1.0926214	5.964248	5.5362864	0.10799205	0.009130083	10.0	0.0	4.018881	3.0141606	0.9593872	3.9578211	1.0786473	0.8450775	0.01272583	0.9050658	3.6122456	0	11	0	1	0	0	606.2866260586646	1210.5586991837035	46.76311	-.FAGQMAALC[+57.0214635]SR.-	sp|Q9NXE4-10|NSMA3_HUMAN	sp|Q9NXE4-2|NSMA3_HUMAN	sp|Q9NXE4-3|NSMA3_HUMAN	sp|Q9NXE4-4|NSMA3_HUMAN	sp|Q9NXE4-5|NSMA3_HUMAN	sp|Q9NXE4-6|NSMA3_HUMAN	sp|Q9NXE4-7|NSMA3_HUMAN	sp|Q9NXE4-8|NSMA3_HUMAN	sp|Q9NXE4-9|NSMA3_HUMAN	sp|Q9NXE4|NSMA3_HUMAN
2017dec27_overlap_dia_6b_rep1_604to616.dia:2805.7866:GLEISGTFTHR+2	1	65772	12.130188	0.7866677	1.2238526	6.570425	6.0030174	0.06347959	0.0054351585	9.0	1.0	2.183761	1.0610986	0.9767055	4.460971	4.460971	-1.2069407	0.20876312	2.4772577	1.6591835	0	11	0	1	0	0	609.3172948086648	1216.6200366837038	46.76311	-.GLEISGTFTHR.-	sp|P63010-2|AP2B1_HUMAN	sp|P63010-3|AP2B1_HUMAN	sp|P63010|AP2B1_HUMAN
2017dec27_overlap_dia_6b_rep1_604to616.dia:2805.7866:INQDPLGIQGR+2	1	65772	12.818529	0.5931702	0.90039843	6.258766	5.381759	0.0532652	0.0052823415	10.0	1.0	0.63302016	0.47476512	0.8258573	6.039984	-6.039984	0.52760506	0.1864891	8.023697	1.07285	0	11	0	1	0	0	605.8305693086647	1209.6465856837037	46.76311	-.INQDPLGIQGR.-	sp|P17050|NAGAB_HUMAN
2017dec27_overlap_dia_6b_rep1_604to616.dia:2805.7866:KYDIYFADGK+2	1	65772	11.192335	0.6269262	1.0341573	5.632572	4.877095	0.03645024	0.0052651865	9.0	0.0	2.5206907	1.8905181	0.21990788	2.8512096	-2.8512096	-0.34932327	0.16423035	4.834923	2.488603	1	10	0	1	0	0	610.3033128086646	1218.5920726837035	46.76311	-.KYDIYFADGK.-	sp|Q86UK7-2|ZN598_HUMAN	sp|Q86UK7-3|ZN598_HUMAN	sp|Q86UK7|ZN598_HUMAN
2017dec27_overlap_dia_6b_rep1_604to616.dia:2805.7866:YSLATEEIER+2	1	65772	10.3128	0.5465244	0.81819785	5.7072797	5.1895285	0.088495485	0.006128294	8.0	0.0	1.4801985	1.1101489	0.0	10.0	10.0	-1.0227547	0.089603424	10.0	1.7082338	0	10	0	1	0	0	605.8011383086647	1209.5877236837036	46.76311	-.YSLATEEIER.-	sp|Q66K14-2|TBC9B_HUMAN	sp|Q66K14|TBC9B_HUMAN
2017dec27_overlap_dia_6b_rep1_604to616.dia:2805.7866:decoyGPQVLMVDPHVNEQDR+3	-1	65772	11.916761	0.5045816	1.0219613	6.3569984	6.3519163	0.16226473	0.037838746	9.0	4.0	4.345946	3.2594595	0.0	10.0	10.0	-1.8039598	4.0586967	10.0	3.8575444	0	16	0	0	1	0	611.9685873613806	1832.883932683703	46.76311	-.GPQVLMVDPHVNEQDR.-	DECOY_sp|Q14974-2|IMB1_HUMAN	DECOY_sp|Q14974|IMB1_HUMAN
2017dec27_overlap_dia_6b_rep1_604to616.dia:2805.7866:decoyMDALYPYSNR+2	-1	65772	9.401652	0.45556036	0.7966673	5.6992216	5.067427	0.30310953	0.050570548	7.0	0.0	5.085513	-2.3830817	0.44867095	6.873818	6.873818	-0.8190546	1.1398582	4.890105	1.7849967	0	10	0	1	0	0	615.2845968086647	1228.5546406837036	46.76311	-.MDALYPYSNR.-	DECOY_sp|Q9Y580|RBM7_HUMAN
2017dec27_overlap_dia_6b_rep1_604to616.dia:2805.7866:decoyQNATLNLEEREGDSIR+3	-1	65772	14.216917	0.69968826	1.108331	6.6157603	5.4895144	0.1542268	0.012400467	11.0	5.0	1.8445846	0.037192702	0.0	10.0	10.0	-1.0481167	3.704502	10.0	0.6352776	1	16	0	0	1	0	615.6414156947142	1843.9024176837038	46.76311	-.QNATLNLEEREGDSIR.-	DECOY_sp|O95816-2|BAG2_HUMAN	DECOY_sp|O95816|BAG2_HUMAN
2017dec27_overlap_dia_6b_rep1_604to616.dia:2805.7866:decoyTKLPNSGC[+57.0214635]ALPTYHTR+3	-1	65772	13.709515	0.57448554	0.8926225	6.108359	5.6018934	0.16776942	0.0149534475	11.0	4.0	1.9652356	-0.66243273	0.0	10.0	10.0	1.4983702	6.690094	10.0	0.0643478	1	16	0	0	1	0	605.9771915280475	1814.9097451837035	46.76311	-.TKLPNSGC[+57.0214635]ALPTYHTR.-	DECOY_sp|O60832-2|DKC1_HUMAN	DECOY_sp|O60832|DKC1_HUMAN
2017dec27_overlap_dia_6b_rep1_604to616.dia:2807.836:C[+57.0214635]EDLEC[+57.0214635]YVK+2	1	65824	10.456339	0.39803433	0.46863174	5.8508177	4.776109	0.13740808	0.013036311	8.0	0.0	1.9946946	0.09388304	0.8421061	2.4306934	2.4306934	0.123996735	0.046878815	0.5233084	0.69196796	0	9	0	1	0	0	608.2546523086647	1214.4947516837037	46.797264	-.C[+57.0214635]EDLEC[+57.0214635]YVK.-	sp|Q9H089|LSG1_HUMAN
2017dec27_overlap_dia_6b_rep1_604to616.dia:2807.836:HVFLTGPPGVGK+2	1	65824	12.769011	0.47616845	0.68115246	6.2092466	5.8063903	0.074430406	0.010508303	10.0	2.0	4.3220572	-3.2415428	0.80079263	5.6637893	-5.6637893	-0.012759209	0.2895279	7.571174	2.643458	0	12	0	1	0	0	604.8429488086648	1207.6713446837039	46.797264	-.HVFLTGPPGVGK.-	sp|Q9BSD7|NTPCR_HUMAN
2017dec27_overlap_dia_6b_rep1_604to616.dia:2807.836:decoyGNLASYTAAMAR+2	-1	65824	11.9655075	0.5367849	0.6848774	6.405744	5.7268696	0.20238312	0.01590824	9.0	1.0	6.7089267	-0.2748856	0.0	10.0	10.0	-1.3560953	2.7523842	10.0	0.32319933	0	12	0	1	0	0	613.3033258086645	1224.5920986837032	46.797264	-.GNLASYTAAMAR.-	DECOY_sp|P51812|KS6A3_HUMAN
2017dec27_overlap_dia_6b_rep1_604to616.dia:2807.836:decoyYEIEETALSR+2	-1	65824	8.480821	0.27901608	0.48102486	5.623488	5.2899704	0.15717913	0.011781159	6.0	0.0	5.653792	0.42064586	0.0	10.0	10.0	-1.842452	0.12375641	10.0	1.0187308	0	10	0	1	0	0	605.8011383086647	1209.5877236837036	46.797264	-.YEIEETALSR.-	DECOY_sp|Q66K14-2|TBC9B_HUMAN	DECOY_sp|Q66K14|TBC9B_HUMAN
2017dec27_overlap_dia_6b_rep1_604to616.dia:2809.92:decoyNDQAIELEKR+2	-1	65876	10.483709	0.33693248	0.46819097	5.8781886	4.9905643	0.31757993	0.025443265	8.0	1.0	3.4687223	-2.3452942	0.0	10.0	10.0	-1.5937691	16.409124	10.0	1.7472093	1	10	0	1	0	0	608.3200338086646	1214.6255146837034	46.831997	-.NDQAIELEKR.-	DECOY_sp|P12270-2|TPR_HUMAN	DECOY_sp|P12270|TPR_HUMAN
2017dec27_overlap_dia_6b_rep1_604to616.dia:2809.92:decoyVETHGVLEGIR+2	-1	65876	10.824459	0.43107456	0.5195239	6.2189384	5.6016884	0.17414223	0.026607493	8.0	1.0	4.083712	1.2271659	0.19862284	1.5165912	-1.5165912	-1.8292475	8.646282	3.3463516	1.8252509	0	11	0	1	0	0	605.3329448086646	1208.6513366837034	46.831997	-.VETHGVLEGIR.-	DECOY_sp|Q8TEQ6|GEMI5_HUMAN
2017dec27_overlap_dia_6b_rep1_604to616.dia:2809.92:decoyVSTLILGDKER+2	-1	65876	11.8377495	0.46356645	0.64364314	6.2779856	5.355388	0.091061294	0.016456002	9.0	1.0	3.2227418	-0.039934635	0.0	10.0	10.0	-0.29389	5.829769	10.0	0.5581503	1	11	0	1	0	0	615.8562523086646	1229.6979516837034	46.831997	-.VSTLILGDKER.-	DECOY_sp|Q99497|PARK7_HUMAN
2017dec27_overlap_dia_6b_rep1_604to616.dia:2816.0984:EVC[+57.0214635]GFAPYER+2	1	66032	17.661407	1.6564583	1.9257867	7.8671255	7.3963037	0.0021520534	3.4448193E-4	13.0	6.0	0.7607681	-0.39578626	0.81888306	0.46770588	0.46770588	-0.6209774	0.124889374	1.3555497	0.22745088	0	10	0	1	0	0	614.2767765586647	1226.5390001837036	46.934975	-.EVC[+57.0214635]GFAPYER.-	sp|Q9Y3U8|RL36_HUMAN
2017dec27_overlap_dia_6b_rep1_604to616.dia:2816.0984:decoyKGDAFYIDYK+2	-1	66032	9.315903	0.13716075	0.33899808	5.6134715	5.331501	0.14849378	0.04195966	7.0	0.0	4.3557916	3.0631351	0.5583731	2.851864	-2.851864	-2.5406942	0.007095337	4.6751194	3.6863723	1	10	0	1	0	0	610.3033128086646	1218.5920726837035	46.934975	-.KGDAFYIDYK.-	DECOY_sp|Q86UK7-2|ZN598_HUMAN	DECOY_sp|Q86UK7-3|ZN598_HUMAN	DECOY_sp|Q86UK7|ZN598_HUMAN
2017dec27_overlap_dia_6b_rep1_604to616.dia:2820.2437:AVEFLASNESR+2	1	66136	14.117613	0.6804485	0.90427226	6.516456	5.788033	0.038280603	0.0049377214	11.0	0.0	2.2709458	1.7032094	0.8236175	2.6872253	2.6872253	2.1899452	0.07011795	0.8639698	2.3264465	0	11	0	1	0	0	611.8067588086647	1221.5989646837036	47.004063	-.AVEFLASNESR.-	sp|Q8NC56-2|LEMD2_HUMAN	sp|Q8NC56|LEMD2_HUMAN
2017dec27_overlap_dia_6b_rep1_604to616.dia:2822.3337:EVITAQDTVIK+2	1	66188	16.22364	0.85357577	1.1066706	6.4293604	5.776092	0.026548324	0.0022099938	13.0	0.0	2.336687	-0.72309613	0.0	10.0	10.0	2.136963	0.11155319	10.0	0.08728242	0	11	0	1	0	0	608.8428113086647	1215.6710696837038	47.038895	-.EVITAQDTVIK.-	sp|O95347-2|SMC2_HUMAN	sp|O95347|SMC2_HUMAN
2017dec27_overlap_dia_6b_rep1_604to616.dia:2822.3337:LAASIAPEIYGHEDVKK+3	1	66188	17.504696	1.0408976	0.9698355	6.564288	5.8953137	0.021936234	0.004957988	14.0	3.0	0.5133688	0.37102482	0.98248017	2.1389005	-1.9137636	3.2186546	0.41117477	3.737019	1.0068386	1	17	0	0	1	0	614.3316283613809	1839.9730556837042	47.038895	-.LAASIAPEIYGHEDVKK.-	sp|P33993-3|MCM7_HUMAN	sp|P33993|MCM7_HUMAN
2017dec27_overlap_dia_6b_rep1_604to616.dia:2822.3337:decoyEIVTDQATIVK+2	-1	66188	13.783918	0.5994549	0.9176907	6.182762	5.5574856	0.06755234	0.0095009385	11.0	0.0	4.1704206	-0.89223075	0.0	10.0	10.0	0.6235657	0.11155319	10.0	0.25641704	0	11	0	1	0	0	608.8428113086646	1215.6710696837035	47.038895	-.EIVTDQATIVK.-	DECOY_sp|O95347-2|SMC2_HUMAN	DECOY_sp|O95347|SMC2_HUMAN
2017dec27_overlap_dia_6b_rep1_604to616.dia:2822.3337:decoyTSC[+57.0214635]LAIAEPPR+2	-1	66188	9.38978	0.49053288	0.66649985	5.68735	5.180504	0.2046023	0.03726356	7.0	1.0	2.565286	-1.1755592	0.8313803	1.9195147	-1.9195147	-2.82757	0.08773422	3.7427702	0.53974545	0	11	0	1	0	0	607.8135305586646	1213.6125081837035	47.038895	-.TSC[+57.0214635]LAIAEPPR.-	DECOY_sp|P49841-2|GSK3B_HUMAN	DECOY_sp|P49841|GSK3B_HUMAN
2017dec27_overlap_dia_6b_rep1_604to616.dia:2822.3337:decoyTYHTQSDIVR+2	-1	66188	9.893508	0.8303339	0.94190174	6.191077	5.628273	0.10619108	0.018435795	7.0	0.0	1.4321775	-0.3319947	0.53244853	1.7380621	-1.7380621	-2.1471071	17.031223	3.5613177	0.303819	0	10	0	1	0	0	610.3069228086646	1218.5992926837034	47.038895	-.TYHTQSDIVR.-	DECOY_sp|Q9Y3Q3|TMED3_HUMAN
2017dec27_overlap_dia_6b_rep1_604to616.dia:2824.407:LNGTDPEDVIR+2	1	66240	20.750374	2.0970287	2.627478	7.4297547	6.7958093	0.0013867323	3.4577164E-4	16.0	4.0	0.43353334	0.1353161	0.99965024	3.6509392	1.4333452	3.5625181	0.30158234	0.38991034	0.77112985	0	11	0	1	0	0	614.8120418086646	1227.6095306837035	47.07345	-.LNGTDPEDVIR.-	sp|O14950|ML12B_HUMAN	sp|P19105|ML12A_HUMAN	sp|P24844|MYL9_HUMAN
2017dec27_overlap_dia_6b_rep1_604to616.dia:2824.407:TPPEAIALC[+57.0214635]SR+2	1	66240	13.786604	0.60022146	0.9719382	6.185447	5.73001	0.03713852	0.009191191	11.0	1.0	2.4484565	0.4737814	0.8313803	2.4216025	-2.4216025	1.1498384	0.055618286	4.244858	1.1095951	0	11	0	1	0	0	607.8135305586646	1213.6125081837035	47.07345	-.TPPEAIALC[+57.0214635]SR.-	sp|P49841-2|GSK3B_HUMAN	sp|P49841|GSK3B_HUMAN
2017dec27_overlap_dia_6b_rep1_604to616.dia:2824.407:decoyASGSLSPGPPTQK+2	-1	66240	12.293633	0.7425477	1.1256939	5.73387	5.292472	0.058607392	0.008939201	10.0	1.0	2.1818953	-1.1758263	0.0	10.0	10.0	1.3130951	13.277576	10.0	0.5400126	0	13	0	1	0	0	613.8224098086646	1225.6302666837034	47.07345	-.ASGSLSPGPPTQK.-	DECOY_sp|Q9UQ35-2|SRRM2_HUMAN	DECOY_sp|Q9UQ35|SRRM2_HUMAN
2017dec27_overlap_dia_6b_rep1_604to616.dia:2826.5051:VQQLLHIC[+57.0214635]SEHFDSK+3	1	66292	16.153746	0.59589154	0.7313426	6.359465	5.5824933	0.073929116	0.011617819	13.0	3.0	1.5692888	0.7140114	0.0	10.0	10.0	2.7908916	0.42741013	10.0	1.3498251	0	15	0	0	1	0	614.3051991947142	1839.893768183704	47.108418	-.VQQLLHIC[+57.0214635]SEHFDSK.-	sp|Q13200-2|PSMD2_HUMAN	sp|Q13200-3|PSMD2_HUMAN	sp|Q13200|PSMD2_HUMAN
2017dec27_overlap_dia_6b_rep1_604to616.dia:2828.547:QVDYEINAHK+2	1	66344	11.98353	0.41145787	0.75483423	5.423766	5.0629535	0.04841374	0.0102141015	10.0	0.0	2.402935	-0.9178991	0.0	10.0	10.0	1.1597242	15.877218	10.0	0.28208536	0	10	0	1	0	0	608.8014728086647	1215.5883926837037	47.142452	-.QVDYEINAHK.-	sp|Q6P1Q9|MET2B_HUMAN	sp|Q96IZ6|MET2A_HUMAN
2017dec27_overlap_dia_6b_rep1_604to616.dia:2828.547:decoyNNIEPNTWDK+2	-1	66344	9.814066	0.376274	0.72627306	6.1116347	5.326299	0.1538213	0.026140053	7.0	0.0	1.566927	0.42150134	0.0	10.0	10.0	-2.0655499	4.684929	10.0	1.0573151	0	10	0	1	0	0	615.7911088086647	1229.5676646837037	47.142452	-.NNIEPNTWDK.-	DECOY_sp|O43402|EMC8_HUMAN
2017dec27_overlap_dia_6b_rep1_604to616.dia:2830.645:LDEDLAAYC[+57.0214635]R+2	1	66396	11.679039	0.36299962	0.45334458	6.119276	5.5524335	0.041450083	0.0062491293	9.0	0.0	3.2341692	-1.9395175	0.97415674	3.381303	0.5539768	0.85471916	0.19892502	1.2692788	1.3037038	0	10	0	1	0	0	613.2795160586646	1224.5444791837035	47.177418	-.LDEDLAAYC[+57.0214635]R.-	sp|P09543-2|CN37_HUMAN	sp|P09543|CN37_HUMAN
2017dec27_overlap_dia_6b_rep1_604to616.dia:2832.669:NAGVEGSLIVEK+2	1	66448	22.56599	2.152231	2.6166375	8.014921	7.4680133	0.0028203109	8.326135E-4	17.0	13.0	3.6176412	-2.7132308	0.9799052	2.8040383	2.8040383	4.378854	0.041366577	0.98078275	2.0774171	0	12	0	1	0	0	608.3326098086646	1214.6506666837035	47.211147	-.NAGVEGSLIVEK.-	sp|P10809|CH60_HUMAN
2017dec27_overlap_dia_6b_rep1_604to616.dia:2838.891:decoyEKSHTDVLPLSDLNTR+3	-1	66604	12.956987	0.31743234	0.5504598	6.3972244	5.708588	0.17146643	0.039729726	10.0	5.0	3.5145788	-2.5844927	0.0	10.0	10.0	-1.7821016	3.7626724	10.0	1.948679	1	16	0	0	1	0	608.9865233613807	1823.9377406837034	47.314854	-.EKSHTDVLPLSDLNTR.-	DECOY_sp|P08670|VIME_HUMAN
2017dec27_overlap_dia_6b_rep1_604to616.dia:2840.92:decoyDEC[+57.0214635]MLSDVEK+2	-1	66656	8.188924	0.6027291	0.6925766	6.1097426	5.224299	0.14198989	0.021379009	5.0	0.0	1.8458866	0.9480203	0.24700248	1.277506	-1.277506	-3.0	0.74538803	3.1007614	1.5838339	0	10	0	1	0	0	613.2573960586647	1224.5002391837036	47.348667	-.DEC[+57.0214635]MLSDVEK.-	DECOY_sp|Q16513-2|PKN2_HUMAN	DECOY_sp|Q16513-3|PKN2_HUMAN	DECOY_sp|Q16513-4|PKN2_HUMAN	DECOY_sp|Q16513-5|PKN2_HUMAN	DECOY_sp|Q16513|PKN2_HUMAN
2017dec27_overlap_dia_6b_rep1_604to616.dia:2840.92:decoyLINQNMQLEK+2	-1	66656	10.559399	0.6167668	0.8451716	5.9538784	5.33537	0.15448816	0.02736419	8.0	0.0	4.2419195	3.1814396	0.0	10.0	10.0	-1.4352951	7.0123405	10.0	3.8172534	0	10	0	1	0	0	615.8291803086646	1229.6438076837035	47.348667	-.LINQNMQLEK.-	DECOY_sp|Q8TBF8|FA81A_HUMAN
2017dec27_overlap_dia_6b_rep1_604to616.dia:2849.2588:QLIC[+57.0214635]DPSYVK+2	1	66865	18.000753	2.072595	2.632928	7.060345	6.4733443	0.009238588	0.002040025	14.0	4.0	1.5073767	-1.0657341	0.99293864	4.163992	3.7281353	2.2836056	0.075294495	1.9048798	0.42992043	0	10	0	1	0	0	611.8104520586647	1221.6063511837037	47.487648	-.QLIC[+57.0214635]DPSYVK.-	sp|P50395-2|GDIB_HUMAN	sp|P50395|GDIB_HUMAN
2017dec27_overlap_dia_6b_rep1_604to616.dia:2853.3765:WNGWGYNDSK+2	1	66969	9.847694	0.4417808	0.60745054	6.145264	5.297106	0.12736292	0.008473971	7.0	0.0	1.7780776	-0.7627281	0.8055787	4.9676814	4.9676814	-1.6759405	0.016426086	3.1444259	0.13949096	0	10	0	1	0	0	613.7648898086647	1225.5152266837038	47.556274	-.WNGWGYNDSK.-	sp|O00116|ADAS_HUMAN
2017dec27_overlap_dia_6b_rep1_604to616.dia:2853.3765:decoyC[+57.0214635]VYC[+57.0214635]ELDEK+2	-1	66969	8.749563	0.75434154	0.85307044	5.892231	4.827338	0.11058018	0.0161661	6.0	1.0	1.4496503	-1.0872377	0.0	10.0	10.0	-2.1071215	0.8058891	10.0	0.46400058	0	9	0	1	0	0	608.2546523086646	1214.4947516837035	47.556274	-.C[+57.0214635]VYC[+57.0214635]ELDEK.-	DECOY_sp|Q9H089|LSG1_HUMAN
2017dec27_overlap_dia_6b_rep1_604to616.dia:2857.5286:ALSQLAEVEEK+2	1	67073	17.882648	1.7210131	2.11627	6.942239	6.5049086	0.004838001	6.336603E-4	14.0	1.0	2.1063898	-1.5797924	0.999333	2.6200488	1.3861738	6.244954	0.0017433167	0.4370817	0.95655525	0	11	0	1	0	0	608.8246178086647	1215.6346826837037	47.625477	-.ALSQLAEVEEK.-	sp|O60749-2|SNX2_HUMAN	sp|O60749|SNX2_HUMAN	sp|Q13596-2|SNX1_HUMAN	sp|Q13596-3|SNX1_HUMAN	sp|Q13596|SNX1_HUMAN
2017dec27_overlap_dia_6b_rep1_604to616.dia:2857.5286:EDAGWYTVSAK+2	1	67073	10.937726	0.4842858	0.7539978	6.3322053	5.513814	0.053533874	0.0052486244	8.0	0.0	1.600543	1.1865504	0.8124192	2.4755657	-2.4755657	-2.2036133	0.2033844	4.2988214	1.8097875	0	11	0	1	0	0	613.7880313086647	1225.5615096837037	47.625477	-.EDAGWYTVSAK.-	sp|Q8WX93-2|PALLD_HUMAN	sp|Q8WX93-3|PALLD_HUMAN	sp|Q8WX93-4|PALLD_HUMAN	sp|Q8WX93-5|PALLD_HUMAN	sp|Q8WX93-7|PALLD_HUMAN	sp|Q8WX93-8|PALLD_HUMAN	sp|Q8WX93-9|PALLD_HUMAN	sp|Q8WX93|PALLD_HUMAN
2017dec27_overlap_dia_6b_rep1_604to616.dia:2857.5286:FIIQSEKPPHYLESR+3	1	67073	11.468162	0.5194841	0.8055675	5.908398	5.101387	0.13476631	0.0053995275	9.0	1.0	4.1984878	0.7560679	0.64223194	8.081687	-8.081687	-0.7618828	0.3240776	9.9049425	1.379305	0	15	0	0	1	0	615.3282180280474	1842.9628246837035	47.625477	-.FIIQSEKPPHYLESR.-	sp|P14735-2|IDE_HUMAN	sp|P14735|IDE_HUMAN
2017dec27_overlap_dia_6b_rep1_604to616.dia:2857.5286:LVQAFQYTDK+2	1	67073	15.511613	1.9708744	2.315495	6.831275	6.21603	0.0061051687	5.052011E-4	12.0	0.0	0.120144926	-0.09010869	0.9771995	2.3612878	1.3603292	3.5612946	0.037517548	0.4629264	0.53312844	0	10	0	1	0	0	606.8165923086647	1211.6186316837036	47.625477	-.LVQAFQYTDK.-	sp|Q13162|PRDX4_HUMAN
2017dec27_overlap_dia_6b_rep1_604to616.dia:2861.6562:LFQSNDQTLR+2	1	67177	11.063534	0.5848079	0.84219044	5.5037704	4.747203	0.20722802	0.028131885	9.0	1.0	4.5367875	-3.4025908	0.0	10.0	10.0	-1.294713	6.606529	10.0	2.7919297	0	10	0	1	0	0	611.3147518086646	1220.6149506837035	47.69427	-.LFQSNDQTLR.-	sp|Q9UBF2-2|COPG2_HUMAN	sp|Q9UBF2|COPG2_HUMAN
2017dec27_overlap_dia_6b_rep1_604to616.dia:2865.8083:C[+57.0214635]EFFNAGGSVK+2	1	67281	14.76156	1.055386	1.4797186	6.081222	5.3501763	0.021111198	0.003453052	12.0	0.0	4.3831506	3.287363	0.51018715	7.742081	7.742081	4.5581436	0.0100746155	5.9188256	3.898024	0	11	0	1	0	0	608.2767805586647	1214.5390081837036	47.763474	-.C[+57.0214635]EFFNAGGSVK.-	sp|P35520-2|CBS_HUMAN	sp|P35520|CBS_HUMAN
2017dec27_overlap_dia_6b_rep1_604to616.dia:2865.8083:DC[+57.0214635]EDPNPLIR+2	1	67281	15.4794655	1.441409	1.5254681	6.799127	6.1438966	0.027330294	0.0019648473	12.0	1.0	2.2822077	1.7116559	0.83567506	5.454505	5.454505	0.76545906	0.49057388	3.6312494	2.322317	0	10	0	1	0	0	614.7849695586647	1227.5553861837036	47.763474	-.DC[+57.0214635]EDPNPLIR.-	sp|P63010-2|AP2B1_HUMAN	sp|P63010-3|AP2B1_HUMAN	sp|P63010|AP2B1_HUMAN	sp|Q10567-2|AP1B1_HUMAN	sp|Q10567-3|AP1B1_HUMAN	sp|Q10567-4|AP1B1_HUMAN	sp|Q10567|AP1B1_HUMAN
2017dec27_overlap_dia_6b_rep1_604to616.dia:2865.8083:GLGATTHPTAAVK+2	1	67281	13.514317	0.98655146	1.4890848	5.9131603	5.160425	0.062826745	0.015700143	11.0	2.0	3.3388278	2.5041208	0.0	10.0	10.0	-1.8125381	17.755802	10.0	3.1147819	0	13	0	1	0	0	612.3407708086647	1222.6669886837037	47.763474	-.GLGATTHPTAAVK.-	sp|P52789|HXK2_HUMAN
2017dec27_overlap_dia_6b_rep1_604to616.dia:2865.8083:MNSYPYLADR+2	1	67281	8.660224	0.83410764	1.1506869	5.8028913	5.074512	0.22391763	0.013878777	6.0	0.0	2.2705052	1.702879	0.723358	4.818714	1.0421516	-2.0318947	0.14689255	0.78110397	2.31354	0	10	0	1	0	0	615.2845968086647	1228.5546406837036	47.763474	-.MNSYPYLADR.-	sp|Q9Y580|RBM7_HUMAN
2017dec27_overlap_dia_6b_rep1_604to616.dia:2865.8083:VQEIPQKETTPFYPR+3	1	67281	15.311656	0.7481412	1.0394309	5.517375	4.857231	0.078771174	0.0100802295	13.0	2.0	3.2943547	-0.23176563	0.6482099	1.055192	1.055192	-0.37553406	0.23333359	0.76806355	0.3788954	1	15	0	0	1	0	611.6562240280475	1831.9468426837038	47.763474	-.VQEIPQKETTPFYPR.-	sp|O60547-2|GMDS_HUMAN	sp|O60547|GMDS_HUMAN
2017dec27_overlap_dia_6b_rep1_604to616.dia:2865.8083:decoyDFDGSTDSIIR+2	-1	67281	11.000246	0.5713475	0.83419734	6.394726	5.772082	0.25162208	0.023784492	8.0	1.0	1.8995041	1.424628	0.5224688	2.374884	-2.374884	-0.5573597	6.335392	4.198139	2.035289	0	11	0	1	0	0	613.2883993086646	1224.5622456837034	47.763474	-.DFDGSTDSIIR.-	DECOY_sp|A6NMY6|AXA2L_HUMAN	DECOY_sp|P07355-2|ANXA2_HUMAN	DECOY_sp|P07355|ANXA2_HUMAN
2017dec27_overlap_dia_6b_rep1_604to616.dia:2869.982:decoyGYMLEGVVSGSK+2	-1	67385	10.078005	0.5521787	1.0423301	5.472484	5.240951	0.10484635	0.048464023	8.0	0.0	2.1669981	1.6252487	0.81215787	9.822985	9.822985	0.24481487	8.353146	7.999729	2.2233336	0	12	0	1	0	0	613.8079093086646	1225.6012656837036	47.83303	-.GYMLEGVVSGSK.-	DECOY_sp|O75746-2|CMC1_HUMAN	DECOY_sp|O75746|CMC1_HUMAN
2017dec27_overlap_dia_6b_rep1_604to616.dia:2869.982:decoyLGSMFAMTPKK+2	-1	67385	8.193	0.3137208	1.1719491	5.335667	4.613135	0.30560663	0.031669606	6.0	0.0	3.9000232	2.9250174	0.0	10.0	10.0	-2.4342623	0.11830521	10.0	3.5231023	1	11	0	1	0	0	605.8197703086646	1209.6249876837035	47.83303	-.LGSMFAMTPKK.-	DECOY_sp|Q6YN16-2|HSDL2_HUMAN	DECOY_sp|Q6YN16|HSDL2_HUMAN
2017dec27_overlap_dia_6b_rep1_604to616.dia:2869.982:decoyVPAC[+57.0214635]AAQANLGR+2	-1	67385	12.464262	0.68994725	1.1270491	5.9044986	5.1503944	0.08789757	0.05375259	10.0	0.0	3.0080135	2.25601	0.0	10.0	10.0	-0.49416065	10.336727	10.0	2.854095	0	12	0	1	0	0	614.3167720586645	1226.6189911837032	47.83303	-.VPAC[+57.0214635]AAQANLGR.-	DECOY_sp|P48681|NEST_HUMAN
2017dec27_overlap_dia_6b_rep1_604to616.dia:2874.1235:LQAAQFMQQR+2	1	67489	9.376192	0.7252995	1.2556224	5.673761	4.98406	0.14152512	0.009553759	7.0	0.0	2.0647457	1.5485592	0.0	10.0	10.0	-2.4715567	0.23469543	10.0	2.146644	0	10	0	1	0	0	610.8138658086647	1219.6131786837036	47.902058	-.LQAAQFMQQR.-	sp|O75030-12|MITF_HUMAN	sp|O75030-2|MITF_HUMAN	sp|O75030-3|MITF_HUMAN	sp|O75030-4|MITF_HUMAN	sp|O75030-5|MITF_HUMAN	sp|O75030-6|MITF_HUMAN	sp|O75030-7|MITF_HUMAN	sp|O75030-8|MITF_HUMAN	sp|O75030|MITF_HUMAN
2017dec27_overlap_dia_6b_rep1_604to616.dia:2874.1235:decoyHITPFGQVGYQGGLSHK+3	-1	67489	12.30017	0.7961195	1.0821573	5.7404065	5.247272	0.13933821	0.014711406	10.0	5.0	5.15992	3.8699403	0.0	10.0	10.0	-0.99229336	2.2267227	10.0	4.468025	0	17	0	0	1	0	609.3163133613807	1824.9271106837034	47.902058	-.HITPFGQVGYQGGLSHK.-	DECOY_sp|Q15084-2|PDIA6_HUMAN	DECOY_sp|Q15084-3|PDIA6_HUMAN	DECOY_sp|Q15084-4|PDIA6_HUMAN	DECOY_sp|Q15084-5|PDIA6_HUMAN	DECOY_sp|Q15084|PDIA6_HUMAN
2017dec27_overlap_dia_6b_rep1_604to616.dia:2874.1235:decoyLQQMFQAAQR+2	-1	67489	9.38378	0.75973606	0.9583671	5.6813483	4.994904	0.14848685	0.012316188	7.0	0.0	2.0277083	1.5207812	0.0	10.0	10.0	-1.880847	0.23469543	10.0	2.118866	0	10	0	1	0	0	610.8138658086647	1219.6131786837036	47.902058	-.LQQMFQAAQR.-	DECOY_sp|O75030-12|MITF_HUMAN	DECOY_sp|O75030-2|MITF_HUMAN	DECOY_sp|O75030-3|MITF_HUMAN	DECOY_sp|O75030-4|MITF_HUMAN	DECOY_sp|O75030-5|MITF_HUMAN	DECOY_sp|O75030-6|MITF_HUMAN	DECOY_sp|O75030-7|MITF_HUMAN	DECOY_sp|O75030-8|MITF_HUMAN	DECOY_sp|O75030|MITF_HUMAN
2017dec27_overlap_dia_6b_rep1_604to616.dia:2878.2417:decoyDC[+57.0214635]LQTYEQR+2	-1	67593	9.164948	0.6175829	0.82960916	5.4625177	4.616768	0.26751217	0.009654304	7.0	0.0	4.2857847	-0.5501032	0.0	10.0	10.0	-1.3977985	11.3366585	10.0	0.04798174	0	9	0	1	0	0	606.7693160586646	1211.5240791837034	47.970695	-.DC[+57.0214635]LQTYEQR.-	DECOY_sp|Q63HN8-4|RN213_HUMAN	DECOY_sp|Q63HN8|RN213_HUMAN
2017dec27_overlap_dia_6b_rep1_604to616.dia:2878.2417:decoySFVQAETGELK+2	-1	67593	12.568588	1.3787421	1.8179775	6.008825	5.2672186	0.06405901	0.0073149647	10.0	1.0	2.6394494	-0.11257382	0.0	10.0	10.0	-1.1217575	0.5914917	10.0	0.48551112	0	11	0	1	0	0	604.8115108086647	1207.6084686837037	47.970695	-.SFVQAETGELK.-	DECOY_sp|Q13045-2|FLII_HUMAN	DECOY_sp|Q13045-3|FLII_HUMAN	DECOY_sp|Q13045|FLII_HUMAN
2017dec27_overlap_dia_6b_rep1_604to616.dia:2878.2417:decoyVATEVVGTIEAK+2	-1	67593	13.864431	0.8951668	1.4442506	6.2632747	5.5256286	0.11291389	0.014057172	11.0	3.0	4.4757686	-1.219688	0.9720902	3.219823	-1.1065668	0.62504196	0.016582489	2.9298224	0.62160313	0	12	0	1	0	0	608.8428113086647	1215.6710696837038	47.970695	-.VATEVVGTIEAK.-	DECOY_sp|Q92541|RTF1_HUMAN
2017dec27_overlap_dia_6b_rep1_604to616.dia:2880.3247:KVDDIIC[+57.0214635]DSR+2	1	67645	12.904161	0.70038426	1.1689197	6.3443985	5.05923	0.034497347	0.0057150787	10.0	1.0	3.949832	-1.752781	0.0	10.0	10.0	-1.0374002	12.12233	10.0	1.1546961	1	10	0	1	0	0	610.8006195586647	1219.5866861837037	48.005413	-.KVDDIIC[+57.0214635]DSR.-	sp|P07942|LAMB1_HUMAN
2017dec27_overlap_dia_6b_rep1_604to616.dia:2880.3247:VAEITGVVETAK+2	1	67645	19.930382	1.739207	2.4429128	6.609763	5.874769	0.028827636	0.003504641	16.0	3.0	2.8363392	2.1272545	0.0	10.0	10.0	7.573495	0.048851013	10.0	2.7253394	0	12	0	1	0	0	608.8428113086647	1215.6710696837038	48.005413	-.VAEITGVVETAK.-	sp|Q92541|RTF1_HUMAN
2017dec27_overlap_dia_6b_rep1_604to616.dia:2880.3247:decoyAALADAGASAIYK+2	-1	67645	13.311062	0.6764362	1.11889	5.709906	5.394932	0.051250476	0.013125975	11.0	1.0	4.703694	3.5277705	0.0	10.0	10.0	-0.35469532	1.7717056	10.0	4.1258554	0	13	0	1	0	0	611.3273238086647	1220.6400946837036	48.005413	-.AALADAGASAIYK.-	DECOY_sp|Q13033-2|STRN3_HUMAN	DECOY_sp|Q13033|STRN3_HUMAN
2017dec27_overlap_dia_6b_rep1_604to616.dia:2880.3247:decoyLLTQDNSQFR+2	-1	67645	10.954287	0.50827587	0.7868833	5.3945227	5.103766	0.19389327	0.034661736	9.0	0.0	2.2355347	0.23456317	0.0	10.0	10.0	-0.63466454	6.917671	10.0	0.8326481	0	10	0	1	0	0	611.3147518086646	1220.6149506837035	48.005413	-.LLTQDNSQFR.-	DECOY_sp|Q9UBF2-2|COPG2_HUMAN	DECOY_sp|Q9UBF2|COPG2_HUMAN
2017dec27_overlap_dia_6b_rep1_604to616.dia:2880.3247:decoyLPLSVDVDTKK+2	-1	67645	9.607115	0.5752883	0.78503346	5.9046836	5.3475823	0.192813	0.027904615	7.0	0.0	2.6961339	-0.25924513	0.0	10.0	10.0	-0.75816727	4.4082146	10.0	0.3388398	1	11	0	1	0	0	607.8531783086645	1213.6918036837033	48.005413	-.LPLSVDVDTKK.-	DECOY_sp|Q09666|AHNK_HUMAN
2017dec27_overlap_dia_6b_rep1_604to616.dia:2882.3477:AGAYAAALQGYR+2	1	67697	11.012829	0.54149365	1.0267911	5.453065	4.670933	0.1282125	0.022307571	9.0	0.0	2.7355216	2.0516412	0.0	10.0	10.0	-1.2498531	0.6891403	10.0	2.6497262	0	12	0	1	0	0	606.3120043086648	1210.6094556837038	48.039127	-.AGAYAAALQGYR.-	sp|Q9NRS6|SNX15_HUMAN
2017dec27_overlap_dia_6b_rep1_604to616.dia:2882.3477:YLQDNPASGEK+2	1	67697	9.821459	0.6915841	1.1533097	6.1190276	5.355398	0.23332548	0.02099344	7.0	1.0	3.389531	2.542148	0.0	10.0	10.0	-2.4082632	18.031456	10.0	3.140233	0	11	0	1	0	0	611.2909378086647	1220.5673226837037	48.039127	-.YLQDNPASGEK.-	sp|Q16850-2|CP51A_HUMAN	sp|Q16850|CP51A_HUMAN
2017dec27_overlap_dia_6b_rep1_604to616.dia:2882.3477:decoyVTPHWC[+57.0214635]LATK+2	-1	67697	9.351052	0.5941323	0.8472619	5.6486216	4.881428	0.10771564	0.013425026	7.0	0.0	1.8967624	0.9436988	0.23058698	9.777402	-9.777402	-2.3262405	4.381363	11.600657	1.5417838	0	10	0	1	0	0	606.8133340586646	1211.6121151837035	48.039127	-.VTPHWC[+57.0214635]LATK.-	DECOY_sp|Q8TEQ6|GEMI5_HUMAN
2017dec27_overlap_dia_6b_rep1_604to616.dia:2886.4631:QEAVALLQGQR+2	1	67801	13.846798	1.0355276	1.2257322	6.2456417	5.684285	0.031234475	0.0022556728	11.0	0.0	3.5717475	-1.2610141	0.9618472	5.979572	3.6924615	1.0574255	0.01871872	1.869206	0.6629292	0	11	0	1	0	0	606.8383948086647	1211.6622366837037	48.10772	-.QEAVALLQGQR.-	sp|P46108-2|CRK_HUMAN	sp|P46108|CRK_HUMAN
2017dec27_overlap_dia_6b_rep1_604to616.dia:2886.4631:TFNPGAGLPTDK+2	1	67801	18.940117	1.4785633	2.208044	6.8236165	6.3359447	0.008383211	8.987545E-4	15.0	3.0	1.845343	1.1868551	0.76698744	2.184101	-0.61469734	9.069188	0.062316895	2.437953	1.78494	0	12	0	1	0	0	609.3116783086648	1216.6088036837039	48.10772	-.TFNPGAGLPTDK.-	sp|P09661|RU2A_HUMAN
2017dec27_overlap_dia_6b_rep1_604to616.dia:2886.4631:decoyVYGVAFNSQTK+2	-1	67801	11.262791	0.34297282	0.5519685	6.65727	5.9054317	0.26521364	0.02003815	8.0	1.0	5.229184	-1.2435837	0.0	10.0	10.0	-1.5409756	5.5838394	10.0	0.64549875	0	11	0	1	0	0	607.3142163086646	1212.6138796837035	48.10772	-.VYGVAFNSQTK.-	DECOY_sp|P21796|VDAC1_HUMAN
2017dec27_overlap_dia_6b_rep1_604to616.dia:2886.4631:decoyYVVVVESIQGK+2	-1	67801	11.705774	0.43079537	0.6738982	6.146011	5.562482	0.21699286	0.016592706	9.0	1.0	2.6307156	0.9779302	0.0	10.0	10.0	-1.5362606	5.9467163	10.0	1.5760151	0	11	0	1	0	0	610.8478918086646	1219.6812306837035	48.10772	-.YVVVVESIQGK.-	DECOY_sp|Q14011-2|CIRBP_HUMAN	DECOY_sp|Q14011|CIRBP_HUMAN
2017dec27_overlap_dia_6b_rep1_604to616.dia:2888.5923:HYEVEILDAK+2	1	67853	23.21683	2.7051804	3.199406	7.4104877	6.728744	3.0327716E-4	5.5762168E-5	18.0	8.0	2.3008215	1.7256162	0.93522054	4.995936	4.995936	-0.888165	0.19013214	3.1726804	2.311125	0	10	0	1	0	0	608.8140488086648	1215.6135446837038	48.143204	-.HYEVEILDAK.-	sp|Q9NZ01-2|TECR_HUMAN	sp|Q9NZ01|TECR_HUMAN
2017dec27_overlap_dia_6b_rep1_604to616.dia:2890.62:QTPNDLTGEHSC[+57.0214635]IMLK+3	1	67905	22.481846	1.2764368	1.2442272	6.6755037	5.914583	0.023307875	0.0018652515	18.0	5.0	1.2819763	0.59725153	0.9975489	4.980474	4.980474	6.3699684	0.1615448	3.1572185	1.1827604	0	16	0	0	1	0	615.2940831947141	1842.8604201837036	48.177002	-.QTPNDLTGEHSC[+57.0214635]IMLK.-	sp|Q9H0A0-2|NAT10_HUMAN	sp|Q9H0A0|NAT10_HUMAN
2017dec27_overlap_dia_6b_rep1_604to616.dia:2890.62:decoyEVTDVYFSNR+2	-1	67905	9.121822	0.4770266	0.8323574	5.419392	4.9688244	0.07333321	0.020965727	7.0	0.0	2.7180617	-2.0385463	0.8156345	1.8233742	1.8233742	-2.3641624	0.40387344	1.1861324E-4	1.4530375	0	10	0	1	0	0	615.2934803086645	1228.5724076837032	48.177002	-.EVTDVYFSNR.-	DECOY_sp|Q07864|DPOE1_HUMAN
2017dec27_overlap_dia_6b_rep1_604to616.dia:2892.7651:FNEFMTSKPK+2	1	67957	9.021072	0.60187006	1.0904889	5.318641	4.587483	0.12969565	0.006394361	7.0	0.0	2.5915513	1.826085	0.0	10.0	10.0	-1.0049353	10.534382	10.0	2.411594	0	10	0	1	0	0	614.8051738086647	1227.5957946837036	48.212753	-.FNEFMTSKPK.-	sp|Q96RU3-2|FNBP1_HUMAN	sp|Q96RU3-3|FNBP1_HUMAN	sp|Q96RU3-5|FNBP1_HUMAN	sp|Q96RU3|FNBP1_HUMAN
2017dec27_overlap_dia_6b_rep1_604to616.dia:2892.7651:NVLGHMQQGGSPTPFDR+3	1	67957	23.54439	1.4325793	1.7410986	6.4592953	5.873242	0.028117929	0.009578018	19.0	9.0	1.340731	-0.8732015	0.99466544	1.1789794	0.03444008	1.7753344	0.087249756	1.7888155	0.28769267	0	17	0	0	1	0	614.2968156947142	1839.8686176837039	48.212753	-.NVLGHMQQGGSPTPFDR.-	sp|P08237-2|PFKAM_HUMAN	sp|P08237-3|PFKAM_HUMAN	sp|P08237|PFKAM_HUMAN
2017dec27_overlap_dia_6b_rep1_604to616.dia:2892.7651:decoyEENELTQSFK+2	-1	67957	9.902685	0.47505116	0.88071173	5.297165	4.8134165	0.17133947	0.029361738	8.0	0.0	4.5159717	3.2694004	0.4130825	2.9934833	2.9934833	-2.5627966	11.609879	1.1702278	3.8549092	0	10	0	1	0	0	612.7907748086647	1223.5669966837036	48.212753	-.EENELTQSFK.-	DECOY_sp|Q14789-2|GOGB1_HUMAN	DECOY_sp|Q14789-3|GOGB1_HUMAN	DECOY_sp|Q14789-4|GOGB1_HUMAN	DECOY_sp|Q14789|GOGB1_HUMAN
2017dec27_overlap_dia_6b_rep1_604to616.dia:2892.7651:decoyNDFPTPSGGQQMHGLVR+3	-1	67957	11.684417	0.473857	0.583805	6.1246533	5.2642045	0.13540785	0.024816867	9.0	2.0	4.1678777	-3.1259084	0.99466544	1.1789794	0.03444008	-1.3185053	0.087249756	1.7888155	2.5403996	0	17	0	0	1	0	614.2968156947142	1839.8686176837039	48.212753	-.NDFPTPSGGQQMHGLVR.-	DECOY_sp|P08237-2|PFKAM_HUMAN	DECOY_sp|P08237-3|PFKAM_HUMAN	DECOY_sp|P08237|PFKAM_HUMAN
2017dec27_overlap_dia_6b_rep1_604to616.dia:2894.8162:YITASTFAQAR+2	1	68009	12.0795	0.8725164	1.3776948	6.5197363	5.862162	0.04503084	0.0078516435	9.0	1.0	3.6195953	-2.7146964	0.8096169	5.518323	-5.518323	-0.6029129	0.13741684	7.3415785	2.1291876	0	11	0	1	0	0	614.8196663086646	1227.6247796837035	48.246937	-.YITASTFAQAR.-	sp|Q99575|POP1_HUMAN
2017dec27_overlap_dia_6b_rep1_604to616.dia:2894.8162:decoyLAAEVGVTNGER+2	-1	68009	11.622472	0.881893	1.7364131	6.0627084	5.5012546	0.11763207	0.027824834	9.0	1.0	5.223829	-3.9178717	0.8315387	6.377014	-6.377014	-1.5810089	12.718433	8.20027	3.332363	0	12	0	1	0	0	608.3200343086646	1214.6255156837035	48.246937	-.LAAEVGVTNGER.-	DECOY_sp|P46060|RAGP1_HUMAN
2017dec27_overlap_dia_6b_rep1_604to616.dia:2894.8162:decoyQVYSPDC[+57.0214635]ILK+2	-1	68009	12.147816	0.9030121	1.5074376	6.5880527	5.615878	0.123426415	0.029927848	9.0	1.0	0.9224021	-0.15193379	0.0	10.0	10.0	-2.1954966	0.799366	10.0	0.43357503	0	10	0	1	0	0	611.8104520586645	1221.6063511837033	48.246937	-.QVYSPDC[+57.0214635]ILK.-	DECOY_sp|P50395-2|GDIB_HUMAN	DECOY_sp|P50395|GDIB_HUMAN
2017dec27_overlap_dia_6b_rep1_604to616.dia:2896.915:decoyHADLIEVEYK+2	-1	68061	13.372929	1.0143768	1.1659014	6.813165	6.278004	0.061287533	0.016125878	10.0	1.0	3.2247345	-2.0133815	0.9777966	5.309157	2.840506	-0.18702793	0.061214447	1.0172505	1.4278727	0	10	0	1	0	0	608.8140488086646	1215.6135446837034	48.281918	-.HADLIEVEYK.-	DECOY_sp|Q9NZ01-2|TECR_HUMAN	DECOY_sp|Q9NZ01|TECR_HUMAN
2017dec27_overlap_dia_6b_rep1_604to616.dia:2896.915:decoyLC[+57.0214635]VMYYNEK+2	-1	68061	8.223034	0.47803515	0.70580363	5.3657017	4.6722655	0.14192942	0.022409525	6.0	0.0	5.967028	0.65103495	0.0	10.0	10.0	-2.3822975	1.8382721	10.0	1.2365438	0	9	0	1	0	0	610.2779260586644	1218.5412991837031	48.281918	-.LC[+57.0214635]VMYYNEK.-	DECOY_sp|Q8NHQ9|DDX55_HUMAN
2017dec27_overlap_dia_6b_rep1_604to616.dia:2898.9363:DKDNFWMTR+2	1	68113	12.896982	0.8946013	1.2299918	6.3372188	5.7422814	0.064981125	0.0031661324	10.0	0.0	1.8734452	0.51841575	0.8104659	1.0548884	-1.0548884	3.9914494	0.029907227	2.8781438	1.1039245	1	9	0	1	0	0	606.7769478086648	1211.5393426837038	48.315605	-.DKDNFWMTR.-	sp|P61160-2|ARP2_HUMAN	sp|P61160|ARP2_HUMAN
2017dec27_overlap_dia_6b_rep1_604to616.dia:2898.9363:WDTGENPIYK+2	1	68113	14.452761	1.6144987	2.1390615	6.851604	6.2224407	0.009364827	8.891181E-4	11.0	0.0	1.8405418	-1.3687885	0.9768787	6.6555605	6.6555605	1.5607386	0.17307663	4.832305	0.78327966	0	10	0	1	0	0	611.7905738086648	1221.566594683704	48.315605	-.WDTGENPIYK.-	sp|P05556|ITB1_HUMAN
2017dec27_overlap_dia_6b_rep1_604to616.dia:2901.0493:FTATVETTIAR+2	1	68165	14.785734	0.89137405	1.5704429	6.1053963	5.714947	0.04839533	0.0043034293	12.0	0.0	6.4366174	-4.827463	0.92398685	1.7641629	-1.1637	3.099121	0.1183548	2.9869556	4.2419543	0	11	0	1	0	0	605.3273288086647	1208.6401046837036	48.350822	-.FTATVETTIAR.-	sp|Q9UPQ0-10|LIMC1_HUMAN	sp|Q9UPQ0-2|LIMC1_HUMAN	sp|Q9UPQ0-3|LIMC1_HUMAN	sp|Q9UPQ0-4|LIMC1_HUMAN	sp|Q9UPQ0-5|LIMC1_HUMAN	sp|Q9UPQ0-6|LIMC1_HUMAN	sp|Q9UPQ0-8|LIMC1_HUMAN	sp|Q9UPQ0-9|LIMC1_HUMAN	sp|Q9UPQ0|LIMC1_HUMAN
2017dec27_overlap_dia_6b_rep1_604to616.dia:2901.0493:IVYGHLDDPASQEIER+3	1	68165	25.136793	2.154857	2.4571714	6.7506695	6.1563706	0.010099855	0.002486363	20.0	16.0	1.500338	-1.1252534	0.9263385	2.9965696	2.9965696	6.333684	0.041072845	1.1733141	0.5397446	0	16	0	0	1	0	614.6391210280474	1840.8955336837034	48.350822	-.IVYGHLDDPASQEIER.-	sp|Q99798|ACON_HUMAN
2017dec27_overlap_dia_6b_rep1_604to616.dia:2901.0493:WDYMTPEQR+2	1	68165	13.124935	1.4162186	1.6119299	6.5651712	5.9100695	0.025218636	0.003672397	10.0	0.0	2.2462072	-1.6729443	0.80672866	8.310919	8.310919	1.5478106	0.041072845	6.4876633	1.0874355	0	9	0	1	0	0	613.2689518086647	1224.5233506837037	48.350822	-.WDYMTPEQR.-	sp|Q10471-2|GALT2_HUMAN	sp|Q10471|GALT2_HUMAN
2017dec27_overlap_dia_6b_rep1_604to616.dia:2901.0493:decoyQPSPQGTYAHVSYSVGR+3	-1	68165	12.537863	0.67803997	1.2578905	5.978099	5.5532107	0.13511395	0.03717127	10.0	5.0	3.2573185	-2.4429889	0.0	10.0	10.0	-1.8381405	7.7465477	10.0	1.85748	0	17	0	0	1	0	611.9674580280475	1832.8805446837039	48.350822	-.QPSPQGTYAHVSYSVGR.-	DECOY_sp|Q8IVT2|MISP_HUMAN
2017dec27_overlap_dia_6b_rep1_604to616.dia:2901.0493:decoyWQEPTMYDR+2	-1	68165	8.92112	0.3956475	0.61964065	6.0637875	5.34675	0.22322138	0.033324007	6.0	0.0	1.6694714	-0.529184	0.80672866	8.310919	8.310919	-1.9748039	0.041072845	6.4876633	0.05632484	0	9	0	1	0	0	613.2689518086645	1224.5233506837033	48.350822	-.WQEPTMYDR.-	DECOY_sp|Q10471-2|GALT2_HUMAN	DECOY_sp|Q10471|GALT2_HUMAN
2017dec27_overlap_dia_6b_rep1_604to616.dia:2905.2446:EAMVESIEYR+2	1	68269	14.280746	1.2081829	1.6395077	6.67959	6.160386	0.01160744	5.842238E-4	11.0	0.0	3.3938801	-2.5454102	0.98303676	1.6478223	1.4941407	0.892149	0.024112701	0.21647644	1.9599013	0	10	0	1	0	0	613.7897163086648	1225.5648796837038	48.420742	-.EAMVESIEYR.-	sp|P47712|PA24A_HUMAN
2017dec27_overlap_dia_6b_rep1_604to616.dia:2905.2446:GDVQAQVGLGQLHLHGGR+3	1	68269	11.400101	0.7241133	0.78428864	5.840337	4.837188	0.1100787	0.023949355	9.0	2.0	4.0230637	1.972795	0.0	10.0	10.0	-2.172165	0.32860947	10.0	2.5583038	0	18	0	0	1	0	614.662486694714	1840.965630683703	48.420742	-.GDVQAQVGLGQLHLHGGR.-	sp|Q9UBV2|SE1L1_HUMAN
2017dec27_overlap_dia_6b_rep1_604to616.dia:2905.2446:IGSENPSDVFR+2	1	68269	12.561558	0.8357207	1.0131142	6.0017943	5.361823	0.09443381	0.0088913385	10.0	0.0	4.427419	-0.76313084	0.0	10.0	10.0	-0.8265276	0.2707901	10.0	0.17762202	0	11	0	1	0	0	610.7989338086646	1219.5833146837035	48.420742	-.IGSENPSDVFR.-	sp|Q92995-2|UBP13_HUMAN	sp|Q92995|UBP13_HUMAN
2017dec27_overlap_dia_6b_rep1_604to616.dia:2905.2446:decoyAAESSVVPKVPFQVETK+3	-1	68269	11.219632	0.39020148	0.5859744	5.6598687	4.551743	0.11231599	0.034815073	9.0	3.0	3.367257	-1.9897707	0.0	10.0	10.0	-1.0724154	5.3259544	10.0	1.4042618	1	17	0	0	1	0	605.9998816947141	1814.9778156837035	48.420742	-.AAESSVVPKVPFQVETK.-	DECOY_sp|Q9UKI8-2|TLK1_HUMAN	DECOY_sp|Q9UKI8-3|TLK1_HUMAN	DECOY_sp|Q9UKI8-4|TLK1_HUMAN	DECOY_sp|Q9UKI8-5|TLK1_HUMAN	DECOY_sp|Q9UKI8|TLK1_HUMAN
2017dec27_overlap_dia_6b_rep1_604to616.dia:2907.2732:VLANNSLSFEK+2	1	68321	14.11948	1.0451453	1.9212154	6.5183234	5.9169097	0.0442447	0.007104072	11.0	1.0	3.3251476	-2.4938607	0.9993368	3.7860727	0.9853789	0.5724125	0.02325058	0.6496853	1.9083519	0	11	0	1	0	0	611.3273268086647	1220.6401006837036	48.45455	-.VLANNSLSFEK.-	sp|O76094-2|SRP72_HUMAN	sp|O76094|SRP72_HUMAN
2017dec27_overlap_dia_6b_rep1_604to616.dia:2911.4412:MAPVPLDDSNRPASLTK+3	1	68425	25.340996	1.9608189	1.5476456	6.954872	6.4356217	0.0062575485	0.0015564887	20.0	15.0	1.0491914	-0.6970286	0.9275246	6.2723703	6.2723703	9.721654	0.13536072	4.728409	0.111519754	0	17	0	0	1	0	604.6488543613808	1810.9247336837036	48.52402	-.MAPVPLDDSNRPASLTK.-	sp|Q9NYF8-2|BCLF1_HUMAN	sp|Q9NYF8-3|BCLF1_HUMAN	sp|Q9NYF8-4|BCLF1_HUMAN	sp|Q9NYF8|BCLF1_HUMAN
2017dec27_overlap_dia_6b_rep1_604to616.dia:2915.6174:SLEGTEAQVFK+2	1	68529	16.088106	1.2121199	1.2705415	6.293825	5.8180943	0.023633307	0.003974121	13.0	0.0	6.6419816	4.7091637	0.82187647	4.318507	4.318507	2.1005888	2.1743774E-4	2.7745457	5.2946725	0	11	0	1	0	0	604.8115108086647	1207.6084686837037	48.593624	-.SLEGTEAQVFK.-	sp|Q13045-2|FLII_HUMAN	sp|Q13045-3|FLII_HUMAN	sp|Q13045|FLII_HUMAN
2017dec27_overlap_dia_6b_rep1_604to616.dia:2915.6174:decoyGQLIQGQGEGSR+2	-1	68529	9.61202	0.35588968	0.64825857	5.006499	4.366372	0.14165638	0.04539962	8.0	0.0	9.218074	6.913555	0.19134931	4.201299	-4.201299	-1.1931505	17.437313	5.7452607	7.499064	0	12	0	1	0	0	615.3152838086647	1228.6160146837037	48.593624	-.GQLIQGQGEGSR.-	DECOY_sp|O95248-4|MTMR5_HUMAN	DECOY_sp|O95248|MTMR5_HUMAN
2017dec27_overlap_dia_6b_rep1_604to616.dia:2915.6174:decoyQFNPDGNPPLK+2	-1	68529	11.8849125	0.5054804	0.7929359	6.3251495	5.6200085	0.114051126	0.016605683	9.0	1.0	6.433142	2.2806644	0.0	10.0	10.0	-0.01720047	7.855301	10.0	2.8661733	0	11	0	1	0	0	613.8118448086645	1225.6091366837034	48.593624	-.QFNPDGNPPLK.-	DECOY_sp|Q92945|FUBP2_HUMAN
2017dec27_overlap_dia_6b_rep1_604to616.dia:2917.7014:ENSFYVDTVR+2	1	68581	11.1095295	0.44437197	0.5715335	5.549766	4.922084	0.023987906	0.0031350155	9.0	0.0	3.3075209	2.4806406	0.82197773	6.4811506	6.4811506	-0.95115566	0.03451538	4.937189	3.0600455	0	10	0	1	0	0	615.2934803086647	1228.5724076837037	48.628357	-.ENSFYVDTVR.-	sp|Q07864|DPOE1_HUMAN
2017dec27_overlap_dia_6b_rep1_604to616.dia:2917.7014:FNSITSAYYR+2	1	68581	11.285644	0.3669599	0.7207858	5.72588	4.981956	0.050093193	0.011099768	9.0	0.0	4.0865674	2.5743508	0.80665225	4.256244	4.256244	-0.5905771	0.010261536	2.7122827	3.1537557	0	10	0	1	0	0	611.2985613086647	1220.5825696837037	48.628357	-.FNSITSAYYR.-	sp|Q6IQ22|RAB12_HUMAN
2017dec27_overlap_dia_6b_rep1_604to616.dia:2917.7014:decoyISLQYTQESR+2	-1	68581	11.737606	0.46732882	0.56643766	6.1778426	5.4769063	0.059982188	0.013903639	9.0	0.0	8.246738	-2.6775692	0.53074247	3.7882595	3.7882595	-1.0273628	10.285748	2.244298	2.0981643	0	10	0	1	0	0	612.8145803086645	1223.6146076837033	48.628357	-.ISLQYTQESR.-	DECOY_sp|P61764-2|STXB1_HUMAN	DECOY_sp|P61764|STXB1_HUMAN
2017dec27_overlap_dia_6b_rep1_604to616.dia:2919.7158:ASLTYAEAQLR+2	1	68633	12.7943535	0.40093106	0.48550478	6.23459	5.6333942	0.027242767	0.004706386	10.0	0.0	3.664189	0.9968601	0.8189011	5.980871	5.980871	-0.6298561	0.04146576	4.4369097	1.5697927	0	11	0	1	0	0	611.8249483086647	1221.6353436837037	48.66193	-.ASLTYAEAQLR.-	sp|Q9Y2L1-2|RRP44_HUMAN	sp|Q9Y2L1|RRP44_HUMAN
2017dec27_overlap_dia_6b_rep1_604to616.dia:2919.7158:VSTSNEDFSLKDDALAK+3	1	68633	10.566471	0.15999404	0.36876014	5.9609504	4.798266	0.08708416	0.008360513	8.0	2.0	5.337295	4.002971	0.0	10.0	10.0	-3.0	0.39661407	10.0	4.575904	1	17	0	0	1	0	613.9705386947142	1838.8897866837037	48.66193	-.VSTSNEDFSLKDDALAK.-	sp|Q7Z333-3|SETX_HUMAN	sp|Q7Z333-4|SETX_HUMAN	sp|Q7Z333|SETX_HUMAN
2017dec27_overlap_dia_6b_rep1_604to616.dia:2919.7158:decoyFGQIASSNDC[+57.0214635]K+2	-1	68633	9.6194935	0.14184028	0.20647353	5.9170628	5.6000633	0.2709519	0.029846335	7.0	0.0	4.74738	1.822005	0.5456617	2.58074	1.7579817	-1.4740067	18.270529	0.21402013	2.3949378	0	11	0	1	0	0	613.7771445586646	1225.5397361837036	48.66193	-.FGQIASSNDC[+57.0214635]K.-	DECOY_sp|O15067|PUR4_HUMAN
2017dec27_overlap_dia_6b_rep1_604to616.dia:2919.7158:decoyNLQSQVDAWR+2	-1	68633	12.990253	0.62809736	0.9189462	6.4304895	5.848079	0.10264972	0.027296873	10.0	1.0	4.7387557	0.86071116	0.35289618	2.6464217	2.6464217	1.5862961	2.6727486	1.1024601	1.4336438	0	10	0	1	0	0	608.8070938086645	1215.5996346837032	48.66193	-.NLQSQVDAWR.-	DECOY_sp|Q15437|SC23B_HUMAN
2017dec27_overlap_dia_6b_rep1_604to616.dia:2919.7158:decoyVVPHDSEYFPPC[+57.0214635]PIR+3	-1	68633	11.05228	0.14963065	0.31021047	5.4925165	4.959861	0.10190041	0.24658628	9.0	0.0	5.0175366	3.7631526	0.65595305	4.7451277	4.7451277	-2.4632273	7.0559845	3.2011662	4.3360853	0	15	0	0	1	0	604.9627705280474	1811.8664821837035	48.66193	-.VVPHDSEYFPPC[+57.0214635]PIR.-	DECOY_sp|P35658-2|NU214_HUMAN	DECOY_sp|P35658-3|NU214_HUMAN	DECOY_sp|P35658-4|NU214_HUMAN	DECOY_sp|P35658-5|NU214_HUMAN	DECOY_sp|P35658|NU214_HUMAN
2017dec27_overlap_dia_6b_rep1_604to616.dia:2923.831:DVMGSSAGAGSGEFHVYR+3	1	68737	11.352297	0.33509073	0.3806964	5.792534	5.3405795	0.067902036	0.01323236	9.0	2.0	3.9981403	2.4378588	0.6681932	2.6806574	2.6806574	-1.9905901	0.13667679	1.1297649	3.0107915	0	18	0	0	1	0	609.6090560280476	1825.805338683704	48.73052	-.DVMGSSAGAGSGEFHVYR.-	sp|Q9H875-2|PKRI1_HUMAN	sp|Q9H875|PKRI1_HUMAN
2017dec27_overlap_dia_6b_rep1_604to616.dia:2925.8728:DEVDSLMC[+57.0214635]EK+2	1	68789	9.880841	0.20944285	0.33706453	6.1784105	5.5745587	0.1016278	0.0073707392	7.0	0.0	4.2200184	2.757256	0.83860654	5.591084	5.591084	-0.21010971	0.63365173	4.0271735	3.3301888	0	10	0	1	0	0	613.2573960586648	1224.5002391837038	48.764545	-.DEVDSLMC[+57.0214635]EK.-	sp|Q16513-2|PKN2_HUMAN	sp|Q16513-3|PKN2_HUMAN	sp|Q16513-4|PKN2_HUMAN	sp|Q16513-5|PKN2_HUMAN	sp|Q16513|PKN2_HUMAN
2017dec27_overlap_dia_6b_rep1_604to616.dia:2925.8728:LKNEIPNSHILDQYR+3	1	68789	13.977669	0.53405714	0.7648422	6.3765125	6.0803905	0.06676909	0.010526093	11.0	5.0	4.253438	2.7454236	0.98846084	3.6961174	2.6791553	-0.69582844	0.13896942	1.1152449	3.3183563	1	15	0	0	1	0	613.995238694714	1838.9638866837033	48.764545	-.LKNEIPNSHILDQYR.-	sp|P35520-2|CBS_HUMAN	sp|P35520|CBS_HUMAN
2017dec27_overlap_dia_6b_rep1_604to616.dia:2925.8728:NLQYYDISAK+2	1	68789	20.019304	1.9689577	2.1886003	7.9028044	7.292878	7.6754205E-4	2.1890775E-4	15.0	10.0	4.9586253	3.7189689	0.9777132	6.281492	6.281492	4.1932945	0.01815033	4.7175817	4.2919016	0	10	0	1	0	0	607.8062193086647	1213.5978856837037	48.764545	-.NLQYYDISAK.-	sp|P62826|RAN_HUMAN
2017dec27_overlap_dia_6b_rep1_604to616.dia:2936.1755:NYEEIAKVEK+2	1	69049	11.012582	0.7208447	1.0792022	5.4528184	4.6685047	0.15399416	0.012458816	9.0	1.0	3.7022293	2.776672	0.81683105	0.98921806	0.98921806	-0.9100485	13.945847	0.59464234	3.3496046	1	10	0	1	0	0	611.8193308086646	1221.6241086837035	48.93626	-.NYEEIAKVEK.-	sp|P49755|TMEDA_HUMAN
2017dec27_overlap_dia_6b_rep1_604to616.dia:2936.1755:decoyDEC[+57.0214635]MLSDVEK+2	-1	69049	8.70845	0.72243035	0.8585155	5.851118	5.002457	0.21957777	0.012885123	6.0	0.0	3.4298418	2.5723813	0.0	10.0	10.0	-2.5556574	0.8053665	10.0	3.145314	0	10	0	1	0	0	613.2573960586647	1224.5002391837036	48.93626	-.DEC[+57.0214635]MLSDVEK.-	DECOY_sp|Q16513-2|PKN2_HUMAN	DECOY_sp|Q16513-3|PKN2_HUMAN	DECOY_sp|Q16513-4|PKN2_HUMAN	DECOY_sp|Q16513-5|PKN2_HUMAN	DECOY_sp|Q16513|PKN2_HUMAN
2017dec27_overlap_dia_6b_rep1_604to616.dia:2936.1755:decoyLMNC[+57.0214635]C[+57.0214635]PC[+57.0214635]TR+2	-1	69049	6.9876947	0.4516287	0.78513694	4.9085135	4.3177958	0.30319807	0.06846512	5.0	0.0	6.467714	1.4897739	0.0	10.0	10.0	-2.2743387	17.08574	10.0	2.0627065	0	9	0	1	0	0	606.2430465586646	1210.4715401837034	48.93626	-.LMNC[+57.0214635]C[+57.0214635]PC[+57.0214635]TR.-	DECOY_sp|Q5VTR2|BRE1A_HUMAN
2017dec27_overlap_dia_6b_rep1_604to616.dia:2936.1755:decoyQDGVVNELNLK+2	-1	69049	12.375866	0.8531575	1.6202958	5.8161025	5.102237	0.07827579	0.020783644	10.0	1.0	1.9286512	1.1965531	0.8232281	5.801538	-5.801538	-0.9587965	7.29298	7.3853984	1.7694858	0	11	0	1	0	0	614.8302343086647	1227.6459156837036	48.93626	-.QDGVVNELNLK.-	DECOY_sp|O43929-2|ORC4_HUMAN	DECOY_sp|O43929-3|ORC4_HUMAN	DECOY_sp|O43929|ORC4_HUMAN
2017dec27_overlap_dia_6b_rep1_604to616.dia:2936.1755:decoyQSLLYDGC[+57.0214635]VR+2	-1	69049	9.214901	0.61445737	1.3827327	5.5124702	4.83075	0.07768234	0.007129957	7.0	0.0	1.5405139	1.0867167	0.831639	3.5866244	-3.5866244	-2.746481	0.025215149	5.1704845	1.6596494	0	10	0	1	0	0	605.7978760586647	1209.5811991837036	48.93626	-.QSLLYDGC[+57.0214635]VR.-	DECOY_sp|Q9Y6Y0|NS1BP_HUMAN
2017dec27_overlap_dia_6b_rep1_604to616.dia:2936.1755:decoyVSFEC[+57.0214635]VAELR+2	-1	69049	11.651947	0.73908865	1.0890856	6.092184	5.1950736	0.076864876	0.017932111	9.0	0.0	1.9590522	1.4692892	0.5146911	7.492826	7.492826	-1.0517216	4.5859337	5.9089656	2.042222	0	10	0	1	0	0	605.3002555586645	1208.5859581837033	48.93626	-.VSFEC[+57.0214635]VAELR.-	DECOY_sp|Q6ZS17-2|FA65A_HUMAN	DECOY_sp|Q6ZS17-3|FA65A_HUMAN	DECOY_sp|Q6ZS17-4|FA65A_HUMAN	DECOY_sp|Q6ZS17|FA65A_HUMAN
2017dec27_overlap_dia_6b_rep1_604to616.dia:2938.2786:FSMALC[+57.0214635]DQEK+2	1	69101	15.130987	1.2972625	1.669199	6.450649	5.947474	0.005491601	6.902091E-4	12.0	0.0	3.044279	-0.14233243	0.8238428	0.34222007	0.34222007	9.347471	0.101062775	1.2615902	0.4306003	0	10	0	1	0	0	614.7704740586647	1227.5263951837037	48.97131	-.FSMALC[+57.0214635]DQEK.-	sp|P47712|PA24A_HUMAN
2017dec27_overlap_dia_6b_rep1_604to616.dia:2938.2786:HLEAAALLSER+2	1	69101	12.42445	0.8799572	1.142825	5.864686	5.198115	0.084155805	0.045295935	10.0	0.0	2.8082106	2.106158	0.0	10.0	10.0	-1.6580286	0.78383255	10.0	2.6790907	0	11	0	1	0	0	605.3329443086647	1208.6513356837036	48.97131	-.HLEAAALLSER.-	sp|Q9UJA5-2|TRM6_HUMAN	sp|Q9UJA5-4|TRM6_HUMAN	sp|Q9UJA5|TRM6_HUMAN
2017dec27_overlap_dia_6b_rep1_604to616.dia:2938.2786:SALC[+57.0214635]NADSPKDPVLPMK+3	1	69101	20.879875	1.5101683	1.3998015	6.328808	5.6801867	0.02412486	0.00679212	17.0	7.0	5.1860824	3.889562	0.66713876	6.5084715	6.5084715	3.6524467	0.15404892	4.904661	4.462495	1	17	0	0	1	0	614.9744615280475	1841.901555183704	48.97131	-.SALC[+57.0214635]NADSPKDPVLPMK.-	sp|Q29RF7|PDS5A_HUMAN
2017dec27_overlap_dia_6b_rep1_604to616.dia:2938.2786:decoyQLMIC[+57.0214635]SHEGTLDNPTK+3	-1	69101	12.652132	0.3713973	0.76672983	6.092368	5.0569267	0.10072794	0.01606207	10.0	2.0	3.8850381	-1.5453002	0.0	10.0	10.0	-2.0110445	0.6204872	10.0	0.9723675	0	16	0	0	1	0	615.2940831947142	1842.8604201837038	48.97131	-.QLMIC[+57.0214635]SHEGTLDNPTK.-	DECOY_sp|Q9H0A0-2|NAT10_HUMAN	DECOY_sp|Q9H0A0|NAT10_HUMAN
2017dec27_overlap_dia_6b_rep1_604to616.dia:2938.2786:decoyQSGDASYYYR+2	-1	69101	8.793727	0.49499208	0.8392796	5.091296	4.721168	0.10184412	0.0238807	7.0	0.0	2.4171793	0.06791401	0.0	10.0	10.0	-1.3439989	16.999516	10.0	0.6408467	0	10	0	1	0	0	605.2621718086646	1208.5097906837034	48.97131	-.QSGDASYYYR.-	DECOY_sp|Q8IWW6-2|RHG12_HUMAN	DECOY_sp|Q8IWW6-3|RHG12_HUMAN	DECOY_sp|Q8IWW6-4|RHG12_HUMAN	DECOY_sp|Q8IWW6|RHG12_HUMAN
2017dec27_overlap_dia_6b_rep1_604to616.dia:2940.322:AQNLNPMVDVK+2	1	69153	15.393671	1.2344065	1.8470538	6.7133327	6.079208	0.027138144	0.0017823062	12.0	1.0	2.7651243	0.22066948	0.530962	8.041304	8.041304	2.7263699	0.05317688	6.4374933	0.7936022	0	11	0	1	0	0	614.8213553086647	1227.6281576837036	49.005367	-.AQNLNPMVDVK.-	sp|Q9UBE0-2|SAE1_HUMAN	sp|Q9UBE0-3|SAE1_HUMAN	sp|Q9UBE0|SAE1_HUMAN
2017dec27_overlap_dia_6b_rep1_604to616.dia:2940.322:DVDGLTSINAGR+2	1	69153	11.318914	0.3112759	0.6784722	5.7591515	5.1438575	0.15147592	0.0095072845	9.0	1.0	2.460468	-1.3918049	0.8360688	9.85955	-9.85955	-1.3459129	0.41152573	11.463361	0.8188722	0	12	0	1	0	0	609.3096663086646	1216.6047796837036	49.005367	-.DVDGLTSINAGR.-	sp|P11586|C1TC_HUMAN
2017dec27_overlap_dia_6b_rep1_604to616.dia:2940.322:EGTEAWEAAMK+2	1	69153	12.669478	0.7364437	0.9770635	6.109715	5.4428787	0.06253834	0.0037912528	10.0	0.0	2.4842374	0.69903535	0.81714964	0.43741268	0.43741268	-1.1019173	0.13664246	1.1663976	1.2719681	0	11	0	1	0	0	611.7740713086647	1221.5335896837037	49.005367	-.EGTEAWEAAMK.-	sp|Q14204|DYHC1_HUMAN
2017dec27_overlap_dia_6b_rep1_604to616.dia:2940.322:IEGTPLETIQK+2	1	69153	16.405355	1.2122518	1.6601734	6.611074	5.8727927	0.026955111	0.0025395858	13.0	1.0	5.532879	-0.45344877	0.0	10.0	10.0	3.4246101	0.018058777	10.0	0.11948395	0	11	0	1	0	0	614.8428113086647	1227.6710696837038	49.005367	-.IEGTPLETIQK.-	sp|O43676|NDUB3_HUMAN
2017dec27_overlap_dia_6b_rep1_604to616.dia:2940.322:SAHTLVGPTPSR+2	1	69153	11.405551	0.59343547	0.8499152	5.8457875	5.2098913	0.20410334	0.042123728	9.0	2.0	2.2155502	-0.9282807	0.0	10.0	10.0	-1.4942484	18.997696	10.0	0.355348	0	12	0	1	0	0	611.8305693086647	1221.6465856837037	49.005367	-.SAHTLVGPTPSR.-	sp|Q13428-3|TCOF_HUMAN	sp|Q13428-7|TCOF_HUMAN	sp|Q13428-8|TCOF_HUMAN
2017dec27_overlap_dia_6b_rep1_604to616.dia:2940.322:SLDEQANQENDALHKK+3	1	69153	10.213406	0.33956483	0.8270544	5.6078854	4.914643	0.11589032	0.01905664	8.0	2.0	4.3249393	0.97822547	0.0	10.0	10.0	-1.5679579	18.997696	10.0	1.5511582	1	16	0	0	1	0	613.9658993613808	1838.8758686837039	49.005367	-.SLDEQANQENDALHKK.-	sp|A4D1E9-2|GTPBA_HUMAN	sp|A4D1E9|GTPBA_HUMAN
2017dec27_overlap_dia_6b_rep1_604to616.dia:2940.322:decoyELPQVLVSSPR+2	-1	69153	10.708281	0.6179226	1.0230564	5.1485167	4.3643937	0.11510849	0.023599394	9.0	0.0	2.3620598	-0.033977307	0.0	10.0	10.0	-1.8296566	5.551628	10.0	0.5389554	0	11	0	1	0	0	612.8509698086644	1223.6873866837032	49.005367	-.ELPQVLVSSPR.-	DECOY_sp|Q71RC2-2|LARP4_HUMAN	DECOY_sp|Q71RC2-3|LARP4_HUMAN	DECOY_sp|Q71RC2-4|LARP4_HUMAN	DECOY_sp|Q71RC2-5|LARP4_HUMAN	DECOY_sp|Q71RC2-6|LARP4_HUMAN	DECOY_sp|Q71RC2|LARP4_HUMAN
2017dec27_overlap_dia_6b_rep1_604to616.dia:2940.322:decoyEVDEETFMVK+2	-1	69153	9.882685	0.5708549	0.801422	6.1802535	5.194527	0.12694049	0.03399967	7.0	0.0	1.6928602	1.2696452	0.0	10.0	10.0	-2.7433262	0.058898926	10.0	1.8425779	0	10	0	1	0	0	613.7841043086647	1225.5536556837037	49.005367	-.EVDEETFMVK.-	DECOY_sp|P51812|KS6A3_HUMAN	DECOY_sp|Q15349-2|KS6A2_HUMAN	DECOY_sp|Q15349-3|KS6A2_HUMAN	DECOY_sp|Q15349|KS6A2_HUMAN	DECOY_sp|Q15418-2|KS6A1_HUMAN	DECOY_sp|Q15418-3|KS6A1_HUMAN	DECOY_sp|Q15418-4|KS6A1_HUMAN	DECOY_sp|Q15418|KS6A1_HUMAN
2017dec27_overlap_dia_6b_rep1_604to616.dia:2940.322:decoySDFWVESSPR+2	-1	69153	11.631796	0.3818455	0.6085236	6.072033	4.9134874	0.07111904	0.009093898	9.0	0.0	2.9931152	-1.8261641	0.0	10.0	10.0	-0.3588829	4.512501	10.0	1.2532314	0	10	0	1	0	0	605.2803768086645	1208.5462006837033	49.005367	-.SDFWVESSPR.-	DECOY_sp|P42345|MTOR_HUMAN
2017dec27_overlap_dia_6b_rep1_604to616.dia:2942.4307:decoyGGTGPPGYLLC[+57.0214635]K+2	-1	69205	11.697231	0.29546204	0.61124384	6.1374683	5.6707687	0.14273453	0.029675663	9.0	0.0	6.032911	4.524683	0.9735745	4.1979375	-0.5824791	-2.0617619	0.015415192	2.1862893	5.0976157	0	12	0	1	0	0	610.3106200586647	1218.6066871837036	49.040512	-.GGTGPPGYLLC[+57.0214635]K.-	DECOY_sp|P62333|PRS10_HUMAN
2017dec27_overlap_dia_6b_rep1_604to616.dia:2944.4773:EVMFTEEDVK+2	1	69257	12.956126	0.929285	1.1979327	6.396363	5.618659	0.04509446	0.00425207	10.0	0.0	0.89519626	0.56568253	0.9464216	2.3613122	2.3613122	2.2885513	0.12815475	0.7375529	1.1386153	0	10	0	1	0	0	613.7841043086647	1225.5536556837037	49.074623	-.EVMFTEEDVK.-	sp|P51812|KS6A3_HUMAN	sp|Q15349-2|KS6A2_HUMAN	sp|Q15349-3|KS6A2_HUMAN	sp|Q15349|KS6A2_HUMAN	sp|Q15418-2|KS6A1_HUMAN	sp|Q15418-3|KS6A1_HUMAN	sp|Q15418-4|KS6A1_HUMAN	sp|Q15418|KS6A1_HUMAN
2017dec27_overlap_dia_6b_rep1_604to616.dia:2944.4773:LPELKPVDKESEVVMK+3	1	69257	13.133699	0.5193615	0.55284524	5.532543	5.1604657	0.07836104	0.017757587	11.0	2.0	6.1699767	-0.32641232	0.65352976	7.459958	-7.459958	-0.32836246	0.2052536	9.083717	0.2465204	1	16	0	0	1	0	614.3411386947142	1840.001586683704	49.074623	-.LPELKPVDKESEVVMK.-	sp|Q9NUQ8-2|ABCF3_HUMAN	sp|Q9NUQ8|ABCF3_HUMAN
2017dec27_overlap_dia_6b_rep1_604to616.dia:2944.4773:RFELYFQGPSSNKPR+3	1	69257	23.822807	1.5086911	1.5405011	6.737714	6.189714	0.027536673	0.003786406	19.0	9.0	2.4906542	0.13056484	0.6384184	4.9484096	4.9484096	6.2078457	0.59415054	3.3246503	0.7034975	1	15	0	0	1	0	609.3163123613808	1824.9271076837038	49.074623	-.RFELYFQGPSSNKPR.-	sp|P33993-2|MCM7_HUMAN	sp|P33993|MCM7_HUMAN
2017dec27_overlap_dia_6b_rep1_604to616.dia:2944.4773:decoyFEIASVDSTNK+2	-1	69257	10.756023	0.5621777	1.1445559	6.150502	5.277407	0.1008955	0.0247664	8.0	0.0	3.50912	1.8721799	0.19903329	6.7271934	6.7271934	-1.3570232	3.0670662	5.103434	2.4451127	0	11	0	1	0	0	605.8011423086646	1209.5877316837034	49.074623	-.FEIASVDSTNK.-	DECOY_sp|P19367-2|HXK1_HUMAN	DECOY_sp|P19367-3|HXK1_HUMAN	DECOY_sp|P19367-4|HXK1_HUMAN	DECOY_sp|P19367|HXK1_HUMAN
2017dec27_overlap_dia_6b_rep1_604to616.dia:2944.4773:decoyKKPFDVTDNAPDEIPR+3	-1	69257	14.512292	0.6826343	0.82732344	5.831954	4.9201145	0.03405989	0.005177422	12.0	5.0	2.2883918	-1.7162939	0.36153224	1.4312747	1.4312747	-1.2330875	7.426079	0.19248462	1.1433612	1	16	0	0	1	0	614.6512523613806	1840.931927683703	49.074623	-.KKPFDVTDNAPDEIPR.-	DECOY_sp|O60716-10|CTND1_HUMAN	DECOY_sp|O60716-11|CTND1_HUMAN	DECOY_sp|O60716-12|CTND1_HUMAN	DECOY_sp|O60716-13|CTND1_HUMAN	DECOY_sp|O60716-14|CTND1_HUMAN	DECOY_sp|O60716-15|CTND1_HUMAN	DECOY_sp|O60716-16|CTND1_HUMAN	DECOY_sp|O60716-17|CTND1_HUMAN	DECOY_sp|O60716-18|CTND1_HUMAN	DECOY_sp|O60716-19|CTND1_HUMAN	DECOY_sp|O60716-20|CTND1_HUMAN	DECOY_sp|O60716-21|CTND1_HUMAN	DECOY_sp|O60716-22|CTND1_HUMAN	DECOY_sp|O60716-23|CTND1_HUMAN	DECOY_sp|O60716-24|CTND1_HUMAN	DECOY_sp|O60716-25|CTND1_HUMAN	DECOY_sp|O60716-26|CTND1_HUMAN	DECOY_sp|O60716-27|CTND1_HUMAN	DECOY_sp|O60716-28|CTND1_HUMAN	DECOY_sp|O60716-29|CTND1_HUMAN	DECOY_sp|O60716-2|CTND1_HUMAN	DECOY_sp|O60716-30|CTND1_HUMAN	DECOY_sp|O60716-31|CTND1_HUMAN	DECOY_sp|O60716-32|CTND1_HUMAN	DECOY_sp|O60716-3|CTND1_HUMAN	DECOY_sp|O60716-4|CTND1_HUMAN	DECOY_sp|O60716-5|CTND1_HUMAN	DECOY_sp|O60716-6|CTND1_HUMAN	DECOY_sp|O60716-7|CTND1_HUMAN	DECOY_sp|O60716-8|CTND1_HUMAN	DECOY_sp|O60716-9|CTND1_HUMAN	DECOY_sp|O60716|CTND1_HUMAN
2017dec27_overlap_dia_6b_rep1_604to616.dia:2946.707:GC[+57.0214635]LLYGPPGTGK+2	1	69310	16.719656	1.3118672	1.5233827	6.9253755	6.23976	0.012836689	0.0035574099	13.0	0.0	2.0812893	-0.060043037	0.52667236	1.0174308	1.0174308	2.3096113	0.054683685	0.6063285	0.5254658	0	12	0	1	0	0	610.3106200586648	1218.6066871837038	49.111782	-.GC[+57.0214635]LLYGPPGTGK.-	sp|P62333|PRS10_HUMAN
2017dec27_overlap_dia_6b_rep1_604to616.dia:2946.707:QSGESIDIITR+2	1	69310	16.702232	1.023646	1.5707628	6.9079523	6.295558	0.00789398	0.0018602684	13.0	0.0	2.675354	-1.6243236	0.83266014	5.6351295	-5.6351295	4.5843287	0.054683685	7.2588887	1.0388148	0	11	0	1	0	0	609.8198668086646	1217.6251806837035	49.111782	-.QSGESIDIITR.-	sp|Q16531|DDB1_HUMAN
2017dec27_overlap_dia_6b_rep1_604to616.dia:2946.707:TIAETEAAYLK+2	1	69310	14.061588	0.7480454	1.0559579	6.4604316	5.9735823	0.036776744	0.0063055917	11.0	0.0	2.634527	-1.4598887	0.9932276	5.9371123	2.2300656	2.2651234	0.09141159	0.6063063	0.8743799	0	11	0	1	0	0	605.3217073086647	1208.6288616837037	49.111782	-.TIAETEAAYLK.-	sp|O43805|SSNA1_HUMAN
2017dec27_overlap_dia_6b_rep1_604to616.dia:2946.707:decoyAIQPKVYGDVK+2	-1	69310	10.083542	0.40571833	0.6230819	5.478021	5.008389	0.07071161	0.011070507	8.0	0.0	1.5606724	1.1705043	0.0	10.0	10.0	-0.6558523	12.225796	10.0	1.7560132	1	11	0	1	0	0	609.3480593086647	1216.6815656837036	49.111782	-.AIQPKVYGDVK.-	DECOY_sp|P42229-2|STA5A_HUMAN	DECOY_sp|P42229|STA5A_HUMAN	DECOY_sp|P51692|STA5B_HUMAN
2017dec27_overlap_dia_6b_rep1_604to616.dia:2948.7212:C[+57.0214635]SEGPGLC[+57.0214635]LAR+2	1	69362	9.418254	0.43865973	0.6681265	5.715823	5.095259	0.30297965	0.02029524	7.0	0.0	2.304311	-0.26070893	0.0	10.0	10.0	-1.7729731	4.1979294	10.0	0.3247999	0	11	0	1	0	0	610.2815403086647	1218.5485276837037	49.14535	-.C[+57.0214635]SEGPGLC[+57.0214635]LAR.-	sp|Q86X76-2|NIT1_HUMAN	sp|Q86X76-3|NIT1_HUMAN	sp|Q86X76-4|NIT1_HUMAN	sp|Q86X76|NIT1_HUMAN
2017dec27_overlap_dia_6b_rep1_604to616.dia:2948.7212:LADQFLEEQKQETQK+3	1	69362	15.524361	0.53482413	0.86130977	5.7300797	5.038325	0.06314431	0.015739048	13.0	2.0	6.0750566	-3.99968	0.74631	4.7710032	4.7710032	0.9925146	5.6888046	3.147244	3.4141712	1	15	0	0	1	0	612.310896361381	1833.9108596837043	49.14535	-.LADQFLEEQKQETQK.-	sp|Q6P4E1-2|CASC4_HUMAN	sp|Q6P4E1-4|CASC4_HUMAN	sp|Q6P4E1-5|CASC4_HUMAN	sp|Q6P4E1|CASC4_HUMAN
2017dec27_overlap_dia_6b_rep1_604to616.dia:2948.7212:VC[+57.0214635]LAEVYQDK+2	1	69362	10.541159	0.39928308	0.485398	5.9356375	4.9695396	0.17530923	0.01902306	8.0	0.0	2.256498	-0.026713908	0.0	10.0	10.0	-1.3661652	0.08680725	10.0	0.5587949	0	10	0	1	0	0	612.8000845586647	1223.5856161837037	49.14535	-.VC[+57.0214635]LAEVYQDK.-	sp|Q12789-3|TF3C1_HUMAN	sp|Q12789|TF3C1_HUMAN
2017dec27_overlap_dia_6b_rep1_604to616.dia:2948.7212:WSQLLANSAAR+2	1	69362	17.62563	1.4476721	2.18407	6.6852217	6.047186	0.019647382	0.0015269623	14.0	1.0	2.6871254	-2.0153441	0.8166289	2.1563041	-2.1563041	3.6037064	0.019996643	3.7800634	1.4298353	0	11	0	1	0	0	608.8252863086647	1215.6360196837036	49.14535	-.WSQLLANSAAR.-	sp|Q13813-2|SPTN1_HUMAN	sp|Q13813-3|SPTN1_HUMAN	sp|Q13813|SPTN1_HUMAN
2017dec27_overlap_dia_6b_rep1_604to616.dia:2948.7212:decoyQFSVELGEPGR+2	-1	69362	12.665797	0.9392772	1.6882416	6.106034	5.3453083	0.07545319	0.006356862	10.0	0.0	1.810544	0.47865868	0.20314448	0.3572277	0.3572277	-0.77332306	6.2774315	1.2665316	1.0641675	0	11	0	1	0	0	609.8093023086647	1217.6040516837036	49.14535	-.QFSVELGEPGR.-	DECOY_sp|Q8TDP1-2|RNH2C_HUMAN	DECOY_sp|Q8TDP1|RNH2C_HUMAN
2017dec27_overlap_dia_6b_rep1_604to616.dia:2950.7983:decoyFC[+57.0214635]ENC[+57.0214635]TYVK+2	-1	69414	7.6382027	0.46073744	0.56842	5.5590215	5.07911	0.19613501	0.04188978	5.0	0.0	2.2094765	0.44223404	0.0	10.0	10.0	-1.9463196	15.508335	10.0	1.0277429	0	9	0	1	0	0	610.7573623086647	1219.5001716837037	49.179974	-.FC[+57.0214635]ENC[+57.0214635]TYVK.-	DECOY_sp|Q09472|EP300_HUMAN	DECOY_sp|Q92793-2|CBP_HUMAN	DECOY_sp|Q92793|CBP_HUMAN
2017dec27_overlap_dia_6b_rep1_604to616.dia:2952.8457:WETFC[+57.0214635]TSSLGETNKR+3	1	69466	16.951609	1.4109877	1.7846261	6.0112004	5.5590534	0.07374009	0.007454329	14.0	5.0	5.2061753	-1.0246189	0.9926485	6.8672624	6.8672624	1.6656027	0.10536194	5.243503	0.43911004	1	15	0	0	1	0	605.9491925280473	1814.8257481837034	49.214096	-.WETFC[+57.0214635]TSSLGETNKR.-	sp|Q5H9R7-2|PP6R3_HUMAN	sp|Q5H9R7-3|PP6R3_HUMAN	sp|Q5H9R7-4|PP6R3_HUMAN	sp|Q5H9R7-5|PP6R3_HUMAN	sp|Q5H9R7-6|PP6R3_HUMAN	sp|Q5H9R7|PP6R3_HUMAN
2017dec27_overlap_dia_6b_rep1_604to616.dia:2956.9727:EQSELVAQALK+2	1	69570	13.083861	1.2962976	1.5646852	5.482705	4.9216175	0.10032261	0.013959793	11.0	0.0	3.4430835	2.5823126	0.956332	1.8048103	-1.055923	1.9246387	0.045913696	2.6796823	3.1678214	0	11	0	1	0	0	608.3326103086647	1214.6506676837037	49.28288	-.EQSELVAQALK.-	sp|O75165|DJC13_HUMAN
2017dec27_overlap_dia_6b_rep1_604to616.dia:2956.9727:decoyLMVVESEKDVPKLEPK+3	-1	69570	9.999897	0.6388682	0.99429774	5.394376	4.639218	0.12592964	0.030586418	8.0	2.0	4.4234843	3.3176131	0.64925474	9.6585045	9.6585045	-1.7891645	0.0027923584	8.034745	3.903122	2	16	0	0	1	0	614.3411386947142	1840.001586683704	49.28288	-.LMVVESEKDVPKLEPK.-	DECOY_sp|Q9NUQ8-2|ABCF3_HUMAN	DECOY_sp|Q9NUQ8|ABCF3_HUMAN
2017dec27_overlap_dia_6b_rep1_604to616.dia:2956.9727:decoySIVPHDASYGGSYNTFK+3	-1	69570	12.917921	0.68585193	0.80421925	5.3167644	4.7303	0.08774408	0.01821591	11.0	3.0	3.9616377	1.6589983	0.0	10.0	10.0	-0.47589493	2.7034645	10.0	2.244507	0	17	0	0	1	0	614.9600800280473	1841.8584106837031	49.28288	-.SIVPHDASYGGSYNTFK.-	DECOY_sp|Q15386|UBE3C_HUMAN
2017dec27_overlap_dia_6b_rep1_604to616.dia:2959.0398:FYVHNDMFR+2	1	69622	11.703449	0.9885023	1.3675835	6.1436863	5.6893325	0.0073917145	0.0021173991	9.0	0.0	7.595824	4.8652506	0.9672278	6.573835	6.573835	1.6394196	0.12833786	4.9500756	5.4507594	0	9	0	1	0	0	614.7820288086647	1227.5495046837036	49.31733	-.FYVHNDMFR.-	sp|Q9UN86-2|G3BP2_HUMAN	sp|Q9UN86|G3BP2_HUMAN
2017dec27_overlap_dia_6b_rep1_604to616.dia:2961.0732:AEEVELYLEK+2	1	69674	9.506936	0.316333	0.7209361	5.8045053	4.8551173	0.13073143	0.015821256	7.0	0.0	1.1977745	-0.30820262	0.7572881	6.1749244	2.2461307	-1.6151237	5.867882	0.6024215	0.2647301	0	10	0	1	0	0	611.8137143086648	1221.6128756837038	49.35122	-.AEEVELYLEK.-	sp|Q8NBN3-2|TM87A_HUMAN	sp|Q8NBN3-3|TM87A_HUMAN	sp|Q8NBN3|TM87A_HUMAN
2017dec27_overlap_dia_6b_rep1_604to616.dia:2961.0732:GIKPVTLELGGK+2	1	69674	14.796436	0.83139676	1.663299	6.116099	5.4728813	0.10039761	0.0073839384	12.0	1.0	5.7505383	-0.3020121	0.9978124	4.2635484	4.216028	1.9014311	0.40392303	2.572319	0.27092063	0	12	0	1	0	0	606.3715388086647	1210.7285246837037	49.35122	-.GIKPVTLELGGK.-	sp|P49189-2|AL9A1_HUMAN	sp|P49189|AL9A1_HUMAN
2017dec27_overlap_dia_6b_rep1_604to616.dia:2961.0732:TKTDELLALGR+2	1	69674	11.384661	0.84454805	1.1497974	5.824897	5.095102	0.13119127	0.015785836	9.0	1.0	1.8297486	-0.89946765	0.8234163	7.2820554	7.2820554	-2.1615791	0.1350975	5.638346	0.32653493	1	11	0	1	0	0	608.8484278086647	1215.6823026837037	49.35122	-.TKTDELLALGR.-	sp|P12270-2|TPR_HUMAN	sp|P12270|TPR_HUMAN
2017dec27_overlap_dia_6b_rep1_604to616.dia:2961.0732:decoyLSTVLEHALDDNEQEK+3	-1	69674	11.2633	0.34677455	0.70996636	5.703536	4.752028	0.115906976	0.016117489	9.0	3.0	3.577568	-2.5933113	0.0	10.0	10.0	-2.0861168	0.40696716	10.0	2.0203786	0	16	0	0	1	0	614.302288694714	1839.8850366837032	49.35122	-.LSTVLEHALDDNEQEK.-	DECOY_sp|B7ZAP0|RBG10_HUMAN	DECOY_sp|Q5R372-5|RBG1L_HUMAN	DECOY_sp|Q5R372-6|RBG1L_HUMAN	DECOY_sp|Q5R372-7|RBG1L_HUMAN	DECOY_sp|Q5R372-8|RBG1L_HUMAN	DECOY_sp|Q9Y3P9|RBGP1_HUMAN
2017dec27_overlap_dia_6b_rep1_604to616.dia:2961.0732:decoySDILEPNATLR+2	-1	69674	10.65514	0.5824764	1.0013131	6.0496187	5.0587397	0.21822974	0.023722623	8.0	1.0	3.9918773	-2.6533036	0.0	10.0	10.0	-2.274952	0.58376694	10.0	2.080371	0	11	0	1	0	0	614.8302343086646	1227.6459156837034	49.35122	-.SDILEPNATLR.-	DECOY_sp|Q9Y2L1-2|RRP44_HUMAN	DECOY_sp|Q9Y2L1|RRP44_HUMAN
2017dec27_overlap_dia_6b_rep1_604to616.dia:2961.0732:decoyVSITQVPAHDNVPQIAR+3	-1	69674	12.04565	0.6249925	1.0394052	5.485886	4.8089757	0.11677693	0.013157254	10.0	2.0	1.9314197	-1.4485648	0.0	10.0	10.0	-0.61223507	2.8153038	10.0	0.87563205	0	17	0	0	1	0	615.6707586947138	1843.9904466837027	49.35122	-.VSITQVPAHDNVPQIAR.-	DECOY_sp|Q6UVK1|CSPG4_HUMAN
2017dec27_overlap_dia_6b_rep1_604to616.dia:2965.229:VSVGQSC[+57.0214635]GFSGK+2	1	69778	11.177971	0.77000093	1.4098126	5.618208	4.4410825	0.067624874	0.017701425	9.0	1.0	4.9925222	0.8414632	0.5042529	5.0843635	5.0843635	-2.0019007	15.178265	3.4406543	1.4143959	0	12	0	1	0	0	606.7875125586647	1211.5604721837037	49.420483	-.VSVGQSC[+57.0214635]GFSGK.-	sp|O75128-2|COBL_HUMAN	sp|O75128-3|COBL_HUMAN	sp|O75128-6|COBL_HUMAN	sp|O75128-7|COBL_HUMAN	sp|O75128|COBL_HUMAN
2017dec27_overlap_dia_6b_rep1_604to616.dia:2965.229:decoyGHWTEGYEGGK+2	-1	69778	9.689575	0.43421587	0.70435345	5.987145	5.16903	0.087745406	0.015168434	7.0	0.0	2.431238	-0.5502694	0.0	10.0	10.0	-1.6036615	19.412811	10.0	0.022663295	0	11	0	1	0	0	610.7701733086645	1219.5257936837033	49.420483	-.GHWTEGYEGGK.-	DECOY_sp|P48147|PPCE_HUMAN
2017dec27_overlap_dia_6b_rep1_604to616.dia:2967.3635:decoyFEWHTPKSLYIQER+3	-1	69830	9.867361	0.3943451	0.49640802	5.26184	4.7599387	0.16074918	0.04594569	8.0	2.0	3.6967783	1.3994544	0.67023855	8.1949	8.1949	-2.037179	0.47740555	6.5511904	1.9723871	1	14	0	0	1	0	611.9809300280474	1832.9209606837035	49.45606	-.FEWHTPKSLYIQER.-	DECOY_sp|P30876|RPB2_HUMAN
2017dec27_overlap_dia_6b_rep1_604to616.dia:2971.5808:QLQFYTEAAR+2	1	69934	14.341118	0.7604592	1.0182391	5.6607795	5.0543585	0.046060443	0.0048961295	12.0	0.0	2.030542	-1.5229064	0.6345295	2.7635326	-2.7635326	0.8852205	0.14395142	4.407242	0.9499737	0	10	0	1	0	0	613.8118413086647	1225.6091296837037	49.52635	-.QLQFYTEAAR.-	sp|Q6P1N0-2|C2D1A_HUMAN	sp|Q6P1N0|C2D1A_HUMAN
2017dec27_overlap_dia_6b_rep1_604to616.dia:2971.5808:decoyIQIQPLSEMR+2	-1	69934	10.250486	0.49546474	0.8968966	5.644966	4.672357	0.07682611	0.016682513	8.0	0.0	4.258262	0.99080133	0.0	10.0	10.0	-1.2882175	4.380535	10.0	1.563734	0	10	0	1	0	0	607.8317233086647	1213.6488936837036	49.52635	-.IQIQPLSEMR.-	DECOY_sp|Q8WXH0-2|SYNE2_HUMAN	DECOY_sp|Q8WXH0-7|SYNE2_HUMAN	DECOY_sp|Q8WXH0|SYNE2_HUMAN
2017dec27_overlap_dia_6b_rep1_604to616.dia:2975.7986:GDVQAQVGLGQLHLHGGR+3	1	70038	11.1487055	0.51054543	1.1158401	5.588942	4.426514	0.1402185	0.031666193	9.0	2.0	6.2693195	-0.7972894	0.0	10.0	10.0	-2.3508139	0.84729004	10.0	0.22435665	0	18	0	0	1	0	614.662486694714	1840.965630683703	49.59664	-.GDVQAQVGLGQLHLHGGR.-	sp|Q9UBV2|SE1L1_HUMAN
2017dec27_overlap_dia_6b_rep1_604to616.dia:2975.7986:SQAFIEMETR+2	1	70038	16.809416	1.8797313	2.0725887	7.0151343	6.6403246	0.007986783	0.002420526	13.0	1.0	3.6747115	-2.7560337	0.97296345	4.680621	4.680621	2.1701612	0.101573944	3.036912	2.183101	0	10	0	1	0	0	606.2898883086647	1210.5652236837036	49.59664	-.SQAFIEMETR.-	sp|P43243-2|MATR3_HUMAN	sp|P43243|MATR3_HUMAN
2017dec27_overlap_dia_6b_rep1_604to616.dia:2975.7986:decoyDGANISTLGDVR+2	-1	70038	11.141615	0.33375695	0.70562136	5.581851	4.880581	0.14525245	0.042704273	9.0	0.0	4.5737333	-0.21259451	0.0	10.0	10.0	-1.6866236	1.0028	10.0	0.3603382	0	12	0	1	0	0	609.3096663086646	1216.6047796837036	49.59664	-.DGANISTLGDVR.-	DECOY_sp|P11586|C1TC_HUMAN
2017dec27_overlap_dia_6b_rep1_604to616.dia:2975.7986:decoyEPYDEEPDKSGPDPHK+3	-1	70038	10.260667	0.2981883	0.41313145	5.655146	5.041205	0.16974899	0.022400245	8.0	2.0	3.6291282	-0.18948805	0.0	10.0	10.0	-0.50886154	19.58897	10.0	0.38344467	1	16	0	0	1	0	613.9392360280475	1838.7958786837037	49.59664	-.EPYDEEPDKSGPDPHK.-	DECOY_sp|Q9UBL3-2|ASH2L_HUMAN	DECOY_sp|Q9UBL3-3|ASH2L_HUMAN	DECOY_sp|Q9UBL3|ASH2L_HUMAN
2017dec27_overlap_dia_6b_rep1_604to616.dia:2975.7986:decoyIQLLSEMNSGK+2	-1	70038	12.213979	0.70587677	1.0772772	5.6542153	5.242056	0.12193948	0.038321994	10.0	0.0	1.5946121	-0.27602467	0.52333874	8.725629	8.725629	-0.24187756	5.1678314	7.0819197	0.29690805	0	11	0	1	0	0	610.3211878086645	1218.6278226837032	49.59664	-.IQLLSEMNSGK.-	DECOY_sp|Q9UK61-2|F208A_HUMAN	DECOY_sp|Q9UK61-3|F208A_HUMAN	DECOY_sp|Q9UK61-4|F208A_HUMAN	DECOY_sp|Q9UK61|F208A_HUMAN
2017dec27_overlap_dia_6b_rep1_604to616.dia:2975.7986:decoyVYMGQDQTDR+2	-1	70038	8.073515	0.2647638	0.5842782	5.216182	4.5574956	0.107002154	0.017787237	6.0	0.0	6.398409	-4.7988067	0.0	10.0	10.0	-1.7830496	19.58897	10.0	4.225874	0	10	0	1	0	0	606.7693163086645	1211.5240796837033	49.59664	-.VYMGQDQTDR.-	DECOY_sp|Q9Y6D6|BIG1_HUMAN
2017dec27_overlap_dia_6b_rep1_604to616.dia:2977.8535:LTGSLSGWSSPK+2	1	70090	12.879656	0.6194277	0.92744607	6.3198924	5.612508	0.1009419	0.022070983	10.0	2.0	1.328488	-0.26502725	0.5404105	3.0685072	3.0685072	-0.9432001	0.02817154	1.424798	0.30790547	0	12	0	1	0	0	610.3195023086647	1218.6244516837037	49.630894	-.LTGSLSGWSSPK.-	sp|Q99798|ACON_HUMAN
2017dec27_overlap_dia_6b_rep1_604to616.dia:2979.9885:decoySGMDTLTSSYR+2	-1	70142	10.019974	0.43620732	0.60282725	5.4144535	4.90893	0.06119691	0.012720317	8.0	0.0	3.9326172	-2.949463	0.0	10.0	10.0	-1.4720526	5.5375214	10.0	2.3765302	0	11	0	1	0	0	609.2769733086647	1216.5393936837036	49.666477	-.SGMDTLTSSYR.-	DECOY_sp|O94875-10|SRBS2_HUMAN	DECOY_sp|O94875-11|SRBS2_HUMAN	DECOY_sp|O94875-12|SRBS2_HUMAN	DECOY_sp|O94875-2|SRBS2_HUMAN	DECOY_sp|O94875-3|SRBS2_HUMAN	DECOY_sp|O94875-4|SRBS2_HUMAN	DECOY_sp|O94875-5|SRBS2_HUMAN	DECOY_sp|O94875-7|SRBS2_HUMAN	DECOY_sp|O94875-8|SRBS2_HUMAN	DECOY_sp|O94875-9|SRBS2_HUMAN	DECOY_sp|O94875|SRBS2_HUMAN
2017dec27_overlap_dia_6b_rep1_604to616.dia:2982.0176:decoyALQEPNLSPDK+2	-1	70194	11.922469	0.6337784	1.0107558	6.3627057	5.727064	0.09513281	0.03181425	9.0	1.0	3.101062	0.64142823	0.0	10.0	10.0	-1.2613497	3.7379837	10.0	1.214361	0	11	0	1	0	0	606.3169598086646	1210.6193666837034	49.700294	-.ALQEPNLSPDK.-	DECOY_sp|Q9UNF0-2|PACN2_HUMAN	DECOY_sp|Q9UNF0|PACN2_HUMAN
2017dec27_overlap_dia_6b_rep1_604to616.dia:2982.0176:decoyDALHTSIIPDK+2	-1	70194	10.486153	0.3082206	0.8101906	5.8806314	5.127005	0.101974	0.024903502	8.0	0.0	1.4870787	-0.3808071	0.20189762	8.949359	8.949359	-1.4810419	3.5630035	7.3056498	0.19212562	0	11	0	1	0	0	605.3273278086647	1208.6401026837036	49.700294	-.DALHTSIIPDK.-	DECOY_sp|O00231-2|PSD11_HUMAN	DECOY_sp|O00231|PSD11_HUMAN
2017dec27_overlap_dia_6b_rep1_604to616.dia:2986.1584:AVSQIVTVYDK+2	1	70298	11.36515	0.47422588	0.649841	5.805387	5.164893	0.08216053	0.01659943	9.0	0.0	2.157914	-1.4487753	0.0	10.0	10.0	-0.8248024	0.02867508	10.0	0.92248803	0	11	0	1	0	0	611.8375243086647	1221.6604956837036	49.769306	-.AVSQIVTVYDK.-	sp|Q5VTR2|BRE1A_HUMAN
2017dec27_overlap_dia_6b_rep1_604to616.dia:2986.1584:C[+57.0214635]VLSGPPQLEK+2	1	70298	12.997859	0.75076956	0.8613838	6.4380956	5.8392158	0.03285778	0.003018181	10.0	1.0	3.0206575	-2.2654932	0.9625153	2.3337564	-1.8381261	-0.6106558	0.052791595	3.5017853	1.7392058	0	11	0	1	0	0	614.3237310586647	1226.6329091837038	49.769306	-.C[+57.0214635]VLSGPPQLEK.-	sp|Q9BQ52-2|RNZ2_HUMAN	sp|Q9BQ52-4|RNZ2_HUMAN	sp|Q9BQ52|RNZ2_HUMAN
2017dec27_overlap_dia_6b_rep1_604to616.dia:2988.311:YYPPDFDPSK+2	1	70350	8.901004	0.23639528	0.3924028	6.043671	5.322007	0.07776089	0.016059212	6.0	0.0	2.2975504	-0.6849328	0.7964649	4.2807765	4.2807765	-2.0777082	0.22737885	2.6171174	0.20420918	0	10	0	1	0	0	614.7796703086647	1227.5447876837036	49.805183	-.YYPPDFDPSK.-	sp|Q9BW85|CCD94_HUMAN
2017dec27_overlap_dia_6b_rep1_604to616.dia:2990.3447:EASSVSEELHK+2	1	70402	9.557769	0.4956411	0.6241974	5.855338	4.9521933	0.09142604	0.015130491	7.0	0.0	3.141976	0.65956104	0.0	10.0	10.0	-2.410101	19.831406	10.0	1.1318845	0	11	0	1	0	0	608.2962238086648	1214.5778946837038	49.839077	-.EASSVSEELHK.-	sp|Q9C0B1|FTO_HUMAN
2017dec27_overlap_dia_6b_rep1_604to616.dia:2992.4421:HHSLGGQYGVQGFPTIK+3	1	70454	15.582014	0.56431067	0.76941985	5.7877336	5.1351967	0.11971825	0.013621923	13.0	5.0	1.2744402	0.7159531	0.915446	7.092531	1.1302297	1.5166454	0.25474548	0.5334294	1.1882765	0	17	0	0	1	0	609.3163133613808	1824.9271106837039	49.874035	-.HHSLGGQYGVQGFPTIK.-	sp|Q15084-2|PDIA6_HUMAN	sp|Q15084-3|PDIA6_HUMAN	sp|Q15084-4|PDIA6_HUMAN	sp|Q15084-5|PDIA6_HUMAN	sp|Q15084|PDIA6_HUMAN
2017dec27_overlap_dia_6b_rep1_604to616.dia:2992.4421:LEQENDDLAHELVTSK+3	1	70454	15.840111	0.69517076	0.63148785	6.0458302	5.44246	0.04954931	0.012390021	13.0	3.0	1.1902078	0.17230773	0.6462202	0.13438626	0.13438626	1.2863016	0.11584854	1.5292728	0.64463115	0	16	0	0	1	0	614.3022886947142	1839.885036683704	49.874035	-.LEQENDDLAHELVTSK.-	sp|B7ZAP0|RBG10_HUMAN	sp|Q5R372-5|RBG1L_HUMAN	sp|Q5R372-6|RBG1L_HUMAN	sp|Q5R372-7|RBG1L_HUMAN	sp|Q5R372-8|RBG1L_HUMAN	sp|Q9Y3P9|RBGP1_HUMAN
2017dec27_overlap_dia_6b_rep1_604to616.dia:2992.4421:decoySDLEFDELEK+2	-1	70454	11.812021	0.4945421	0.6836873	6.2522583	5.5322165	0.1248758	0.007881435	9.0	0.0	2.7356737	-0.86740303	0.0	10.0	10.0	-1.1260977	6.0671387	10.0	0.3950796	0	10	0	1	0	0	612.7851578086645	1223.5557626837033	49.874035	-.SDLEFDELEK.-	DECOY_sp|Q9NVI1-1|FANCI_HUMAN	DECOY_sp|Q9NVI1-2|FANCI_HUMAN	DECOY_sp|Q9NVI1|FANCI_HUMAN
2017dec27_overlap_dia_6b_rep1_604to616.dia:2992.4421:decoyVALADDKLSFDENSTSK+3	-1	70454	10.615446	0.5265791	0.73896444	6.009925	4.8150797	0.086033754	0.015465223	8.0	1.0	0.537364	0.3613094	0.3502394	7.409566	7.409566	-2.6052485	0.8154907	5.745907	0.8336328	1	17	0	0	1	0	613.9705386947142	1838.8897866837037	49.874035	-.VALADDKLSFDENSTSK.-	DECOY_sp|Q7Z333-3|SETX_HUMAN	DECOY_sp|Q7Z333-4|SETX_HUMAN	DECOY_sp|Q7Z333|SETX_HUMAN
2017dec27_overlap_dia_6b_rep1_604to616.dia:2992.4421:decoyYSPDFDPPYK+2	-1	70454	10.57762	0.410913	0.62415445	5.9720984	5.5072823	0.12180862	0.019164477	8.0	0.0	6.861048	1.9725832	0.0	10.0	10.0	-1.1554241	0.29623032	10.0	2.4449067	0	10	0	1	0	0	614.7796703086647	1227.5447876837036	49.874035	-.YSPDFDPPYK.-	DECOY_sp|Q9BW85|CCD94_HUMAN
2017dec27_overlap_dia_6b_rep1_604to616.dia:2994.484:HLPAELTAEEKEDLLK+3	1	70506	13.900141	0.65963113	1.2427819	5.219803	4.5681944	0.09757762	0.01537517	12.0	4.0	2.7488387	1.9835695	0.0	10.0	10.0	-1.1082287	1.7055054	10.0	2.455893	1	16	0	0	1	0	612.6631580280474	1834.9676446837036	49.908066	-.HLPAELTAEEKEDLLK.-	sp|Q96LT9-2|RBM40_HUMAN	sp|Q96LT9|RBM40_HUMAN
2017dec27_overlap_dia_6b_rep1_604to616.dia:2994.484:QHEGLATFYR+2	1	70506	10.355832	0.69775635	1.2692244	5.7503114	4.720187	0.044952672	0.015406823	8.0	0.0	3.5203283	0.6769474	0.808738	2.8694544	2.8694544	-2.0229235	7.408882	1.2057953	1.1492708	0	10	0	1	0	0	611.3041833086646	1220.5938136837035	49.908066	-.QHEGLATFYR.-	sp|Q6L8Q7-2|PDE12_HUMAN	sp|Q6L8Q7|PDE12_HUMAN
2017dec27_overlap_dia_6b_rep1_604to616.dia:2994.484:TQMAEVLPSPR+2	1	70506	17.785408	1.6293625	2.0356019	6.8450003	6.2456255	0.028733341	0.002911901	14.0	0.0	2.4917219	0.69374764	0.9017425	1.9930878	1.9930878	5.2469225	0.029346466	0.32942867	1.166071	0	11	0	1	0	0	614.8213558086646	1227.6281586837035	49.908066	-.TQMAEVLPSPR.-	sp|P11388-2|TOP2A_HUMAN	sp|P11388-3|TOP2A_HUMAN	sp|P11388-4|TOP2A_HUMAN	sp|P11388|TOP2A_HUMAN
2017dec27_overlap_dia_6b_rep1_604to616.dia:2994.484:YSHLQPGDHLTDITLK+3	1	70506	21.306023	1.0045007	1.0867914	6.7549553	5.900235	0.04483154	0.0053732847	17.0	10.0	3.1390212	1.6550872	0.96523774	3.6300237	3.6300237	3.5023003	0.070243835	1.9663646	2.1274107	0	16	0	0	1	0	613.3196116947141	1836.9370056837035	49.908066	-.YSHLQPGDHLTDITLK.-	sp|Q15046-2|SYK_HUMAN	sp|Q15046|SYK_HUMAN
2017dec27_overlap_dia_6b_rep1_604to616.dia:2994.484:decoyIGQMEAVHTLK+2	-1	70506	9.839047	0.7536259	0.9967029	6.1366167	5.038945	0.030531025	0.0060670413	7.0	0.0	4.8057046	0.44688714	0.80954224	0.99063957	0.99063957	-1.5650539	14.960342	0.6730195	0.91921055	0	11	0	1	0	0	613.8317238086645	1225.6488946837032	49.908066	-.IGQMEAVHTLK.-	DECOY_sp|Q9UH99-2|SUN2_HUMAN	DECOY_sp|Q9UH99-3|SUN2_HUMAN	DECOY_sp|Q9UH99|SUN2_HUMAN
2017dec27_overlap_dia_6b_rep1_604to616.dia:2996.6:RLDYITAEIK+2	1	70558	14.152437	0.7000319	1.1641982	6.5512805	5.7703643	0.025573112	0.0037960673	11.0	1.0	3.0178478	0.5953125	0.0	10.0	10.0	1.8781776	0.066352844	10.0	1.0676359	1	10	0	1	0	0	611.3455163086647	1220.6764796837037	49.943336	-.RLDYITAEIK.-	sp|O15212|PFD6_HUMAN
2017dec27_overlap_dia_6b_rep1_604to616.dia:2996.6:decoyAGVVGGELGPGWK+2	-1	70558	13.488312	0.6056855	1.1783307	6.928549	6.226633	0.111882605	0.022921646	10.0	2.0	2.6303432	-0.84865874	0.0	10.0	10.0	-1.0144176	5.314518	10.0	0.37633532	0	13	0	1	0	0	613.8300383086646	1225.6455236837035	49.943336	-.AGVVGGELGPGWK.-	DECOY_sp|P21333-2|FLNA_HUMAN	DECOY_sp|P21333|FLNA_HUMAN
2017dec27_overlap_dia_6b_rep1_604to616.dia:2998.7244:LYTGPGLAIHC[+57.0214635]MQVHK+3	1	70610	15.595384	0.5501373	0.5605656	5.8011026	5.3571477	0.066893436	0.014753001	13.0	3.0	6.1824727	-1.6931645	0.9769031	4.3109937	1.0169305	2.771678	0.39896393	0.7065774	1.220841	0	16	0	0	1	0	608.9797678613808	1823.9174741837035	49.97874	-.LYTGPGLAIHC[+57.0214635]MQVHK.-	sp|O43670-2|ZN207_HUMAN	sp|O43670-4|ZN207_HUMAN	sp|O43670|ZN207_HUMAN
2017dec27_overlap_dia_6b_rep1_604to616.dia:2998.7244:SLTANPELIDR+2	1	70610	17.33825	1.0573269	1.4401789	6.397841	5.8769884	0.025818825	0.004395421	14.0	2.0	4.656259	-3.4921942	0.8232281	9.98264	9.98264	2.0288906	0.040664673	8.259132	3.0198708	0	11	0	1	0	0	614.8302343086647	1227.6459156837036	49.97874	-.SLTANPELIDR.-	sp|Q9Y2L1-2|RRP44_HUMAN	sp|Q9Y2L1|RRP44_HUMAN
2017dec27_overlap_dia_6b_rep1_604to616.dia:2998.7244:TGNFQVTELGR+2	1	70610	17.955578	1.8766547	2.2882566	7.015169	6.548974	0.0069450666	0.0026382278	14.0	4.0	2.527486	-1.853991	0.0	10.0	10.0	-0.9559674	0.10154724	10.0	1.3816676	0	11	0	1	0	0	611.3147523086647	1220.6149516837036	49.97874	-.TGNFQVTELGR.-	sp|O75643|U520_HUMAN
2017dec27_overlap_dia_6b_rep1_604to616.dia:3000.8372:IHLVDLAGSER+2	1	70662	10.621129	0.46506932	0.6108916	6.0156083	5.425825	0.051248502	0.0080521945	8.0	0.0	5.4705625	-2.5913472	0.41191605	8.272061	-8.272061	-1.5517855	0.1941452	9.995569	2.1190238	0	11	0	1	0	0	605.3329443086647	1208.6513356837036	50.013954	-.IHLVDLAGSER.-	sp|Q96L93-2|KI16B_HUMAN	sp|Q96L93-4|KI16B_HUMAN	sp|Q96L93-5|KI16B_HUMAN	sp|Q96L93-6|KI16B_HUMAN	sp|Q96L93|KI16B_HUMAN
2017dec27_overlap_dia_6b_rep1_604to616.dia:3000.8372:LHLVDLAGSER+2	1	70662	10.621129	0.46506932	0.6108916	6.0156083	5.425825	0.051248502	0.0080521945	8.0	0.0	5.4705625	-2.5913472	0.41191605	8.272061	-8.272061	-1.5517855	0.1941452	9.995569	2.1190238	0	11	0	1	0	0	605.3329443086647	1208.6513356837036	50.013954	-.LHLVDLAGSER.-	sp|O95239-2|KIF4A_HUMAN	sp|O95239|KIF4A_HUMAN	sp|Q2VIQ3|KIF4B_HUMAN	sp|Q6ZMV9-3|KIF6_HUMAN	sp|Q6ZMV9|KIF6_HUMAN	sp|Q9Y496|KIF3A_HUMAN
2017dec27_overlap_dia_6b_rep1_604to616.dia:3002.8938:EQPWVSVQPR+2	1	70714	14.387938	1.3594384	1.6576848	6.786782	6.3070416	0.024793912	0.0025430361	11.0	0.0	2.791352	-1.7962604	0.9977962	4.3135185	2.2047384	2.4479342	0.0046463013	0.4812305	1.3239369	0	10	0	1	0	0	613.3198373086647	1224.6251216837036	50.04823	-.EQPWVSVQPR.-	sp|Q14204|DYHC1_HUMAN
2017dec27_overlap_dia_6b_rep1_604to616.dia:3002.8938:HHVLGTITTDK+2	1	70714	10.30929	0.4086006	0.6797295	5.7037687	4.745561	0.16064446	0.02047433	8.0	1.0	5.894768	4.3553586	0.0	10.0	10.0	-1.0219154	20.040558	10.0	4.827682	0	11	0	1	0	0	611.3329453086648	1220.6513376837038	50.04823	-.HHVLGTITTDK.-	sp|P69849|NOMO3_HUMAN	sp|Q15155|NOMO1_HUMAN	sp|Q5JPE7-2|NOMO2_HUMAN	sp|Q5JPE7-3|NOMO2_HUMAN	sp|Q5JPE7|NOMO2_HUMAN
2017dec27_overlap_dia_6b_rep1_604to616.dia:3002.8938:HLEAAALLSER+2	1	70714	12.644058	0.75330377	0.96743166	6.0842953	5.433283	0.04428392	0.009933494	10.0	0.0	2.5588896	-0.31059188	0.54223293	6.7512093	1.6048481	-1.4991426	0.293087	0.118659735	0.16173154	0	11	0	1	0	0	605.3329443086647	1208.6513356837036	50.04823	-.HLEAAALLSER.-	sp|Q9UJA5-2|TRM6_HUMAN	sp|Q9UJA5-4|TRM6_HUMAN	sp|Q9UJA5|TRM6_HUMAN
2017dec27_overlap_dia_6b_rep1_604to616.dia:3002.8938:YLETADYAIR+2	1	70714	11.133795	0.5443386	0.5876443	5.5740314	5.0641966	0.044828624	0.003984178	9.0	0.0	1.3856883	0.4353176	0.0	10.0	10.0	0.56406975	0.11613846	10.0	0.90764105	0	10	0	1	0	0	607.8062198086647	1213.5978866837036	50.04823	-.YLETADYAIR.-	sp|O95782-2|AP2A1_HUMAN	sp|O95782|AP2A1_HUMAN
2017dec27_overlap_dia_6b_rep1_604to616.dia:3002.8938:decoyC[+57.0214635]ELQPPGSLVK+2	-1	70714	9.300552	0.31591424	0.6425001	5.5981216	4.8142004	0.20014486	0.02813906	7.0	1.0	6.2995586	4.6589513	0.6408316	2.9760303	1.6519585	-2.3949013	0.33572388	0.071549416	5.1312747	0	11	0	1	0	0	614.3237310586647	1226.6329091837038	50.04823	-.C[+57.0214635]ELQPPGSLVK.-	DECOY_sp|Q9BQ52-2|RNZ2_HUMAN	DECOY_sp|Q9BQ52-4|RNZ2_HUMAN	DECOY_sp|Q9BQ52|RNZ2_HUMAN
2017dec27_overlap_dia_6b_rep1_604to616.dia:3002.8938:decoyTMPVTQPVNAR+2	-1	70714	10.714966	0.64414924	1.0590796	6.109445	5.769078	0.18556629	0.022977296	8.0	0.0	3.8306503	0.35218334	0.0	10.0	10.0	-1.2392492	8.102711	10.0	0.82450676	0	11	0	1	0	0	607.3215233086646	1212.6284936837035	50.04823	-.TMPVTQPVNAR.-	DECOY_sp|P46937-2|YAP1_HUMAN	DECOY_sp|P46937-3|YAP1_HUMAN	DECOY_sp|P46937-5|YAP1_HUMAN	DECOY_sp|P46937-6|YAP1_HUMAN	DECOY_sp|P46937-7|YAP1_HUMAN	DECOY_sp|P46937-8|YAP1_HUMAN	DECOY_sp|P46937-9|YAP1_HUMAN	DECOY_sp|P46937|YAP1_HUMAN
2017dec27_overlap_dia_6b_rep1_604to616.dia:3005.0068:NILVASPEC[+57.0214635]VK+2	1	70766	12.350786	0.6578244	0.96443975	5.791023	5.1649566	0.022197098	0.0052026585	10.0	0.0	1.5838078	-0.7115394	0.53703415	3.4891708	3.4891708	-0.52681637	0.037376404	1.7656629	0.23921597	0	11	0	1	0	0	615.3315555586647	1228.6485581837037	50.083447	-.NILVASPEC[+57.0214635]VK.-	sp|Q14289-2|FAK2_HUMAN	sp|Q14289|FAK2_HUMAN
2017dec27_overlap_dia_6b_rep1_604to616.dia:3005.0068:decoyQMSSFDKELK+2	-1	70766	9.32916	0.45738828	0.6093607	5.626729	4.73076	0.06768748	0.011444475	7.0	0.0	0.8672828	-0.17035775	0.9407949	6.7004714	6.7004714	-1.1397419	14.643501	4.9769635	0.30196565	1	10	0	1	0	0	606.8000883086646	1211.5856236837035	50.083447	-.QMSSFDKELK.-	DECOY_sp|P39023|RL3_HUMAN
2017dec27_overlap_dia_6b_rep1_604to616.dia:3007.0637:HLNPGLQLYR+2	1	70818	11.462818	0.41909283	0.8356959	5.903055	5.379023	0.1410742	0.025367588	9.0	0.0	3.7062352	1.4488797	0.26254493	7.9637923	-7.9637923	-1.1882029	3.367344	9.6873	1.9212031	0	10	0	1	0	0	605.8381928086648	1209.6618326837038	50.11773	-.HLNPGLQLYR.-	sp|Q15057|ACAP2_HUMAN
2017dec27_overlap_dia_6b_rep1_604to616.dia:3007.0637:decoyGDQTYNHC[+57.0214635]LEEFSAR+3	-1	70818	10.125231	0.32269672	0.40818426	5.5197105	4.9490385	0.11501054	0.024754278	8.0	1.0	6.880053	-5.16004	0.35860875	5.363595	-5.363595	-0.806797	3.7730484	7.087103	4.6877165	0	15	0	0	1	0	609.5969275280472	1825.768953183703	50.11773	-.GDQTYNHC[+57.0214635]LEEFSAR.-	DECOY_sp|Q92614-2|MY18A_HUMAN	DECOY_sp|Q92614-3|MY18A_HUMAN	DECOY_sp|Q92614-4|MY18A_HUMAN	DECOY_sp|Q92614-5|MY18A_HUMAN	DECOY_sp|Q92614|MY18A_HUMAN
2017dec27_overlap_dia_6b_rep1_604to616.dia:3009.1846:decoySC[+57.0214635]SIPTYIHGC[+57.0214635]YNLK+3	-1	70870	12.751007	0.49885035	0.6652745	6.191243	5.287432	0.07993895	0.014404622	10.0	1.0	2.572684	-0.8992487	0.0	10.0	10.0	-0.5064964	0.8256073	10.0	0.4269253	0	15	0	0	1	0	604.9517626947141	1811.8334586837038	50.153076	-.SC[+57.0214635]SIPTYIHGC[+57.0214635]YNLK.-	DECOY_sp|Q93009-3|UBP7_HUMAN	DECOY_sp|Q93009|UBP7_HUMAN
2017dec27_overlap_dia_6b_rep1_604to616.dia:3011.2417:FYSVNVDYSK+2	1	70922	15.7945595	1.5578382	2.1634977	7.114222	6.5747623	0.004087151	4.5948836E-4	12.0	0.0	2.4554727	-0.5136292	0.97560453	3.301351	3.301351	0.9167671	0.2105751	1.5778432	0.052975982	0	10	0	1	0	0	611.2929443086647	1220.5713356837036	50.187363	-.FYSVNVDYSK.-	sp|O00483|NDUA4_HUMAN
2017dec27_overlap_dia_6b_rep1_604to616.dia:3011.2417:LVIYGGMSGC[+57.0214635]R+2	1	70922	13.164728	0.84545153	1.2333015	6.6049643	6.185172	0.012792471	0.001997905	10.0	0.0	0.75164634	0.03215611	0.93719655	4.1838665	4.1838665	9.174646	0.023784637	2.4603586	0.49280933	0	11	0	1	0	0	606.7968220586647	1211.5790911837037	50.187363	-.LVIYGGMSGC[+57.0214635]R.-	sp|P51610-2|HCFC1_HUMAN	sp|P51610-3|HCFC1_HUMAN	sp|P51610-4|HCFC1_HUMAN	sp|P51610|HCFC1_HUMAN
2017dec27_overlap_dia_6b_rep1_604to616.dia:3011.2417:decoyESSQWNEVNK+2	-1	70922	10.390051	0.35924098	0.5848994	5.78453	5.163032	0.10004773	0.011905352	8.0	0.0	4.9327083	-1.279269	0.24761695	6.526064	-6.526064	-1.3111486	18.335327	8.249572	0.8186158	0	10	0	1	0	0	610.7807408086646	1219.5469286837035	50.187363	-.ESSQWNEVNK.-	DECOY_sp|O94913|PCF11_HUMAN
2017dec27_overlap_dia_6b_rep1_604to616.dia:3011.2417:decoyLASEEVVNPPR+2	-1	70922	11.033747	0.38349488	0.97419775	6.4282255	5.381626	0.101468734	0.047110077	8.0	0.0	4.0702925	1.7736298	0.0	10.0	10.0	-1.7346067	7.5346565	10.0	2.234283	0	11	0	1	0	0	605.8249518086647	1209.6353506837036	50.187363	-.LASEEVVNPPR.-	DECOY_sp|P01023|A2MG_HUMAN
2017dec27_overlap_dia_6b_rep1_604to616.dia:3011.2417:decoyLSTVLEHALDDNEQEK+3	-1	70922	11.531999	0.2145133	0.80729717	5.972235	5.0087214	0.108604066	0.015846731	9.0	3.0	1.3738589	1.0303942	0.0	10.0	10.0	-1.8024378	0.42917633	10.0	1.4910474	0	16	0	0	1	0	614.302288694714	1839.8850366837032	50.187363	-.LSTVLEHALDDNEQEK.-	DECOY_sp|B7ZAP0|RBG10_HUMAN	DECOY_sp|Q5R372-5|RBG1L_HUMAN	DECOY_sp|Q5R372-6|RBG1L_HUMAN	DECOY_sp|Q5R372-7|RBG1L_HUMAN	DECOY_sp|Q5R372-8|RBG1L_HUMAN	DECOY_sp|Q9Y3P9|RBGP1_HUMAN
2017dec27_overlap_dia_6b_rep1_604to616.dia:3013.3547:WDYQPDIC[+57.0214635]K+2	1	70974	10.039272	0.36327046	0.46109107	6.336841	5.415094	0.019643832	0.004964402	7.0	0.0	1.9386754	1.4540066	0.0	10.0	10.0	-2.0414257	0.28710556	10.0	1.869931	0	9	0	1	0	0	612.7713270586647	1223.5281011837037	50.22258	-.WDYQPDIC[+57.0214635]K.-	sp|O15541|R113A_HUMAN	sp|Q8IZP6|R113B_HUMAN
2017dec27_overlap_dia_6b_rep1_604to616.dia:3013.3547:decoyLC[+57.0214635]GSMGGYIVR+2	-1	70974	8.139699	0.32700172	0.4501527	6.0605173	5.5919495	0.167718	0.04813718	5.0	0.0	6.3914113	-4.7935586	0.9055457	6.799265	6.799265	-2.8876219	0.00894928	5.075757	4.377634	0	11	0	1	0	0	606.7968220586647	1211.5790911837037	50.22258	-.LC[+57.0214635]GSMGGYIVR.-	DECOY_sp|P51610-2|HCFC1_HUMAN	DECOY_sp|P51610-3|HCFC1_HUMAN	DECOY_sp|P51610-4|HCFC1_HUMAN	DECOY_sp|P51610|HCFC1_HUMAN
2017dec27_overlap_dia_6b_rep1_604to616.dia:3015.3972:EFSGYVESGLK+2	1	71026	15.1479	0.9984111	1.4498138	6.467562	5.863595	0.015546646	0.0021857931	12.0	0.0	2.9650967	1.6549449	0.0	10.0	10.0	2.0250883	0.32001495	10.0	2.027638	0	11	0	1	0	0	608.2982313086646	1214.5819096837035	50.25662	-.EFSGYVESGLK.-	sp|P20073-2|ANXA7_HUMAN	sp|P20073|ANXA7_HUMAN
2017dec27_overlap_dia_6b_rep1_604to616.dia:3015.3972:KYTLFSASSEGQNHSR+3	1	71026	9.224833	0.37036562	0.6281643	5.522402	4.308149	0.080075994	0.007838857	7.0	2.0	5.310616	3.9829621	0.93753564	5.3370743	-5.3370743	-1.8177595	15.181095	7.060582	4.355655	1	16	0	0	1	0	604.6272150280473	1810.8598156837031	50.25662	-.KYTLFSASSEGQNHSR.-	sp|Q8TEQ6|GEMI5_HUMAN
2017dec27_overlap_dia_6b_rep1_604to616.dia:3015.3972:VIKNPVSDHFPVGC[+57.0214635]MK+3	1	71026	16.814363	0.81889695	0.7994223	5.8739543	5.4261518	0.07278311	0.010788105	14.0	3.0	4.4304686	1.272331	0.98849374	4.5702105	4.5702105	4.4856434	0.2023735	2.8467026	1.6450241	1	16	0	0	1	0	609.9796585280474	1826.9171461837034	50.25662	-.VIKNPVSDHFPVGC[+57.0214635]MK.-	sp|Q92979|NEP1_HUMAN
2017dec27_overlap_dia_6b_rep1_604to616.dia:3015.3972:decoyALMAEKGDTWAEHISR+3	-1	71026	9.949545	0.43428472	0.68977666	5.344024	4.747904	0.08156021	0.01946357	8.0	1.0	5.6847587	4.263569	0.37543294	3.982444	3.982444	-1.0014467	3.1676254	2.2589362	4.636262	1	16	0	0	1	0	605.6333160280474	1813.8781186837034	50.25662	-.ALMAEKGDTWAEHISR.-	DECOY_sp|P12814-2|ACTN1_HUMAN	DECOY_sp|P12814-3|ACTN1_HUMAN	DECOY_sp|P12814-4|ACTN1_HUMAN	DECOY_sp|P12814|ACTN1_HUMAN
2017dec27_overlap_dia_6b_rep1_604to616.dia:3015.3972:decoyALVVFENEATK+2	-1	71026	13.449284	0.49201113	0.8462419	6.8895197	6.0916176	0.09189575	0.012835212	10.0	0.0	3.133339	2.3500042	0.0	10.0	10.0	1.1318674	5.7547035	10.0	2.7226973	0	11	0	1	0	0	610.8297033086646	1219.6448536837036	50.25662	-.ALVVFENEATK.-	DECOY_sp|P78386|KRT85_HUMAN
2017dec27_overlap_dia_6b_rep1_604to616.dia:3015.3972:decoyFAITTEVTATR+2	-1	71026	10.454647	0.41817275	0.6304551	5.849126	5.389438	0.1802661	0.019892547	8.0	1.0	6.193905	-1.0293262	0.0	10.0	10.0	-0.89446926	1.7784462	10.0	0.65663314	0	11	0	1	0	0	605.3273288086646	1208.6401046837034	50.25662	-.FAITTEVTATR.-	DECOY_sp|Q9UPQ0-10|LIMC1_HUMAN	DECOY_sp|Q9UPQ0-2|LIMC1_HUMAN	DECOY_sp|Q9UPQ0-3|LIMC1_HUMAN	DECOY_sp|Q9UPQ0-4|LIMC1_HUMAN	DECOY_sp|Q9UPQ0-5|LIMC1_HUMAN	DECOY_sp|Q9UPQ0-6|LIMC1_HUMAN	DECOY_sp|Q9UPQ0-8|LIMC1_HUMAN	DECOY_sp|Q9UPQ0-9|LIMC1_HUMAN	DECOY_sp|Q9UPQ0|LIMC1_HUMAN
2017dec27_overlap_dia_6b_rep1_604to616.dia:3015.3972:decoyFC[+57.0214635]GHEGYELC[+57.0214635]WEAR+3	-1	71026	8.816794	0.35263863	0.5189223	5.9594617	5.3749886	0.1979195	0.032476135	6.0	1.0	5.786009	-0.6439537	0.0	10.0	10.0	-1.9701862	4.2387924	10.0	0.27126062	0	14	0	0	1	0	605.2522153613808	1812.7348166837035	50.25662	-.FC[+57.0214635]GHEGYELC[+57.0214635]WEAR.-	DECOY_sp|O43813|LANC1_HUMAN
2017dec27_overlap_dia_6b_rep1_604to616.dia:3015.3972:decoyFSYDVNVSYK+2	-1	71026	12.227184	0.72254854	1.4238528	6.6674204	6.035647	0.09430154	0.020878065	9.0	0.0	3.524491	1.3442426	0.97609687	5.746796	5.746796	0.24882603	0.27847672	4.0232882	1.7169356	0	10	0	1	0	0	611.2929443086645	1220.5713356837032	50.25662	-.FSYDVNVSYK.-	DECOY_sp|O00483|NDUA4_HUMAN
2017dec27_overlap_dia_6b_rep1_604to616.dia:3015.3972:decoyTPSPLVEAMQR+2	-1	71026	10.989258	0.6237531	0.9109297	6.383737	5.8667974	0.19275236	0.024862543	8.0	1.0	4.1401577	2.8854403	0.77440816	5.3004203	-5.3004203	-3.0	0.37789917	7.023928	3.2581334	0	11	0	1	0	0	614.8213558086646	1227.6281586837035	50.25662	-.TPSPLVEAMQR.-	DECOY_sp|P11388-2|TOP2A_HUMAN	DECOY_sp|P11388-3|TOP2A_HUMAN	DECOY_sp|P11388-4|TOP2A_HUMAN	DECOY_sp|P11388|TOP2A_HUMAN
2017dec27_overlap_dia_6b_rep1_604to616.dia:3015.3972:decoyVDQYVEALC[+57.0214635]K+2	-1	71026	11.409576	0.34100536	0.6147069	5.8498135	5.0304637	0.15053868	0.02379708	9.0	0.0	3.9376678	2.953251	0.0	10.0	10.0	-0.8549957	1.1980743	10.0	3.325944	0	10	0	1	0	0	612.8000845586647	1223.5856161837037	50.25662	-.VDQYVEALC[+57.0214635]K.-	DECOY_sp|Q12789-3|TF3C1_HUMAN	DECOY_sp|Q12789|TF3C1_HUMAN
2017dec27_overlap_dia_6b_rep1_604to616.dia:3015.3972:decoyWASSVDTETPK+2	-1	71026	11.124425	0.7255782	0.98199266	6.518904	5.7631965	0.17696376	0.028900143	8.0	1.0	6.8329673	2.0935555	0.0	10.0	10.0	-1.7583437	8.387474	10.0	2.4662485	0	11	0	1	0	0	610.7933178086645	1219.5720826837032	50.25662	-.WASSVDTETPK.-	DECOY_sp|P27816-2|MAP4_HUMAN	DECOY_sp|P27816-6|MAP4_HUMAN	DECOY_sp|P27816|MAP4_HUMAN
2017dec27_overlap_dia_6b_rep1_604to616.dia:3019.5508:GQVVTVHLQTSLENGTR+3	1	71130	19.545658	0.7727626	0.92345107	6.2250395	5.5669928	0.028427174	0.009360684	16.0	2.0	2.2357733	-0.8249602	0.0	10.0	10.0	1.6505432	0.059387207	10.0	0.50355047	0	17	0	0	1	0	613.6621520280474	1837.9646266837037	50.325848	-.GQVVTVHLQTSLENGTR.-	sp|Q14318-2|FKBP8_HUMAN	sp|Q14318|FKBP8_HUMAN
2017dec27_overlap_dia_6b_rep1_604to616.dia:3019.5508:LELQQLQAER+2	1	71130	11.23258	0.6038223	0.8349078	5.6728168	5.032301	0.0917433	0.010836596	9.0	0.0	2.469371	-0.31068295	0.0	10.0	10.0	-1.1750212	0.06278229	10.0	0.01072675	0	10	0	1	0	0	614.3382273086647	1226.6619016837037	50.325848	-.LELQQLQAER.-	sp|P48681|NEST_HUMAN
2017dec27_overlap_dia_6b_rep1_604to616.dia:3019.5508:MPEC[+57.0214635]YFYSK+2	1	71130	9.176197	0.65982205	0.71392864	5.473767	4.8790145	0.098603725	0.023127757	7.0	0.0	1.5988923	1.1991693	0.0	10.0	10.0	-1.5446148	1.8026505	10.0	1.520579	0	9	0	1	0	0	612.7568265586647	1223.4991001837036	50.325848	-.MPEC[+57.0214635]YFYSK.-	sp|A6NMK7|CPS4L_HUMAN	sp|O95639-2|CPSF4_HUMAN	sp|O95639-3|CPSF4_HUMAN	sp|O95639|CPSF4_HUMAN
2017dec27_overlap_dia_6b_rep1_604to616.dia:3019.5508:decoyNGQLDHGSAWK+2	-1	71130	10.190683	0.33581945	0.5516556	5.585162	4.6896377	0.19012176	0.018103225	8.0	0.0	7.444462	-3.1477375	0.8342078	5.2287345	-3.0178304	-0.56909084	20.026388	4.7413383	2.8263278	0	11	0	1	0	0	606.7914438086647	1211.5683346837036	50.325848	-.NGQLDHGSAWK.-	DECOY_sp|O95182|NDUA7_HUMAN
2017dec27_overlap_dia_6b_rep1_604to616.dia:3021.651:IKEIHDGLDFYYSSK+3	1	71182	11.141696	0.6086585	0.85255086	5.5819325	4.587574	0.06920671	0.010716532	9.0	1.0	2.3163044	1.7372284	0.0	10.0	10.0	-1.9828558	0.27022552	10.0	2.058638	1	15	0	0	1	0	605.6368256947142	1813.8886476837038	50.360847	-.IKEIHDGLDFYYSSK.-	sp|Q96D46|NMD3_HUMAN
2017dec27_overlap_dia_6b_rep1_604to616.dia:3021.651:decoyFYYASTISNR+2	-1	71182	9.457275	0.59046596	0.9088684	5.754845	5.0950894	0.15758567	0.019134417	7.0	0.0	4.1459317	1.8143966	0.21356818	0.55765945	0.55765945	-0.88977814	1.7435303	1.1658485	2.1358063	0	10	0	1	0	0	611.2985613086645	1220.5825696837032	50.360847	-.FYYASTISNR.-	DECOY_sp|Q6IQ22|RAB12_HUMAN
2017dec27_overlap_dia_6b_rep1_604to616.dia:3023.7073:DGSENLAGKPALQIPSSR+3	1	71234	16.877031	0.6250255	0.9279981	5.9366226	5.446837	0.1316576	0.009523475	14.0	2.0	4.090922	-1.2224404	0.67581433	6.4338274	6.4338274	1.6309605	0.11796951	4.7103195	0.90103066	0	18	0	0	1	0	613.9901563613807	1838.9486396837035	50.395123	-.DGSENLAGKPALQIPSSR.-	sp|Q8TF74|WIPF2_HUMAN
2017dec27_overlap_dia_6b_rep1_604to616.dia:3023.7073:TQNC[+57.0214635]FLNSEIHQVTK+3	1	71234	10.714848	0.5553314	0.6049704	6.109327	5.155961	0.09873164	0.009269367	8.0	2.0	3.349145	1.3577099	0.0	10.0	10.0	-2.756219	0.038383484	10.0	1.6791196	0	15	0	0	1	0	606.9649541947141	1817.8730331837035	50.395123	-.TQNC[+57.0214635]FLNSEIHQVTK.-	sp|Q9BYX2-2|TBD2A_HUMAN	sp|Q9BYX2-3|TBD2A_HUMAN	sp|Q9BYX2-4|TBD2A_HUMAN	sp|Q9BYX2-5|TBD2A_HUMAN	sp|Q9BYX2-6|TBD2A_HUMAN	sp|Q9BYX2|TBD2A_HUMAN
2017dec27_overlap_dia_6b_rep1_604to616.dia:3023.7073:decoyDPDQSVYMFK+2	-1	71234	9.151337	0.3156334	0.5974818	6.294004	5.58701	0.23099127	0.022453083	6.0	0.0	3.0711918	2.3033938	0.0	10.0	10.0	-3.0	0.035728455	10.0	2.6248035	0	10	0	1	0	0	615.2789848086646	1228.5434166837035	50.395123	-.DPDQSVYMFK.-	DECOY_sp|P55084-2|ECHB_HUMAN	DECOY_sp|P55084|ECHB_HUMAN
2017dec27_overlap_dia_6b_rep1_604to616.dia:3027.8716:SC[+57.0214635]ILRPGGSEDASAMLR+3	1	71338	30.590784	1.9919198	1.7094713	6.7980785	6.2558823	0.008054398	0.0013522923	24.0	16.0	1.0284964	-0.5733828	0.9965964	5.113896	5.113896	13.71554	0.016944885	3.390388	0.23939699	0	17	0	0	1	0	607.2978271947142	1818.8716521837039	50.464527	-.SC[+57.0214635]ILRPGGSEDASAMLR.-	sp|P52888-2|THOP1_HUMAN	sp|P52888|THOP1_HUMAN
2017dec27_overlap_dia_6b_rep1_604to616.dia:3027.8716:decoySSEWELLGSSK+2	-1	71338	12.13612	0.34383565	0.5830478	6.5763564	5.831188	0.20154311	0.016538106	9.0	1.0	3.0725367	-1.9836397	0.53253824	8.760992	8.760992	-0.4457531	5.1782265	7.037484	1.6496539	0	11	0	1	0	0	611.8011418086646	1221.5877306837035	50.464527	-.SSEWELLGSSK.-	DECOY_sp|P14866-2|HNRPL_HUMAN	DECOY_sp|P14866|HNRPL_HUMAN
2017dec27_overlap_dia_6b_rep1_604to616.dia:3027.8716:decoyVMC[+57.0214635]GVPFHDSVPNKIK+3	-1	71338	8.19191	0.4634356	0.7476235	5.334577	4.727578	0.24780008	0.03701256	6.0	3.0	1.9737197	0.8529899	0.64324284	1.9381784	1.9381784	-3.0	0.018352509	0.21467054	1.1869757	1	16	0	0	1	0	609.9796585280476	1826.917146183704	50.464527	-.VMC[+57.0214635]GVPFHDSVPNKIK.-	DECOY_sp|Q92979|NEP1_HUMAN
2017dec27_overlap_dia_6b_rep1_604to616.dia:3029.938:decoySQSNIFTGNSR+2	-1	71390	10.129725	0.52393526	0.8320791	5.5242047	4.88942	0.08163568	0.016955627	8.0	0.0	1.9603106	-1.1939571	0.0	10.0	10.0	-1.726409	18.68912	10.0	0.8599713	0	11	0	1	0	0	605.7941828086647	1209.5738126837036	50.498966	-.SQSNIFTGNSR.-	DECOY_sp|Q14BN4-2|SLMAP_HUMAN	DECOY_sp|Q14BN4-3|SLMAP_HUMAN	DECOY_sp|Q14BN4-6|SLMAP_HUMAN	DECOY_sp|Q14BN4-7|SLMAP_HUMAN	DECOY_sp|Q14BN4|SLMAP_HUMAN
2017dec27_overlap_dia_6b_rep1_604to616.dia:3031.9453:HLAQVGDSMDR+2	1	71442	11.717572	0.2870491	0.70730615	6.157809	5.5068502	0.10485617	0.019412147	9.0	1.0	0.91482735	0.3217457	0.5167577	9.229522	-9.229522	-0.90562534	20.52475	10.95303	0.6683076	0	11	0	1	0	0	614.7905868086647	1227.5666206837036	50.53242	-.HLAQVGDSMDR.-	sp|P55957-2|BID_HUMAN	sp|P55957|BID_HUMAN
2017dec27_overlap_dia_6b_rep1_604to616.dia:3031.9453:LLENMQSDLR+2	1	71442	11.370661	0.3098497	0.46408692	5.8108974	5.0568724	0.07600968	0.004444056	9.0	0.0	4.407629	-1.6038294	0.8236744	5.7266784	5.7266784	-1.6395168	0.4079094	4.0031705	1.2572675	0	10	0	1	0	0	609.8109873086647	1217.6074216837037	50.53242	-.LLENMQSDLR.-	sp|Q7Z3U7-2|MON2_HUMAN	sp|Q7Z3U7-5|MON2_HUMAN	sp|Q7Z3U7-6|MON2_HUMAN	sp|Q7Z3U7|MON2_HUMAN
2017dec27_overlap_dia_6b_rep1_604to616.dia:3034.0596:decoyLTSGGVLVIDHIQSKDR+3	-1	71494	13.002697	0.50828236	0.78272665	6.4429336	5.81521	0.1382448	0.02904603	10.0	5.0	3.341711	-0.06896317	0.0	10.0	10.0	-2.0257792	0.80949783	10.0	0.27759874	1	17	0	0	1	0	613.3425303613808	1837.0057616837037	50.56766	-.LTSGGVLVIDHIQSKDR.-	DECOY_sp|P11142-2|HSP7C_HUMAN	DECOY_sp|P11142|HSP7C_HUMAN
2017dec27_overlap_dia_6b_rep1_604to616.dia:3034.0596:decoyMWEGQSVGSTK+2	-1	71494	9.515497	0.55173707	0.65662366	5.813066	4.967859	0.1330428	0.009386415	7.0	1.0	4.4217587	2.9628177	0.0	10.0	10.0	-0.37000465	13.935146	10.0	3.3093796	0	11	0	1	0	0	605.2820633086645	1208.5495736837033	50.56766	-.MWEGQSVGSTK.-	DECOY_sp|Q9UPQ9-1|TNR6B_HUMAN	DECOY_sp|Q9UPQ9|TNR6B_HUMAN
2017dec27_overlap_dia_6b_rep1_604to616.dia:3034.0596:decoyQPKGGGLC[+57.0214635]DEFEYLPK+3	-1	71494	13.5048485	0.4348711	0.919844	5.903692	5.1456795	0.041069183	0.025689851	11.0	4.0	3.2272098	2.4204073	0.0	10.0	10.0	0.42697525	5.660061	10.0	2.7669692	1	16	0	0	1	0	613.2978191947143	1836.8716281837042	50.56766	-.QPKGGGLC[+57.0214635]DEFEYLPK.-	DECOY_sp|O95352-2|ATG7_HUMAN	DECOY_sp|O95352-3|ATG7_HUMAN	DECOY_sp|O95352|ATG7_HUMAN
2017dec27_overlap_dia_6b_rep1_604to616.dia:3036.075:decoyEVGSSEKSIESDDGFVK+3	-1	71546	14.206423	0.42675278	0.85095614	5.5260854	4.8263574	0.11910136	0.017811315	12.0	1.0	2.0754478	1.5565858	0.0	10.0	10.0	0.15730476	7.621876	10.0	1.9031477	1	17	0	0	1	0	604.9547770280475	1811.8425016837039	50.60125	-.EVGSSEKSIESDDGFVK.-	DECOY_sp|O43395|PRPF3_HUMAN
2017dec27_overlap_dia_6b_rep1_604to616.dia:3038.1602:KMGVPYC[+57.0214635]IIK+2	1	71598	13.95342	0.8715785	1.2977939	6.3522635	5.60468	0.065429576	0.009761674	11.0	2.0	2.5437973	1.0561869	0.80583286	5.054906	-5.054906	0.04059124	0.37678528	6.778414	1.4027488	1	10	0	1	0	0	604.8301335586647	1207.6457141837036	50.636	-.KMGVPYC[+57.0214635]IIK.-	sp|P62424|RL7A_HUMAN
2017dec27_overlap_dia_6b_rep1_604to616.dia:3044.3416:EVLQLQEEVK+2	1	71754	11.483166	0.6550586	1.0841448	5.923403	5.029733	0.09425023	0.009229885	9.0	0.0	3.784538	1.970957	0.9673275	4.842756	-4.842756	-1.039566	0.1261177	6.5862126	2.3049428	0	10	0	1	0	0	607.8349858086648	1213.6554186837038	50.739025	-.EVLQLQEEVK.-	sp|Q9BYN8|RT26_HUMAN
2017dec27_overlap_dia_6b_rep1_604to616.dia:3044.3416:GDQENVHPDVMLVQPR+3	1	71754	26.632252	2.0740817	1.9860384	6.923908	6.4201565	0.012319186	0.0019507607	21.0	16.0	2.4043317	1.0352135	0.99675703	4.9597044	4.8490195	9.657588	0.080078125	3.1055627	1.3691993	0	16	0	0	1	0	611.9685873613809	1832.883932683704	50.739025	-.GDQENVHPDVMLVQPR.-	sp|Q14974-2|IMB1_HUMAN	sp|Q14974|IMB1_HUMAN
2017dec27_overlap_dia_6b_rep1_604to616.dia:3046.4543:decoySVSLSSGLVQPR+2	-1	71806	10.994387	1.3332148	1.820916	5.4346232	4.582688	0.12693843	0.029972652	9.0	4.0	2.8978384	0.16399112	0.0	10.0	10.0	-1.7214947	0.37384033	10.0	0.49797693	0	12	0	1	0	0	615.3460513086646	1228.6775496837035	50.77424	-.SVSLSSGLVQPR.-	DECOY_sp|Q86UU0-2|BCL9L_HUMAN	DECOY_sp|Q86UU0-3|BCL9L_HUMAN	DECOY_sp|Q86UU0-4|BCL9L_HUMAN	DECOY_sp|Q86UU0|BCL9L_HUMAN
2017dec27_overlap_dia_6b_rep1_604to616.dia:3048.5168:ETNLDSLPLVDTHSKR+3	1	71858	26.631477	2.3692458	2.2206388	6.9231334	6.4308267	0.020700349	0.0027586382	21.0	9.0	3.588235	-1.2507524	0.9714546	3.643814	3.1893814	8.832427	0.25912476	1.4459245	0.91676664	1	16	0	0	1	0	608.9865233613808	1823.9377406837036	50.808613	-.ETNLDSLPLVDTHSKR.-	sp|P08670|VIME_HUMAN
2017dec27_overlap_dia_6b_rep1_604to616.dia:3048.5168:ITLQDVVSHSK+2	1	71858	15.113119	1.2993569	1.7934848	6.4327817	5.824409	0.047853254	0.0049173064	12.0	0.0	3.5039837	2.6279879	0.9987313	3.1522732	3.1522732	4.2799406	0.17970657	1.4088163	2.9619737	0	11	0	1	0	0	613.8406023086646	1225.6666516837035	50.808613	-.ITLQDVVSHSK.-	sp|P46940|IQGA1_HUMAN
2017dec27_overlap_dia_6b_rep1_604to616.dia:3048.5168:LYAVFTDYEHDKVSR+3	1	71858	11.385509	0.5801483	0.6556933	5.825745	4.882041	0.14720102	0.009703834	9.0	1.0	4.690518	3.5178885	0.4741932	5.5909486	-5.5909486	-2.4546804	0.2605362	7.3344054	3.8518744	1	15	0	0	1	0	614.9722086947141	1841.8947966837038	50.808613	-.LYAVFTDYEHDKVSR.-	sp|Q8TCS8|PNPT1_HUMAN
2017dec27_overlap_dia_6b_rep1_604to616.dia:3048.5168:decoyATHTVGYIEAR+2	-1	71858	10.813802	0.37073323	0.86856896	6.208281	5.036214	0.13757506	0.019239634	8.0	0.0	4.7221694	0.81263185	0.8129928	6.1569886	-6.1569886	-1.2849846	17.171043	7.9004455	1.1466177	0	11	0	1	0	0	609.3172908086647	1216.6200286837036	50.808613	-.ATHTVGYIEAR.-	DECOY_sp|Q9HCS7|SYF1_HUMAN
2017dec27_overlap_dia_6b_rep1_604to616.dia:3048.5168:decoyFSELYHPPKESQIIR+3	-1	71858	11.63248	0.9845293	0.859346	6.072716	5.333214	0.13717312	0.022038346	9.0	2.0	4.4911466	3.36836	0.64223194	7.0897746	-7.0897746	-0.67037773	2.8542404	8.833231	3.7023458	1	15	0	0	1	0	615.3282180280473	1842.9628246837033	50.808613	-.FSELYHPPKESQIIR.-	DECOY_sp|P14735-2|IDE_HUMAN	DECOY_sp|P14735|IDE_HUMAN
2017dec27_overlap_dia_6b_rep1_604to616.dia:3050.717:DFMYVSQDPK+2	1	71911	13.43632	1.2523781	1.5703061	6.876557	6.249706	0.016576853	0.0022209622	10.0	0.0	1.8639616	0.038643625	0.8402427	2.5742555	1.3726666	0.007973671	0.47249985	0.37079024	0.37262943	0	10	0	1	0	0	615.2789848086646	1228.5434166837035	50.845284	-.DFMYVSQDPK.-	sp|P55084-2|ECHB_HUMAN	sp|P55084|ECHB_HUMAN
2017dec27_overlap_dia_6b_rep1_604to616.dia:3050.717:DVNVVVVEGGPK+2	1	71911	17.415445	1.2180632	1.9794099	6.475036	5.926805	0.0525172	0.0062769335	14.0	1.0	1.1807191	0.12808436	0.9793544	4.3767824	-1.5478432	2.114954	0.27443695	3.2913	0.46207017	0	12	0	1	0	0	606.3351528086647	1210.6557526837037	50.845284	-.DVNVVVVEGGPK.-	sp|O43395|PRPF3_HUMAN
2017dec27_overlap_dia_6b_rep1_604to616.dia:3050.717:decoyYLTIDTLHDGPQLHSK+3	-1	71911	12.882479	0.69117904	0.8724166	6.3227158	5.51916	0.07575342	0.026862612	10.0	9.0	5.1025357	0.43070856	0.6609785	8.968779	8.968779	-1.7864685	0.83335495	7.225322	0.76469433	0	16	0	0	1	0	613.3196116947141	1836.9370056837035	50.845284	-.YLTIDTLHDGPQLHSK.-	DECOY_sp|Q15046-2|SYK_HUMAN	DECOY_sp|Q15046|SYK_HUMAN
2017dec27_overlap_dia_6b_rep1_604to616.dia:3052.7534:SLNYC[+57.0214635]GHIYTPISC[+57.0214635]K+3	1	71963	17.439375	0.790325	0.9582459	6.498966	5.821001	0.029871378	0.004302171	14.0	6.0	4.527122	-0.88198835	0.77130663	7.9996977	7.9996977	0.7984619	0.14153671	6.256241	0.54800254	0	15	0	0	1	0	604.9517626947141	1811.8334586837038	50.879223	-.SLNYC[+57.0214635]GHIYTPISC[+57.0214635]K.-	sp|Q93009-3|UBP7_HUMAN	sp|Q93009|UBP7_HUMAN
2017dec27_overlap_dia_6b_rep1_604to616.dia:3052.7534:TVWSFGGGDNGK+2	1	71963	11.188528	0.50372624	0.6755519	5.628765	4.702835	0.064609	0.01286789	9.0	1.0	2.402645	0.71385527	0.0	10.0	10.0	-0.8978405	0.30615616	10.0	1.0478411	0	12	0	1	0	0	612.7858273086647	1223.5571016837036	50.879223	-.TVWSFGGGDNGK.-	sp|Q15751|HERC1_HUMAN
2017dec27_overlap_dia_6b_rep1_604to616.dia:3058.9504:NFGIGQDIQPK+2	1	72119	22.539661	1.6926982	2.3265338	7.988592	7.321528	7.5542904E-4	1.5399467E-4	17.0	11.0	1.7777367	1.3333025	0.97815424	2.801886	2.801886	5.487589	0.073913574	1.0584292	1.6798644	0	11	0	1	0	0	608.8196703086646	1215.6247876837035	50.982506	-.NFGIGQDIQPK.-	sp|P62424|RL7A_HUMAN
2017dec27_overlap_dia_6b_rep1_604to616.dia:3063.116:YFNSYTLTGR+2	1	72223	14.368821	0.94846404	1.1523834	6.767665	6.204473	0.003559307	3.3546903E-4	11.0	0.0	9.064176	-6.7981315	0.97525334	2.6830046	-2.6830046	5.4364796	0.01638794	4.426461	6.4515696	0	10	0	1	0	0	611.2985618086647	1220.5825706837036	51.051933	-.YFNSYTLTGR.-	sp|Q96IX5|USMG5_HUMAN
2017dec27_overlap_dia_6b_rep1_604to616.dia:3067.266:LDKSQIHDIVLVGGSTR+3	1	72327	21.454288	1.9066765	1.8734168	6.903219	6.4248753	0.01888938	0.006517861	17.0	14.0	3.622366	-2.7167745	0.99900097	1.7787386	-1.5581894	2.6689758	0.28594208	3.3016462	2.3702126	1	17	0	0	1	0	613.3425303613807	1837.0057616837032	51.1211	-.LDKSQIHDIVLVGGSTR.-	sp|P11142-2|HSP7C_HUMAN	sp|P11142|HSP7C_HUMAN
2017dec27_overlap_dia_6b_rep1_604to616.dia:3067.266:decoyFSDPSNTGMLR+2	-1	72327	10.818369	0.6757647	0.8963138	6.2128477	5.73235	0.06935869	0.04728653	8.0	0.0	1.6860886	-1.1886852	0.0	10.0	10.0	-1.3079605	6.8263664	10.0	0.84212327	0	11	0	1	0	0	612.7875123086645	1223.5604716837033	51.1211	-.FSDPSNTGMLR.-	DECOY_sp|Q8NBJ7-3|SUMF2_HUMAN	DECOY_sp|Q8NBJ7-4|SUMF2_HUMAN	DECOY_sp|Q8NBJ7-5|SUMF2_HUMAN	DECOY_sp|Q8NBJ7|SUMF2_HUMAN
2017dec27_overlap_dia_6b_rep1_604to616.dia:3067.266:decoyLYQVHSDVVR+2	-1	72327	10.298945	0.45510024	0.861912	5.6934247	4.9319158	0.17102714	0.035441946	8.0	0.0	3.6405432	-2.7304075	0.0	10.0	10.0	-0.697464	13.290089	10.0	2.3838456	0	10	0	1	0	0	608.3276578086645	1214.6407626837033	51.1211	-.LYQVHSDVVR.-	DECOY_sp|Q6P2Q9|PRP8_HUMAN
2017dec27_overlap_dia_6b_rep1_604to616.dia:3071.4202:C[+57.0214635]DLFIQEGAR+2	1	72431	10.792638	0.41474178	0.43703353	6.187117	5.001924	0.15542717	0.0048761065	8.0	1.0	7.9511566	-5.9633675	0.0	10.0	10.0	-2.0565863	0.05593109	10.0	5.6168056	0	10	0	1	0	0	604.7900555586648	1207.5655581837038	51.190334	-.C[+57.0214635]DLFIQEGAR.-	sp|Q49A26-2|GLYR1_HUMAN	sp|Q49A26-4|GLYR1_HUMAN	sp|Q49A26-5|GLYR1_HUMAN	sp|Q49A26|GLYR1_HUMAN
2017dec27_overlap_dia_6b_rep1_604to616.dia:3071.4202:SPQVLGSSLSVR+2	1	72431	12.11046	0.8641463	1.4093945	5.5506964	4.8007646	0.16539668	0.025697596	10.0	2.0	7.1975446	-5.3981586	0.0	10.0	10.0	-0.82107353	0.022071838	10.0	5.0515966	0	12	0	1	0	0	615.3460513086646	1228.6775496837035	51.190334	-.SPQVLGSSLSVR.-	sp|Q86UU0-2|BCL9L_HUMAN	sp|Q86UU0-3|BCL9L_HUMAN	sp|Q86UU0-4|BCL9L_HUMAN	sp|Q86UU0|BCL9L_HUMAN
2017dec27_overlap_dia_6b_rep1_604to616.dia:3071.4202:decoyDLQIAPSDSKR+2	-1	72431	11.9702835	0.6013822	1.0312786	5.4105206	4.870083	0.18207777	0.015050111	10.0	1.0	4.723235	-3.5424263	0.8265414	8.16952	-8.16952	-0.027487755	13.201363	9.912977	3.1958644	1	11	0	1	0	0	615.3278588086647	1228.6411646837037	51.190334	-.DLQIAPSDSKR.-	DECOY_sp|Q96ST3|SIN3A_HUMAN
2017dec27_overlap_dia_6b_rep1_604to616.dia:3075.478:GWAAAVTFHPR+2	1	72535	11.236242	0.65595305	0.8523353	5.676479	4.943332	0.14704975	0.01246725	9.0	0.0	4.3104844	-2.6442206	0.960656	4.6300764	4.6300764	1.6654196	0.48316574	2.8866196	2.2976587	0	11	0	1	0	0	606.8172653086647	1211.6199776837036	51.25797	-.GWAAAVTFHPR.-	sp|O15067|PUR4_HUMAN
2017dec27_overlap_dia_6b_rep1_604to616.dia:3075.478:VDINAPDVDVR+2	1	72535	19.056713	1.8928957	2.6282783	6.9402137	6.3006244	0.0055390475	0.0012345479	15.0	2.0	5.6185546	-4.213916	0.98236567	4.859588	2.6567767	5.6760845	0.29063797	0.9133198	3.867354	0	11	0	1	0	0	606.8145843086646	1211.6146156837035	51.25797	-.VDINAPDVDVR.-	sp|Q09666|AHNK_HUMAN
2017dec27_overlap_dia_6b_rep1_604to616.dia:3081.5737:FEQIYLSKPTHWER+3	1	72691	12.094575	0.5648145	0.6520686	5.5348115	4.880279	0.11866768	0.016636813	10.0	1.0	4.714133	-3.443265	0.0	10.0	10.0	-0.8680277	1.3713951	10.0	3.096703	0	14	0	0	1	0	611.9809300280474	1832.9209606837035	51.359562	-.FEQIYLSKPTHWER.-	sp|P30876|RPB2_HUMAN
2017dec27_overlap_dia_6b_rep1_604to616.dia:3081.5737:LSDADLAGPLQK+2	1	72691	15.970961	0.86949277	1.3423227	6.1766796	5.702963	0.024028586	0.00299477	13.0	2.0	6.785469	-5.089102	0.9597705	5.117856	-5.117856	2.2919178	0.32069016	6.861313	4.74254	0	12	0	1	0	0	614.3326103086648	1226.650667683704	51.359562	-.LSDADLAGPLQK.-	sp|Q15021|CND1_HUMAN
2017dec27_overlap_dia_6b_rep1_604to616.dia:3081.5737:decoyVMC[+57.0214635]GVPFHDSVPNKIK+3	-1	72691	8.121791	0.4618911	0.5866479	5.264458	4.501529	0.19425902	0.025716908	6.0	4.0	7.223971	2.6017895	0.0	10.0	10.0	-3.0	0.85028076	10.0	2.9483514	1	16	0	0	1	0	609.9796585280476	1826.917146183704	51.359562	-.VMC[+57.0214635]GVPFHDSVPNKIK.-	DECOY_sp|Q92979|NEP1_HUMAN
2017dec27_overlap_dia_6b_rep1_604to616.dia:3085.7014:APEMVNLYSGK+2	1	72795	11.41223	0.4818816	1.0263007	5.8524666	5.020623	0.039193787	0.021842232	9.0	0.0	5.025917	-3.7694378	0.2685928	3.3776937	0.7787219	-1.5603418	0.7957802	0.9647349	3.435452	0	11	0	1	0	0	604.8026268086646	1207.5907006837035	51.428356	-.APEMVNLYSGK.-	sp|Q2M2I8-2|AAK1_HUMAN	sp|Q2M2I8|AAK1_HUMAN
2017dec27_overlap_dia_6b_rep1_604to616.dia:3085.7014:LVVVDENDVVK+2	1	72795	10.938055	0.47443238	0.6844189	6.332534	5.6544275	0.10124342	0.007259426	8.0	0.0	4.8469825	-3.4391155	0.7833517	5.417987	5.417987	0.089772224	0.13077545	3.67453	3.1051297	0	11	0	1	0	0	614.8428103086646	1227.6710676837035	51.428356	-.LVVVDENDVVK.-	sp|P54619-2|AAKG1_HUMAN	sp|P54619-3|AAKG1_HUMAN	sp|P54619|AAKG1_HUMAN
2017dec27_overlap_dia_6b_rep1_604to616.dia:3085.7014:VSFTGSVPTGMK+2	1	72795	20.357689	1.7869239	2.3985016	7.037069	6.456937	0.0072538047	0.001147762	16.0	5.0	6.049064	-4.536798	0.9959922	3.6392944	0.98785764	4.4186125	0.13533783	0.7555992	4.202812	0	12	0	1	0	0	605.8104568086648	1209.6063606837038	51.428356	-.VSFTGSVPTGMK.-	sp|P49189-2|AL9A1_HUMAN	sp|P49189|AL9A1_HUMAN
2017dec27_overlap_dia_6b_rep1_604to616.dia:3085.7014:decoySGTVSEPSAFIK+2	-1	72795	11.724884	0.6413592	1.1163505	6.165121	5.777803	0.12253162	0.017504213	9.0	1.0	8.696359	-1.683672	0.0	10.0	10.0	-1.0975513	0.101509094	10.0	1.3496861	0	12	0	1	0	0	611.8193353086646	1221.6241176837034	51.428356	-.SGTVSEPSAFIK.-	DECOY_sp|O75940|SPF30_HUMAN
2017dec27_overlap_dia_6b_rep1_604to616.dia:3087.8223:decoyLQLPGALDADSK+2	-1	72847	9.305178	0.49318978	1.1833402	5.6027474	5.155055	0.14083436	0.02924393	7.0	0.0	5.244874	-3.9336555	0.6602993	7.84528	-7.84528	-2.623149	0.41748428	9.5887375	3.5996697	0	12	0	1	0	0	614.3326103086646	1226.6506676837034	51.463703	-.LQLPGALDADSK.-	DECOY_sp|Q15021|CND1_HUMAN
2017dec27_overlap_dia_6b_rep1_604to616.dia:3089.8647:decoyKYAEELPLVR+2	-1	72899	9.539352	0.5971593	1.0681491	5.836921	5.01074	0.07568328	0.014402892	7.0	1.0	0.8541579	-0.64061844	0.0	10.0	10.0	-1.9598532	5.57666	10.0	0.30663264	1	10	0	1	0	0	609.3480588086645	1216.6815646837033	51.497746	-.KYAEELPLVR.-	DECOY_sp|Q9H223|EHD4_HUMAN
2017dec27_overlap_dia_6b_rep1_604to616.dia:3091.9724:KNPQAVLDVLK+2	1	72951	13.133965	1.0582753	1.397798	6.5742006	5.7224097	0.06365175	0.006869743	10.0	3.0	2.2615597	1.4886861	0.9773071	6.7833323	-6.7833323	1.1676826	0.322937	8.50684	1.8226719	1	11	0	1	0	0	612.8691628086647	1223.7237726837036	51.532875	-.KNPQAVLDVLK.-	sp|O75914-2|PAK3_HUMAN	sp|O75914-3|PAK3_HUMAN	sp|O75914-4|PAK3_HUMAN	sp|O75914|PAK3_HUMAN	sp|Q13177|PAK2_HUMAN
2017dec27_overlap_dia_6b_rep1_604to616.dia:3091.9724:NWADVQSQLR+2	1	72951	14.670517	0.90018	1.243366	5.9901786	5.453608	0.094037406	0.014896957	12.0	0.0	3.9020882	-0.9137077	0.0	10.0	10.0	2.6441603	0.1931305	10.0	0.57972187	0	10	0	1	0	0	608.8070938086647	1215.5996346837037	51.532875	-.NWADVQSQLR.-	sp|Q15437|SC23B_HUMAN
2017dec27_overlap_dia_6b_rep1_604to616.dia:3091.9724:VVESPDFSKDEDYLGK+3	1	72951	18.165302	0.8839364	0.9880864	6.0488014	5.529289	0.025569845	0.005662715	15.0	6.0	3.2544029	2.440802	0.7321417	5.815925	5.815925	1.1851797	0.1931305	4.0924172	2.774788	1	16	0	0	1	0	609.9597483613808	1826.8574156837037	51.532875	-.VVESPDFSKDEDYLGK.-	sp|Q9Y6Y8|S23IP_HUMAN
2017dec27_overlap_dia_6b_rep1_604to616.dia:3091.9724:decoyHAALEVAGPQPK+2	-1	72951	12.761255	0.58432436	0.9442751	6.2014914	5.397541	0.1137452	0.023783013	10.0	1.0	4.2930098	-1.0723588	0.97804993	6.970025	6.970025	-1.4961519	18.107471	5.246517	0.73837304	0	12	0	1	0	0	609.3354878086645	1216.6564226837033	51.532875	-.HAALEVAGPQPK.-	DECOY_sp|P27708|PYR1_HUMAN
2017dec27_overlap_dia_6b_rep1_604to616.dia:3091.9724:decoyTAMTC[+57.0214635]YSC[+57.0214635]SK+2	-1	72951	9.388665	0.44434106	0.94018614	5.6862345	4.6664	0.11619985	0.021655241	7.0	0.0	3.0102408	-0.67244565	0.0	10.0	10.0	-2.45792	21.525204	10.0	0.33845985	0	10	0	1	0	0	604.7408553086647	1207.4671576837036	51.532875	-.TAMTC[+57.0214635]YSC[+57.0214635]SK.-	DECOY_sp|Q9NS18-2|GLRX2_HUMAN	DECOY_sp|Q9NS18|GLRX2_HUMAN
2017dec27_overlap_dia_6b_rep1_604to616.dia:3094.015:FVFGQNMSER+2	1	73003	10.810789	1.252976	1.5677718	6.2052684	5.735514	0.053400975	0.007836785	8.0	0.0	5.5181136	4.138585	0.8393087	2.6107488	0.27314913	2.094181	0.005153656	1.4503587	4.472571	0	10	0	1	0	0	607.7847728086647	1213.5549926837036	51.566914	-.FVFGQNMSER.-	sp|Q9H6Z4-2|RANB3_HUMAN	sp|Q9H6Z4-3|RANB3_HUMAN	sp|Q9H6Z4|RANB3_HUMAN
2017dec27_overlap_dia_6b_rep1_604to616.dia:3096.1052:IDESIHLQLR+2	1	73055	11.312522	0.96201366	1.0394808	5.7527585	4.9043417	0.056438994	0.008996906	9.0	1.0	4.2955465	3.22166	0.0	10.0	10.0	0.11014557	0.09693527	10.0	3.5556457	0	10	0	1	0	0	612.3407693086647	1222.6669856837036	51.601753	-.IDESIHLQLR.-	sp|Q9Y262-2|EIF3L_HUMAN	sp|Q9Y262|EIF3L_HUMAN
2017dec27_overlap_dia_6b_rep1_604to616.dia:3098.183:C[+57.0214635]QTSMDELLK+2	1	73107	11.768194	0.64895916	0.7904471	6.2084303	5.450819	0.057776283	0.0036172261	9.0	0.0	4.347428	3.260571	0.86596364	6.336817	6.336817	1.0980396	0.05659485	4.613309	3.5945568	0	10	0	1	0	0	612.7835815586647	1223.5526101837036	51.636387	-.C[+57.0214635]QTSMDELLK.-	sp|O95747|OXSR1_HUMAN	sp|Q9UEW8-2|STK39_HUMAN	sp|Q9UEW8|STK39_HUMAN
2017dec27_overlap_dia_6b_rep1_604to616.dia:3098.183:LYTPSGNIVPR+2	1	73107	9.368397	0.5064171	0.7767003	5.6659665	5.0650535	0.053729024	0.005617979	7.0	0.0	5.4300942	0.6972822	0.0	10.0	10.0	1.9505138	0.018367767	10.0	1.031268	0	11	0	1	0	0	608.8378583086646	1215.6611636837035	51.636387	-.LYTPSGNIVPR.-	sp|Q53S58|TM177_HUMAN
2017dec27_overlap_dia_6b_rep1_604to616.dia:3098.183:SPEAC[+57.0214635]C[+57.0214635]ELTLQPLRR+3	1	73107	15.045858	1.351685	0.59235054	6.365521	5.8424363	0.023851357	0.0036532446	12.0	3.0	3.3437655	2.5078242	0.9280166	5.3964767	5.3964767	3.7973804	0.22673416	3.6729689	2.84181	1	15	0	0	1	0	610.6380726947141	1828.8923886837035	51.636387	-.SPEAC[+57.0214635]C[+57.0214635]ELTLQPLRR.-	sp|P06132|DCUP_HUMAN
2017dec27_overlap_dia_6b_rep1_604to616.dia:3098.183:decoyGPQGVDFAQHR+2	-1	73107	10.328973	0.47944424	0.857876	5.723452	5.903549	0.09056421	0.020813737	8.0	0.0	5.484806	4.1136045	0.82034963	8.050716	8.050716	-0.9658594	19.36192	6.3272085	4.4475904	0	11	0	1	0	0	606.2994368086646	1210.5843206837035	51.636387	-.GPQGVDFAQHR.-	DECOY_sp|P11717|MPRI_HUMAN
2017dec27_overlap_dia_6b_rep1_604to616.dia:3098.183:decoySGVPTNVSETPK+2	-1	73107	12.848408	0.9124609	1.3473837	6.2886443	4.9657645	0.033671886	0.00712698	10.0	0.0	6.189132	1.6189088	0.0	10.0	10.0	-0.7867546	19.489868	10.0	1.9528946	0	12	0	1	0	0	608.3144173086645	1214.6142816837032	51.636387	-.SGVPTNVSETPK.-	DECOY_sp|Q8WXG6-2|MADD_HUMAN	DECOY_sp|Q8WXG6-3|MADD_HUMAN	DECOY_sp|Q8WXG6-4|MADD_HUMAN	DECOY_sp|Q8WXG6-5|MADD_HUMAN	DECOY_sp|Q8WXG6-6|MADD_HUMAN	DECOY_sp|Q8WXG6-7|MADD_HUMAN	DECOY_sp|Q8WXG6-8|MADD_HUMAN	DECOY_sp|Q8WXG6|MADD_HUMAN
2017dec27_overlap_dia_6b_rep1_604to616.dia:3100.2969:AQAGEGVRPSPMQLELR+3	1	73159	24.202648	1.8425037	1.6647671	7.1175537	6.5794525	0.004181504	6.6538615E-4	19.0	13.0	0.9217589	0.012234032	0.9999819	3.315718	3.315718	5.4322414	0.31513214	1.59221	0.34621984	0	17	0	0	1	0	613.6562323613807	1837.9468676837034	51.671616	-.AQAGEGVRPSPMQLELR.-	sp|O00764-2|PDXK_HUMAN	sp|O00764-3|PDXK_HUMAN	sp|O00764|PDXK_HUMAN
2017dec27_overlap_dia_6b_rep1_604to616.dia:3100.2969:VIMITGDNKGTAVAIC[+57.0214635]R+3	1	73159	11.863314	0.5135556	0.69742674	5.3035502	4.741128	0.10120198	0.006234515	10.0	1.0	1.8334614	-0.82652843	0.6308394	0.4328611	0.4328611	-0.031763077	0.23294449	1.2906468	0.49254262	1	17	0	0	1	0	606.9903351947141	1817.9491761837037	51.671616	-.VIMITGDNKGTAVAIC[+57.0214635]R.-	sp|P16615-2|AT2A2_HUMAN	sp|P16615-3|AT2A2_HUMAN	sp|P16615-4|AT2A2_HUMAN	sp|P16615-5|AT2A2_HUMAN	sp|P16615|AT2A2_HUMAN
2017dec27_overlap_dia_6b_rep1_604to616.dia:3104.4734:NVSC[+57.0214635]EVDMFK+2	1	73263	11.48051	0.42258325	0.55148727	5.9207463	5.605695	0.105331376	0.012654666	9.0	0.0	5.611599	4.208699	0.96696055	4.361312	4.361312	1.2518845	0.19513321	2.637804	4.542685	0	10	0	1	0	0	614.7704735586647	1227.5263941837036	51.741222	-.NVSC[+57.0214635]EVDMFK.-	sp|Q8TCS8|PNPT1_HUMAN
2017dec27_overlap_dia_6b_rep1_604to616.dia:3104.4734:decoyGISNMHHDNEILAPIR+3	-1	73263	10.685329	0.3703337	0.4648557	6.0798087	5.0192094	0.0770743	0.014173225	8.0	4.0	2.529454	1.8970904	0.0	10.0	10.0	-1.380024	1.376049	10.0	2.2310762	0	16	0	0	1	0	606.3089433613804	1815.9050006837026	51.741222	-.GISNMHHDNEILAPIR.-	DECOY_sp|P35573-2|GDE_HUMAN	DECOY_sp|P35573-3|GDE_HUMAN	DECOY_sp|P35573|GDE_HUMAN
2017dec27_overlap_dia_6b_rep1_604to616.dia:3104.4734:decoyGQQIASPKEFGYAYIR+3	-1	73263	11.543818	0.3420903	0.6144439	6.9382977	6.293464	0.18096414	0.031345822	8.0	3.0	5.2640996	-2.059861	0.99993086	5.252371	5.252371	-1.916049	0.3299408	3.528863	1.7258751	1	16	0	0	1	0	609.9844490280472	1826.9315176837029	51.741222	-.GQQIASPKEFGYAYIR.-	DECOY_sp|P38919|IF4A3_HUMAN	DECOY_sp|P60842-2|IF4A1_HUMAN	DECOY_sp|P60842|IF4A1_HUMAN	DECOY_sp|Q14240-2|IF4A2_HUMAN	DECOY_sp|Q14240|IF4A2_HUMAN
2017dec27_overlap_dia_6b_rep1_604to616.dia:3106.5356:EQMLNEPLVR+2	1	73315	11.450344	0.2605534	0.45523828	5.89058	5.1122427	0.062169902	0.012158627	9.0	0.0	3.5910866	1.4877028	0.36887026	4.759256	-2.078185	-0.063920975	0.10375595	3.801693	1.8216887	0	10	0	1	0	0	614.8213553086647	1227.6281576837036	51.775593	-.EQMLNEPLVR.-	sp|Q9H2C0|GAN_HUMAN
2017dec27_overlap_dia_6b_rep1_604to616.dia:3106.5356:SIFASPESVTGK+2	1	73315	16.356228	0.6703979	0.86765486	6.5619473	5.952207	0.014098289	0.0017235703	13.0	0.0	3.172135	2.3791013	0.9970468	5.052624	4.7176948	0.8540487	0.22837448	2.9941869	2.713087	0	12	0	1	0	0	611.8193353086647	1221.6241176837036	51.775593	-.SIFASPESVTGK.-	sp|O75940|SPF30_HUMAN
2017dec27_overlap_dia_6b_rep1_604to616.dia:3112.8086:decoyYEGSAPNDQLK+2	-1	73471	9.908997	0.14298843	0.18639338	6.2065663	5.8583584	0.15333232	0.03442282	7.0	0.0	3.6798794	2.7599096	0.0	10.0	10.0	-1.741209	21.87247	10.0	3.0813193	0	11	0	1	0	0	611.2909378086645	1220.5673226837032	51.880142	-.YEGSAPNDQLK.-	DECOY_sp|Q16850-2|CP51A_HUMAN	DECOY_sp|Q16850|CP51A_HUMAN
2017dec27_overlap_dia_6b_rep1_604to616.dia:3114.8372:GIYAYGFEKPSAIQQR+3	1	73523	30.65844	2.8960555	2.7918863	8.245944	7.7681007	7.3983433E-4	2.45623E-4	23.0	23.0	2.4871304	-1.3974818	0.999866	3.1720784	1.9855566	-1.2979629	0.16940689	0.26204872	1.0760721	0	16	0	0	1	0	609.9844490280476	1826.9315176837042	51.91395	-.GIYAYGFEKPSAIQQR.-	sp|P38919|IF4A3_HUMAN	sp|P60842-2|IF4A1_HUMAN	sp|P60842|IF4A1_HUMAN	sp|Q14240-2|IF4A2_HUMAN	sp|Q14240|IF4A2_HUMAN
2017dec27_overlap_dia_6b_rep1_604to616.dia:3116.9185:decoyIC[+57.0214635]VGSDIVAQR+2	-1	73575	10.912014	0.3057125	0.3779855	6.3064938	5.4875655	0.16453806	0.02563872	8.0	0.0	2.324832	0.6373245	0.8345509	0.08321266	-0.08321266	-1.7276344	8.05397	1.8067205	0.9587342	0	11	0	1	0	0	609.3189800586645	1216.6234071837032	51.948643	-.IC[+57.0214635]VGSDIVAQR.-	DECOY_sp|O15131|IMA6_HUMAN	DECOY_sp|O60684|IMA7_HUMAN
2017dec27_overlap_dia_6b_rep1_604to616.dia:3118.9978:decoyAKNPAFEAGPAR+2	-1	73627	11.235391	0.40852308	0.7622142	6.62987	5.8138094	0.16336556	0.048618466	8.0	1.0	5.29105	-3.9682875	0.811697	8.090605	8.090605	-1.1893406	21.404476	6.367097	3.6468778	1	12	0	1	0	0	614.8252868086646	1227.6360206837035	51.983295	-.AKNPAFEAGPAR.-	DECOY_sp|Q15233-2|NONO_HUMAN	DECOY_sp|Q15233|NONO_HUMAN
2017dec27_overlap_dia_6b_rep1_604to616.dia:3118.9978:decoyVMGTPVSGTFSK+2	-1	73627	11.775957	0.45287377	0.8654239	6.216193	5.7220764	0.1764893	0.02430395	9.0	1.0	9.278069	1.8109026	0.0	10.0	10.0	-1.8519611	0.66913986	10.0	2.1323123	0	12	0	1	0	0	605.8104568086646	1209.6063606837035	51.983295	-.VMGTPVSGTFSK.-	DECOY_sp|P49189-2|AL9A1_HUMAN	DECOY_sp|P49189|AL9A1_HUMAN
2017dec27_overlap_dia_6b_rep1_604to616.dia:3121.1304:QGYVLSSIEGR+2	1	73679	20.343414	1.072902	1.4190638	7.0227942	6.5646315	0.005249102	9.774613E-4	16.0	0.0	4.86103	3.6457725	0.9754846	5.549044	5.549044	3.8019924	0.17074585	3.8255363	3.9671822	0	11	0	1	0	0	604.8171228086646	1207.6196926837035	52.01884	-.QGYVLSSIEGR.-	sp|O43684-2|BUB3_HUMAN	sp|O43684|BUB3_HUMAN
2017dec27_overlap_dia_6b_rep1_604to616.dia:3121.1304:decoyEVMQLGEPTVK+2	-1	73679	12.615556	0.5966402	1.0271193	7.0557923	6.114759	0.12578414	0.023310158	9.0	2.0	2.5265443	1.4869721	0.97063607	1.9577953	1.9577953	-1.6581392	0.047649384	0.23428738	1.8083818	0	11	0	1	0	0	615.8235643086646	1229.6325756837034	52.01884	-.EVMQLGEPTVK.-	DECOY_sp|P22234-2|PUR6_HUMAN	DECOY_sp|P22234|PUR6_HUMAN
2017dec27_overlap_dia_6b_rep1_604to616.dia:3121.1304:decoyKPANFLSQPGR+2	-1	73679	10.695901	0.5938402	0.98226064	6.09038	5.346177	0.04649566	0.01778397	8.0	1.0	4.998586	3.7489398	0.81201696	8.872593	8.872593	-1.4317045	10.450562	7.149085	4.0703497	0	11	0	1	0	0	607.8356543086646	1213.6567556837035	52.01884	-.KPANFLSQPGR.-	DECOY_sp|P46087-2|NOP2_HUMAN	DECOY_sp|P46087-3|NOP2_HUMAN	DECOY_sp|P46087-4|NOP2_HUMAN	DECOY_sp|P46087|NOP2_HUMAN
2017dec27_overlap_dia_6b_rep1_604to616.dia:3123.1965:DVNGELIAVQR+2	1	73731	11.745878	0.46830723	0.5357671	6.1861143	5.5883923	0.0844019	0.0043636914	9.0	1.0	2.077592	1.5581939	0.5270182	5.953171	5.953171	-0.7108898	0.4058113	4.229663	1.8796036	0	11	0	1	0	0	607.3304018086646	1212.6462506837036	52.053276	-.DVNGELIAVQR.-	sp|Q92878-2|RAD50_HUMAN	sp|Q92878|RAD50_HUMAN
2017dec27_overlap_dia_6b_rep1_604to616.dia:3123.1965:EVTPEGLQMVK+2	1	73731	17.102169	1.0176382	1.2932583	7.3078876	6.653648	0.002862403	3.0659186E-4	13.0	3.0	0.8908079	0.19002879	0.9684592	3.344301	3.344301	-0.15166187	0.07965469	1.6207931	0.5114385	0	11	0	1	0	0	615.8235643086648	1229.6325756837039	52.053276	-.EVTPEGLQMVK.-	sp|P22234-2|PUR6_HUMAN	sp|P22234|PUR6_HUMAN
2017dec27_overlap_dia_6b_rep1_604to616.dia:3127.3535:IMDPNIVGSEHYDVAR+3	1	73835	36.081665	3.1084466	2.606284	8.04468	7.707296	2.8105735E-4	1.4790376E-4	27.0	25.0	1.4082919	1.056219	0.99995375	4.718887	4.718887	12.309431	0.013076782	2.995379	1.3776287	0	16	0	0	1	0	605.9613180280475	1814.8621246837035	52.12256	-.IMDPNIVGSEHYDVAR.-	sp|P06576|ATPB_HUMAN
2017dec27_overlap_dia_6b_rep1_604to616.dia:3131.5483:LDVTILSPSRK+2	1	73939	10.145088	0.57776946	0.81533533	6.442658	5.7573223	0.10979356	0.010581607	7.0	0.0	3.8802693	-2.4150932	0.93690187	1.3885629	-0.6266353	-0.7203922	0.15322495	2.3501432	2.0936835	1	11	0	1	0	0	614.8666198086647	1227.7186866837037	52.19247	-.LDVTILSPSRK.-	sp|O75369-2|FLNB_HUMAN	sp|O75369-3|FLNB_HUMAN	sp|O75369-4|FLNB_HUMAN	sp|O75369-5|FLNB_HUMAN	sp|O75369-6|FLNB_HUMAN	sp|O75369-7|FLNB_HUMAN	sp|O75369-8|FLNB_HUMAN	sp|O75369-9|FLNB_HUMAN	sp|O75369|FLNB_HUMAN
2017dec27_overlap_dia_6b_rep1_604to616.dia:3135.665:WRPVDLAQVK+2	1	74043	13.915907	1.2850237	1.7524709	6.314751	5.7528286	0.033657294	0.007912893	11.0	0.0	4.8695436	0.64862525	0.92108905	3.7719302	0.968513	5.321575	0.23719406	0.75499487	0.97003496	0	10	0	1	0	0	606.3483978086647	1210.6822426837036	52.261086	-.WRPVDLAQVK.-	sp|P32004-2|L1CAM_HUMAN	sp|P32004-3|L1CAM_HUMAN	sp|P32004|L1CAM_HUMAN
2017dec27_overlap_dia_6b_rep1_604to616.dia:3135.665:decoyLPVINGSPTYR+2	-1	74043	9.3164215	0.69820505	1.4603132	5.613991	5.2264895	0.059377387	0.014908443	7.0	0.0	3.5726376	0.0058739483	0.20928462	2.345592	2.345592	-2.0804749	0.5989456	0.62208414	0.32728365	0	11	0	1	0	0	608.8378583086646	1215.6611636837035	52.261086	-.LPVINGSPTYR.-	DECOY_sp|Q53S58|TM177_HUMAN
2017dec27_overlap_dia_6b_rep1_604to616.dia:3135.665:decoyWVSESLGEKDLTDAER+3	-1	74043	9.61467	0.77132696	1.3386785	5.009149	5.1353393	0.084558025	0.09377512	8.0	1.0	1.7090262	1.2817696	0.7655635	4.8999095	-4.8999095	-1.6709013	0.4349556	6.6234174	1.6031793	1	16	0	0	1	0	612.2987670280472	1833.874471683703	52.261086	-.WVSESLGEKDLTDAER.-	DECOY_sp|Q6PHR2-3|ULK3_HUMAN	DECOY_sp|Q6PHR2-4|ULK3_HUMAN	DECOY_sp|Q6PHR2|ULK3_HUMAN
2017dec27_overlap_dia_6b_rep1_604to616.dia:3137.7803:HLGAVNTIVFVDENRR+3	1	74095	12.369829	0.6228703	0.69876397	5.8100653	5.253189	0.079536885	0.013093682	10.0	2.0	1.7474273	-1.1311322	0.65984756	2.4461277	-2.4461277	1.1774311	0.3779869	4.18546	0.80972254	1	16	0	0	1	0	613.9989863613808	1838.9751296837037	52.296337	-.HLGAVNTIVFVDENRR.-	sp|O60508|PRP17_HUMAN
2017dec27_overlap_dia_6b_rep1_604to616.dia:3139.8088:SMLYSGSDVIR+2	1	74147	11.476905	0.795676	1.0602468	5.9171414	5.519236	0.03621248	0.0056296503	9.0	0.0	2.9245834	-2.1934376	0.5782062	4.8121214	-0.26670814	-0.94131184	0.025268555	2.010165	1.8720279	0	11	0	1	0	0	614.3055333086646	1226.5965136837035	52.330147	-.SMLYSGSDVIR.-	sp|Q15477|SKIV2_HUMAN
2017dec27_overlap_dia_6b_rep1_604to616.dia:3139.8088:decoyQASQGVFFVAR+2	-1	74147	12.118925	0.30915728	0.9597934	5.559162	5.025175	0.123488605	0.025459912	10.0	0.0	4.0429935	1.032176	0.0	10.0	10.0	-0.67687607	2.478939	10.0	1.3535857	0	11	0	1	0	0	605.3223803086645	1208.6302076837032	52.330147	-.QASQGVFFVAR.-	DECOY_sp|A6NHR9-2|SMHD1_HUMAN	DECOY_sp|A6NHR9|SMHD1_HUMAN
2017dec27_overlap_dia_6b_rep1_604to616.dia:3141.8755:SDVEDHSVHLLFSANR+3	1	74199	13.777233	0.81886154	0.7753902	6.1760774	5.62777	0.0411484	0.00811653	11.0	3.0	2.3554146	-1.5365202	0.74385005	1.8903148	-1.8903148	-0.23186779	0.22152328	3.6337717	1.2151105	0	16	0	0	1	0	609.2991010280474	1824.8754736837034	52.36459	-.SDVEDHSVHLLFSANR.-	sp|P23919-2|KTHY_HUMAN	sp|P23919|KTHY_HUMAN
2017dec27_overlap_dia_6b_rep1_604to616.dia:3141.8755:TADGFAVPEPPK+2	1	74199	13.657028	1.1029081	1.566015	6.055872	5.440055	0.031286806	0.00523334	11.0	4.0	1.7846521	-0.8738579	0.8075306	2.8251047	2.8251047	-1.2871685	0.12774658	1.0816479	0.5524482	0	12	0	1	0	0	614.8140538086647	1227.6135546837036	52.36459	-.TADGFAVPEPPK.-	sp|Q86XP3-2|DDX42_HUMAN	sp|Q86XP3|DDX42_HUMAN
2017dec27_overlap_dia_6b_rep1_604to616.dia:3141.8755:decoyLTMEVEEDTR+2	-1	74199	10.682817	0.33847228	0.6521554	6.0772967	5.2489877	0.18912499	0.044288702	8.0	0.0	5.257692	0.64091444	0.0	10.0	10.0	-1.9191437	13.544083	10.0	0.96232414	0	10	0	1	0	0	611.7846358086646	1221.5547186837034	52.36459	-.LTMEVEEDTR.-	DECOY_sp|Q10713|MPPA_HUMAN
2017dec27_overlap_dia_6b_rep1_604to616.dia:3141.8755:decoyTNMVFVTGPDK+2	-1	74199	12.048183	0.91793996	1.2723731	5.48842	4.9001384	0.21793914	0.016239198	10.0	2.0	2.4274786	0.14315611	0.0	10.0	10.0	-1.6385689	0.5125885	10.0	0.4645658	0	11	0	1	0	0	604.8026318086646	1207.5907106837035	52.36459	-.TNMVFVTGPDK.-	DECOY_sp|Q9NYK5-2|RM39_HUMAN	DECOY_sp|Q9NYK5|RM39_HUMAN
2017dec27_overlap_dia_6b_rep1_604to616.dia:3143.8755:decoyNTNHVLDTVEPDTGFR+3	-1	74251	12.139942	0.46590137	0.7551911	5.580179	5.0362225	0.034135118	0.012225733	10.0	1.0	4.6582375	-2.687823	0.34572995	9.882387	-9.882387	0.15650463	2.5233345	11.625844	2.3664134	0	16	0	0	1	0	605.6271070280474	1813.8594916837035	52.397926	-.NTNHVLDTVEPDTGFR.-	DECOY_sp|O75976-2|CBPD_HUMAN	DECOY_sp|O75976|CBPD_HUMAN
2017dec27_overlap_dia_6b_rep1_604to616.dia:3143.8755:decoyTGLETVQFNGR+2	-1	74251	12.898996	0.7738418	1.2281411	6.339233	5.600063	0.15659523	0.02512932	10.0	2.0	2.4205303	-1.0198205	0.0	10.0	10.0	-1.3724699	2.425541	10.0	0.69841075	0	11	0	1	0	0	611.3147523086645	1220.6149516837033	52.397926	-.TGLETVQFNGR.-	DECOY_sp|O75643|U520_HUMAN
2017dec27_overlap_dia_6b_rep1_604to616.dia:3143.8755:decoyVVTVTGDKNDTITPQAR+3	-1	74251	16.650267	0.9211873	1.5206144	6.855985	6.300403	0.08338793	0.02911521	13.0	4.0	2.2873006	-0.9892236	0.0	10.0	10.0	1.0710459	12.015621	10.0	0.6678139	1	17	0	0	1	0	605.6584076947141	1813.9533936837036	52.397926	-.VVTVTGDKNDTITPQAR.-	DECOY_sp|P21333-2|FLNA_HUMAN	DECOY_sp|P21333|FLNA_HUMAN
2017dec27_overlap_dia_6b_rep1_604to616.dia:3143.8755:decoyWKNTEGLSSTC[+57.0214635]FTER+3	-1	74251	10.755192	0.33873698	0.76219255	5.1954284	4.7139792	0.22750397	0.040909365	9.0	3.0	3.404438	-2.5533285	0.0	10.0	10.0	0.49361324	2.9991074	10.0	2.2319188	1	15	0	0	1	0	605.9491925280474	1814.8257481837036	52.397926	-.WKNTEGLSSTC[+57.0214635]FTER.-	DECOY_sp|Q5H9R7-2|PP6R3_HUMAN	DECOY_sp|Q5H9R7-3|PP6R3_HUMAN	DECOY_sp|Q5H9R7-4|PP6R3_HUMAN	DECOY_sp|Q5H9R7-5|PP6R3_HUMAN	DECOY_sp|Q5H9R7-6|PP6R3_HUMAN	DECOY_sp|Q5H9R7|PP6R3_HUMAN
2017dec27_overlap_dia_6b_rep1_604to616.dia:3147.9717:IGSLIDVNQSKDPEGLR+3	1	74355	24.94349	1.0752804	1.3198488	6.557365	5.8240356	0.015831245	0.002624356	20.0	6.0	1.2000526	-0.6121605	0.98129666	3.6134272	0.6727419	4.0580254	0.1214447	1.070715	0.2907508	1	17	0	0	1	0	614.3302900280474	1839.9690406837037	52.466194	-.IGSLIDVNQSKDPEGLR.-	sp|P61326-2|MGN_HUMAN	sp|P61326|MGN_HUMAN	sp|Q96A72|MGN2_HUMAN
2017dec27_overlap_dia_6b_rep1_604to616.dia:3147.9717:decoyAQVSGASPVAALR+2	-1	74355	11.856249	0.534462	0.9229508	6.296485	5.6566777	0.11272489	0.014958647	9.0	0.0	1.6483947	0.49132735	0.0	10.0	10.0	-1.1141071	9.622147	10.0	0.81273705	0	13	0	1	0	0	613.8462193086644	1225.6778856837032	52.466194	-.AQVSGASPVAALR.-	DECOY_sp|Q14160-2|SCRIB_HUMAN	DECOY_sp|Q14160-3|SCRIB_HUMAN	DECOY_sp|Q14160|SCRIB_HUMAN
2017dec27_overlap_dia_6b_rep1_604to616.dia:3147.9717:decoyFESMNQGFVR+2	-1	74355	9.53653	0.30637917	0.50383997	5.8340993	4.918046	0.24673589	0.029535346	7.0	0.0	5.0701923	-3.8026443	0.0	10.0	10.0	-0.23006248	0.830616	10.0	3.4812346	0	10	0	1	0	0	607.7847728086645	1213.5549926837032	52.466194	-.FESMNQGFVR.-	DECOY_sp|Q9H6Z4-2|RANB3_HUMAN	DECOY_sp|Q9H6Z4-3|RANB3_HUMAN	DECOY_sp|Q9H6Z4|RANB3_HUMAN
2017dec27_overlap_dia_6b_rep1_604to616.dia:3147.9717:decoyVIPFSDC[+57.0214635]SMR+2	-1	74355	8.089809	0.38044095	0.57377577	5.2324767	4.519771	0.1252653	0.02846004	6.0	0.0	2.6256773	-1.969258	0.0	10.0	10.0	-2.611658	0.16018677	10.0	1.6478482	0	10	0	1	0	0	606.2810085586644	1210.5474641837031	52.466194	-.VIPFSDC[+57.0214635]SMR.-	DECOY_sp|Q7Z2W4-2|ZCCHV_HUMAN	DECOY_sp|Q7Z2W4-4|ZCCHV_HUMAN	DECOY_sp|Q7Z2W4-5|ZCCHV_HUMAN	DECOY_sp|Q7Z2W4|ZCCHV_HUMAN
2017dec27_overlap_dia_6b_rep1_604to616.dia:3147.9717:decoyVVTVTTGDPLAR+2	-1	74355	11.351656	0.30917737	0.9275754	5.791893	5.3087525	0.2133338	0.04055947	9.0	1.0	2.2201006	-1.6650755	0.5371428	7.997707	7.997707	-1.4262466	0.73812103	6.25425	1.3436658	0	12	0	1	0	0	614.8484283086647	1227.6823036837036	52.466194	-.VVTVTTGDPLAR.-	DECOY_sp|Q96L92-2|SNX27_HUMAN	DECOY_sp|Q96L92-3|SNX27_HUMAN	DECOY_sp|Q96L92|SNX27_HUMAN
2017dec27_overlap_dia_6b_rep1_604to616.dia:3150.05:VMSC[+57.0214635]DSFPIR+2	1	74407	10.139996	0.46937764	0.56455886	5.5344753	5.0104156	0.06750206	0.009959146	8.0	0.0	1.373909	0.62299985	0.0	10.0	10.0	-0.27365875	0.11667633	10.0	0.94440955	0	10	0	1	0	0	606.2810085586647	1210.5474641837036	52.500835	-.VMSC[+57.0214635]DSFPIR.-	sp|Q7Z2W4-2|ZCCHV_HUMAN	sp|Q7Z2W4-4|ZCCHV_HUMAN	sp|Q7Z2W4-5|ZCCHV_HUMAN	sp|Q7Z2W4|ZCCHV_HUMAN
2017dec27_overlap_dia_6b_rep1_604to616.dia:3150.05:decoyIEIEQSAPDDLHGYVR+3	-1	74407	17.336132	0.3753501	0.8163875	6.3957243	5.5554004	0.06412817	0.01612882	14.0	4.0	3.495363	-1.9648343	0.0	10.0	10.0	-0.4525957	4.194206	10.0	1.6434246	0	16	0	0	1	0	614.6391210280474	1840.8955336837034	52.500835	-.IEIEQSAPDDLHGYVR.-	DECOY_sp|Q99798|ACON_HUMAN
2017dec27_overlap_dia_6b_rep1_604to616.dia:3150.05:decoyIETLLQPDHR+2	-1	74407	10.041257	0.3623612	0.55972105	6.338826	5.7279553	0.13850226	0.02216384	7.0	0.0	2.9527912	1.8071616	0.0	10.0	10.0	-0.740221	12.512878	10.0	2.1285713	0	10	0	1	0	0	611.3329448086646	1220.6513366837034	52.500835	-.IETLLQPDHR.-	DECOY_sp|P14868-2|SYDC_HUMAN	DECOY_sp|P14868|SYDC_HUMAN
2017dec27_overlap_dia_6b_rep1_604to616.dia:3152.0503:IQPQMDMVEK+2	1	74459	11.474808	0.6519228	0.81403846	5.915045	4.9771996	0.10212141	0.023249447	9.0	0.0	1.6553828	1.0777023	0.5206292	2.8715363	2.8715363	-0.65335083	7.8115044	1.1280794	1.399112	0	10	0	1	0	0	609.7964923086647	1217.5784316837037	52.534172	-.IQPQMDMVEK.-	sp|Q9HA64|KT3K_HUMAN
2017dec27_overlap_dia_6b_rep1_604to616.dia:3152.0503:QPLLGPPESMR+2	1	74459	18.015495	1.3724326	1.724904	7.0750856	6.5872626	0.013044107	0.0018480935	14.0	3.0	1.7157084	-1.2867813	0.9998181	2.7922657	2.7922657	3.202942	0.08847427	1.0488088	0.9653716	0	11	0	1	0	0	612.8238983086648	1223.6332436837038	52.534172	-.QPLLGPPESMR.-	sp|B5ME19|EIFCL_HUMAN	sp|Q99613-2|EIF3C_HUMAN	sp|Q99613|EIF3C_HUMAN
2017dec27_overlap_dia_6b_rep1_604to616.dia:3152.0503:VPINDVLAEDK+2	1	74459	15.038332	0.86371523	1.221472	6.3579936	5.879133	0.042717803	0.01419538	12.0	0.0	2.349244	0.702751	0.0	10.0	10.0	2.221159	0.0067825317	10.0	1.0241606	0	11	0	1	0	0	606.8271603086647	1211.6397676837037	52.534172	-.VPINDVLAEDK.-	sp|P82650-2|RT22_HUMAN	sp|P82650|RT22_HUMAN
2017dec27_overlap_dia_6b_rep1_604to616.dia:3152.0503:decoyLRSPSLITVDK+2	-1	74459	8.079263	0.5096544	0.7678238	6.000081	5.394646	0.31902203	0.023644192	5.0	1.0	2.4803174	1.8602381	0.0	10.0	10.0	-2.4871745	0.17683792	10.0	2.1816478	1	11	0	1	0	0	614.8666198086647	1227.7186866837037	52.534172	-.LRSPSLITVDK.-	DECOY_sp|O75369-2|FLNB_HUMAN	DECOY_sp|O75369-3|FLNB_HUMAN	DECOY_sp|O75369-4|FLNB_HUMAN	DECOY_sp|O75369-5|FLNB_HUMAN	DECOY_sp|O75369-6|FLNB_HUMAN	DECOY_sp|O75369-7|FLNB_HUMAN	DECOY_sp|O75369-8|FLNB_HUMAN	DECOY_sp|O75369-9|FLNB_HUMAN	DECOY_sp|O75369|FLNB_HUMAN
2017dec27_overlap_dia_6b_rep1_604to616.dia:3156.2642:AEELIQEIQR+2	1	74564	10.702556	0.5655121	0.72827685	6.097035	5.2752414	0.11905741	0.0053137597	8.0	1.0	2.934932	-1.3247796	0.0	10.0	10.0	-1.4649487	0.09580231	10.0	1.0033699	0	10	0	1	0	0	614.8302348086647	1227.6459166837037	52.604404	-.AEELIQEIQR.-	sp|Q9H5N1-2|RABE2_HUMAN	sp|Q9H5N1|RABE2_HUMAN
2017dec27_overlap_dia_6b_rep1_604to616.dia:3156.2642:ANVTVLDTQIR+2	1	74564	16.739809	1.3176478	1.9291127	6.9455276	6.2868824	0.027763287	0.0026046862	13.0	1.0	4.256378	1.6410867	0.98696357	3.7538884	1.6855487	0.98414135	0.015579224	0.001940608	1.9624964	0	11	0	1	0	0	615.3460523086646	1228.6775516837035	52.604404	-.ANVTVLDTQIR.-	sp|Q9NZM1-2|MYOF_HUMAN	sp|Q9NZM1-3|MYOF_HUMAN	sp|Q9NZM1-5|MYOF_HUMAN	sp|Q9NZM1-6|MYOF_HUMAN	sp|Q9NZM1|MYOF_HUMAN
2017dec27_overlap_dia_6b_rep1_604to616.dia:3156.2642:FYVHNDIFR+2	1	74564	15.659842	1.5087557	1.9412469	6.9795036	6.4226985	0.016130107	0.0010309708	12.0	1.0	1.0698248	-0.20921029	0.91061383	4.518614	4.0994353	-0.046541214	0.22337723	2.4158273	0.11219941	0	9	0	1	0	0	605.8038183086646	1209.5930836837035	52.604404	-.FYVHNDIFR.-	sp|Q13283|G3BP1_HUMAN
2017dec27_overlap_dia_6b_rep1_604to616.dia:3156.2642:GEGPDVDVSLPK+2	1	74564	17.58892	1.325877	1.6125594	6.648513	5.925734	0.0051049744	8.5538294E-4	14.0	0.0	0.6362939	0.201375	0.5007615	3.3756804	3.3756804	3.8430653	0.16276169	1.6920724	0.5227847	0	12	0	1	0	0	606.8089678086646	1211.6033826837036	52.604404	-.GEGPDVDVSLPK.-	sp|Q09666|AHNK_HUMAN
2017dec27_overlap_dia_6b_rep1_604to616.dia:3156.2642:IPPNWYPDAR+2	1	74564	14.0698595	0.59801835	0.8020164	6.4687033	5.7291	0.06280495	0.0075051817	11.0	1.0	3.3682353	1.1011509	0.79587954	6.4223313	-6.4223313	0.043272972	0.105075836	8.10594	1.4225606	0	10	0	1	0	0	614.8091008086647	1227.6036486837036	52.604404	-.IPPNWYPDAR.-	sp|Q8IYB8|SUV3_HUMAN
2017dec27_overlap_dia_6b_rep1_604to616.dia:3156.2642:VNEDTMELIR+2	1	74564	13.863485	0.88480616	1.0317792	6.2623286	5.4675584	0.035859108	0.0047708373	11.0	0.0	1.3105007	0.70614433	0.94684196	4.046241	3.7737327	3.7454872	0.097213745	2.0901246	1.027554	0	10	0	1	0	0	610.3029953086647	1218.5914376837036	52.604404	-.VNEDTMELIR.-	sp|Q6P1M0|S27A4_HUMAN
2017dec27_overlap_dia_6b_rep1_604to616.dia:3156.2642:VNEDTMELLR+2	1	74564	13.863485	0.88480616	1.0317792	6.2623286	5.4675584	0.035859108	0.0047708373	11.0	0.0	1.3105007	0.70614433	0.94684196	4.046241	3.7737327	3.7454872	0.097213745	2.0901246	1.027554	0	10	0	1	0	0	610.3029953086647	1218.5914376837036	52.604404	-.VNEDTMELLR.-	sp|Q6PCB7-2|S27A1_HUMAN	sp|Q6PCB7|S27A1_HUMAN
2017dec27_overlap_dia_6b_rep1_604to616.dia:3156.2642:decoyADVAPILDDQR+2	-1	74564	11.388044	0.6258677	0.76446515	5.8282804	5.305319	0.12642181	0.016379124	9.0	0.0	1.9771036	1.2060965	0.48169404	9.872964	9.872964	-1.547513	0.09862518	8.189356	1.5275062	0	11	0	1	0	0	606.8145848086646	1211.6146166837034	52.604404	-.ADVAPILDDQR.-	DECOY_sp|Q9NUL5-2|CS066_HUMAN	DECOY_sp|Q9NUL5-3|CS066_HUMAN	DECOY_sp|Q9NUL5-4|CS066_HUMAN	DECOY_sp|Q9NUL5|CS066_HUMAN
2017dec27_overlap_dia_6b_rep1_604to616.dia:3156.2642:decoyALVDPGEETER+2	-1	74564	10.7858305	0.56236124	0.7439066	6.18031	4.9330525	0.24145795	0.03755579	8.0	1.0	3.5156276	-0.7582947	0.7616153	2.9185379	0.8686791	-0.70016766	12.706249	0.81492895	0.436885	0	11	0	1	0	0	608.2962248086648	1214.5778966837038	52.604404	-.ALVDPGEETER.-	DECOY_sp|Q15436-2|SC23A_HUMAN	DECOY_sp|Q15436|SC23A_HUMAN
2017dec27_overlap_dia_6b_rep1_604to616.dia:3156.2642:decoyFIC[+57.0214635]TSYHETIQTNTK+3	-1	74564	12.273813	0.54997367	0.575328	5.7140503	5.2052603	0.08070654	0.017116658	10.0	1.0	7.08719	-0.7611599	0.0	10.0	10.0	0.93765163	8.039398	10.0	0.4397502	0	15	0	0	1	0	614.9612071947141	1841.8617921837038	52.604404	-.FIC[+57.0214635]TSYHETIQTNTK.-	DECOY_sp|Q15003|CND2_HUMAN
2017dec27_overlap_dia_6b_rep1_604to616.dia:3156.2642:decoyQAIHTAAMQVR+2	-1	74564	13.071153	0.58885795	1.0704517	5.4699965	4.7080436	0.10042587	0.018506883	11.0	2.0	3.7680378	2.1259537	0.5817105	1.5294002	0.7144604	0.41568375	20.129322	0.9691477	2.4473634	0	11	0	1	0	0	613.3271403086645	1224.6397276837033	52.604404	-.QAIHTAAMQVR.-	DECOY_sp|Q00403|TF2B_HUMAN
2017dec27_overlap_dia_6b_rep1_604to616.dia:3156.2642:decoyQMSEPPGLLPR+2	-1	74564	10.044474	0.3507907	0.70236826	6.342043	5.0119033	0.3107512	0.040879715	7.0	1.0	1.5468894	-0.95298773	0.99961215	2.3936615	2.3936615	-2.983366	0.023200989	0.71005344	0.631578	0	11	0	1	0	0	612.8238983086645	1223.6332436837033	52.604404	-.QMSEPPGLLPR.-	DECOY_sp|B5ME19|EIFCL_HUMAN	DECOY_sp|Q99613-2|EIF3C_HUMAN	DECOY_sp|Q99613|EIF3C_HUMAN
2017dec27_overlap_dia_6b_rep1_604to616.dia:3156.2642:decoyVILEMTDENR+2	-1	74564	8.948994	0.3781257	0.7894544	6.0916615	4.976034	0.23383394	0.019729894	6.0	0.0	3.711768	-2.7838259	0.94684196	4.046241	3.7737327	-2.2226963	0.097213745	2.0901246	2.4624162	0	10	0	1	0	0	610.3029953086647	1218.5914376837036	52.604404	-.VILEMTDENR.-	DECOY_sp|Q6P1M0|S27A4_HUMAN
2017dec27_overlap_dia_6b_rep1_604to616.dia:3156.2642:decoyVLLEMTDENR+2	-1	74564	8.948994	0.3781257	0.7894544	6.0916615	4.976034	0.23383394	0.019729894	6.0	0.0	3.711768	-2.7838259	0.94684196	4.046241	3.7737327	-2.2226963	0.097213745	2.0901246	2.4624162	0	10	0	1	0	0	610.3029953086647	1218.5914376837036	52.604404	-.VLLEMTDENR.-	DECOY_sp|Q6PCB7-2|S27A1_HUMAN	DECOY_sp|Q6PCB7|S27A1_HUMAN
2017dec27_overlap_dia_6b_rep1_604to616.dia:3156.2642:decoyYFDEFPQQR+2	-1	74564	9.210759	0.47683984	0.5797019	6.3534265	5.685364	0.17719753	0.025652554	6.0	0.0	4.634727	1.8070478	0.0	10.0	10.0	-2.3477993	0.8374748	10.0	2.1284575	0	9	0	1	0	0	615.2829163086647	1228.5512796837036	52.604404	-.YFDEFPQQR.-	DECOY_sp|P19174-2|PLCG1_HUMAN	DECOY_sp|P19174|PLCG1_HUMAN
2017dec27_overlap_dia_6b_rep1_604to616.dia:3160.3765:HVVAVVLGDVGR+2	1	74668	15.9334755	0.9933094	1.1561589	6.139195	5.7499223	0.12239226	0.011180178	13.0	2.0	5.5339675	0.32684243	0.0	10.0	10.0	2.3044643	0.16109467	10.0	0.6482521	0	12	0	1	0	0	610.8591298086646	1219.7037066837036	52.67294	-.HVVAVVLGDVGR.-	sp|Q9BT22|ALG1_HUMAN
2017dec27_overlap_dia_6b_rep1_604to616.dia:3160.3765:LKTDVDVSLPK+2	1	74668	12.868816	0.8190258	1.1795505	6.3090525	5.5084043	0.02674491	0.0023631207	10.0	0.0	3.8380022	-1.3122054	0.0	10.0	10.0	-0.52708244	0.23129654	10.0	0.99079573	1	11	0	1	0	0	607.8531783086647	1213.6918036837037	52.67294	-.LKTDVDVSLPK.-	sp|Q09666|AHNK_HUMAN
2017dec27_overlap_dia_6b_rep1_604to616.dia:3160.3765:TPTLTSIYC[+57.0214635]R+2	1	74668	13.4651985	0.8004801	1.2738407	5.8640428	5.3985796	0.05914665	0.009427121	11.0	1.0	1.4548926	0.011778355	0.8010458	5.083809	5.083809	0.56961155	0.0015411377	3.4002008	0.33318806	0	10	0	1	0	0	606.3080770586647	1210.6016011837037	52.67294	-.TPTLTSIYC[+57.0214635]R.-	sp|P29590-10|PML_HUMAN	sp|P29590-11|PML_HUMAN	sp|P29590-12|PML_HUMAN	sp|P29590-13|PML_HUMAN	sp|P29590-14|PML_HUMAN	sp|P29590-2|PML_HUMAN	sp|P29590-3|PML_HUMAN	sp|P29590-4|PML_HUMAN	sp|P29590-5|PML_HUMAN	sp|P29590-8|PML_HUMAN	sp|P29590-9|PML_HUMAN	sp|P29590|PML_HUMAN
2017dec27_overlap_dia_6b_rep1_604to616.dia:3160.3765:decoyESAVTPDC[+57.0214635]LAR+2	-1	74668	12.244271	0.6277467	1.0744094	5.684508	4.985839	0.14384331	0.025221672	10.0	1.0	1.595523	-0.6879648	0.5411262	5.5365114	-5.5365114	-0.929842	15.257084	7.2201195	0.3665551	0	11	0	1	0	0	609.7927950586646	1217.5710371837035	52.67294	-.ESAVTPDC[+57.0214635]LAR.-	DECOY_sp|Q9BRX2|PELO_HUMAN
2017dec27_overlap_dia_6b_rep1_604to616.dia:3160.3765:decoyILGEPDKSQNVDILSGR+3	-1	74668	17.217476	0.6662034	0.85980684	6.277068	5.234623	0.13325803	0.011978	14.0	2.0	3.4465237	-0.41807866	0.0	10.0	10.0	0.842103	0.07927704	10.0	0.09666896	1	17	0	0	1	0	614.3302900280473	1839.9690406837033	52.67294	-.ILGEPDKSQNVDILSGR.-	DECOY_sp|P61326-2|MGN_HUMAN	DECOY_sp|P61326|MGN_HUMAN	DECOY_sp|Q96A72|MGN2_HUMAN
2017dec27_overlap_dia_6b_rep1_604to616.dia:3160.3765:decoyLAPVEIESSSGK+2	-1	74668	11.350671	0.17984052	0.79532874	5.7909074	5.547029	0.19803575	0.025228694	9.0	1.0	3.444773	-0.6921382	0.0	10.0	10.0	-2.1040592	9.994411	10.0	0.3707285	0	12	0	1	0	0	608.8246173086645	1215.6346816837033	52.67294	-.LAPVEIESSSGK.-	DECOY_sp|Q6UXV4|MIC27_HUMAN
2017dec27_overlap_dia_6b_rep1_604to616.dia:3160.3765:decoyLESIDMPGQLK+2	-1	74668	10.127039	0.4526326	0.8365137	5.5215178	5.029291	0.10573719	0.010140115	8.0	1.0	3.8742933	2.90572	0.0	10.0	10.0	-2.4697027	0.48724365	10.0	3.2271297	0	11	0	1	0	0	615.8235638086645	1229.6325746837033	52.67294	-.LESIDMPGQLK.-	DECOY_sp|Q9H8Y5|ANKZ1_HUMAN
2017dec27_overlap_dia_6b_rep1_604to616.dia:3160.3765:decoyVSSDVTFSQLK+2	-1	74668	11.637896	0.33329687	0.8984283	6.0781317	5.205362	0.21004122	0.030628975	9.0	1.0	3.3953588	-0.23904419	0.0	10.0	10.0	-0.77610874	7.019909	10.0	0.08236551	0	11	0	1	0	0	605.8193353086647	1209.6241176837036	52.67294	-.VSSDVTFSQLK.-	DECOY_sp|O75369-2|FLNB_HUMAN	DECOY_sp|O75369-3|FLNB_HUMAN	DECOY_sp|O75369-4|FLNB_HUMAN	DECOY_sp|O75369-5|FLNB_HUMAN	DECOY_sp|O75369-6|FLNB_HUMAN	DECOY_sp|O75369-7|FLNB_HUMAN	DECOY_sp|O75369-8|FLNB_HUMAN	DECOY_sp|O75369-9|FLNB_HUMAN	DECOY_sp|O75369|FLNB_HUMAN
2017dec27_overlap_dia_6b_rep1_604to616.dia:3164.5142:VYNENLVHMIEHAQK+3	1	74772	16.905674	1.0080329	1.1916943	5.9652643	5.341728	0.043804187	0.0049139145	14.0	1.0	2.782705	0.74788123	0.9598297	4.718622	4.718622	3.816595	0.41675568	3.0150642	1.0692909	0	15	0	0	1	0	608.9735580280474	1823.8988446837034	52.7419	-.VYNENLVHMIEHAQK.-	sp|O75934|SPF27_HUMAN
2017dec27_overlap_dia_6b_rep1_604to616.dia:3164.5142:decoyALEPRGDSPTGLSSDSPR+3	-1	74772	13.334231	0.36251122	0.82978904	5.733075	5.0902557	0.22563477	0.022097697	11.0	3.0	2.3251452	1.3043774	0.0	10.0	10.0	-0.44352055	13.586895	10.0	1.6257871	1	18	0	0	1	0	614.637782694714	1840.8915186837032	52.7419	-.ALEPRGDSPTGLSSDSPR.-	DECOY_sp|Q15642-2|CIP4_HUMAN	DECOY_sp|Q15642-3|CIP4_HUMAN	DECOY_sp|Q15642-4|CIP4_HUMAN	DECOY_sp|Q15642-5|CIP4_HUMAN	DECOY_sp|Q15642|CIP4_HUMAN
2017dec27_overlap_dia_6b_rep1_604to616.dia:3164.5142:decoyDGTGTAAC[+57.0214635]AC[+57.0214635]IK+2	-1	74772	10.649952	0.5955733	0.930605	6.0444307	5.3123603	0.1608824	0.019203296	8.0	0.0	3.147865	2.108358	0.0	10.0	10.0	-1.5300188	21.986374	10.0	2.4297676	0	12	0	1	0	0	612.7710063086645	1223.5274596837032	52.7419	-.DGTGTAAC[+57.0214635]AC[+57.0214635]IK.-	DECOY_sp|Q96GQ7|DDX27_HUMAN
2017dec27_overlap_dia_6b_rep1_604to616.dia:3164.5142:decoyMFADGQANPDNHPDWK+3	-1	74772	10.534443	0.48144928	0.68510544	5.9289227	5.5336537	0.22077088	0.030829534	8.0	3.0	2.657507	-0.4745795	0.0	10.0	10.0	-1.5894775	8.003147	10.0	0.15316981	0	16	0	0	1	0	614.9336540280473	1841.779132683703	52.7419	-.MFADGQANPDNHPDWK.-	DECOY_sp|P08621-2|RU17_HUMAN	DECOY_sp|P08621-3|RU17_HUMAN	DECOY_sp|P08621|RU17_HUMAN
2017dec27_overlap_dia_6b_rep1_604to616.dia:3164.5142:decoyQEEELPSGPSQPGPRAR+3	-1	74772	10.575333	0.6369341	0.99433154	5.9698124	4.6216187	0.11709302	0.017282085	8.0	3.0	1.573082	0.99291795	0.0	10.0	10.0	-1.1757202	9.224415	10.0	1.3143277	1	17	0	0	1	0	612.3062563613807	1833.8969396837035	52.7419	-.QEEELPSGPSQPGPRAR.-	DECOY_sp|A6NI72|NCF1B_HUMAN	DECOY_sp|A8MVU1|NCF1C_HUMAN	DECOY_sp|P14598|NCF1_HUMAN
2017dec27_overlap_dia_6b_rep1_604to616.dia:3166.5723:AQDDLIPAVDR+2	1	74824	11.335301	1.1281335	1.3806473	5.775538	5.224825	0.08664838	0.004120843	9.0	0.0	2.237593	1.4014635	0.59107965	1.5934837	-1.5934837	0.27631474	0.25828934	3.3169916	1.7228732	0	11	0	1	0	0	606.8145848086647	1211.6146166837036	52.776203	-.AQDDLIPAVDR.-	sp|Q9NUL5-2|CS066_HUMAN	sp|Q9NUL5-3|CS066_HUMAN	sp|Q9NUL5-4|CS066_HUMAN	sp|Q9NUL5|CS066_HUMAN
2017dec27_overlap_dia_6b_rep1_604to616.dia:3168.5813:GQMEEQFWR+2	1	74876	11.574251	1.0066272	1.1336657	6.0144873	5.492661	0.028244711	0.004103105	9.0	0.0	1.993091	-0.12094611	0.0	10.0	10.0	3.1478271	0.089790344	10.0	0.2004636	0	9	0	1	0	0	605.7691233086647	1209.5236936837036	52.80969	-.GQMEEQFWR.-	sp|O75717-2|WDHD1_HUMAN	sp|O75717|WDHD1_HUMAN
2017dec27_overlap_dia_6b_rep1_604to616.dia:3168.5813:decoyNEDFAVDEFK+2	-1	74876	10.856062	0.707968	0.8489178	6.250541	5.6114044	0.108822934	0.021939792	8.0	0.0	3.861697	2.8962727	0.818747	8.544767	8.544767	-1.9441319	0.12863159	6.8212595	3.2176824	0	10	0	1	0	0	607.2722178086645	1212.5298826837034	52.80969	-.NEDFAVDEFK.-	DECOY_sp|P07237|PDIA1_HUMAN
2017dec27_overlap_dia_6b_rep1_604to616.dia:3172.6738:decoyRELFEFEDK+2	-1	74980	10.0259695	0.964567	1.3884655	6.323539	5.317974	0.16374221	0.026634453	7.0	1.0	4.7278714	2.8407402	0.0	10.0	10.0	-2.1140747	0.72639084	10.0	3.16215	1	9	0	1	0	0	606.7984028086647	1211.5822526837037	52.877895	-.RELFEFEDK.-	DECOY_sp|Q14258|TRI25_HUMAN
2017dec27_overlap_dia_6b_rep1_604to616.dia:3172.6738:decoyRIAEIQTHTFQITNR+3	-1	74980	13.24844	1.1355702	1.3653967	5.647284	5.254827	0.12440338	0.027453663	11.0	7.0	3.593519	-1.316327	0.0	10.0	10.0	0.23282528	6.47414	10.0	0.9949173	1	15	0	0	1	0	609.9989870280475	1826.975131683704	52.877895	-.RIAEIQTHTFQITNR.-	DECOY_sp|O60306|AQR_HUMAN
2017dec27_overlap_dia_6b_rep1_604to616.dia:3174.7349:AEITDAEGLGLK+2	1	75032	14.078245	1.1997709	1.4905893	6.4770885	5.723655	0.022197735	0.0038529267	11.0	1.0	4.278645	3.2089837	0.92084557	5.5154934	5.5154934	1.6321182	0.1512909	3.7919855	3.5303934	0	12	0	1	0	0	608.8246183086648	1215.6346836837038	52.912247	-.AEITDAEGLGLK.-	sp|Q14203-2|DCTN1_HUMAN	sp|Q14203-3|DCTN1_HUMAN	sp|Q14203-4|DCTN1_HUMAN	sp|Q14203-5|DCTN1_HUMAN	sp|Q14203-6|DCTN1_HUMAN	sp|Q14203|DCTN1_HUMAN
2017dec27_overlap_dia_6b_rep1_604to616.dia:3174.7349:EAIIPGSVYDR+2	1	75032	14.036838	1.0650092	1.3902256	6.4356813	5.7776504	0.01881469	0.00433491	11.0	0.0	4.6936398	3.5202298	0.81569594	6.0663476	6.0663476	1.219471	0.01102066	4.3428397	3.8416395	0	11	0	1	0	0	610.3194983086647	1218.6244436837037	52.912247	-.EAIIPGSVYDR.-	sp|Q92900-2|RENT1_HUMAN	sp|Q92900|RENT1_HUMAN
2017dec27_overlap_dia_6b_rep1_604to616.dia:3174.7349:MGELASESQGSK+2	1	75032	9.043793	0.81077045	1.2280009	5.3413615	4.71493	0.14554189	0.024117181	7.0	0.0	5.533626	3.4787521	0.0	10.0	10.0	-1.7467356	22.904575	10.0	3.8001618	0	12	0	1	0	0	612.2822598086648	1222.5499666837038	52.912247	-.MGELASESQGSK.-	sp|Q9UQB8-2|BAIP2_HUMAN	sp|Q9UQB8-3|BAIP2_HUMAN	sp|Q9UQB8-4|BAIP2_HUMAN	sp|Q9UQB8-5|BAIP2_HUMAN	sp|Q9UQB8-6|BAIP2_HUMAN	sp|Q9UQB8|BAIP2_HUMAN
2017dec27_overlap_dia_6b_rep1_604to616.dia:3174.7349:NFEDVAFDEK+2	1	75032	16.675112	1.8432127	2.2436745	6.880831	6.272717	0.002049001	3.8530605E-4	13.0	0.0	4.670049	3.5025368	0.978426	7.484794	7.484794	-0.035661697	0.23315048	5.7612863	3.8239465	0	10	0	1	0	0	607.2722178086647	1212.5298826837036	52.912247	-.NFEDVAFDEK.-	sp|P07237|PDIA1_HUMAN
2017dec27_overlap_dia_6b_rep1_604to616.dia:3176.76:decoyHGYDILEPRK+2	-1	75084	9.834624	0.37094662	0.49826807	6.1321936	5.275693	0.20165308	0.016156508	7.0	0.0	4.138964	3.1042233	0.0	10.0	10.0	-1.2635345	19.640526	10.0	3.425633	1	10	0	1	0	0	614.3276578086645	1226.6407626837033	52.946	-.HGYDILEPRK.-	DECOY_sp|P12814-2|ACTN1_HUMAN	DECOY_sp|P12814-3|ACTN1_HUMAN	DECOY_sp|P12814-4|ACTN1_HUMAN	DECOY_sp|P12814|ACTN1_HUMAN
2017dec27_overlap_dia_6b_rep1_604to616.dia:3180.8428:TDPGTVFVMNK+2	1	75188	14.859349	0.7385214	1.0212101	6.1790113	5.6597376	0.060304146	0.008112131	12.0	2.0	3.7250226	-2.081572	0.812783	0.27050394	-0.27050394	-0.123841286	0.13640976	1.9940119	1.7601624	0	11	0	1	0	0	604.8026318086647	1207.5907106837037	53.014046	-.TDPGTVFVMNK.-	sp|Q9NYK5-2|RM39_HUMAN	sp|Q9NYK5|RM39_HUMAN
2017dec27_overlap_dia_6b_rep1_604to616.dia:3185.0303:VAQLEQVYIR+2	1	75292	21.049627	2.2261612	2.7915509	7.7290077	7.1989794	0.0013962556	2.7924814E-4	16.0	9.0	1.9622179	1.4716635	0.99997336	5.9645214	5.9645214	-0.041205883	0.24996567	4.2410135	1.7930732	0	10	0	1	0	0	609.8456838086646	1217.6768146837035	53.08384	-.VAQLEQVYIR.-	sp|P62318-2|SMD3_HUMAN	sp|P62318|SMD3_HUMAN
2017dec27_overlap_dia_6b_rep1_604to616.dia:3187.1685:LEVGTETIIDK+2	1	75344	11.211473	0.41670004	0.58989304	6.6059523	6.0011153	0.06449259	0.008054696	8.0	1.0	4.3815103	0.4338366	0.5488422	6.789158	-6.789158	-1.8780766	0.1953659	8.512666	0.7426702	0	11	0	1	0	0	609.3348188086647	1216.6550846837038	53.119473	-.LEVGTETIIDK.-	sp|P54868-2|HMCS2_HUMAN	sp|P54868-3|HMCS2_HUMAN	sp|P54868|HMCS2_HUMAN	sp|Q01581|HMCS1_HUMAN
2017dec27_overlap_dia_6b_rep1_604to616.dia:3187.1685:decoyFFIDNHVYR+2	-1	75344	9.400391	0.3101742	0.51611894	6.5430584	5.6891723	0.30601484	0.03889235	6.0	1.0	5.487507	-1.8747152	0.47118798	8.887556	8.887556	-2.5387945	0.2846222	7.164048	1.5658816	0	9	0	1	0	0	605.8038183086646	1209.5930836837035	53.119473	-.FFIDNHVYR.-	DECOY_sp|Q13283|G3BP1_HUMAN
2017dec27_overlap_dia_6b_rep1_604to616.dia:3187.1685:decoyLDIITETGVEK+2	-1	75344	10.008943	0.28997985	0.41424033	6.306512	5.642898	0.11939243	0.016502177	7.0	0.0	4.08326	0.21014899	0.5488422	6.789158	-6.789158	-2.9058132	0.1953659	8.512666	0.5189826	0	11	0	1	0	0	609.3348188086646	1216.6550846837035	53.119473	-.LDIITETGVEK.-	DECOY_sp|P54868-2|HMCS2_HUMAN	DECOY_sp|P54868-3|HMCS2_HUMAN	DECOY_sp|P54868|HMCS2_HUMAN	DECOY_sp|Q01581|HMCS1_HUMAN
2017dec27_overlap_dia_6b_rep1_604to616.dia:3189.2253:GVLLYGPPGC[+57.0214635]GK+2	1	75396	15.710972	0.86926526	1.1490365	7.0306334	6.5524735	0.006698476	0.0014423111	12.0	3.0	2.7994034	2.0995526	0.8037099	1.7970182	-1.7970182	-0.92042446	0.1673317	3.520526	2.4083862	0	12	0	1	0	0	609.3209875586648	1216.6274221837039	53.153755	-.GVLLYGPPGC[+57.0214635]GK.-	sp|Q8NBU5-2|ATAD1_HUMAN	sp|Q8NBU5|ATAD1_HUMAN
2017dec27_overlap_dia_6b_rep1_604to616.dia:3189.2253:decoyADLPHAC[+57.0214635]IYR+2	-1	75396	10.674704	0.7795187	0.91129065	6.0691833	5.2987266	0.16285816	0.04534809	8.0	1.0	2.7008398	2.0256298	0.0	10.0	10.0	-1.2371349	14.683308	10.0	2.3344634	0	10	0	1	0	0	608.3005860586645	1214.5866191837033	53.153755	-.ADLPHAC[+57.0214635]IYR.-	DECOY_sp|Q9H845|ACAD9_HUMAN
2017dec27_overlap_dia_6b_rep1_604to616.dia:3191.272:GMGGAMDLVSSAK+2	1	75448	17.808863	1.3053066	1.540889	6.8684535	6.3521204	0.004790242	0.0014123734	14.0	3.0	1.3887997	1.0415998	0.96549743	5.7919292	5.7919292	5.1256037	0.14175415	4.0684214	1.3504333	0	13	0	1	0	0	612.2915738086647	1222.5685946837036	53.187866	-.GMGGAMDLVSSAK.-	sp|P55809-2|SCOT1_HUMAN	sp|P55809|SCOT1_HUMAN
2017dec27_overlap_dia_6b_rep1_604to616.dia:3193.2966:GEGPDVDVTLPK+2	1	75500	15.56886	1.5525694	1.7520658	6.888522	6.2009354	0.0074646743	8.133736E-4	12.0	5.0	2.8619652	2.0318718	0.9780099	3.8094077	3.8094077	-0.8193693	0.057086945	2.0858998	2.3407054	0	12	0	1	0	0	613.8167933086647	1225.6190336837037	53.22161	-.GEGPDVDVTLPK.-	sp|Q09666|AHNK_HUMAN
2017dec27_overlap_dia_6b_rep1_604to616.dia:3193.2966:decoyGPLTAISDASGTK+2	-1	75500	11.089684	0.8314278	1.2338763	5.52992	5.538587	0.07027319	0.032468442	9.0	0.0	3.3065062	2.4798796	0.81738305	4.7706633	4.7706633	-0.9478674	8.365425	3.0471554	2.7887132	0	13	0	1	0	0	609.3222428086646	1216.6299326837034	53.22161	-.GPLTAISDASGTK.-	DECOY_sp|Q2NKX8|ERC6L_HUMAN
2017dec27_overlap_dia_6b_rep1_604to616.dia:3195.412:LLQGPMDISEK+2	1	75552	10.329142	0.66806364	0.9359542	5.7236214	5.2274504	0.071479835	0.008580838	8.0	0.0	4.3337913	-0.760708	0.8118943	8.59599	-8.59599	-1.8066034	0.08986282	10.319498	0.45187438	0	11	0	1	0	0	615.8235638086647	1229.6325746837038	53.25687	-.LLQGPMDISEK.-	sp|Q9H8Y5|ANKZ1_HUMAN
2017dec27_overlap_dia_6b_rep1_604to616.dia:3195.412:THIDTVINALK+2	1	75552	17.61435	1.2491918	1.5291233	6.67394	6.5104685	0.021729216	0.006191406	14.0	3.0	1.9985884	0.41955024	0.8291085	1.2954319	0.12849087	2.773798	0.23443604	1.595017	0.72838384	0	11	0	1	0	0	612.8509703086646	1223.6873876837035	53.25687	-.THIDTVINALK.-	sp|O95782-2|AP2A1_HUMAN	sp|O95782|AP2A1_HUMAN
2017dec27_overlap_dia_6b_rep1_604to616.dia:3195.412:VALPDGTTVTVR+2	1	75552	15.188938	0.85724854	1.2499694	6.5086	5.813666	0.05896405	0.0037210041	12.0	2.0	2.3754375	-1.3225405	0.8185102	5.127166	5.127166	1.1223364	0.0488472	3.403658	1.0137069	0	12	0	1	0	0	614.8484283086647	1227.6823036837036	53.25687	-.VALPDGTTVTVR.-	sp|Q96L92-2|SNX27_HUMAN	sp|Q96L92-3|SNX27_HUMAN	sp|Q96L92|SNX27_HUMAN
2017dec27_overlap_dia_6b_rep1_604to616.dia:3195.412:decoyEYEISEVMAR+2	-1	75552	10.940428	0.4490169	0.69737434	6.3349066	5.6747484	0.13314591	0.012197094	8.0	0.0	0.98067594	-0.15579125	0.0	10.0	10.0	-1.6848812	4.862076	10.0	0.15304235	0	10	0	1	0	0	613.7897163086645	1225.5648796837033	53.25687	-.EYEISEVMAR.-	DECOY_sp|P47712|PA24A_HUMAN
2017dec27_overlap_dia_6b_rep1_604to616.dia:3195.412:decoyHVEMYEQER+2	-1	75552	11.183193	0.47393143	0.78464234	6.577673	5.9409575	0.16543221	0.022907546	8.0	1.0	0.5449872	-0.16604215	0.0	10.0	10.0	-2.37461	23.113136	10.0	0.14279145	0	9	0	1	0	0	610.7718583086646	1219.5291636837035	53.25687	-.HVEMYEQER.-	DECOY_sp|Q15363|TMED2_HUMAN
2017dec27_overlap_dia_6b_rep1_604to616.dia:3195.412:decoyTLANIVTDIHK+2	-1	75552	11.003128	0.63057303	0.8711355	6.397607	5.622572	0.09611839	0.015781274	8.0	2.0	1.6694621	-0.14122412	0.8291085	1.2954319	0.12849087	-2.1812792	0.23443604	1.595017	0.16760948	0	11	0	1	0	0	612.8509703086646	1223.6873876837035	53.25687	-.TLANIVTDIHK.-	DECOY_sp|O95782-2|AP2A1_HUMAN	DECOY_sp|O95782|AP2A1_HUMAN
2017dec27_overlap_dia_6b_rep1_604to616.dia:3203.6162:EGAAVIDVGINR+2	1	75760	17.475163	0.8988921	1.3108331	6.534753	5.9422946	0.012174659	0.002472625	14.0	0.0	2.7211733	2.04088	0.8952142	2.9705088	-0.2736401	1.0237379	0.056877136	1.997148	2.3622897	0	12	0	1	0	0	607.3304018086646	1212.6462506837036	53.393604	-.EGAAVIDVGINR.-	sp|P13995-2|MTDC_HUMAN	sp|P13995|MTDC_HUMAN
2017dec27_overlap_dia_6b_rep1_604to616.dia:3203.6162:ILAEESYLYK+2	1	75760	11.949472	0.38675871	0.8711968	6.3897085	5.5716553	0.048239324	0.012024795	9.0	1.0	7.0976634	0.7958095	0.5570709	3.8019953	3.8019953	-0.32547283	0.013618469	2.0784874	1.1172192	0	10	0	1	0	0	614.8266203086647	1227.6386876837037	53.393604	-.ILAEESYLYK.-	sp|Q9NVX0-2|HAUS2_HUMAN	sp|Q9NVX0-3|HAUS2_HUMAN	sp|Q9NVX0|HAUS2_HUMAN
2017dec27_overlap_dia_6b_rep1_604to616.dia:3203.6162:RDEFEFLEK+2	1	75760	13.158569	0.9118484	1.1169658	6.5988054	5.8409715	0.04468193	0.0032709592	10.0	0.0	3.994417	2.9958127	0.812744	0.9020898	-0.9020898	2.424407	0.21068192	2.6255977	3.3172224	1	9	0	1	0	0	606.7984028086647	1211.5822526837037	53.393604	-.RDEFEFLEK.-	sp|Q14258|TRI25_HUMAN
2017dec27_overlap_dia_6b_rep1_604to616.dia:3203.6162:TTVLAMDQVPR+2	1	75760	16.396471	0.8179677	1.2282691	6.6021895	5.9908676	0.014143123	0.0027088798	13.0	0.0	1.8251129	0.7006109	0.96860194	6.021823	6.021823	3.4155846	0.10736084	4.298315	1.0220206	0	11	0	1	0	0	615.8291813086646	1229.6438096837035	53.393604	-.TTVLAMDQVPR.-	sp|Q13423|NNTM_HUMAN
2017dec27_overlap_dia_6b_rep1_604to616.dia:3203.6162:YQQPFEDFR+2	1	75760	11.661209	0.3021933	0.5806319	6.101446	5.640864	0.041215334	0.017291367	9.0	0.0	5.916857	0.7696644	0.0	10.0	10.0	0.7292433	0.06719589	10.0	1.0910741	0	9	0	1	0	0	615.2829163086647	1228.5512796837036	53.393604	-.YQQPFEDFR.-	sp|P19174-2|PLCG1_HUMAN	sp|P19174|PLCG1_HUMAN
2017dec27_overlap_dia_6b_rep1_604to616.dia:3203.6162:decoyDAQSQYQQLK+2	-1	75760	11.100072	0.36923632	0.6868714	6.494551	5.7027063	0.1647443	0.016390555	8.0	0.0	1.8634758	1.3599155	0.0	10.0	10.0	-1.3260727	22.686613	10.0	1.6813252	0	10	0	1	0	0	604.7989308086646	1207.5833086837035	53.393604	-.DAQSQYQQLK.-	DECOY_sp|O75396|SC22B_HUMAN
2017dec27_overlap_dia_6b_rep1_604to616.dia:3203.6162:decoyIYLYSEEALK+2	-1	75760	10.67342	0.5167461	0.6838095	6.067899	5.0626826	0.13757099	0.025800847	8.0	0.0	2.8321507	1.0076069	0.5570709	3.8019953	3.8019953	-1.609168	0.013618469	2.0784874	1.3290166	0	10	0	1	0	0	614.8266203086646	1227.6386876837034	53.393604	-.IYLYSEEALK.-	DECOY_sp|Q9NVX0-2|HAUS2_HUMAN	DECOY_sp|Q9NVX0-3|HAUS2_HUMAN	DECOY_sp|Q9NVX0|HAUS2_HUMAN
2017dec27_overlap_dia_6b_rep1_604to616.dia:3203.6162:decoyLPSSWGSLSGTK+2	-1	75760	12.364367	0.32423183	0.5081143	5.8046026	5.5618854	0.20852417	0.0438251	10.0	1.0	3.5064354	2.6298265	0.0	10.0	10.0	-0.9702625	3.7000008	10.0	2.9512362	0	12	0	1	0	0	610.3195023086646	1218.6244516837035	53.393604	-.LPSSWGSLSGTK.-	DECOY_sp|Q99798|ACON_HUMAN
2017dec27_overlap_dia_6b_rep1_604to616.dia:3203.6162:decoyQTPIQQQVAAK+2	-1	75760	13.445549	0.59587145	0.9528795	5.8443933	5.2559223	0.18738261	0.051944397	11.0	0.0	4.959951	-1.2401053	0.0	10.0	10.0	0.8928633	20.862934	10.0	0.91869557	0	11	0	1	0	0	606.3407708086647	1210.6669886837037	53.393604	-.QTPIQQQVAAK.-	DECOY_sp|Q6ZSZ5-2|ARHGI_HUMAN	DECOY_sp|Q6ZSZ5|ARHGI_HUMAN
2017dec27_overlap_dia_6b_rep1_604to616.dia:3203.6162:decoyVIPFSDC[+57.0214635]SMR+2	-1	75760	8.140112	0.23282155	0.47657594	5.2827787	4.666764	0.13792361	0.041444216	6.0	0.0	2.2652571	1.6989429	0.41007316	4.1252275	-0.69794786	-2.5427313	0.74985504	2.4214559	2.0203526	0	10	0	1	0	0	606.2810085586644	1210.5474641837031	53.393604	-.VIPFSDC[+57.0214635]SMR.-	DECOY_sp|Q7Z2W4-2|ZCCHV_HUMAN	DECOY_sp|Q7Z2W4-4|ZCCHV_HUMAN	DECOY_sp|Q7Z2W4-5|ZCCHV_HUMAN	DECOY_sp|Q7Z2W4|ZCCHV_HUMAN
2017dec27_overlap_dia_6b_rep1_604to616.dia:3205.6326:AVEDDFVEMR+2	1	75812	13.13731	0.59315836	0.83469856	6.5775466	5.948073	0.019188529	0.0015246379	10.0	0.0	4.204489	1.879318	0.9714679	4.584667	3.2114146	3.4453697	0.2112732	1.4879067	2.2007277	0	10	0	1	0	0	605.7740708086646	1209.5335886837036	53.427208	-.AVEDDFVEMR.-	sp|Q9BTE3-2|MCMBP_HUMAN	sp|Q9BTE3-3|MCMBP_HUMAN	sp|Q9BTE3|MCMBP_HUMAN
2017dec27_overlap_dia_6b_rep1_604to616.dia:3205.6326:decoyIQLVHADAPEK+2	-1	75812	10.681751	0.33359608	0.572301	6.07623	4.885812	0.20625725	0.02477424	8.0	1.0	2.2956564	1.7217423	0.0	10.0	10.0	-1.8726234	16.95757	10.0	2.0431519	0	11	0	1	0	0	610.8353203086646	1219.6560876837034	53.427208	-.IQLVHADAPEK.-	DECOY_sp|Q9GZZ1-2|NAA50_HUMAN	DECOY_sp|Q9GZZ1|NAA50_HUMAN
2017dec27_overlap_dia_6b_rep1_604to616.dia:3207.716:decoyQYFGGHEVMR+2	-1	75864	9.751348	0.18893038	0.3194194	6.048917	5.3155065	0.059681613	0.016608039	7.0	0.0	4.9240866	2.66307	0.0	10.0	10.0	-1.6582546	20.359573	10.0	2.9844797	0	10	0	1	0	0	612.2849363086646	1222.5553196837034	53.461933	-.QYFGGHEVMR.-	DECOY_sp|Q14204|DYHC1_HUMAN
2017dec27_overlap_dia_6b_rep1_604to616.dia:3213.8684:WEEVQSYIR+2	1	76020	12.096219	0.71968573	0.8562965	6.5364556	6.0136433	0.03346488	0.0036858045	9.0	0.0	2.4063966	-1.8047974	0.8116052	2.591677	2.591677	-1.0167065	0.035942078	0.8482201	1.4833877	0	9	0	1	0	0	605.2985658086646	1208.5825786837036	53.564472	-.WEEVQSYIR.-	sp|Q86UP2-2|KTN1_HUMAN	sp|Q86UP2-3|KTN1_HUMAN	sp|Q86UP2-4|KTN1_HUMAN	sp|Q86UP2|KTN1_HUMAN
2017dec27_overlap_dia_6b_rep1_604to616.dia:3217.9346:EVMILITGAHK+2	1	76124	9.6960945	0.53116673	0.931601	5.9936633	5.2009954	0.18626657	0.013770264	7.0	1.0	0.8454962	-0.63412213	0.0	10.0	10.0	-2.077798	0.46384048	10.0	0.31271243	0	11	0	1	0	0	606.3444668086647	1210.6743806837037	53.632244	-.EVMILITGAHK.-	sp|P46926-2|GNPI1_HUMAN	sp|P46926|GNPI1_HUMAN	sp|Q8TDQ7-2|GNPI2_HUMAN	sp|Q8TDQ7-3|GNPI2_HUMAN	sp|Q8TDQ7-4|GNPI2_HUMAN	sp|Q8TDQ7-5|GNPI2_HUMAN	sp|Q8TDQ7|GNPI2_HUMAN
2017dec27_overlap_dia_6b_rep1_604to616.dia:3220.0076:AEGPDVAVDLPK+2	1	76176	19.085588	1.6955686	2.0584311	6.969089	6.299972	0.0019285169	4.7219207E-4	15.0	7.0	0.73862535	-0.5378252	0.9990047	5.734244	4.4579597	-0.19489336	0.032798767	2.548665	0.21641552	0	12	0	1	0	0	605.8193358086647	1209.6241186837037	53.666794	-.AEGPDVAVDLPK.-	sp|Q09666|AHNK_HUMAN
2017dec27_overlap_dia_6b_rep1_604to616.dia:3220.0076:VDGIAWSPETR+2	1	76176	13.943438	0.5716474	0.72616595	6.3422813	5.6730804	0.022294987	0.005694715	11.0	0.0	8.038791	-2.9772806	0.17128885	3.9257982	3.9257982	-0.28804874	0.16152954	2.0165033	2.655871	0	11	0	1	0	0	615.8093023086648	1229.6040516837038	53.666794	-.VDGIAWSPETR.-	sp|Q8NFH4|NUP37_HUMAN
2017dec27_overlap_dia_6b_rep1_604to616.dia:3222.0225:ESMFGYHGHGPSPFLR+3	1	76228	11.213041	0.6681948	0.70091707	5.6532784	4.854879	0.059316088	0.009290693	9.0	1.0	1.0891644	-0.55664515	0.7204205	5.161553	-5.161553	-1.4259815	0.30953598	7.084556	0.23523545	0	16	0	0	1	0	606.9508650280475	1817.8307656837037	53.700375	-.ESMFGYHGHGPSPFLR.-	sp|P28340|DPOD1_HUMAN
2017dec27_overlap_dia_6b_rep1_604to616.dia:3222.0225:decoyHRNEDVFVITNVAGLR+3	-1	76228	8.669428	0.31650814	0.65121156	4.9669967	4.466005	0.15156887	0.032820616	7.0	1.0	3.055713	-2.1693137	0.0	10.0	10.0	-1.6579456	1.0260506	10.0	1.847904	1	16	0	0	1	0	613.9989863613805	1838.9751296837028	53.700375	-.HRNEDVFVITNVAGLR.-	DECOY_sp|O60508|PRP17_HUMAN
2017dec27_overlap_dia_6b_rep1_604to616.dia:3224.15:ATEVQFPVKPVVSSEAK+3	1	76280	12.051476	0.9365138	0.91306925	5.4917116	4.5848393	0.0324571	0.009773918	10.0	3.0	2.7331142	-2.0498357	0.0	10.0	10.0	-1.074646	0.010093689	10.0	1.728426	0	17	0	0	1	0	605.9998816947142	1814.977815683704	53.735832	-.ATEVQFPVKPVVSSEAK.-	sp|Q9UKI8-2|TLK1_HUMAN	sp|Q9UKI8-3|TLK1_HUMAN	sp|Q9UKI8-4|TLK1_HUMAN	sp|Q9UKI8-5|TLK1_HUMAN	sp|Q9UKI8|TLK1_HUMAN
2017dec27_overlap_dia_6b_rep1_604to616.dia:3226.1616:EFESAIVEAAR+2	1	76332	14.917837	0.9053201	1.1964002	6.2374988	5.5944004	0.05586598	0.00354959	12.0	1.0	1.436854	-0.80888456	0.8202947	4.279756	4.279756	3.000904	0.23792267	2.3767018	0.49590898	0	11	0	1	0	0	611.3091348086647	1220.6037166837036	53.76936	-.EFESAIVEAAR.-	sp|Q15020-2|SART3_HUMAN	sp|Q15020-4|SART3_HUMAN	sp|Q15020|SART3_HUMAN
2017dec27_overlap_dia_6b_rep1_604to616.dia:3226.1616:TVFEDTVEER+2	1	76332	10.225138	0.8130204	1.1448684	5.6196175	4.903093	0.058384694	0.0082764765	8.0	0.0	2.6643872	-0.97466075	0.2006971	5.869706	5.869706	-2.0662336	10.02829	3.966652	0.66168517	0	10	0	1	0	0	612.7907753086647	1223.5669976837037	53.76936	-.TVFEDTVEER.-	sp|Q16576-2|RBBP7_HUMAN
2017dec27_overlap_dia_6b_rep1_604to616.dia:3226.1616:decoyWIYSQVEER+2	-1	76332	9.766333	0.50391316	0.7566144	6.0639014	5.289911	0.23248085	0.021554027	7.0	0.0	5.5215225	-0.88529754	0.0	10.0	10.0	-2.3188677	0.24082947	10.0	0.57232195	0	9	0	1	0	0	605.2985658086646	1208.5825786837036	53.76936	-.WIYSQVEER.-	DECOY_sp|Q86UP2-2|KTN1_HUMAN	DECOY_sp|Q86UP2-3|KTN1_HUMAN	DECOY_sp|Q86UP2-4|KTN1_HUMAN	DECOY_sp|Q86UP2|KTN1_HUMAN
2017dec27_overlap_dia_6b_rep1_604to616.dia:3228.239:decoyNHTDQMLLAHGNHVPK+3	-1	76384	13.027346	0.5122222	1.3397646	5.4261894	4.780084	0.12573831	0.035946257	11.0	4.0	0.66891265	-0.46329635	0.5190641	7.1399317	-7.1399317	1.1740627	23.79631	9.042986	0.15446275	0	16	0	0	1	0	604.6371720280474	1810.8896866837035	53.80398	-.NHTDQMLLAHGNHVPK.-	DECOY_sp|O43252|PAPS1_HUMAN
2017dec27_overlap_dia_6b_rep1_604to616.dia:3230.2395:LTGTIQNDILK+2	1	76436	11.457415	0.80694556	0.9477708	5.897651	5.267743	0.043646008	0.0063182893	9.0	1.0	1.1028752	0.50539076	0.0	10.0	10.0	-0.9054222	0.08911514	10.0	0.81422436	0	11	0	1	0	0	608.3508033086647	1214.6870536837037	53.837326	-.LTGTIQNDILK.-	sp|P22033|MUTA_HUMAN
2017dec27_overlap_dia_6b_rep1_604to616.dia:3230.2395:VLVASSVVAGESQKPELK+3	1	76436	12.10416	0.65394956	1.0839705	5.5443964	4.84776	0.21132424	0.038519785	10.0	4.0	0.72453517	0.07211618	0.0	10.0	10.0	-0.94582844	4.1028137	10.0	0.3809498	0	18	0	0	1	0	614.3508026947142	1840.0305786837037	53.837326	-.VLVASSVVAGESQKPELK.-	sp|Q06787-3|FMR1_HUMAN	sp|Q06787-4|FMR1_HUMAN	sp|Q06787-5|FMR1_HUMAN	sp|Q06787-6|FMR1_HUMAN	sp|Q06787-7|FMR1_HUMAN	sp|Q06787|FMR1_HUMAN
2017dec27_overlap_dia_6b_rep1_604to616.dia:3234.365:DDVSIYYVSR+2	1	76540	10.519539	0.43016583	1.0117751	5.914018	5.294893	0.11439852	0.022480814	8.0	0.0	2.4785807	-1.8589356	0.538138	1.3812962	-1.3812962	-0.31616592	0.8167038	3.2644005	1.5626786	0	10	0	1	0	0	608.7958513086646	1215.5771496837035	53.906082	-.DDVSIYYVSR.-	sp|O14975-2|S27A2_HUMAN	sp|O14975|S27A2_HUMAN
2017dec27_overlap_dia_6b_rep1_604to616.dia:3234.365:ELLEQNPGKFEELER+3	1	76540	13.850445	0.6491935	0.82519513	6.2492886	5.261125	0.024477096	0.0020507425	11.0	1.0	2.6171777	1.3376166	0.7214853	5.3397927	5.3397927	-1.05165	0.0474205	3.4566884	1.6338736	1	15	0	0	1	0	610.9792573613807	1829.9159426837034	53.906082	-.ELLEQNPGKFEELER.-	sp|Q4KMP7|TB10B_HUMAN
2017dec27_overlap_dia_6b_rep1_604to616.dia:3234.365:IVVMPGGGITDR+2	1	76540	15.377176	1.4979159	1.8453172	6.696839	6.189939	0.01235196	0.0016295086	12.0	4.0	1.5247334	-1.0641686	0.9717156	0.8019237	0.4969527	3.7960272	0.06030655	1.3861516	0.76791155	0	12	0	1	0	0	607.8317238086647	1213.6488946837037	53.906082	-.IVVMPGGGITDR.-	sp|Q9NTM9|CUTC_HUMAN
2017dec27_overlap_dia_6b_rep1_604to616.dia:3234.365:LGAGPGDAGEVQAHPFFR+3	1	76540	19.204676	1.1089836	1.1313994	5.8840556	5.316112	0.03168763	0.00466196	16.0	7.0	0.8054182	-0.60406363	0.9896617	3.4428158	0.98276085	2.0765562	0.14590073	0.9003435	0.3078066	0	18	0	0	1	0	609.3041876947142	1824.890733683704	53.906082	-.LGAGPGDAGEVQAHPFFR.-	sp|P23443-2|KS6B1_HUMAN	sp|P23443-3|KS6B1_HUMAN	sp|P23443-4|KS6B1_HUMAN	sp|P23443-5|KS6B1_HUMAN	sp|P23443|KS6B1_HUMAN
2017dec27_overlap_dia_6b_rep1_604to616.dia:3234.365:VLELENELQK+2	1	76540	10.045603	0.7312147	0.9380805	6.3431716	5.572982	0.05699696	0.0070726858	7.0	0.0	1.9148436	0.49327123	0.9787312	5.8604913	5.8604913	-2.399785	0.06030655	3.977387	0.78952825	0	10	0	1	0	0	607.8349853086647	1213.6554176837037	53.906082	-.VLELENELQK.-	sp|O00291-3|HIP1_HUMAN	sp|O00291-4|HIP1_HUMAN	sp|O00291|HIP1_HUMAN
2017dec27_overlap_dia_6b_rep1_604to616.dia:3234.365:YGQISEVVVVK+2	1	76540	17.968134	1.917787	2.3630939	7.027725	6.490956	0.0010032671	2.288958E-4	14.0	3.0	2.1039007	-1.5779254	0.80746216	2.4120991	-2.4120991	3.4271364	0.14707565	4.295203	1.2816684	0	11	0	1	0	0	610.8478918086647	1219.6812306837037	53.906082	-.YGQISEVVVVK.-	sp|Q14011-2|CIRBP_HUMAN	sp|Q14011|CIRBP_HUMAN
2017dec27_overlap_dia_6b_rep1_604to616.dia:3234.365:decoyGNLTFEDTGIR+2	-1	76540	11.998135	0.40390426	0.7158821	6.438371	5.824922	0.19458678	0.02442189	9.0	1.0	1.7185928	-1.2130634	0.0	10.0	10.0	-2.3729963	0.0474205	10.0	0.91680634	0	11	0	1	0	0	611.8067598086647	1221.5989666837036	53.906082	-.GNLTFEDTGIR.-	DECOY_sp|P12429|ANXA3_HUMAN
2017dec27_overlap_dia_6b_rep1_604to616.dia:3234.365:decoySTALPKAIPATR+2	-1	76540	8.97758	0.5535207	1.0334289	5.2751493	4.817273	0.22542164	0.032276638	7.0	0.0	3.8869228	-2.852713	0.0	10.0	10.0	-1.8927183	19.091434	10.0	2.556456	1	12	0	1	0	0	613.3667878086646	1224.7190226837035	53.906082	-.STALPKAIPATR.-	DECOY_sp|Q15022|SUZ12_HUMAN
2017dec27_overlap_dia_6b_rep1_604to616.dia:3238.5005:ETQALILAPTR+2	1	76644	17.953688	1.0043796	1.3220563	7.0132794	6.3224807	0.029809374	0.0018609792	14.0	1.0	2.0207307	-1.515548	0.97850543	0.9254729	-0.9254729	-0.58744574	0.19312668	2.8085773	1.213773	0	11	0	1	0	0	606.8509708086647	1211.6873886837036	53.97501	-.ETQALILAPTR.-	sp|P38919|IF4A3_HUMAN
2017dec27_overlap_dia_6b_rep1_604to616.dia:3238.5005:decoyFFMDNHVYR+2	-1	76644	8.960962	0.2881254	0.34606647	6.1036296	5.3668065	0.27426457	0.041020576	6.0	0.0	2.560208	-0.060100913	0.0	10.0	10.0	-1.2196817	4.494892	10.0	0.2416741	0	9	0	1	0	0	614.7820288086644	1227.5495046837032	53.97501	-.FFMDNHVYR.-	DECOY_sp|Q9UN86-2|G3BP2_HUMAN	DECOY_sp|Q9UN86|G3BP2_HUMAN
2017dec27_overlap_dia_6b_rep1_604to616.dia:3238.5005:decoyKFLGGEWPTGK+2	-1	76644	9.162853	0.5029417	0.7330537	5.4604225	4.7680087	0.06174465	0.0072968984	7.0	2.0	5.0136967	2.6886172	0.0	10.0	10.0	-2.7993498	0.033737183	10.0	2.9903922	1	11	0	1	0	0	610.3271313086647	1218.6397096837036	53.97501	-.KFLGGEWPTGK.-	DECOY_sp|P63279|UBC9_HUMAN
2017dec27_overlap_dia_6b_rep1_604to616.dia:3238.5005:decoyLLIDNQITGTK+2	-1	76644	8.741362	0.54257756	0.7388185	5.8840284	5.2671485	0.1701304	0.0350775	6.0	2.0	1.0329422	-0.47250128	0.0	10.0	10.0	-2.8252726	0.22679901	10.0	0.17072627	0	11	0	1	0	0	608.3508033086646	1214.6870536837034	53.97501	-.LLIDNQITGTK.-	DECOY_sp|P22033|MUTA_HUMAN
2017dec27_overlap_dia_6b_rep1_604to616.dia:3238.5005:decoySPKLFYAGITK+2	-1	76644	12.019455	0.8170578	1.1498233	6.459691	5.428049	0.0640199	0.013909282	9.0	3.0	0.81223196	-0.5956139	0.0	10.0	10.0	-2.195691	0.46974564	10.0	0.2938389	1	11	0	1	0	0	612.8529773086647	1223.6914016837036	53.97501	-.SPKLFYAGITK.-	DECOY_sp|Q8NI36|WDR36_HUMAN
2017dec27_overlap_dia_6b_rep1_604to616.dia:3238.5005:decoyVGIGTNAGTVVVK+2	-1	76644	13.063602	0.47042474	0.99530125	6.5038385	5.9788017	0.14224441	0.018811183	10.0	1.0	1.8438762	-0.83607197	0.0	10.0	10.0	-0.92509747	9.847477	10.0	0.534297	0	13	0	1	0	0	607.8587958086647	1213.7030386837037	53.97501	-.VGIGTNAGTVVVK.-	DECOY_sp|Q8TC12-3|RDH11_HUMAN	DECOY_sp|Q8TC12|RDH11_HUMAN
2017dec27_overlap_dia_6b_rep1_604to616.dia:3240.585:IMESLPQIQR+2	1	76696	8.863773	0.3179395	0.39183295	6.0064406	5.4853454	0.06606054	0.021290503	6.0	0.0	4.2139344	1.9724545	0.53112304	3.9066687	3.9066687	-1.934432	0.078697205	2.0235643	2.2812881	0	10	0	1	0	0	607.8317233086647	1213.6488936837036	54.00975	-.IMESLPQIQR.-	sp|Q8WXH0-2|SYNE2_HUMAN	sp|Q8WXH0-7|SYNE2_HUMAN	sp|Q8WXH0|SYNE2_HUMAN
2017dec27_overlap_dia_6b_rep1_604to616.dia:3240.585:VNC[+57.0214635]IQWIC[+57.0214635]K+2	1	76696	10.752593	0.27408126	0.3143607	6.1470723	5.6925583	0.016440118	0.0026301984	8.0	0.0	3.4232464	2.5674348	0.82473093	2.3124473	-2.3124473	-1.73806	0.12156677	4.195552	2.8762684	0	9	0	1	0	0	610.7993688086648	1219.5841846837038	54.00975	-.VNC[+57.0214635]IQWIC[+57.0214635]K.-	sp|Q6IA86-2|ELP2_HUMAN	sp|Q6IA86-3|ELP2_HUMAN	sp|Q6IA86-4|ELP2_HUMAN	sp|Q6IA86-5|ELP2_HUMAN	sp|Q6IA86-6|ELP2_HUMAN	sp|Q6IA86-7|ELP2_HUMAN	sp|Q6IA86|ELP2_HUMAN
2017dec27_overlap_dia_6b_rep1_604to616.dia:3240.585:decoyLQVQTLDGPLK+2	-1	76696	10.030787	0.347925	0.51290965	5.4252667	4.8185396	0.14530206	0.024336293	8.0	0.0	1.2360476	0.7549666	0.56569564	6.5882263	3.2892075	-0.9091997	1.487732E-4	1.4061031	1.0638002	0	11	0	1	0	0	606.3533463086646	1210.6921396837035	54.00975	-.LQVQTLDGPLK.-	DECOY_sp|Q9H7D0|DOCK5_HUMAN
2017dec27_overlap_dia_6b_rep1_604to616.dia:3242.6055:decoyLVVDNEDVVVK+2	-1	76748	11.115278	0.43783194	0.78961223	6.5097575	5.7636356	0.12844612	0.015630307	8.0	0.0	0.83602387	0.4920557	0.0	10.0	10.0	-0.1387825	2.7359734	10.0	0.8008893	0	11	0	1	0	0	614.8428103086646	1227.6710676837035	54.043423	-.LVVDNEDVVVK.-	DECOY_sp|P54619-2|AAKG1_HUMAN	DECOY_sp|P54619-3|AAKG1_HUMAN	DECOY_sp|P54619|AAKG1_HUMAN
2017dec27_overlap_dia_6b_rep1_604to616.dia:3244.709:GIGTDEFTLNR+2	1	76800	17.1461	0.87500876	1.2387183	7.3518186	6.784715	0.022728788	0.002438372	13.0	2.0	0.92808205	0.18718864	0.20032819	4.390408	-4.390408	3.1204834	0.21982193	6.2735124	0.5085983	0	11	0	1	0	0	611.8067598086647	1221.5989666837036	54.078484	-.GIGTDEFTLNR.-	sp|P12429|ANXA3_HUMAN
2017dec27_overlap_dia_6b_rep1_604to616.dia:3244.709:VIMDYESLEK+2	1	76800	14.923164	0.69268274	0.7628136	7.3220086	7.0195117	0.013714786	0.0013956099	11.0	0.0	0.7215459	0.098557405	0.9685705	2.757238	2.757238	2.5021648	0.14189911	0.8741336	0.41996711	0	10	0	1	0	0	613.8022923086647	1225.5900316837037	54.078484	-.VIMDYESLEK.-	sp|P00491|PNPH_HUMAN
2017dec27_overlap_dia_6b_rep1_604to616.dia:3246.6948:decoyEAMATAVAAPKR+2	-1	76852	8.1164665	0.305074	0.5270801	5.259134	5.097579	0.4391749	0.029133506	6.0	1.0	3.3404791	0.5007443	0.52909756	2.5040274	-2.5040274	-1.7720537	21.274075	4.3871317	0.8347301	1	12	0	1	0	0	608.3293483086646	1214.6441436837035	54.11158	-.EAMATAVAAPKR.-	DECOY_sp|Q9NVI1-1|FANCI_HUMAN	DECOY_sp|Q9NVI1-2|FANCI_HUMAN	DECOY_sp|Q9NVI1|FANCI_HUMAN
2017dec27_overlap_dia_6b_rep1_604to616.dia:3248.7505:IMGTSPLQIDR+2	1	76904	18.896702	1.6343937	1.8741064	7.9562926	7.3528457	3.7102817E-4	1.2357453E-4	14.0	10.0	0.53566206	-0.37350926	0.99994814	5.2739677	5.2739677	3.598487	0.08377075	3.3908634	0.039523453	0	11	0	1	0	0	615.8291808086648	1229.6438086837038	54.14584	-.IMGTSPLQIDR.-	sp|P31327-2|CPSM_HUMAN	sp|P31327-3|CPSM_HUMAN	sp|P31327|CPSM_HUMAN
2017dec27_overlap_dia_6b_rep1_604to616.dia:3250.7507:decoyLASADC[+57.0214635]AGSVFK+2	-1	76956	12.29579	0.28424007	0.69796014	6.736027	6.1116085	0.12352039	0.034176923	9.0	1.0	5.1114364	-1.1395844	0.54690325	1.3906027	0.26832163	-2.2118835	13.176952	1.6147827	0.8055986	0	12	0	1	0	0	613.2977130586646	1224.5808731837035	54.17918	-.LASADC[+57.0214635]AGSVFK.-	DECOY_sp|P62873-2|GBB1_HUMAN	DECOY_sp|P62873|GBB1_HUMAN
2017dec27_overlap_dia_6b_rep1_604to616.dia:3254.8235:LLPGDLTQVQK+2	1	77060	9.052237	0.5883037	0.74694824	5.3498063	4.739856	0.13665614	0.029277302	7.0	0.0	3.701691	-2.7762682	0.68550694	4.49754	2.499513	-2.7835765	0.229599	0.6164086	2.4422824	0	11	0	1	0	0	606.3533463086648	1210.6921396837038	54.24706	-.LLPGDLTQVQK.-	sp|Q9H7D0|DOCK5_HUMAN
2017dec27_overlap_dia_6b_rep1_604to616.dia:3254.8235:decoyELFPSPGHGHYGFMSR+3	-1	77060	9.320278	0.31546107	0.73968947	5.6178474	4.4490633	0.16493769	0.020130306	7.0	2.0	4.893677	-0.48236346	0.0	10.0	10.0	-2.3676958	0.229599	10.0	0.14837766	0	16	0	0	1	0	606.9508650280474	1817.8307656837035	54.24706	-.ELFPSPGHGHYGFMSR.-	DECOY_sp|P28340|DPOD1_HUMAN
2017dec27_overlap_dia_6b_rep1_604to616.dia:3254.8235:decoyIAAEAEGEAQVK+2	-1	77060	11.997096	0.3743857	0.78033733	6.4373326	5.6642914	0.16278465	0.03518865	9.0	1.0	2.6933432	-2.0200074	0.0	10.0	10.0	-1.9472017	24.239388	10.0	1.6860216	0	12	0	1	0	0	608.3144178086648	1214.6142826837038	54.24706	-.IAAEAEGEAQVK.-	DECOY_sp|Q99623|PHB2_HUMAN
2017dec27_overlap_dia_6b_rep1_604to616.dia:3254.8235:decoyNHEGEGPASADSLIVTLK+3	-1	77060	13.640114	0.62046075	0.8962985	6.0389576	5.701268	0.1109142	0.028395336	11.0	8.0	3.8949878	-2.9212408	0.6738326	9.975388	9.975388	0.34210873	1.7329712	8.092283	2.587255	0	18	0	0	1	0	613.3145286947141	1836.9217566837035	54.24706	-.NHEGEGPASADSLIVTLK.-	DECOY_sp|Q9H0D6-2|XRN2_HUMAN	DECOY_sp|Q9H0D6|XRN2_HUMAN
2017dec27_overlap_dia_6b_rep1_604to616.dia:3257.0103:DMITEASQTPK+2	1	77113	11.295195	0.6998549	1.1106225	5.7354307	5.058026	0.13914162	0.017861491	9.0	0.0	3.8528748	-1.2805004	0.0	10.0	10.0	0.5493679	12.946114	10.0	0.9465146	0	11	0	1	0	0	610.7950038086648	1219.5754546837038	54.283504	-.DMITEASQTPK.-	sp|Q14197|ICT1_HUMAN
2017dec27_overlap_dia_6b_rep1_604to616.dia:3257.0103:ELFQTPGHTEELVAAGK+3	1	77113	13.610567	0.81336635	1.3557997	6.0094104	5.2409854	0.062310826	0.007945302	11.0	2.0	3.288719	-2.4665391	0.8883469	3.4940712	3.4940712	-1.1124945	0.101493835	1.6109669	2.1325533	0	17	0	0	1	0	609.6476200280474	1825.9210306837035	54.283504	-.ELFQTPGHTEELVAAGK.-	sp|P46013-2|KI67_HUMAN	sp|P46013|KI67_HUMAN
2017dec27_overlap_dia_6b_rep1_604to616.dia:3257.0103:GKPC[+57.0214635]ETVFQR+2	1	77113	9.380872	0.4796736	0.69124544	5.678441	4.7799087	0.18868782	0.026302092	7.0	0.0	5.8238015	-4.3678513	0.22242193	2.1321602	2.1321602	-2.4416218	23.048967	0.24905586	4.0338655	0	10	0	1	0	0	611.3058730586646	1220.5971931837034	54.283504	-.GKPC[+57.0214635]ETVFQR.-	sp|Q8IZ73-2|RUSD2_HUMAN	sp|Q8IZ73|RUSD2_HUMAN
2017dec27_overlap_dia_6b_rep1_604to616.dia:3257.0103:QMLYDYVER+2	1	77113	12.404026	0.90384364	1.1552725	5.844262	5.3655653	0.03882603	0.0060590147	10.0	0.0	2.6356	-1.9767001	0.8080717	2.5302362	-2.5302362	-0.7412071	0.2621765	4.4133406	1.6427143	0	9	0	1	0	0	608.7869728086647	1215.5593926837037	54.283504	-.QMLYDYVER.-	sp|Q15054|DPOD3_HUMAN
2017dec27_overlap_dia_6b_rep1_604to616.dia:3257.0103:decoyAYKEDNGDLIEEVESK+3	-1	77113	10.47595	0.46145302	0.8053431	5.870429	5.153158	0.06867416	0.01860742	8.0	1.0	6.7456074	-5.0592055	0.3499149	8.796078	-8.796078	-2.461566	0.05322647	10.679182	4.7252197	1	16	0	0	1	0	613.6266576947143	1837.8581436837042	54.283504	-.AYKEDNGDLIEEVESK.-	DECOY_sp|Q12824-2|SNF5_HUMAN	DECOY_sp|Q12824|SNF5_HUMAN
2017dec27_overlap_dia_6b_rep1_604to616.dia:3257.0103:decoyDGPVAAWVSPSK+2	-1	77113	14.389797	0.3659066	0.9239283	6.7886405	6.13694	0.1538508	0.019377206	11.0	1.0	7.055847	-5.2918854	0.8113431	4.1018586	-4.1018586	-1.4177961	2.1462097	5.984963	4.9578996	0	12	0	1	0	0	607.3142203086647	1212.6138876837038	54.283504	-.DGPVAAWVSPSK.-	DECOY_sp|P07737|PROF1_HUMAN
2017dec27_overlap_dia_6b_rep1_604to616.dia:3257.0103:decoyDKFEEHHAADYQALR+3	-1	77113	12.657507	0.55189764	1.1376154	6.0977435	5.0268316	0.13493367	0.011596122	10.0	2.0	3.5360887	-2.0832756	0.0	10.0	10.0	-0.92983055	20.216248	10.0	1.7492898	1	15	0	0	1	0	610.6236940280475	1828.8492526837038	54.283504	-.DKFEEHHAADYQALR.-	DECOY_sp|Q02818|NUCB1_HUMAN
2017dec27_overlap_dia_6b_rep1_604to616.dia:3261.113:decoyC[+57.0214635]PTYFSQVGR+2	-1	77217	10.084423	0.33799976	0.6773294	5.4789023	4.795781	0.18873794	0.01548059	8.0	0.0	4.964278	-3.7232087	0.0	10.0	10.0	-1.084796	7.731785	10.0	3.3766468	0	10	0	1	0	0	607.7847690586646	1213.5549851837034	54.351883	-.C[+57.0214635]PTYFSQVGR.-	DECOY_sp|Q7Z7K6-2|CENPV_HUMAN	DECOY_sp|Q7Z7K6-3|CENPV_HUMAN	DECOY_sp|Q7Z7K6|CENPV_HUMAN
2017dec27_overlap_dia_6b_rep1_604to616.dia:3261.113:decoyVSDFHESC[+57.0214635]IHLLQQK+3	-1	77217	11.52132	0.5821899	0.89294094	5.9615574	5.0692606	0.09799243	0.077528484	9.0	3.0	2.9356277	-2.2017207	0.0	10.0	10.0	-1.4674625	6.813282	10.0	1.8551588	0	15	0	0	1	0	614.305199194714	1839.893768183703	54.351883	-.VSDFHESC[+57.0214635]IHLLQQK.-	DECOY_sp|Q13200-2|PSMD2_HUMAN	DECOY_sp|Q13200-3|PSMD2_HUMAN	DECOY_sp|Q13200|PSMD2_HUMAN
2017dec27_overlap_dia_6b_rep1_604to616.dia:3261.113:decoyYVAMAGAEVFR+2	-1	77217	11.863337	0.5447353	0.6569733	6.3035727	5.915534	0.08994204	0.02019813	9.0	0.0	3.6534111	-2.7400584	0.0	10.0	10.0	-0.3606348	0.9619751	10.0	2.3934965	0	11	0	1	0	0	607.3053373086647	1212.5961216837036	54.351883	-.YVAMAGAEVFR.-	DECOY_sp|P17987|TCPA_HUMAN
2017dec27_overlap_dia_6b_rep1_604to616.dia:3263.1462:FAEWC[+57.0214635]LEYGEHGC[+57.0214635]R+3	1	77269	17.26536	1.2593142	1.0899009	6.324951	5.9599767	0.040219482	0.004921365	14.0	2.0	3.3596318	1.1308844	0.98911804	4.499	4.495762	6.829073	0.1803894	2.6326075	1.4764532	0	14	0	0	1	0	605.2522153613808	1812.7348166837035	54.38577	-.FAEWC[+57.0214635]LEYGEHGC[+57.0214635]R.-	sp|O43813|LANC1_HUMAN
2017dec27_overlap_dia_6b_rep1_604to616.dia:3263.1462:KIEFPLPDEK+2	1	77269	12.688687	1.2047441	1.7345935	6.128924	5.4011097	0.05997178	0.008706698	10.0	2.0	1.9574289	1.2404804	0.7809481	6.777808	-6.777808	-0.7682276	0.22071457	8.640963	1.5860492	1	10	0	1	0	0	608.3346213086647	1214.6546896837037	54.38577	-.KIEFPLPDEK.-	sp|P62191-2|PRS4_HUMAN	sp|P62191|PRS4_HUMAN
2017dec27_overlap_dia_6b_rep1_604to616.dia:3263.1462:NDNDSWDYTKPYLGR+3	1	77269	12.2090645	0.7984223	0.7439058	6.6493006	5.4157352	0.040045816	0.007560344	9.0	1.0	1.6489996	1.1793487	0.89608794	3.2176864	3.2176864	-1.5366087	0.33006668	1.354532	1.5249175	0	15	0	0	1	0	615.2797010280474	1842.8172736837034	54.38577	-.NDNDSWDYTKPYLGR.-	sp|Q8WVV9-2|HNRLL_HUMAN	sp|Q8WVV9-3|HNRLL_HUMAN	sp|Q8WVV9-4|HNRLL_HUMAN	sp|Q8WVV9-5|HNRLL_HUMAN	sp|Q8WVV9|HNRLL_HUMAN
2017dec27_overlap_dia_6b_rep1_604to616.dia:3263.1462:NGVFVDGAFQR+2	1	77269	14.093258	1.1250931	1.5693041	6.492102	6.1061573	0.026113546	0.003945101	11.0	1.0	4.7161202	3.5370903	0.81368136	8.2487	8.2487	0.24381924	0.0958786	6.3855457	3.8826592	0	11	0	1	0	0	605.3041873086646	1208.5938216837035	54.38577	-.NGVFVDGAFQR.-	sp|P85037|FOXK1_HUMAN
2017dec27_overlap_dia_6b_rep1_604to616.dia:3263.1462:TC[+57.0214635]TLLEKFPETTGC[+57.0214635]R+3	1	77269	11.711366	0.48670274	1.0694835	6.1516023	4.8521695	0.06763364	0.012497726	9.0	1.0	5.3577976	-1.4173775	0.621306	6.8732367	-6.8732367	0.21560287	1.1858864	8.736391	1.0718087	1	15	0	0	1	0	604.9588123613808	1811.8546076837035	54.38577	-.TC[+57.0214635]TLLEKFPETTGC[+57.0214635]R.-	sp|Q12797-10|ASPH_HUMAN	sp|Q12797|ASPH_HUMAN
2017dec27_overlap_dia_6b_rep1_604to616.dia:3263.1462:TPLHEIALSIK+2	1	77269	22.750645	2.3415208	2.7610939	6.944304	6.356301	0.008262288	0.0016775681	18.0	1.0	2.6702592	1.2597129	0.99854803	4.5579715	-0.36194667	8.239137	0.42243576	2.225101	1.6052817	0	11	0	1	0	0	611.3637133086647	1220.7128736837037	54.38577	-.TPLHEIALSIK.-	sp|Q08211|DHX9_HUMAN
2017dec27_overlap_dia_6b_rep1_604to616.dia:3263.1462:VWDVRPFAPK+2	1	77269	11.54353	0.79843146	1.1742892	5.983767	5.025767	0.11626028	0.011900411	9.0	1.0	4.2606883	0.7350037	0.9361195	4.543652	4.543652	-0.10999966	0.3799553	2.6804976	1.0805725	0	10	0	1	0	0	607.8376658086647	1213.6607786837037	54.38577	-.VWDVRPFAPK.-	sp|Q96DI7-2|SNR40_HUMAN	sp|Q96DI7|SNR40_HUMAN
2017dec27_overlap_dia_6b_rep1_604to616.dia:3263.1462:decoyEFGAGDGILVNK+2	-1	77269	12.973307	0.74422216	1.3151307	6.413543	5.791312	0.15216388	0.013323765	10.0	1.0	5.067406	-2.3479087	0.0	10.0	10.0	-0.45797825	1.0585365	10.0	2.0023398	0	12	0	1	0	0	610.3195028086647	1218.6244526837036	54.38577	-.EFGAGDGILVNK.-	DECOY_sp|P11310-2|ACADM_HUMAN	DECOY_sp|P11310|ACADM_HUMAN
2017dec27_overlap_dia_6b_rep1_604to616.dia:3263.1462:decoyIDTIGGGPMVVR+2	-1	77269	11.504984	0.6169286	1.0304638	5.94522	5.116745	0.21138601	0.028824804	9.0	1.0	2.4004805	1.8003603	0.93192714	5.2239356	-5.2239356	-0.8969507	0.41737366	7.08709	2.145929	0	12	0	1	0	0	607.8317238086647	1213.6488946837037	54.38577	-.IDTIGGGPMVVR.-	DECOY_sp|Q9NTM9|CUTC_HUMAN
2017dec27_overlap_dia_6b_rep1_604to616.dia:3263.1462:decoyIGDLAAAGNEKR+2	-1	77269	12.501219	0.44168964	0.99832654	5.941455	5.1626363	0.18872398	0.025714261	10.0	0.0	4.9318576	-0.92565906	0.19273584	8.285663	-8.285663	0.8283863	24.378098	10.148817	0.5800903	1	12	0	1	0	0	607.8280263086644	1213.6414996837032	54.38577	-.IGDLAAAGNEKR.-	DECOY_sp|P57105|SYJ2B_HUMAN
2017dec27_overlap_dia_6b_rep1_604to616.dia:3263.1462:decoyMTLSAPRNSDDLPVPAK+3	-1	77269	13.952867	0.59925705	1.104463	6.3517103	5.6958756	0.17733257	0.026617765	11.0	1.0	6.1336246	3.032555	0.0	10.0	10.0	-1.1938686	5.7176895	10.0	3.378124	1	17	0	0	1	0	604.6488543613807	1810.9247336837034	54.38577	-.MTLSAPRNSDDLPVPAK.-	DECOY_sp|Q9NYF8-2|BCLF1_HUMAN	DECOY_sp|Q9NYF8-3|BCLF1_HUMAN	DECOY_sp|Q9NYF8-4|BCLF1_HUMAN	DECOY_sp|Q9NYF8|BCLF1_HUMAN
2017dec27_overlap_dia_6b_rep1_604to616.dia:3263.1462:decoyTISLAIEHLPK+2	-1	77269	10.371943	0.64399046	1.0480225	6.6695127	5.6396027	0.14007144	0.017557252	7.0	2.0	2.6297472	1.2293289	0.99854803	4.5579715	-0.36194667	-3.0	0.42243576	2.225101	1.5748976	0	11	0	1	0	0	611.3637133086645	1220.7128736837033	54.38577	-.TISLAIEHLPK.-	DECOY_sp|Q08211|DHX9_HUMAN
2017dec27_overlap_dia_6b_rep1_604to616.dia:3263.1462:decoyTMLEEHQAMK+2	-1	77269	11.106949	0.5867165	1.1657603	5.547186	5.3190336	0.09568289	0.014253627	9.0	1.0	5.1905804	3.1499538	0.0	10.0	10.0	-1.6021042	24.378098	10.0	3.4955227	0	10	0	1	0	0	609.2862918086647	1216.5580306837037	54.38577	-.TMLEEHQAMK.-	DECOY_sp|P12270|TPR_HUMAN
2017dec27_overlap_dia_6b_rep1_604to616.dia:3267.2732:ASEVEEILDGNDEKYK+3	1	77373	14.774551	0.7571883	0.829592	6.0942135	5.0263877	0.060025603	0.014946372	12.0	1.0	3.2273302	-1.3168353	0.9272255	4.9077797	1.9343792	-0.45594597	0.11782074	0.07122481	0.9702734	1	16	0	0	1	0	613.6266576947141	1837.8581436837037	54.45455	-.ASEVEEILDGNDEKYK.-	sp|Q12824-2|SNF5_HUMAN	sp|Q12824|SNF5_HUMAN
2017dec27_overlap_dia_6b_rep1_604to616.dia:3267.2732:LELQMNQNIK+2	1	77373	11.656215	0.9238612	1.2256451	6.0964513	5.337074	0.1272514	0.019999396	9.0	0.0	1.5506595	-0.98849833	0.53111225	9.335818	9.335818	-0.2648611	0.0794487	7.472664	0.6419364	0	10	0	1	0	0	615.8291803086647	1229.6438076837037	54.45455	-.LELQMNQNIK.-	sp|Q8TBF8|FA81A_HUMAN
2017dec27_overlap_dia_6b_rep1_604to616.dia:3267.2732:decoyC[+57.0214635]SSITESVVTK+2	-1	77373	10.115216	0.6568117	0.7681335	5.5096955	4.899159	0.2343235	0.013504927	8.0	1.0	1.6646162	-1.2484622	0.4207792	1.8605381	-1.8605381	-1.5663433	16.928162	3.7236924	0.9019003	0	11	0	1	0	0	605.8028280586645	1209.5911031837034	54.45455	-.C[+57.0214635]SSITESVVTK.-	DECOY_sp|Q68D10-2|SPT2_HUMAN	DECOY_sp|Q68D10|SPT2_HUMAN
2017dec27_overlap_dia_6b_rep1_604to616.dia:3267.2732:decoyIESGALDVLHR+2	-1	77373	10.903897	0.77431625	1.192969	6.2983766	5.436546	0.109678514	0.012846569	8.0	0.0	3.6886547	-2.766491	0.0	10.0	10.0	-0.6297674	4.1629105	10.0	2.419929	0	11	0	1	0	0	605.3329443086647	1208.6513356837036	54.45455	-.IESGALDVLHR.-	DECOY_sp|Q96L93-2|KI16B_HUMAN	DECOY_sp|Q96L93-4|KI16B_HUMAN	DECOY_sp|Q96L93-5|KI16B_HUMAN	DECOY_sp|Q96L93-6|KI16B_HUMAN	DECOY_sp|Q96L93|KI16B_HUMAN
2017dec27_overlap_dia_6b_rep1_604to616.dia:3267.2732:decoyLESGALDVLHR+2	-1	77373	10.903897	0.77431625	1.192969	6.2983766	5.436546	0.109678514	0.012846569	8.0	0.0	3.6886547	-2.766491	0.0	10.0	10.0	-0.6297674	4.1629105	10.0	2.419929	0	11	0	1	0	0	605.3329443086647	1208.6513356837036	54.45455	-.LESGALDVLHR.-	DECOY_sp|O95239-2|KIF4A_HUMAN	DECOY_sp|O95239|KIF4A_HUMAN	DECOY_sp|Q2VIQ3|KIF4B_HUMAN	DECOY_sp|Q6ZMV9-3|KIF6_HUMAN	DECOY_sp|Q6ZMV9|KIF6_HUMAN	DECOY_sp|Q9Y496|KIF3A_HUMAN
2017dec27_overlap_dia_6b_rep1_604to616.dia:3267.2732:decoyRLQLSDHIIK+2	-1	77373	8.454965	0.75311613	1.0481052	6.3757834	4.997196	0.033471055	0.0061617782	5.0	0.0	2.2674978	0.11675489	0.9458259	2.4429798	-1.9263233	-2.9265957	0.43300247	3.7894778	0.4633168	1	10	0	1	0	0	611.8669543086645	1221.7193556837033	54.45455	-.RLQLSDHIIK.-	DECOY_sp|Q86W50|MET16_HUMAN
2017dec27_overlap_dia_6b_rep1_604to616.dia:3267.2732:decoyTQQILQQLEK+2	-1	77373	9.823922	0.6708375	1.091054	6.1214914	5.236797	0.12697074	0.0096616065	7.0	1.0	3.9647863	0.25484967	0.8185102	5.52424	5.52424	-2.6632395	6.1035156E-5	3.6610856	0.6014116	0	10	0	1	0	0	614.8484283086646	1227.6823036837034	54.45455	-.TQQILQQLEK.-	DECOY_sp|Q99570|PI3R4_HUMAN
2017dec27_overlap_dia_6b_rep1_604to616.dia:3267.2732:decoyVELDPTSEVTK+2	-1	77373	12.649483	0.7024636	1.0231012	6.08972	5.406671	0.15397815	0.018175192	10.0	0.0	1.5729513	-1.1797135	0.94830805	5.2180705	-3.3083487	-0.6335983	13.629574	5.171503	0.8331516	0	11	0	1	0	0	609.3166258086646	1216.6186986837035	54.45455	-.VELDPTSEVTK.-	DECOY_sp|Q14244-2|MAP7_HUMAN	DECOY_sp|Q14244-3|MAP7_HUMAN	DECOY_sp|Q14244-4|MAP7_HUMAN	DECOY_sp|Q14244-5|MAP7_HUMAN	DECOY_sp|Q14244-6|MAP7_HUMAN	DECOY_sp|Q14244-7|MAP7_HUMAN	DECOY_sp|Q14244|MAP7_HUMAN
2017dec27_overlap_dia_6b_rep1_604to616.dia:3269.3718:AIFQQPPVGVR+2	1	77425	12.952917	1.0363442	1.385127	6.3931537	6.0250897	0.018333463	0.0021461542	10.0	0.0	4.093205	-3.0699036	0.5554552	3.9366548	3.9366548	2.322731	0.08044052	2.0735004	2.7233417	0	11	0	1	0	0	606.3483983086647	1210.6822436837037	54.48953	-.AIFQQPPVGVR.-	sp|Q7L2E3-2|DHX30_HUMAN	sp|Q7L2E3-3|DHX30_HUMAN	sp|Q7L2E3|DHX30_HUMAN
2017dec27_overlap_dia_6b_rep1_604to616.dia:3269.3718:decoyAVGHASLNSMVK+2	-1	77425	12.458967	0.98860085	1.4579079	5.899204	5.1532383	0.08241711	0.020244768	10.0	3.0	4.585638	1.4679079	0.0	10.0	10.0	-0.47073936	19.764053	10.0	1.8144698	0	12	0	1	0	0	607.3215223086645	1212.6284916837033	54.48953	-.AVGHASLNSMVK.-	DECOY_sp|Q92616|GCN1L_HUMAN
2017dec27_overlap_dia_6b_rep1_604to616.dia:3271.408:EPSSVLVQPLR+2	1	77477	10.929804	0.46083763	0.8366343	5.37004	4.6949625	0.0648789	0.011669539	9.0	0.0	4.615673	3.4028583	0.0	10.0	10.0	-1.547162	0.049419403	10.0	3.7494202	0	11	0	1	0	0	612.8509698086647	1223.6873866837036	54.523464	-.EPSSVLVQPLR.-	sp|Q71RC2-2|LARP4_HUMAN	sp|Q71RC2-3|LARP4_HUMAN	sp|Q71RC2-4|LARP4_HUMAN	sp|Q71RC2-5|LARP4_HUMAN	sp|Q71RC2-6|LARP4_HUMAN	sp|Q71RC2|LARP4_HUMAN
2017dec27_overlap_dia_6b_rep1_604to616.dia:3271.408:IEYVDETGRK+2	1	77477	9.568251	0.6525078	0.99959695	5.86582	5.042785	0.17863137	0.018970992	7.0	0.0	3.1741724	0.66905344	0.0	10.0	10.0	-0.79049873	24.515793	10.0	1.0156153	1	10	0	1	0	0	605.3091308086648	1208.6037086837039	54.523464	-.IEYVDETGRK.-	sp|O43290|SNUT1_HUMAN
2017dec27_overlap_dia_6b_rep1_604to616.dia:3271.408:NNFTDFTNVR+2	1	77477	10.114045	0.580745	0.84565175	5.5085244	4.813496	0.17986225	0.015777	8.0	0.0	2.1583908	0.2756936	0.81783754	1.7615255	-1.7615255	-0.30458546	1.1881447	3.604731	0.6222555	0	10	0	1	0	0	614.2912763086647	1226.5679996837036	54.523464	-.NNFTDFTNVR.-	sp|Q9NQE9|HINT3_HUMAN
2017dec27_overlap_dia_6b_rep1_604to616.dia:3271.408:decoyAESNSSFGTYR+2	-1	77477	10.032827	0.4745572	0.67209846	6.3303967	5.342163	0.25060558	0.042335436	7.0	0.0	1.7649001	1.2647785	0.0	10.0	10.0	-2.3770142	22.986074	10.0	1.6113404	0	11	0	1	0	0	609.7729118086646	1217.5312706837035	54.523464	-.AESNSSFGTYR.-	DECOY_sp|O15355|PPM1G_HUMAN
2017dec27_overlap_dia_6b_rep1_604to616.dia:3271.408:decoyDHEPYEEFR+2	-1	77477	9.383895	0.35708612	0.5266385	5.681464	5.8948097	0.24856648	0.031271063	7.0	0.0	2.2729447	1.4186364	0.99690795	4.1070065	-3.5402448	-1.5458488	20.588448	5.3834505	1.7651983	0	9	0	1	0	0	611.2621803086647	1220.5098076837037	54.523464	-.DHEPYEEFR.-	DECOY_sp|O14980|XPO1_HUMAN
2017dec27_overlap_dia_6b_rep1_604to616.dia:3271.408:decoyIDIQLPSTGMR+2	-1	77477	14.560481	0.7427541	1.0979289	6.959325	6.114151	0.15410876	0.030847179	11.0	1.0	4.3973336	-3.2039213	0.81402	5.2232866	-5.2232866	1.0385437	0.4623375	7.066492	2.8573594	0	11	0	1	0	0	615.8291808086645	1229.6438086837034	54.523464	-.IDIQLPSTGMR.-	DECOY_sp|P31327-2|CPSM_HUMAN	DECOY_sp|P31327-3|CPSM_HUMAN	DECOY_sp|P31327|CPSM_HUMAN
2017dec27_overlap_dia_6b_rep1_604to616.dia:3271.408:decoyIVNIIYKPDESDANIK+3	-1	77477	13.586679	0.5978144	0.78021634	5.985523	5.269185	0.08521853	0.010566995	11.0	3.0	0.8084302	0.48816612	0.6593602	6.80726	6.80726	-0.7321367	0.013298035	4.9640546	0.834728	0	16	0	0	1	0	611.3315163613807	1830.9727196837036	54.523464	-.IVNIIYKPDESDANIK.-	DECOY_sp|P35998|PRS7_HUMAN
2017dec27_overlap_dia_6b_rep1_604to616.dia:3271.408:decoyIYGSIVSTPHR+2	-1	77477	10.1547165	0.63891536	0.9824904	6.452286	5.6211686	0.3530121	0.044916954	7.0	1.0	2.929281	0.7934908	0.0	10.0	10.0	-1.9678631	13.609142	10.0	1.1400528	0	11	0	1	0	0	615.3354828086647	1228.6564126837036	54.523464	-.IYGSIVSTPHR.-	DECOY_sp|P17987|TCPA_HUMAN
2017dec27_overlap_dia_6b_rep1_604to616.dia:3271.408:decoyQQHVMLSQVR+2	-1	77477	10.327305	0.49661857	0.9564602	5.721784	5.1334124	0.15526958	0.023926979	8.0	1.0	4.5491014	2.870474	0.0	10.0	10.0	-1.2672348	22.292091	10.0	3.217036	0	10	0	1	0	0	613.3271398086645	1224.6397266837032	54.523464	-.QQHVMLSQVR.-	DECOY_sp|Q969G3-2|SMCE1_HUMAN	DECOY_sp|Q969G3-3|SMCE1_HUMAN	DECOY_sp|Q969G3-4|SMCE1_HUMAN	DECOY_sp|Q969G3-5|SMCE1_HUMAN	DECOY_sp|Q969G3-6|SMCE1_HUMAN	DECOY_sp|Q969G3|SMCE1_HUMAN
2017dec27_overlap_dia_6b_rep1_604to616.dia:3271.408:decoyRSQETPIEPR+2	-1	77477	9.083755	0.72745574	1.2078642	5.381324	4.7492323	0.18497057	0.018732123	7.0	0.0	6.0773206	0.0025433004	0.0	10.0	10.0	-1.3290358	24.515793	10.0	0.3491052	1	10	0	1	0	0	606.8202013086645	1211.6258496837033	54.523464	-.RSQETPIEPR.-	DECOY_sp|Q8N766-2|EMC1_HUMAN	DECOY_sp|Q8N766-3|EMC1_HUMAN	DECOY_sp|Q8N766-4|EMC1_HUMAN	DECOY_sp|Q8N766|EMC1_HUMAN
2017dec27_overlap_dia_6b_rep1_604to616.dia:3271.408:decoyVQLENELELK+2	-1	77477	10.865221	0.6198417	1.0300153	6.2597003	5.362307	0.13434273	0.023521714	8.0	0.0	1.1584014	0.868801	0.53313434	9.493069	-9.493069	-1.3322477	0.5453453	11.336274	1.2153629	0	10	0	1	0	0	607.8349853086646	1213.6554176837035	54.523464	-.VQLENELELK.-	DECOY_sp|O00291-3|HIP1_HUMAN	DECOY_sp|O00291-4|HIP1_HUMAN	DECOY_sp|O00291|HIP1_HUMAN
2017dec27_overlap_dia_6b_rep1_604to616.dia:3271.408:decoyVTEPSWAIGDR+2	-1	77477	12.829094	0.4761708	0.8477072	6.26933	5.4289393	0.20024854	0.021178944	10.0	2.0	1.4701833	0.76460814	0.0	10.0	10.0	-0.077319145	1.0181999	10.0	1.11117	0	11	0	1	0	0	615.8093023086645	1229.6040516837033	54.523464	-.VTEPSWAIGDR.-	DECOY_sp|Q8NFH4|NUP37_HUMAN
2017dec27_overlap_dia_6b_rep1_604to616.dia:3271.408:decoyVVDVDPANIDR+2	-1	77477	10.631365	0.47231445	1.1346654	6.0258446	5.4201527	0.20478769	0.030381888	8.0	0.0	5.4881306	0.5200325	0.0	10.0	10.0	-2.0004177	3.5371819	10.0	0.86659443	0	11	0	1	0	0	606.8145843086646	1211.6146156837035	54.523464	-.VVDVDPANIDR.-	DECOY_sp|Q09666|AHNK_HUMAN
2017dec27_overlap_dia_6b_rep1_604to616.dia:3273.504:IINADSEDPKYIINVK+3	1	77529	20.666464	0.78938	0.8988539	6.115395	5.5012217	0.017414108	0.003426168	17.0	4.0	1.4555401	-0.5869836	0.0	10.0	10.0	4.2284956	0.020626068	10.0	0.24042171	1	16	0	0	1	0	611.3315163613807	1830.9727196837036	54.5584	-.IINADSEDPKYIINVK.-	sp|P35998|PRS7_HUMAN
2017dec27_overlap_dia_6b_rep1_604to616.dia:3275.5186:decoyEGAAVLEETHGPTQFLK+3	-1	77581	10.396028	0.56911945	1.1828672	5.790507	4.98634	0.17658614	0.028037708	8.0	3.0	2.942929	-2.2071967	0.23084708	2.3633797	2.3633797	-3.0	0.41337204	0.52017426	1.8606348	0	17	0	0	1	0	609.6476200280474	1825.9210306837035	54.591976	-.EGAAVLEETHGPTQFLK.-	DECOY_sp|P46013-2|KI67_HUMAN	DECOY_sp|P46013|KI67_HUMAN
2017dec27_overlap_dia_6b_rep1_604to616.dia:3275.5186:decoyQEVYDYLMR+2	-1	77581	10.2669525	0.58181965	0.8691751	5.6614313	5.0371137	0.14832884	0.026016057	8.0	0.0	5.6277084	-0.29239118	0.0	10.0	10.0	-1.5278997	0.57647324	10.0	0.054170728	0	9	0	1	0	0	608.7869728086646	1215.5593926837034	54.591976	-.QEVYDYLMR.-	DECOY_sp|Q15054|DPOD3_HUMAN
2017dec27_overlap_dia_6b_rep1_604to616.dia:3277.6045:ILTDEAVSGWK+2	1	77633	14.970255	1.0672511	1.3607864	6.2899165	5.7131486	0.013216956	0.0032189307	12.0	0.0	4.6922812	-3.5192108	0.9729449	2.4024246	1.1660931	1.6470451	0.131073	0.67711234	3.172649	0	11	0	1	0	0	609.8218783086647	1217.6292036837037	54.626743	-.ILTDEAVSGWK.-	sp|Q93008-1|USP9X_HUMAN	sp|Q93008|USP9X_HUMAN
2017dec27_overlap_dia_6b_rep1_604to616.dia:3277.6045:decoyIWGSVAEDTLK+2	-1	77633	10.606198	0.66296726	0.8709594	6.0006776	5.118942	0.09247938	0.018909656	8.0	0.0	4.999494	-3.7496207	0.9729449	2.4024246	1.1660931	-1.494153	0.131073	0.67711234	3.4030588	0	11	0	1	0	0	609.8218783086646	1217.6292036837035	54.626743	-.IWGSVAEDTLK.-	DECOY_sp|Q93008-1|USP9X_HUMAN	DECOY_sp|Q93008|USP9X_HUMAN
2017dec27_overlap_dia_6b_rep1_604to616.dia:3279.6194:GLSQEGTGPPTSAGEGHSR+3	1	77685	12.263617	0.51880777	0.79466826	5.7038527	4.9374156	0.11689302	0.013118404	10.0	3.0	3.7699604	-2.8274703	0.0	10.0	10.0	-0.7188072	24.652653	10.0	2.4809084	0	19	0	0	1	0	608.9538830280475	1823.8398196837036	54.660324	-.GLSQEGTGPPTSAGEGHSR.-	sp|Q63HN8-4|RN213_HUMAN	sp|Q63HN8-5|RN213_HUMAN	sp|Q63HN8|RN213_HUMAN
2017dec27_overlap_dia_6b_rep1_604to616.dia:3279.6194:YFDGSGGNNHAVEHYR+3	1	77685	10.34273	0.5239097	0.59198374	5.737209	5.0281754	0.24431898	0.015093107	8.0	1.0	4.938514	-3.5030608	0.0	10.0	10.0	0.21320724	24.651047	10.0	3.156499	0	16	0	0	1	0	608.2679070280475	1821.7818916837039	54.660324	-.YFDGSGGNNHAVEHYR.-	sp|P45974-2|UBP5_HUMAN	sp|P45974|UBP5_HUMAN
2017dec27_overlap_dia_6b_rep1_604to616.dia:3281.729:C[+57.0214635]SGNWMWAAK+2	1	77737	13.972987	0.92575127	1.1748161	6.371831	5.564475	0.04219616	0.004466281	11.0	1.0	2.4759521	-1.8569641	0.81312096	1.796561	1.796561	1.9483137	0.113601685	0.026694536	1.5104022	0	10	0	1	0	0	605.7602435586647	1209.5059341837036	54.695484	-.C[+57.0214635]SGNWMWAAK.-	sp|O15067|PUR4_HUMAN
2017dec27_overlap_dia_6b_rep1_604to616.dia:3281.729:FSYNDSKEWEEAMAK+3	1	77737	14.772752	0.92426777	1.059109	6.092414	5.489181	0.0634184	0.0053124134	12.0	2.0	1.6600528	-1.2450396	0.92247105	3.1215239	2.075439	2.6746817	0.043800354	0.25218344	0.8984777	1	15	0	0	1	0	612.2699283613808	1833.7879556837038	54.695484	-.FSYNDSKEWEEAMAK.-	sp|Q8WWI1-2|LMO7_HUMAN	sp|Q8WWI1-3|LMO7_HUMAN	sp|Q8WWI1-4|LMO7_HUMAN	sp|Q8WWI1-5|LMO7_HUMAN	sp|Q8WWI1|LMO7_HUMAN
2017dec27_overlap_dia_6b_rep1_604to616.dia:3281.729:QAVFFVGQSAR+2	1	77737	14.952871	1.093082	1.7329576	6.2725334	5.7113695	0.03227862	0.0020368025	12.0	0.0	2.016555	-1.4847064	0.69536334	2.8869123	-2.8869123	1.132762	0.113601685	4.710168	1.1381445	0	11	0	1	0	0	605.3223803086647	1208.6302076837037	54.695484	-.QAVFFVGQSAR.-	sp|A6NHR9-2|SMHD1_HUMAN	sp|A6NHR9|SMHD1_HUMAN
2017dec27_overlap_dia_6b_rep1_604to616.dia:3283.7676:decoyAYMDSPVIEAK+2	-1	77789	9.452924	0.6429958	0.83886904	5.750493	5.1951	0.10853868	0.030345732	7.0	2.0	1.5351335	1.1513501	0.0	10.0	10.0	-0.38010788	4.112953	10.0	1.497912	0	11	0	1	0	0	612.3024598086647	1222.5903666837037	54.729458	-.AYMDSPVIEAK.-	DECOY_sp|P49917|DNLI4_HUMAN
2017dec27_overlap_dia_6b_rep1_604to616.dia:3285.8442:RIIHDSLQLK+2	1	77841	9.051657	0.48315123	0.73353565	6.1943245	4.751081	0.03556612	0.009517305	6.0	0.0	4.9443054	3.708229	0.0	10.0	10.0	-2.9732141	0.12348175	10.0	4.054791	1	10	0	1	0	0	611.8669543086647	1221.7193556837037	54.764072	-.RIIHDSLQLK.-	sp|Q86W50|MET16_HUMAN
2017dec27_overlap_dia_6b_rep1_604to616.dia:3285.8442:decoyAEETPTLAAGTR+2	-1	77841	10.304636	0.30917618	0.87206924	5.6991153	4.9693747	0.20199563	0.007990078	8.0	1.0	6.4854054	-4.1573195	0.1931548	9.360605	-9.360605	-1.0468416	22.231949	11.183861	3.8107576	0	12	0	1	0	0	608.8120428086645	1215.6095326837033	54.764072	-.AEETPTLAAGTR.-	DECOY_sp|Q13459-2|MYO9B_HUMAN	DECOY_sp|Q13459|MYO9B_HUMAN
2017dec27_overlap_dia_6b_rep1_604to616.dia:3285.8442:decoyETPALILAQTR+2	-1	77841	9.822805	0.36824247	0.73406	6.120375	5.1465044	0.32297856	0.024371473	7.0	1.0	1.4707493	1.1030619	0.0	10.0	10.0	-2.9869366	0.5854683	10.0	1.4496238	0	11	0	1	0	0	606.8509708086647	1211.6873886837036	54.764072	-.ETPALILAQTR.-	DECOY_sp|P38919|IF4A3_HUMAN
2017dec27_overlap_dia_6b_rep1_604to616.dia:3285.8442:decoyIGQIGLPDQNR+2	-1	77841	10.503905	0.70709527	1.0627925	5.8983846	4.6723347	0.17403992	0.036765456	8.0	2.0	2.757925	0.5667742	0.11620227	2.5131085	-2.5131085	-2.2795706	8.18745	4.336364	0.9133361	0	11	0	1	0	0	605.8305693086646	1209.6465856837035	54.764072	-.IGQIGLPDQNR.-	DECOY_sp|P17050|NAGAB_HUMAN
2017dec27_overlap_dia_6b_rep1_604to616.dia:3289.9482:decoyDLSNGTEDLKK+2	-1	77945	10.573703	0.25989807	0.5064412	5.968182	5.199972	0.20813265	0.032328535	8.0	1.0	5.4730988	4.104824	0.0	10.0	10.0	-1.2267447	24.824799	10.0	4.451386	1	11	0	1	0	0	610.3118743086645	1218.6091956837033	54.83247	-.DLSNGTEDLKK.-	DECOY_sp|P11388-2|TOP2A_HUMAN	DECOY_sp|P11388-3|TOP2A_HUMAN	DECOY_sp|P11388-4|TOP2A_HUMAN	DECOY_sp|P11388|TOP2A_HUMAN
2017dec27_overlap_dia_6b_rep1_604to616.dia:3289.9482:decoyKAPHASC[+57.0214635]TQQGMPDFR+3	-1	77945	12.261274	0.7638889	1.0200208	5.7015114	5.0904818	0.16866124	0.029819839	10.0	3.0	5.4324894	0.27613604	0.0	10.0	10.0	-1.71313	23.857744	10.0	0.62269795	1	16	0	0	1	0	610.950651194714	1829.8301241837034	54.83247	-.KAPHASC[+57.0214635]TQQGMPDFR.-	DECOY_sp|Q9NPE3|NOP10_HUMAN
2017dec27_overlap_dia_6b_rep1_604to616.dia:3289.9482:decoyTSSADC[+57.0214635]AGSVFK+2	-1	77945	10.647504	0.22920115	0.3025062	6.041983	5.7002344	0.17847976	0.052878883	8.0	0.0	2.132963	0.7284335	0.0	10.0	10.0	-1.8440647	24.076942	10.0	1.0749954	0	12	0	1	0	0	615.2769775586646	1228.5394021837035	54.83247	-.TSSADC[+57.0214635]AGSVFK.-	DECOY_sp|Q9HAV0|GBB4_HUMAN
2017dec27_overlap_dia_6b_rep1_604to616.dia:3294.1047:LC[+57.0214635]EGFNEVLK+2	1	78049	14.070803	0.44685322	0.6449079	6.469647	5.7051682	0.025441475	0.0038007419	11.0	0.0	3.5691738	1.659058	0.8250054	7.9025717	7.9025717	1.608695	0.019515991	6.099266	1.9930438	0	10	0	1	0	0	604.8026310586647	1207.5907091837037	54.901745	-.LC[+57.0214635]EGFNEVLK.-	sp|Q9Y6H1|CHCH2_HUMAN
2017dec27_overlap_dia_6b_rep1_604to616.dia:3294.1047:QGPEGLEVSFR+2	1	78049	10.448856	0.75178117	1.1499966	5.8433356	5.474262	0.19411995	0.02820594	8.0	1.0	1.2105769	0.9079327	0.20314448	5.838038	-5.838038	-2.460638	0.5425606	7.6413436	1.2419186	0	11	0	1	0	0	609.8093023086647	1217.6040516837036	54.901745	-.QGPEGLEVSFR.-	sp|Q8TDP1-2|RNH2C_HUMAN	sp|Q8TDP1|RNH2C_HUMAN
2017dec27_overlap_dia_6b_rep1_604to616.dia:3294.1047:decoyC[+57.0214635]AEVNSLSVSR+2	-1	78049	9.927008	0.25645974	0.42527148	6.224577	5.228755	0.39206323	0.024053508	7.0	1.0	2.6795347	2.009651	0.0	10.0	10.0	-1.8272247	12.402561	10.0	2.3436368	0	11	0	1	0	0	611.2982435586645	1220.5819341837032	54.901745	-.C[+57.0214635]AEVNSLSVSR.-	DECOY_sp|P47712|PA24A_HUMAN
2017dec27_overlap_dia_6b_rep1_604to616.dia:3294.1047:decoyIQMESMQAMR+2	-1	78049	9.3358135	0.5129191	0.6781658	5.6333833	4.750753	0.20583557	0.018897438	7.0	1.0	4.4553595	-1.5552518	0.58253115	3.1823483	0.4688424	-0.9178219	12.911079	1.3344632	1.221266	0	10	0	1	0	0	612.7803193086646	1223.5460856837035	54.901745	-.IQMESMQAMR.-	DECOY_sp|Q8IWV8-4|UBR2_HUMAN	DECOY_sp|Q8IWV8|UBR2_HUMAN
2017dec27_overlap_dia_6b_rep1_604to616.dia:3294.1047:decoyKEDPLPFEIK+2	-1	78049	11.513134	0.701488	1.3294784	5.953371	5.5272884	0.11698794	0.020265989	9.0	2.0	2.2132947	1.5497195	0.0	10.0	10.0	-1.4561644	0.2883911	10.0	1.8837053	1	10	0	1	0	0	608.3346213086645	1214.6546896837033	54.901745	-.KEDPLPFEIK.-	DECOY_sp|P62191-2|PRS4_HUMAN	DECOY_sp|P62191|PRS4_HUMAN
2017dec27_overlap_dia_6b_rep1_604to616.dia:3294.1047:decoyKEEIWSLPSK+2	-1	78049	11.322144	0.69079465	1.0539644	6.7166224	5.631968	0.11183874	0.016378755	8.0	2.0	3.0477238	2.2857928	0.24905571	6.309221	6.309221	-1.9185619	0.7874985	4.505915	2.6197786	1	10	0	1	0	0	608.8322453086647	1215.6499376837037	54.901745	-.KEEIWSLPSK.-	DECOY_sp|P53004|BIEA_HUMAN
2017dec27_overlap_dia_6b_rep1_604to616.dia:3294.1047:decoyNSFYSFHDGR+2	-1	78049	9.706219	0.3155675	0.44405517	6.003788	5.1025467	0.22772147	0.021844134	7.0	1.0	3.5259266	-1.4265752	0.0	10.0	10.0	-2.406477	13.1758	10.0	1.0925894	0	10	0	1	0	0	615.2703393086645	1228.5261256837032	54.901745	-.NSFYSFHDGR.-	DECOY_sp|P49916-2|DNLI3_HUMAN	DECOY_sp|P49916-3|DNLI3_HUMAN	DECOY_sp|P49916-4|DNLI3_HUMAN	DECOY_sp|P49916|DNLI3_HUMAN
2017dec27_overlap_dia_6b_rep1_604to616.dia:3294.1047:decoyVPAFPRVDWK+2	-1	78049	10.336042	0.1939085	0.6771903	5.730522	5.5646386	0.18762803	0.15401322	8.0	0.0	5.668299	4.2512245	0.0	10.0	10.0	-2.3545837	0.1356163	10.0	4.5852103	1	10	0	1	0	0	607.8376658086645	1213.6607786837033	54.901745	-.VPAFPRVDWK.-	DECOY_sp|Q96DI7-2|SNR40_HUMAN	DECOY_sp|Q96DI7|SNR40_HUMAN
2017dec27_overlap_dia_6b_rep1_604to616.dia:3298.2417:NFGTDPEVTDLVHNTR+3	1	78153	12.407972	0.63983387	0.82009494	5.8482094	5.1848807	0.03635281	0.005619527	10.0	1.0	7.175373	1.9469783	0.0	10.0	10.0	0.41242313	0.049434662	10.0	2.2809641	0	16	0	0	1	0	605.6271070280474	1813.8594916837035	54.970695	-.NFGTDPEVTDLVHNTR.-	sp|O75976-2|CBPD_HUMAN	sp|O75976|CBPD_HUMAN
2017dec27_overlap_dia_6b_rep1_604to616.dia:3300.2822:decoyISSYYFDLGDHIEKK+3	-1	78205	9.582538	0.48075	0.57176477	5.880107	5.177316	0.14613272	0.0273144	7.0	4.0	3.1978662	2.3983996	0.0	10.0	10.0	-1.604167	4.3350754	10.0	2.7323854	1	15	0	0	1	0	605.636825694714	1813.8886476837035	55.004704	-.ISSYYFDLGDHIEKK.-	DECOY_sp|Q96D46|NMD3_HUMAN
2017dec27_overlap_dia_6b_rep1_604to616.dia:3300.2822:decoyYAQAFTSATIR+2	-1	78205	11.096603	0.46046078	0.60090905	6.491082	5.358597	0.15167274	0.03478003	8.0	1.0	7.403801	5.5528507	0.0	10.0	10.0	-0.7419405	6.609909	10.0	5.8868365	0	11	0	1	0	0	614.8196663086646	1227.6247796837035	55.004704	-.YAQAFTSATIR.-	DECOY_sp|Q99575|POP1_HUMAN
2017dec27_overlap_dia_6b_rep1_604to616.dia:3302.4338:YTAEEIEVLR+2	1	78257	10.188607	0.25901008	0.33585203	6.4861765	5.5437436	0.110664465	0.008716571	7.0	0.0	1.5638312	0.34333113	0.0	10.0	10.0	-1.1899033	0.019325256	10.0	0.6773169	0	10	0	1	0	0	611.8193313086647	1221.6241096837036	55.040565	-.YTAEEIEVLR.-	sp|Q9Y6W3|CAN7_HUMAN
2017dec27_overlap_dia_6b_rep1_604to616.dia:3302.4338:decoyNQFAGDVFVGR+2	-1	78257	9.994513	0.23492576	0.5528744	6.2920823	5.3260136	0.20879038	0.03157715	7.0	2.0	1.9443728	-1.4582796	0.0	10.0	10.0	-2.3302832	0.7506752	10.0	1.1242938	0	11	0	1	0	0	605.3041873086646	1208.5938216837035	55.040565	-.NQFAGDVFVGR.-	DECOY_sp|P85037|FOXK1_HUMAN
2017dec27_overlap_dia_6b_rep1_604to616.dia:3302.4338:decoyNVYAEQLAPGR+2	-1	78257	12.42425	0.54515624	1.0004635	6.8644857	6.336851	0.17370863	0.053662416	9.0	2.0	2.512721	-1.8845408	0.8178965	9.764989	9.764989	-0.5957079	11.085968	7.981632	1.550555	0	11	0	1	0	0	609.3172903086645	1216.6200276837033	55.040565	-.NVYAEQLAPGR.-	DECOY_sp|Q9UJU6-2|DBNL_HUMAN	DECOY_sp|Q9UJU6-3|DBNL_HUMAN	DECOY_sp|Q9UJU6-6|DBNL_HUMAN	DECOY_sp|Q9UJU6|DBNL_HUMAN
2017dec27_overlap_dia_6b_rep1_604to616.dia:3310.6562:YFVEAGAMAVR+2	1	78465	14.938929	0.4055381	0.51204884	7.337772	6.765869	0.008891193	5.4216204E-4	11.0	0.0	2.4880235	1.8660176	0.0	10.0	10.0	1.2632074	0.12662888	10.0	2.2000034	0	11	0	1	0	0	607.3053373086647	1212.5961216837036	55.177605	-.YFVEAGAMAVR.-	sp|P17987|TCPA_HUMAN
2017dec27_overlap_dia_6b_rep1_604to616.dia:3316.8394:KSPLSWIEEK+2	1	78621	10.391457	0.38912356	0.64234394	6.689026	5.6315913	0.11139082	0.022883268	7.0	0.0	3.575262	2.6814466	0.4229513	6.0124335	-6.0124335	-2.9869432	0.38933182	7.79579	3.0028563	1	10	0	1	0	0	608.8322453086647	1215.6499376837037	55.280655	-.KSPLSWIEEK.-	sp|P53004|BIEA_HUMAN
2017dec27_overlap_dia_6b_rep1_604to616.dia:3316.8394:decoyAQIEQILEER+2	-1	78621	10.842167	0.3114157	0.46409088	6.2366467	5.5339017	0.09295097	0.01738099	8.0	0.0	4.216351	0.31108618	0.9632375	5.1750617	0.71228296	-1.8181381	2.779335	1.0710738	0.6324959	0	10	0	1	0	0	614.8302348086645	1227.6459166837033	55.280655	-.AQIEQILEER.-	DECOY_sp|Q9H5N1-2|RABE2_HUMAN	DECOY_sp|Q9H5N1|RABE2_HUMAN
2017dec27_overlap_dia_6b_rep1_604to616.dia:3323.0283:EQAALSQANGIK+2	1	78777	12.450813	0.48995253	1.0478694	5.8910503	5.3591104	0.03894738	0.009610836	10.0	0.0	0.8222298	0.23870854	0.5270486	7.3708234	-7.3708234	-1.1542673	20.567635	9.101236	0.56011826	0	12	0	1	0	0	615.3278593086646	1228.6411656837035	55.383804	-.EQAALSQANGIK.-	sp|O95361-2|TRI16_HUMAN	sp|O95361|TRI16_HUMAN	sp|Q309B1-2|TR16L_HUMAN	sp|Q309B1|TR16L_HUMAN
2017dec27_overlap_dia_6b_rep1_604to616.dia:3323.0283:decoyNPQIDQGIGFK+2	-1	78777	14.684617	0.3432558	0.85240674	7.083461	7.092392	0.14024659	0.029144384	11.0	1.0	3.978068	2.983551	0.0	10.0	10.0	-0.42643356	4.45887	10.0	3.3049607	0	11	0	1	0	0	608.8196703086647	1215.6247876837037	55.383804	-.NPQIDQGIGFK.-	DECOY_sp|P62424|RL7A_HUMAN
2017dec27_overlap_dia_6b_rep1_604to616.dia:3324.992:AWGPGLEGGVVGK+2	1	78829	18.640715	1.579275	1.9376748	7.7003064	7.125328	0.006712973	6.5420236E-4	14.0	4.0	2.093831	-0.48863095	0.7807548	3.409015	3.409015	-0.2882676	0.09423447	1.751733	0.16722125	0	13	0	1	0	0	613.8300383086647	1225.6455236837037	55.41653	-.AWGPGLEGGVVGK.-	sp|P21333-2|FLNA_HUMAN	sp|P21333|FLNA_HUMAN
2017dec27_overlap_dia_6b_rep1_604to616.dia:3327.0337:decoyLQSFSEDQDR+2	-1	78881	9.057602	0.38581637	0.8794502	6.200269	4.584993	0.14957476	0.029765787	6.0	0.0	3.4258387	-1.4504682	0.5181946	5.4729457	5.4729457	-2.6109457	23.759539	3.8491864	1.1290585	0	10	0	1	0	0	612.7781988086645	1223.5418446837032	55.45056	-.LQSFSEDQDR.-	DECOY_sp|O14727-2|APAF_HUMAN	DECOY_sp|O14727-3|APAF_HUMAN	DECOY_sp|O14727-4|APAF_HUMAN	DECOY_sp|O14727-5|APAF_HUMAN	DECOY_sp|O14727-6|APAF_HUMAN	DECOY_sp|O14727|APAF_HUMAN
2017dec27_overlap_dia_6b_rep1_604to616.dia:3327.0337:decoyVLEPKQSEGAVVSSAVLK+3	-1	78881	12.123445	0.34861976	0.4995306	5.563681	5.0312023	0.17415026	0.03194201	10.0	3.0	2.5683987	1.9262991	0.0	10.0	10.0	-1.0072346	5.730953	10.0	2.2477088	1	18	0	0	1	0	614.3508026947142	1840.0305786837037	55.45056	-.VLEPKQSEGAVVSSAVLK.-	DECOY_sp|Q06787-3|FMR1_HUMAN	DECOY_sp|Q06787-4|FMR1_HUMAN	DECOY_sp|Q06787-5|FMR1_HUMAN	DECOY_sp|Q06787-6|FMR1_HUMAN	DECOY_sp|Q06787-7|FMR1_HUMAN	DECOY_sp|Q06787|FMR1_HUMAN
2017dec27_overlap_dia_6b_rep1_604to616.dia:3329.0208:TTSLC[+57.0214635]AGPSASKNEYEK+3	1	78933	13.572161	0.6456149	0.87813467	5.971005	5.516758	0.05000825	0.011341505	11.0	3.0	3.7172468	-0.34269762	0.0	10.0	10.0	-0.77031994	24.32737	10.0	0.008711815	1	17	0	0	1	0	614.9561211947141	1841.8465341837036	55.48368	-.TTSLC[+57.0214635]AGPSASKNEYEK.-	sp|Q9BWU0|NADAP_HUMAN
2017dec27_overlap_dia_6b_rep1_604to616.dia:3329.0208:decoyLAEIEAQSPVR+2	-1	78933	9.411292	0.27905476	0.55617684	5.7088614	5.0118356	0.2778737	0.013555202	7.0	0.0	1.077154	0.17402875	0.0	10.0	10.0	-1.9895697	12.428112	10.0	0.50801456	0	11	0	1	0	0	606.8327773086645	1211.6510016837033	55.48368	-.LAEIEAQSPVR.-	DECOY_sp|Q96K21-2|ANCHR_HUMAN	DECOY_sp|Q96K21-3|ANCHR_HUMAN	DECOY_sp|Q96K21-4|ANCHR_HUMAN	DECOY_sp|Q96K21|ANCHR_HUMAN
2017dec27_overlap_dia_6b_rep1_604to616.dia:3329.0208:decoyLSVPPRVHALK+2	-1	78933	8.631367	0.49897707	0.6912499	5.7740345	5.044469	0.10068787	0.025562428	6.0	0.0	1.7057776	-0.7188789	0.0	10.0	10.0	-1.4807358	21.373833	10.0	0.38489312	1	11	0	1	0	0	608.8798648086645	1215.7451766837032	55.48368	-.LSVPPRVHALK.-	DECOY_sp|P08237-2|PFKAM_HUMAN	DECOY_sp|P08237-3|PFKAM_HUMAN	DECOY_sp|P08237|PFKAM_HUMAN
2017dec27_overlap_dia_6b_rep1_604to616.dia:3329.0208:decoyTISLAIEHLPK+2	-1	78933	11.354261	0.6198964	1.0061215	6.7487407	5.841741	0.10411605	0.019788742	8.0	1.0	1.4728699	-0.6812493	0.0	10.0	10.0	-1.9144821	0.6730766	10.0	0.34726351	0	11	0	1	0	0	611.3637133086645	1220.7128736837033	55.48368	-.TISLAIEHLPK.-	DECOY_sp|Q08211|DHX9_HUMAN
2017dec27_overlap_dia_6b_rep1_604to616.dia:3333.0618:LC[+57.0214635]PPGIPTPGSGLPPPRK+3	1	79037	10.882909	0.67413783	0.78125197	6.277388	5.8203845	0.031668622	0.0063086227	8.0	4.0	3.6316519	0.059043527	0.0	10.0	10.0	-0.7671137	0.060546875	10.0	0.4005721	1	18	0	0	1	0	614.3415851947142	1840.0029261837037	55.55103	-.LC[+57.0214635]PPGIPTPGSGLPPPRK.-	sp|P27708|PYR1_HUMAN
2017dec27_overlap_dia_6b_rep1_604to616.dia:3335.104:C[+57.0214635]EAVVADVLDK+2	1	79089	11.571233	0.71563476	1.0875733	6.0114694	5.2238793	0.07796819	0.007104634	9.0	0.0	3.8246803	2.8685102	0.7087876	3.5258276	-2.1824853	-0.022669792	0.051757812	3.8062446	3.2150722	0	11	0	1	0	0	609.8053710586647	1217.5961891837037	55.585068	-.C[+57.0214635]EAVVADVLDK.-	sp|P51659-2|DHB4_HUMAN	sp|P51659-3|DHB4_HUMAN	sp|P51659|DHB4_HUMAN
2017dec27_overlap_dia_6b_rep1_604to616.dia:3335.104:ENVLIGDGAGFK+2	1	79089	17.789177	1.4859879	2.1143038	6.8487678	6.288002	0.011775152	0.0013847613	14.0	0.0	2.61694	1.2796539	0.81569594	7.5737996	7.5737996	1.8973532	0.13081741	5.9500403	1.6262158	0	12	0	1	0	0	610.3195028086648	1218.6244526837038	55.585068	-.ENVLIGDGAGFK.-	sp|P11310-2|ACADM_HUMAN	sp|P11310|ACADM_HUMAN
2017dec27_overlap_dia_6b_rep1_604to616.dia:3335.104:GSGSVVGELMYK+2	1	79089	11.033579	0.5102909	0.66736627	5.473815	4.983872	0.072321065	0.016738448	9.0	0.0	6.308767	0.75660217	0.0	10.0	10.0	-1.4562864	0.60110855	10.0	1.1031641	0	12	0	1	0	0	613.8079093086648	1225.6012656837038	55.585068	-.GSGSVVGELMYK.-	sp|O75746-2|CMC1_HUMAN	sp|O75746|CMC1_HUMAN
2017dec27_overlap_dia_6b_rep1_604to616.dia:3335.104:GYNFEDLTDR+2	1	79089	9.802313	0.34992135	0.5179365	6.099882	5.422841	0.12965225	0.02116291	7.0	0.0	4.6113434	-2.5511794	0.8203634	5.1896806	5.1896806	-1.1407061	0.24948883	3.5659213	2.2046175	0	10	0	1	0	0	615.2752878086648	1228.5360226837038	55.585068	-.GYNFEDLTDR.-	sp|Q9H7D7-2|WDR26_HUMAN	sp|Q9H7D7|WDR26_HUMAN
2017dec27_overlap_dia_6b_rep1_604to616.dia:3335.104:decoyC[+57.0214635]EGPPRGADAAL+2	-1	79089	8.724815	0.24157861	0.607852	5.8674827	5.251156	0.15338741	0.04604596	6.0	0.0	5.3759303	-0.5208237	0.0	10.0	10.0	-2.0346184	18.352684	10.0	0.17426181	1	12	0	1	0	0	607.2851375586645	1212.5557221837032	55.585068	-.C[+57.0214635]EGPPRGADAAL.-	DECOY_sp|Q8NBJ7-2|SUMF2_HUMAN	DECOY_sp|Q8NBJ7-5|SUMF2_HUMAN	DECOY_sp|Q8NBJ7|SUMF2_HUMAN
2017dec27_overlap_dia_6b_rep1_604to616.dia:3335.104:decoyIEGQLNHFHK+2	-1	79089	11.655708	0.6990571	1.0225556	6.0959454	5.203659	0.06430423	0.013270141	9.0	0.0	5.48286	4.112145	0.0	10.0	10.0	-1.2190847	25.577396	10.0	4.458707	0	10	0	1	0	0	611.8200043086645	1221.6254556837032	55.585068	-.IEGQLNHFHK.-	DECOY_sp|Q8TC12-2|RDH11_HUMAN	DECOY_sp|Q8TC12|RDH11_HUMAN
2017dec27_overlap_dia_6b_rep1_604to616.dia:3337.09:LLSASPVDAAIR+2	1	79141	14.310186	1.4912256	1.9730453	6.7090306	6.0357733	0.0069085695	0.0013798303	11.0	0.0	2.4882329	-0.61589384	0.8219626	5.0196004	4.042933	1.1427889	0.074359894	2.4191737	0.26933193	0	12	0	1	0	0	606.8509698086646	1211.6873866837034	55.618168	-.LLSASPVDAAIR.-	sp|Q9NRG9-2|AAAS_HUMAN	sp|Q9NRG9|AAAS_HUMAN
2017dec27_overlap_dia_6b_rep1_604to616.dia:3337.09:LVQEALEAVPR+2	1	79141	16.659796	1.4059538	1.8361516	6.8655148	6.2464366	0.016268961	0.0012778627	13.0	1.0	1.9005976	0.6889426	0.9941125	3.9022324	-0.040195465	3.5747337	0.23981857	1.6639547	1.0355046	0	11	0	1	0	0	612.8509703086646	1223.6873876837035	55.618168	-.LVQEALEAVPR.-	sp|Q15269|PWP2_HUMAN
2017dec27_overlap_dia_6b_rep1_604to616.dia:3337.09:decoyDAVVGEPIFPPREKDR+3	-1	79141	12.471127	0.53116745	0.9705462	5.911363	5.264277	0.24820328	0.022592062	10.0	1.0	3.9294834	-0.8420149	0.0	10.0	10.0	-0.946826	0.6524124	10.0	0.495453	2	16	0	0	1	0	608.9916090280475	1823.9529976837036	55.618168	-.DAVVGEPIFPPREKDR.-	DECOY_sp|Q9BZE4-2|NOG1_HUMAN	DECOY_sp|Q9BZE4-3|NOG1_HUMAN	DECOY_sp|Q9BZE4|NOG1_HUMAN
2017dec27_overlap_dia_6b_rep1_604to616.dia:3339.1323:VAYEELLDNR+2	1	79193	9.351437	0.40043268	0.7962727	5.6490064	4.7981935	0.13543461	0.011108364	7.0	0.0	3.956936	1.5731063	0.0	10.0	10.0	-2.488535	0.034664154	10.0	1.9196682	0	10	0	1	0	0	611.3091303086647	1220.6037076837038	55.652206	-.VAYEELLDNR.-	sp|Q6UXD5-3|SE6L2_HUMAN	sp|Q6UXD5-5|SE6L2_HUMAN	sp|Q6UXD5-6|SE6L2_HUMAN
2017dec27_overlap_dia_6b_rep1_604to616.dia:3339.1323:decoyASSANIEFITR+2	-1	79193	9.535503	0.45272803	0.8761582	5.833072	5.2742004	0.17232312	0.031287715	7.0	1.0	2.8644235	-2.1483176	0.8239353	2.503262	2.503262	-1.0582342	0.12182236	0.8795028	1.8017557	0	11	0	1	0	0	604.8171268086646	1207.6197006837035	55.652206	-.ASSANIEFITR.-	DECOY_sp|Q8TDD1-2|DDX54_HUMAN	DECOY_sp|Q8TDD1|DDX54_HUMAN
2017dec27_overlap_dia_6b_rep1_604to616.dia:3339.1323:decoyDEFHLDFEPNEKIAK+3	-1	79193	9.4763775	0.35600954	0.6650837	4.8708563	4.094871	0.15723804	0.023794066	8.0	2.0	1.3755077	0.19303131	0.6541166	0.3788129	0.3788129	-2.0178938	0.67601395	1.2449464	0.5395932	1	15	0	0	1	0	611.3002193613806	1830.8788286837032	55.652206	-.DEFHLDFEPNEKIAK.-	DECOY_sp|Q9NV70-2|EXOC1_HUMAN	DECOY_sp|Q9NV70|EXOC1_HUMAN
2017dec27_overlap_dia_6b_rep1_604to616.dia:3339.1323:decoyEAEENLQAALK+2	-1	79193	10.633081	0.471131	0.9316261	6.0275607	5.6645966	0.115585245	0.012005379	8.0	0.0	3.4647112	1.563346	0.8294962	7.3833246	-7.3833246	-1.6841965	16.280415	9.007084	1.9099079	0	11	0	1	0	0	608.3144173086646	1214.6142816837034	55.652206	-.EAEENLQAALK.-	DECOY_sp|Q9Y5B9|SP16H_HUMAN
2017dec27_overlap_dia_6b_rep1_604to616.dia:3339.1323:decoyNTEC[+57.0214635]FIAITR+2	-1	79193	8.757768	0.5682609	1.0838495	5.900435	5.0012155	0.16927	0.028979072	6.0	0.0	2.9137344	-1.6503512	0.35526526	8.633274	8.633274	-2.2745104	0.40382004	7.009515	1.3037893	0	10	0	1	0	0	612.8057055586646	1223.5968581837035	55.652206	-.NTEC[+57.0214635]FIAITR.-	DECOY_sp|O60488-2|ACSL4_HUMAN	DECOY_sp|O60488|ACSL4_HUMAN
2017dec27_overlap_dia_6b_rep1_604to616.dia:3341.1409:decoyKEEIWSLPSK+2	-1	79245	11.128472	0.6712094	1.1850533	6.5229516	5.462971	0.08291218	0.01534768	8.0	0.0	0.87794656	-0.31147152	0.0	10.0	10.0	-2.1364985	0.01291275	10.0	0.035090387	1	10	0	1	0	0	608.8322453086647	1215.6499376837037	55.68568	-.KEEIWSLPSK.-	DECOY_sp|P53004|BIEA_HUMAN
2017dec27_overlap_dia_6b_rep1_604to616.dia:3341.1409:decoyKEIVLQDQPR+2	-1	79245	10.856236	0.64394146	1.1767073	6.2507157	5.390566	0.07826605	0.013572568	8.0	2.0	4.3319316	1.951673	0.53897136	7.520822	-7.520822	-1.9258728	19.636734	9.144581	2.298235	1	10	0	1	0	0	613.3485948086645	1224.6826366837033	55.68568	-.KEIVLQDQPR.-	DECOY_sp|Q8WWI1-2|LMO7_HUMAN	DECOY_sp|Q8WWI1-3|LMO7_HUMAN	DECOY_sp|Q8WWI1-4|LMO7_HUMAN	DECOY_sp|Q8WWI1-5|LMO7_HUMAN	DECOY_sp|Q8WWI1|LMO7_HUMAN
2017dec27_overlap_dia_6b_rep1_604to616.dia:3345.2402:ATIFEINASSR+2	1	79349	14.066851	0.6241991	1.1855191	6.465694	5.8784375	0.017563002	0.0039286646	11.0	1.0	0.74875873	0.013385937	0.97882354	2.2176006	1.7943257	1.8270512	0.027210236	0.17056644	0.35994786	0	11	0	1	0	0	604.8171268086646	1207.6197006837035	55.754005	-.ATIFEINASSR.-	sp|Q8TDD1-2|DDX54_HUMAN	sp|Q8TDD1|DDX54_HUMAN
2017dec27_overlap_dia_6b_rep1_604to616.dia:3345.2402:TFSEAC[+57.0214635]LMVR+2	1	79349	9.945835	0.4389226	1.0136882	6.2434044	5.7846594	0.13449132	0.0123012345	7.0	0.0	2.2683203	-1.7012403	0.48045087	6.8490095	6.8490095	-1.6221714	0.12775421	5.2252502	1.3546784	0	10	0	1	0	0	607.2888340586646	1212.5631151837035	55.754005	-.TFSEAC[+57.0214635]LMVR.-	sp|P51398-2|RT29_HUMAN	sp|P51398-3|RT29_HUMAN	sp|P51398|RT29_HUMAN
2017dec27_overlap_dia_6b_rep1_604to616.dia:3345.2402:TPGQINLAQLR+2	1	79349	12.97159	0.5702207	0.95841944	6.411827	5.8677225	0.024465058	0.0035245381	10.0	2.0	2.0276577	-1.5207434	0.9309569	4.069797	4.069797	-1.9281864	0.13765717	2.4460378	1.1741815	0	11	0	1	0	0	605.8487623086646	1209.6829716837035	55.754005	-.TPGQINLAQLR.-	sp|Q9UPN9-2|TRI33_HUMAN	sp|Q9UPN9|TRI33_HUMAN
2017dec27_overlap_dia_6b_rep1_604to616.dia:3347.3499:NLTVILSDASAPGEGEHK+3	1	79401	16.207487	0.6575171	1.0421796	6.413206	5.951589	0.042365305	0.008526049	13.0	9.0	1.288364	-0.79772764	0.9821812	3.8986425	1.6817662	-0.6907091	0.19086456	0.058006883	0.45116574	0	18	0	0	1	0	613.3145286947141	1836.9217566837035	55.789165	-.NLTVILSDASAPGEGEHK.-	sp|Q9H0D6-2|XRN2_HUMAN	sp|Q9H0D6|XRN2_HUMAN
2017dec27_overlap_dia_6b_rep1_604to616.dia:3347.3499:SSSGLLEWESK+2	1	79401	18.396523	1.9605013	2.4948096	7.4561133	6.9534273	0.004371803	4.7382375E-4	14.0	8.0	1.9041449	-0.47963512	0.9784816	2.9810016	2.9810016	4.442524	0.08326721	1.3572423	0.13307321	0	11	0	1	0	0	611.8011418086647	1221.5877306837037	55.789165	-.SSSGLLEWESK.-	sp|P14866-2|HNRPL_HUMAN	sp|P14866|HNRPL_HUMAN
2017dec27_overlap_dia_6b_rep1_604to616.dia:3349.3787:FSHEEIAMATVTALRR+3	1	79453	23.072819	1.2481093	0.8217888	7.266478	6.573039	0.01609735	0.0028163667	18.0	13.0	1.135919	0.117020816	0.9194468	3.2762632	1.4417253	12.517899	0.4906578	0.18203402	0.46358272	1	16	0	0	1	0	611.3209610280475	1830.9410536837038	55.82298	-.FSHEEIAMATVTALRR.-	sp|P04075-2|ALDOA_HUMAN	sp|P04075|ALDOA_HUMAN
2017dec27_overlap_dia_6b_rep1_604to616.dia:3349.3787:IC[+57.0214635]SWNVDGLR+2	1	79453	16.101984	1.9822156	2.3633142	7.4216466	6.889164	0.0030900766	0.0014736515	12.0	3.0	2.3251667	1.4775052	0.8256492	1.0203904	1.0203904	0.38403893	0.042099	0.6033689	1.8240671	0	10	0	1	0	0	610.2980470586647	1218.5815411837036	55.82298	-.IC[+57.0214635]SWNVDGLR.-	sp|P27695|APEX1_HUMAN
2017dec27_overlap_dia_6b_rep1_604to616.dia:3349.3787:decoyEALIDELYHK+2	-1	79453	10.158253	0.53267103	1.0844382	6.455822	5.5134907	0.16969846	0.045065045	7.0	3.0	4.616112	-1.7590013	0.0	10.0	10.0	-2.394126	0.23456573	10.0	1.4124393	0	10	0	1	0	0	615.8218738086646	1229.6291946837034	55.82298	-.EALIDELYHK.-	DECOY_sp|Q7L2E3-2|DHX30_HUMAN	DECOY_sp|Q7L2E3-3|DHX30_HUMAN	DECOY_sp|Q7L2E3|DHX30_HUMAN
2017dec27_overlap_dia_6b_rep1_604to616.dia:3349.3787:decoyQQIEEKALDR+2	-1	79453	11.878783	0.47972694	1.0485739	6.31902	5.5940647	0.043702044	0.010608791	9.0	0.0	3.2063313	2.4047484	0.0	10.0	10.0	-1.7942915	25.815308	10.0	2.7513103	1	10	0	1	0	0	615.3278593086645	1228.6411656837033	55.82298	-.QQIEEKALDR.-	DECOY_sp|Q99567|NUP88_HUMAN
2017dec27_overlap_dia_6b_rep1_604to616.dia:3351.4636:AEVLSEEPILK+2	1	79505	15.848446	1.4717581	1.8408356	7.1681085	6.491923	0.0031082514	6.5211824E-4	12.0	3.0	3.7357624	-0.72223496	0.9984812	4.4159927	2.198786	3.5843067	0.033935547	0.57502675	0.37567306	0	11	0	1	0	0	614.3451858086647	1226.6758186837037	55.857727	-.AEVLSEEPILK.-	sp|Q7L1Q6-2|BZW1_HUMAN	sp|Q7L1Q6-3|BZW1_HUMAN	sp|Q7L1Q6-4|BZW1_HUMAN	sp|Q7L1Q6|BZW1_HUMAN
2017dec27_overlap_dia_6b_rep1_604to616.dia:3353.4944:decoyAKETAAVASSEAPKGSVLK+3	-1	79557	11.687958	0.6787717	1.0848198	6.128195	5.474657	0.101146966	0.018122878	9.0	5.0	1.6214215	1.2160661	0.0	10.0	10.0	-0.98950195	24.081728	10.0	1.562628	2	19	0	0	1	0	615.3423073613807	1843.0050926837032	55.891575	-.AKETAAVASSEAPKGSVLK.-	DECOY_sp|O95182|NDUA7_HUMAN
2017dec27_overlap_dia_6b_rep1_604to616.dia:3353.4944:decoyTGIGTNAGTVIVK+2	-1	79557	12.17387	0.56142443	1.1984775	6.614107	5.675207	0.09318061	0.017899407	9.0	0.0	2.095297	-0.18968195	0.09754444	6.6256647	6.6256647	-1.6791878	11.804699	5.0019054	0.15687996	0	13	0	1	0	0	615.8562533086647	1229.6979536837036	55.891575	-.TGIGTNAGTVIVK.-	DECOY_sp|Q8NBN7|RDH13_HUMAN
2017dec27_overlap_dia_6b_rep1_604to616.dia:3355.5781:ATAENEFVVLK+2	1	79609	17.268696	1.8646231	2.2376893	7.474416	6.794885	0.0018735104	4.227801E-4	13.0	6.0	1.1036698	0.551971	0.83470696	5.6898994	-0.9190221	1.0339136	0.09408569	2.5427814	0.8985329	0	11	0	1	0	0	610.8297033086646	1219.6448536837036	55.926304	-.ATAENEFVVLK.-	sp|P78386|KRT85_HUMAN
2017dec27_overlap_dia_6b_rep1_604to616.dia:3355.5781:TAAENEFVVLK+2	1	79609	19.607239	1.8893789	2.4659898	7.490739	6.808915	0.0027282317	4.3844632E-4	15.0	8.0	1.1036698	0.551971	0.83470696	5.6898994	-0.9190221	6.7783756	0.09408569	2.5427814	0.8985329	0	11	0	1	0	0	610.8297033086646	1219.6448536837036	55.926304	-.TAAENEFVVLK.-	sp|P08729|K2C7_HUMAN	sp|Q14CN4-2|K2C72_HUMAN	sp|Q14CN4-3|K2C72_HUMAN	sp|Q14CN4|K2C72_HUMAN
2017dec27_overlap_dia_6b_rep1_604to616.dia:3355.5781:decoyFEEVTNDTIR+2	-1	79609	11.013279	0.46592358	0.5746517	6.4077587	5.8685756	0.063748166	0.0071917395	8.0	0.0	2.3885193	1.7913895	0.73749894	5.2810507	-5.2810507	-0.6939297	14.632019	6.90481	2.1379514	0	10	0	1	0	0	612.2987673086645	1222.5829816837033	55.926304	-.FEEVTNDTIR.-	DECOY_sp|O60264|SMCA5_HUMAN
2017dec27_overlap_dia_6b_rep1_604to616.dia:3357.5637:QGDFYVPEMK+2	1	79661	10.408419	0.44292435	0.7170295	5.8028984	5.0534635	0.21426305	0.020691475	8.0	0.0	1.4487911	0.8996998	0.0	10.0	10.0	-1.8330765	0.0552063	10.0	1.2462617	0	10	0	1	0	0	607.2815278086647	1212.5485026837036	55.959396	-.QGDFYVPEMK.-	sp|Q9Y6I9|TX264_HUMAN
2017dec27_overlap_dia_6b_rep1_604to616.dia:3357.5637:SPEQQLSATQK+2	1	79661	12.037163	0.62198025	0.84496975	6.477399	5.588316	0.12576035	0.015336507	9.0	1.0	4.6087117	-2.228757	0.0	10.0	10.0	-1.5012512	25.951725	10.0	1.882195	0	11	0	1	0	0	608.8120423086647	1215.6095316837036	55.959396	-.SPEQQLSATQK.-	sp|P52294|IMA5_HUMAN
2017dec27_overlap_dia_6b_rep1_604to616.dia:3357.5637:decoyKGC[+57.0214635]AGDGVIVLK+2	-1	79661	9.601267	0.89617753	1.3549824	5.8988357	5.1998043	0.13195142	0.020608922	7.0	2.0	1.411695	0.96219087	0.0	10.0	10.0	-1.2118855	18.828197	10.0	1.3087528	1	12	0	1	0	0	608.8395485586645	1215.6645441837034	55.959396	-.KGC[+57.0214635]AGDGVIVLK.-	DECOY_sp|P08134|RHOC_HUMAN	DECOY_sp|P61586|RHOA_HUMAN
2017dec27_overlap_dia_6b_rep1_604to616.dia:3357.5637:decoyVGNIHEFEQR+2	-1	79661	10.092944	0.4195888	0.6534188	5.4874234	4.9766746	0.09548315	0.013790559	8.0	0.0	1.3925653	0.5590335	0.0	10.0	10.0	-1.3529253	23.425747	10.0	0.9055954	0	10	0	1	0	0	614.8070938086646	1227.5996346837035	55.959396	-.VGNIHEFEQR.-	DECOY_sp|Q12873-2|CHD3_HUMAN	DECOY_sp|Q12873-3|CHD3_HUMAN	DECOY_sp|Q12873|CHD3_HUMAN
2017dec27_overlap_dia_6b_rep1_604to616.dia:3361.742:DDKERPPFIPEGVVAR+3	1	79766	15.33813	0.8842798	0.7963534	6.657792	6.102521	0.023597311	0.0053514815	12.0	6.0	3.7396772	-2.8047578	0.7687779	2.1687908	-2.1687908	2.6873837	0.2244873	3.79255	2.470772	1	16	0	0	1	0	608.9916090280475	1823.9529976837036	56.029034	-.DDKERPPFIPEGVVAR.-	sp|Q9BZE4-2|NOG1_HUMAN	sp|Q9BZE4-3|NOG1_HUMAN	sp|Q9BZE4|NOG1_HUMAN
2017dec27_overlap_dia_6b_rep1_604to616.dia:3361.742:EQTLSPTITSGLHNIAR+3	1	79766	16.063599	0.7040122	1.0383974	6.2693167	5.589391	0.043147445	0.015539442	13.0	2.0	1.3643032	-1.0232275	0.99388385	2.5626109	-1.331263	2.1130285	0.14604568	2.9550223	0.68924165	0	17	0	0	1	0	613.3304020280474	1836.9693766837033	56.029034	-.EQTLSPTITSGLHNIAR.-	sp|O94979-10|SC31A_HUMAN	sp|O94979-2|SC31A_HUMAN	sp|O94979-3|SC31A_HUMAN	sp|O94979-4|SC31A_HUMAN	sp|O94979-6|SC31A_HUMAN	sp|O94979-7|SC31A_HUMAN	sp|O94979-8|SC31A_HUMAN	sp|O94979-9|SC31A_HUMAN	sp|O94979|SC31A_HUMAN
2017dec27_overlap_dia_6b_rep1_604to616.dia:3361.742:ILIRPMYSNPPLNGAR+3	1	79766	28.389015	2.3244274	2.0973551	7.3382483	6.860188	0.0037378718	8.8903477E-4	22.0	16.0	4.327701	-0.18325675	0.9954971	3.9374819	3.0735757	14.097497	0.42061234	1.4498165	0.15072906	0	16	0	0	1	0	604.669809694714	1810.9875996837034	56.029034	-.ILIRPMYSNPPLNGAR.-	sp|P00505-2|AATM_HUMAN	sp|P00505|AATM_HUMAN
2017dec27_overlap_dia_6b_rep1_604to616.dia:3361.742:decoyAMATNHVAEIR+2	-1	79766	9.522385	0.62060267	0.9581882	5.8199534	5.360385	0.15539138	0.04838957	7.0	0.0	6.991569	0.15422833	0.0	10.0	10.0	0.16765118	26.021362	10.0	0.48821414	0	11	0	1	0	0	606.8113223086646	1211.6080916837034	56.029034	-.AMATNHVAEIR.-	DECOY_sp|Q9NZQ3-2|SPN90_HUMAN	DECOY_sp|Q9NZQ3-3|SPN90_HUMAN	DECOY_sp|Q9NZQ3-4|SPN90_HUMAN	DECOY_sp|Q9NZQ3-5|SPN90_HUMAN	DECOY_sp|Q9NZQ3|SPN90_HUMAN
2017dec27_overlap_dia_6b_rep1_604to616.dia:3361.742:decoyGASSTQLSPKGAPINQTR+3	-1	79766	10.298885	0.4636542	0.92641485	5.693365	5.156324	0.2599942	0.06703196	8.0	2.0	3.4610875	1.4558614	0.0	10.0	10.0	-1.4322462	21.129639	10.0	1.7898473	1	18	0	0	1	0	604.9902683613808	1811.9489756837036	56.029034	-.GASSTQLSPKGAPINQTR.-	DECOY_sp|Q86YP4-2|P66A_HUMAN	DECOY_sp|Q86YP4-3|P66A_HUMAN	DECOY_sp|Q86YP4|P66A_HUMAN
2017dec27_overlap_dia_6b_rep1_604to616.dia:3361.742:decoyRIEATIYDLK+2	-1	79766	11.222741	0.5532725	0.8778714	6.6172204	5.4741087	0.12789851	0.021036804	8.0	1.0	0.67415833	0.50561875	0.0	10.0	10.0	-0.44885826	6.008362	10.0	0.83960456	1	10	0	1	0	0	611.3455163086645	1220.6764796837033	56.029034	-.RIEATIYDLK.-	DECOY_sp|O15212|PFD6_HUMAN
2017dec27_overlap_dia_6b_rep1_604to616.dia:3365.8435:EVGYLEFTGPPQKPPR+3	1	79870	12.522936	0.8344064	0.6604037	5.963172	5.0842557	0.031631436	0.006943275	10.0	3.0	1.3489298	-0.17237648	0.3695347	9.947005	-9.947005	-1.1978645	0.21563339	11.550816	0.16160932	0	16	0	0	1	0	605.6527023613809	1813.936277683704	56.097393	-.EVGYLEFTGPPQKPPR.-	sp|Q14289-2|FAK2_HUMAN	sp|Q14289|FAK2_HUMAN
2017dec27_overlap_dia_6b_rep1_604to616.dia:3365.8435:decoyIGGPAC[+57.0214635]C[+57.0214635]MDLK+2	-1	79870	11.228735	0.43059254	0.6071594	6.623214	5.854923	0.15129703	0.058409568	8.0	0.0	0.37624112	0.22660488	0.0	10.0	10.0	-1.8540192	11.692287	10.0	0.5605907	0	11	0	1	0	0	611.2748698086646	1220.5351866837034	56.097393	-.IGGPAC[+57.0214635]C[+57.0214635]MDLK.-	DECOY_sp|P46087-2|NOP2_HUMAN	DECOY_sp|P46087-3|NOP2_HUMAN	DECOY_sp|P46087-4|NOP2_HUMAN	DECOY_sp|P46087|NOP2_HUMAN
2017dec27_overlap_dia_6b_rep1_604to616.dia:3365.8435:decoyLRPPPLGSGPTPIGPPC[+57.0214635]K+3	-1	79870	7.7278166	0.20012993	0.61436826	5.6486354	5.2472224	0.19753626	0.045653835	5.0	1.0	3.083554	-1.0331184	0.4940002	2.5302758	-2.5302758	-2.3963661	0.48121643	4.134086	0.69913256	0	18	0	0	1	0	614.3415851947142	1840.0029261837037	56.097393	-.LRPPPLGSGPTPIGPPC[+57.0214635]K.-	DECOY_sp|P27708|PYR1_HUMAN
2017dec27_overlap_dia_6b_rep1_604to616.dia:3365.8435:decoyRTLYAIYPAR+2	-1	79870	9.357595	0.20782661	0.4617558	5.6551647	5.0375886	0.09424458	0.025440622	7.0	0.0	3.4768536	2.0695076	0.0	10.0	10.0	-1.096941	4.9323273	10.0	2.4034934	1	10	0	1	0	0	612.3483893086647	1222.6822256837036	56.097393	-.RTLYAIYPAR.-	DECOY_sp|Q14C86-2|GAPD1_HUMAN	DECOY_sp|Q14C86-3|GAPD1_HUMAN	DECOY_sp|Q14C86-4|GAPD1_HUMAN	DECOY_sp|Q14C86-5|GAPD1_HUMAN	DECOY_sp|Q14C86-6|GAPD1_HUMAN	DECOY_sp|Q14C86|GAPD1_HUMAN
2017dec27_overlap_dia_6b_rep1_604to616.dia:3367.9004:LVARPEPATGYTLEFR+3	1	79922	34.276886	2.0420132	2.252561	7.6712685	7.2204576	0.006420849	0.0019600112	26.0	20.0	3.2447808	-1.5707378	0.9990539	3.029536	1.7254157	15.691297	0.35411453	0.121605396	1.236752	0	16	0	0	1	0	607.3282186947141	1818.9628266837037	56.13167	-.LVARPEPATGYTLEFR.-	sp|Q16658|FSCN1_HUMAN
2017dec27_overlap_dia_6b_rep1_604to616.dia:3367.9004:SQWSPALTISK+2	1	79922	17.105558	1.0276628	1.1733727	7.3112774	6.684894	0.021393865	0.0011716832	13.0	2.0	4.8355794	-3.6266847	0.99551344	4.153307	3.5252647	5.744912	0.030441284	1.9214544	3.2926989	0	11	0	1	0	0	609.3298703086648	1216.6451876837039	56.13167	-.SQWSPALTISK.-	sp|P61077-2|UB2D3_HUMAN	sp|P61077-3|UB2D3_HUMAN	sp|P61077|UB2D3_HUMAN	sp|P62837-2|UB2D2_HUMAN	sp|P62837|UB2D2_HUMAN
2017dec27_overlap_dia_6b_rep1_604to616.dia:3367.9004:decoyMGGYFHTYEAC[+57.0214635]TIYK+3	-1	79922	8.304588	0.27057418	0.22581762	6.225407	4.6050563	0.13883151	0.0451628	5.0	2.0	3.2705529	0.6343565	0.0	10.0	10.0	-3.0	0.2260704	10.0	0.9683423	0	15	0	0	1	0	614.272611194714	1839.7960041837034	56.13167	-.MGGYFHTYEAC[+57.0214635]TIYK.-	DECOY_sp|Q13356-2|PPIL2_HUMAN	DECOY_sp|Q13356|PPIL2_HUMAN
2017dec27_overlap_dia_6b_rep1_604to616.dia:3367.9004:decoyVPYFPTTEKQPIEQR+3	-1	79922	11.073309	0.28348753	0.4947729	5.513546	5.303793	0.1676608	0.019035216	9.0	1.0	5.573976	0.6232889	0.9277703	2.484896	2.484896	-1.1380148	8.134865	0.88108563	0.95727473	1	15	0	0	1	0	611.6562240280474	1831.9468426837036	56.13167	-.VPYFPTTEKQPIEQR.-	DECOY_sp|O60547-2|GMDS_HUMAN	DECOY_sp|O60547|GMDS_HUMAN
2017dec27_overlap_dia_6b_rep1_604to616.dia:3369.9153:decoyQYFTALGEHR+2	-1	79974	9.62841	0.17890528	0.70993125	5.92598	4.9191003	0.13676131	0.053713582	7.0	0.0	5.1660924	0.0899148	0.0	10.0	10.0	-2.4860487	13.666073	10.0	0.4239006	0	10	0	1	0	0	611.3041833086646	1220.5938136837035	56.165257	-.QYFTALGEHR.-	DECOY_sp|Q6L8Q7-2|PDE12_HUMAN	DECOY_sp|Q6L8Q7|PDE12_HUMAN
2017dec27_overlap_dia_6b_rep1_604to616.dia:3371.9956:NGPLEVAGAAVSAGHGLPAK+3	1	80026	41.212322	1.3802105	1.3987167	7.297298	6.9361577	0.0026453082	7.3096645E-4	31.0	26.0	3.3473864	-2.2552397	0.9994055	4.1298904	4.1298904	5.2913356	0.10309601	2.5260801	1.9212539	0	20	0	0	1	0	605.9952423613807	1814.9638976837034	56.19993	-.NGPLEVAGAAVSAGHGLPAK.-	sp|O75367-2|H2AY_HUMAN	sp|O75367-3|H2AY_HUMAN	sp|O75367|H2AY_HUMAN
2017dec27_overlap_dia_6b_rep1_604to616.dia:3371.9956:decoyKPQWNSGGTLK+2	-1	80026	11.009804	0.42396632	0.5888006	6.4042835	5.5426145	0.10144104	0.020696854	8.0	2.0	3.597739	2.306245	0.81328887	4.874236	-4.874236	-2.2007818	26.192257	6.4780464	2.640231	0	11	0	1	0	0	608.3276623086646	1214.6407716837034	56.19993	-.KPQWNSGGTLK.-	DECOY_sp|Q13492-2|PICAL_HUMAN	DECOY_sp|Q13492-3|PICAL_HUMAN	DECOY_sp|Q13492-4|PICAL_HUMAN	DECOY_sp|Q13492-5|PICAL_HUMAN	DECOY_sp|Q13492|PICAL_HUMAN
2017dec27_overlap_dia_6b_rep1_604to616.dia:3371.9956:decoyLETAIQC[+57.0214635]YPK+2	-1	80026	13.139235	0.6162307	0.76932156	6.5794706	6.115891	0.13400358	0.049006175	10.0	2.0	5.7972355	-3.3853705	0.0	10.0	10.0	0.2597456	11.994087	10.0	3.0513847	0	10	0	1	0	0	611.8104525586647	1221.6063521837036	56.19993	-.LETAIQC[+57.0214635]YPK.-	DECOY_sp|O75717-2|WDHD1_HUMAN	DECOY_sp|O75717|WDHD1_HUMAN
2017dec27_overlap_dia_6b_rep1_604to616.dia:3378.1626:VDQYLYHMR+2	1	80182	11.699652	0.49184284	0.5529317	6.139889	5.7172112	0.11413171	0.051565588	9.0	1.0	4.11902	0.9812459	0.0	10.0	10.0	0.29232693	14.6992	10.0	1.3152317	0	9	0	1	0	0	612.7951323086646	1223.5757116837035	56.30271	-.VDQYLYHMR.-	sp|P52789|HXK2_HUMAN
2017dec27_overlap_dia_6b_rep1_604to616.dia:3382.2727:ATGYPLAYVAAK+2	1	80286	15.390055	0.54683435	0.9982956	6.709717	6.111699	0.044832274	0.0050958046	12.0	1.0	2.2963593	-1.3731003	0.7982382	0.29392725	-0.29392725	1.0384398	0.093120575	1.8977375	1.0391145	0	12	0	1	0	0	612.8347808086647	1223.6550086837037	56.371212	-.ATGYPLAYVAAK.-	sp|P27708|PYR1_HUMAN
2017dec27_overlap_dia_6b_rep1_604to616.dia:3382.2727:LTLSC[+57.0214635]EEFVK+2	1	80286	11.671108	0.8091761	1.1005586	6.1113453	5.715356	0.03494223	0.01137741	9.0	0.0	2.0975688	-1.0190415	0.0	10.0	10.0	1.2998638	0.09910965	10.0	0.68505573	0	10	0	1	0	0	613.3102890586647	1224.6060251837037	56.371212	-.LTLSC[+57.0214635]EEFVK.-	sp|O95571|ETHE1_HUMAN
2017dec27_overlap_dia_6b_rep1_604to616.dia:3382.2727:QLNLENVVGDK+2	1	80286	11.220926	0.5302958	0.7676856	5.6611633	4.8934717	0.09267586	0.0071765375	9.0	1.0	2.42883	1.1618297	0.0	10.0	10.0	-2.0938854	0.1411438	10.0	1.4958155	0	11	0	1	0	0	614.8302343086647	1227.6459156837036	56.371212	-.QLNLENVVGDK.-	sp|O43929-2|ORC4_HUMAN	sp|O43929-3|ORC4_HUMAN	sp|O43929|ORC4_HUMAN
2017dec27_overlap_dia_6b_rep1_604to616.dia:3382.2727:SELEDFELDK+2	1	80286	14.036892	1.3537194	1.7464049	6.4357357	5.8236256	0.04302302	0.009743519	11.0	0.0	1.92235	-0.12031956	0.8240699	1.2973808	1.2973808	0.53606224	0.41972733	0.3064295	0.21366625	0	10	0	1	0	0	612.7851578086647	1223.5557626837037	56.371212	-.SELEDFELDK.-	sp|Q9NVI1-1|FANCI_HUMAN	sp|Q9NVI1-2|FANCI_HUMAN	sp|Q9NVI1|FANCI_HUMAN
2017dec27_overlap_dia_6b_rep1_604to616.dia:3382.2727:decoyISHSVVDQLTK+2	-1	80286	11.893413	0.65094656	0.81311667	6.333649	5.573989	0.20139323	0.024534173	9.0	1.0	2.5860336	1.9395251	0.0	10.0	10.0	-0.46006107	5.379139	10.0	2.273511	0	11	0	1	0	0	613.8406023086646	1225.6666516837035	56.371212	-.ISHSVVDQLTK.-	DECOY_sp|P46940|IQGA1_HUMAN
2017dec27_overlap_dia_6b_rep1_604to616.dia:3386.353:GSGEGQGQILQR+2	1	80390	9.690746	0.37681776	0.6333663	5.085226	4.472615	0.17434733	0.0485375	8.0	0.0	3.1227112	1.6731999	0.0	10.0	10.0	-1.480814	25.282906	10.0	2.0071857	0	12	0	1	0	0	615.3152838086647	1228.6160146837037	56.439217	-.GSGEGQGQILQR.-	sp|O95248-4|MTMR5_HUMAN	sp|O95248|MTMR5_HUMAN
2017dec27_overlap_dia_6b_rep1_604to616.dia:3386.353:MYITC[+57.0214635]AEYTHFYGGK+3	1	80390	11.62518	0.4461561	0.6432575	6.065417	4.6183066	0.08256574	0.16103272	9.0	2.0	2.3884404	-1.7913303	0.0	10.0	10.0	-1.6380873	0.5235405	10.0	1.4573445	0	15	0	0	1	0	614.2726111947142	1839.7960041837039	56.439217	-.MYITC[+57.0214635]AEYTHFYGGK.-	sp|Q13356-2|PPIL2_HUMAN	sp|Q13356|PPIL2_HUMAN
2017dec27_overlap_dia_6b_rep1_604to616.dia:3386.353:YTFAPSVSLNK+2	1	80390	12.052509	0.82133085	1.2465838	6.4927464	5.826701	0.048132304	0.006345477	9.0	1.0	5.3675647	-3.7580156	0.8274999	5.2386317	1.6084074	-0.78759766	0.0061302185	0.004597068	3.4240298	0	11	0	1	0	0	613.8244163086647	1225.6342796837037	56.439217	-.YTFAPSVSLNK.-	sp|Q9NR12-3|PDLI7_HUMAN	sp|Q9NR12-4|PDLI7_HUMAN	sp|Q9NR12-5|PDLI7_HUMAN	sp|Q9NR12-6|PDLI7_HUMAN	sp|Q9NR12|PDLI7_HUMAN
2017dec27_overlap_dia_6b_rep1_604to616.dia:3386.353:decoyEAQEPTLVDGR+2	-1	80390	11.85409	0.86785257	1.3688403	6.294326	5.5820208	0.15251805	0.01845935	9.0	1.0	1.9391769	-0.6972003	0.0	10.0	10.0	-1.291152	19.309288	10.0	0.3632145	0	11	0	1	0	0	607.8042173086645	1213.5938816837033	56.439217	-.EAQEPTLVDGR.-	DECOY_sp|Q9UKD2|MRT4_HUMAN
2017dec27_overlap_dia_6b_rep1_604to616.dia:3386.353:decoyEHAGTILIMVK+2	-1	80390	9.601524	0.40167	0.8483408	5.8990936	5.045206	0.22060746	0.027044207	7.0	1.0	2.072467	0.67070764	0.8065259	6.517206	6.517206	-2.1946392	2.343132	4.913396	1.0046935	0	11	0	1	0	0	606.3444668086646	1210.6743806837035	56.439217	-.EHAGTILIMVK.-	DECOY_sp|P46926-2|GNPI1_HUMAN	DECOY_sp|P46926|GNPI1_HUMAN	DECOY_sp|Q8TDQ7-2|GNPI2_HUMAN	DECOY_sp|Q8TDQ7-3|GNPI2_HUMAN	DECOY_sp|Q8TDQ7-4|GNPI2_HUMAN	DECOY_sp|Q8TDQ7-5|GNPI2_HUMAN	DECOY_sp|Q8TDQ7|GNPI2_HUMAN
2017dec27_overlap_dia_6b_rep1_604to616.dia:3386.353:decoyQVDENVC[+57.0214635]LNK+2	-1	80390	11.78175	0.72412854	1.0699017	6.221986	5.0610166	0.07848322	0.013813974	9.0	0.0	2.9120636	-2.1840477	0.0	10.0	10.0	-1.4401579	20.258007	10.0	1.8500619	0	10	0	1	0	0	609.7927945586647	1217.5710361837037	56.439217	-.QVDENVC[+57.0214635]LNK.-	DECOY_sp|Q96FC9-2|DDX11_HUMAN	DECOY_sp|Q96FC9-3|DDX11_HUMAN	DECOY_sp|Q96FC9-4|DDX11_HUMAN	DECOY_sp|Q96FC9|DDX11_HUMAN
2017dec27_overlap_dia_6b_rep1_604to616.dia:3392.519:DAWASPC[+57.0214635]HSYPLVATR+3	1	80546	10.136057	0.34896722	0.4781599	5.5305357	4.830166	0.13757135	0.018199982	8.0	2.0	1.5037537	0.082101464	0.0	10.0	10.0	-1.9854441	1.2658653	10.0	0.41608727	0	16	0	0	1	0	610.9579081947142	1829.8518951837038	56.541985	-.DAWASPC[+57.0214635]HSYPLVATR.-	sp|Q13425|SNTB2_HUMAN
2017dec27_overlap_dia_6b_rep1_604to616.dia:3392.519:decoyQFGEAC[+57.0214635]EETR+2	-1	80546	8.129687	0.345655	0.47539282	5.2723546	4.4776363	0.18118984	0.021032685	6.0	0.0	3.5264962	-2.3336985	0.0	10.0	10.0	-2.4648237	26.534313	10.0	1.9997127	0	10	0	1	0	0	613.7589525586645	1225.5033521837033	56.541985	-.QFGEAC[+57.0214635]EETR.-	DECOY_sp|Q8N0W3-2|FUK_HUMAN	DECOY_sp|Q8N0W3|FUK_HUMAN
2017dec27_overlap_dia_6b_rep1_604to616.dia:3394.5344:decoySPSPSTQPKPASFPKPGK+3	-1	80598	17.315708	0.7033369	1.2216464	6.375299	5.641274	0.1191401	0.023851978	14.0	10.0	2.5014648	1.8760986	0.0	10.0	10.0	-1.3418455	24.300327	10.0	2.2100844	0	18	0	0	1	0	613.3317426947141	1836.9733986837034	56.575573	-.SPSPSTQPKPASFPKPGK.-	DECOY_sp|Q01518-2|CAP1_HUMAN	DECOY_sp|Q01518|CAP1_HUMAN
2017dec27_overlap_dia_6b_rep1_604to616.dia:3396.5908:NTIAIFC[+57.0214635]ETR+2	1	80650	11.482716	0.5142821	0.9119999	5.9229517	5.4478707	0.056683447	0.011834254	9.0	0.0	3.6944714	2.647139	0.531097	9.764096	9.764096	-0.68347454	0.43621826	8.160286	2.9811249	0	10	0	1	0	0	612.8057055586646	1223.5968581837035	56.609848	-.NTIAIFC[+57.0214635]ETR.-	sp|O60488-2|ACSL4_HUMAN	sp|O60488|ACSL4_HUMAN
2017dec27_overlap_dia_6b_rep1_604to616.dia:3396.5908:TNIAIFC[+57.0214635]ETR+2	1	80650	11.474203	0.5313261	0.87524533	5.9144397	5.447652	0.04657598	0.010704874	9.0	0.0	4.067465	2.367394	0.531097	9.764096	9.764096	-0.9086485	0.43621826	8.160286	2.7013798	0	10	0	1	0	0	612.8057055586646	1223.5968581837035	56.609848	-.TNIAIFC[+57.0214635]ETR.-	sp|O95573|ACSL3_HUMAN
2017dec27_overlap_dia_6b_rep1_604to616.dia:3396.5908:decoyAVGVPPQQFIR+2	-1	80650	12.831883	0.42446163	0.8032799	6.27212	5.7446885	0.051165074	0.01363779	10.0	0.0	3.775752	-1.7083874	0.68659735	2.5777795	-1.6276888	0.05347538	1.9921837	3.2314992	1.3744016	0	11	0	1	0	0	606.3483983086645	1210.6822436837033	56.609848	-.AVGVPPQQFIR.-	DECOY_sp|Q7L2E3-2|DHX30_HUMAN	DECOY_sp|Q7L2E3-3|DHX30_HUMAN	DECOY_sp|Q7L2E3|DHX30_HUMAN
2017dec27_overlap_dia_6b_rep1_604to616.dia:3398.6218:GTGSADSIATLPK+2	1	80702	9.180141	0.5745122	0.9652193	5.4777102	4.9249697	0.08150753	0.015909584	7.0	0.0	2.4434254	1.1919895	0.5296708	3.4518464	-2.792608	-2.0424986	11.739578	4.3964186	1.5133992	0	13	0	1	0	0	609.3222428086648	1216.6299326837038	56.643696	-.GTGSADSIATLPK.-	sp|Q2NKX8|ERC6L_HUMAN
2017dec27_overlap_dia_6b_rep1_604to616.dia:3398.6218:decoyTLQALNIQGPR+2	-1	80702	10.861984	0.6364647	0.9696282	6.256463	5.5487633	0.07641907	0.013124904	8.0	1.0	4.621551	-2.170113	0.26274097	6.8023877	6.8023877	-2.2772245	0.63449097	5.1985774	1.8487034	0	11	0	1	0	0	605.8487623086646	1209.6829716837035	56.643696	-.TLQALNIQGPR.-	DECOY_sp|Q9UPN9-2|TRI33_HUMAN	DECOY_sp|Q9UPN9|TRI33_HUMAN
2017dec27_overlap_dia_6b_rep1_604to616.dia:3404.7568:decoySIEQPVSITEK+2	-1	80858	11.855208	0.62231463	0.96145076	6.295445	5.673485	0.06828117	0.016350333	9.0	1.0	7.411741	5.5588055	0.20408069	2.0491087	2.0491087	-1.2915325	7.03582	0.44529843	5.880215	0	11	0	1	0	0	615.8324428086646	1229.6503326837035	56.74595	-.SIEQPVSITEK.-	DECOY_sp|O96033|MOC2A_HUMAN
2017dec27_overlap_dia_6b_rep1_604to616.dia:3406.7698:DSPSVWAAVPGK+2	1	80910	24.009827	2.3763726	2.8382835	8.203486	7.5722933	0.0011189684	4.1485266E-4	18.0	10.0	2.3586183	1.7689637	0.97787905	4.1857467	4.1857467	-0.9934859	0.07972336	2.5819364	2.0903735	0	12	0	1	0	0	607.3142203086646	1212.6138876837035	56.779495	-.DSPSVWAAVPGK.-	sp|P07737|PROF1_HUMAN
2017dec27_overlap_dia_6b_rep1_604to616.dia:3406.7698:decoyLLSEIQDNER+2	-1	80910	10.373987	0.22400242	0.5642996	6.671557	5.8779655	0.122863814	0.030334156	7.0	0.0	5.8382034	4.3786526	0.9864223	8.668395	-8.668395	-2.1907082	13.161602	10.272205	4.7000623	0	10	0	1	0	0	608.8120413086646	1215.6095296837034	56.779495	-.LLSEIQDNER.-	DECOY_sp|P56192|SYMC_HUMAN
2017dec27_overlap_dia_6b_rep1_604to616.dia:3419.1074:NGDHFSYFSR+2	1	81222	10.382519	0.24350667	0.45934203	5.776998	4.8905287	0.18707459	0.022541597	8.0	0.0	2.3616402	0.4705112	0.0	10.0	10.0	-1.0735455	15.024246	10.0	0.7793448	0	10	0	1	0	0	615.2703393086647	1228.5261256837036	56.985123	-.NGDHFSYFSR.-	sp|P49916-2|DNLI3_HUMAN	sp|P49916-3|DNLI3_HUMAN	sp|P49916-4|DNLI3_HUMAN	sp|P49916|DNLI3_HUMAN
2017dec27_overlap_dia_6b_rep1_604to616.dia:3421.207:decoyFNYLEGAEQR+2	-1	81274	10.54323	0.74053717	1.0564697	5.937709	5.3388405	0.1565942	0.019344911	8.0	1.0	3.4053574	1.8294078	0.0	10.0	10.0	-1.0371609	15.671185	10.0	2.1382413	0	10	0	1	0	0	613.7936478086647	1225.5727426837036	57.02012	-.FNYLEGAEQR.-	DECOY_sp|Q14690|RRP5_HUMAN
2017dec27_overlap_dia_6b_rep1_604to616.dia:3425.3577:decoyIAVDYHESGVINPDMR+3	-1	81378	14.306725	0.7712558	0.74582696	6.7055683	5.8148813	0.1779726	0.02677362	11.0	3.0	3.3251421	0.6855631	0.0	10.0	10.0	-0.5534868	4.44693	10.0	0.982479	0	16	0	0	1	0	605.9613180280475	1814.8621246837035	57.089294	-.IAVDYHESGVINPDMR.-	DECOY_sp|P06576|ATPB_HUMAN
2017dec27_overlap_dia_6b_rep1_604to616.dia:3425.3577:decoyYESDVVSGLIK+2	-1	81378	8.609894	0.36147544	0.7166262	4.9074626	4.378041	0.1677075	0.034891993	7.0	0.0	0.89172465	0.2508489	0.20516466	8.435792	8.435792	-1.9695292	2.7097664	6.8319817	0.5477648	0	11	0	1	0	0	605.3217063086646	1208.6288596837035	57.089294	-.YESDVVSGLIK.-	DECOY_sp|O15013-4|ARHGA_HUMAN	DECOY_sp|O15013-5|ARHGA_HUMAN	DECOY_sp|O15013-6|ARHGA_HUMAN	DECOY_sp|O15013-7|ARHGA_HUMAN	DECOY_sp|O15013|ARHGA_HUMAN
2017dec27_overlap_dia_6b_rep1_604to616.dia:3427.3755:decoyLYYEIHDGAK+2	-1	81430	12.69766	0.70980716	0.8641342	6.1378965	5.41872	0.07852603	0.013565888	10.0	1.0	3.106013	2.315653	0.5832403	6.9516144	-6.9516144	-1.6309805	20.092575	8.555425	2.61191	0	10	0	1	0	0	604.8009373086646	1207.5873216837035	57.122925	-.LYYEIHDGAK.-	DECOY_sp|Q15070-2|OXA1L_HUMAN	DECOY_sp|Q15070-3|OXA1L_HUMAN	DECOY_sp|Q15070|OXA1L_HUMAN
2017dec27_overlap_dia_6b_rep1_604to616.dia:3427.3755:decoyTTEC[+57.0214635]FIAINR+2	-1	81430	9.32626	0.5622104	0.9634347	5.6238294	5.2014074	0.15208432	0.024904646	7.0	0.0	2.6122298	-1.9591724	0.82661873	7.601448	-7.601448	-2.3191724	0.43621826	9.205258	1.6629153	0	10	0	1	0	0	612.8057055586646	1223.5968581837035	57.122925	-.TTEC[+57.0214635]FIAINR.-	DECOY_sp|O95573|ACSL3_HUMAN
2017dec27_overlap_dia_6b_rep1_604to616.dia:3429.4512:KSPLSWIEEK+2	1	81482	10.979166	0.39715874	1.0550666	6.373645	5.2642174	0.08558326	0.013422238	8.0	1.0	2.3212152	0.93579495	0.0	10.0	10.0	-2.309927	0.86872864	10.0	1.232052	1	10	0	1	0	0	608.8322453086647	1215.6499376837037	57.15752	-.KSPLSWIEEK.-	sp|P53004|BIEA_HUMAN
2017dec27_overlap_dia_6b_rep1_604to616.dia:3429.4512:decoyDQVAILEGNVR+2	-1	81482	11.239958	0.4136959	0.75932264	5.680194	4.6831613	0.1586778	0.020846147	9.0	0.0	2.1423464	0.111976445	0.5270182	3.184509	-3.184509	-0.96260166	4.9302063	4.7883196	0.40823346	0	11	0	1	0	0	607.3304018086646	1212.6462506837036	57.15752	-.DQVAILEGNVR.-	DECOY_sp|Q92878-2|RAD50_HUMAN	DECOY_sp|Q92878|RAD50_HUMAN
2017dec27_overlap_dia_6b_rep1_604to616.dia:3429.4512:decoySLNEVKEEFK+2	-1	81482	13.033981	0.7592157	0.9889167	6.4742174	5.6194873	0.11184348	0.016820407	10.0	1.0	3.2958996	-2.4719248	0.5385908	3.285833	3.285833	-1.4706011	17.103008	1.6820226	2.1756678	1	10	0	1	0	0	611.8193348086647	1221.6241166837037	57.15752	-.SLNEVKEEFK.-	DECOY_sp|P55327-2|TPD52_HUMAN	DECOY_sp|P55327-3|TPD52_HUMAN	DECOY_sp|P55327-4|TPD52_HUMAN	DECOY_sp|P55327-5|TPD52_HUMAN	DECOY_sp|P55327-6|TPD52_HUMAN	DECOY_sp|P55327-7|TPD52_HUMAN	DECOY_sp|P55327|TPD52_HUMAN
2017dec27_overlap_dia_6b_rep1_604to616.dia:3429.4512:decoyYGTLTYSNFR+2	-1	81482	13.761921	0.56507695	0.66420335	6.160765	5.7669973	0.11489252	0.012833013	11.0	0.0	1.792828	-1.1710846	0.0	10.0	10.0	2.835515	5.499012	10.0	0.8748276	0	10	0	1	0	0	611.2985618086647	1220.5825706837036	57.15752	-.YGTLTYSNFR.-	DECOY_sp|Q96IX5|USMG5_HUMAN
2017dec27_overlap_dia_6b_rep1_604to616.dia:3433.471:ALAAVPSAGSVQR+2	1	81586	13.702517	0.15855753	0.46455434	6.10136	5.2477326	0.16523004	0.031319745	11.0	0.0	5.5322	3.444668	0.0	10.0	10.0	-0.27065468	13.810257	10.0	3.728349	0	13	0	1	0	0	613.8462193086647	1225.6778856837036	57.224514	-.ALAAVPSAGSVQR.-	sp|Q14160-2|SCRIB_HUMAN	sp|Q14160-3|SCRIB_HUMAN	sp|Q14160|SCRIB_HUMAN
2017dec27_overlap_dia_6b_rep1_604to616.dia:3439.5193:decoyFQAGDAAVSVQK+2	-1	81742	11.880263	0.70400053	1.0554253	6.3205	5.5388675	0.07682744	0.01375898	9.0	4.0	1.8515415	1.3886561	0.20901556	4.3145075	-4.3145075	-0.8286686	13.282146	5.918318	1.6121743	0	12	0	1	0	0	610.8171278086646	1219.6197026837035	57.32532	-.FQAGDAAVSVQK.-	DECOY_sp|Q9H4A3-2|WNK1_HUMAN	DECOY_sp|Q9H4A3-4|WNK1_HUMAN	DECOY_sp|Q9H4A3-5|WNK1_HUMAN	DECOY_sp|Q9H4A3-6|WNK1_HUMAN	DECOY_sp|Q9H4A3-7|WNK1_HUMAN	DECOY_sp|Q9H4A3|WNK1_HUMAN
2017dec27_overlap_dia_6b_rep1_604to616.dia:3447.584:YEAIVEENKK+2	1	81950	9.616412	0.5928361	0.78742677	5.9139814	5.260422	0.22547628	0.021102555	7.0	0.0	2.2075272	0.97927845	0.0	10.0	10.0	-1.5458002	27.45206	10.0	1.1246217	1	10	0	1	0	0	611.8193308086646	1221.6241086837035	57.459732	-.YEAIVEENKK.-	sp|Q99417|MYCBP_HUMAN
2017dec27_overlap_dia_6b_rep1_604to616.dia:3447.584:decoyYELTTTTMVR+2	-1	81950	10.928959	0.27027333	0.6255394	6.3234386	5.774289	0.18985602	0.04087273	8.0	0.0	6.828959	4.5835867	0.0	10.0	10.0	0.06491661	10.928471	10.0	4.72893	0	10	0	1	0	0	607.8079103086646	1213.6012676837036	57.459732	-.YELTTTTMVR.-	DECOY_sp|P05198|IF2A_HUMAN
2017dec27_overlap_dia_6b_rep1_604to616.dia:3449.6443:decoyALIPEESLVEK+2	-1	82002	11.199419	0.58612984	0.808595	6.593899	5.9642878	0.053166818	0.008259729	8.0	0.0	1.7628645	0.7201303	0.0	10.0	10.0	-1.6135302	0.6317749	10.0	0.8654736	0	11	0	1	0	0	614.3451858086647	1226.6758186837037	57.494072	-.ALIPEESLVEK.-	DECOY_sp|Q7L1Q6-2|BZW1_HUMAN	DECOY_sp|Q7L1Q6-3|BZW1_HUMAN	DECOY_sp|Q7L1Q6-4|BZW1_HUMAN	DECOY_sp|Q7L1Q6|BZW1_HUMAN
2017dec27_overlap_dia_6b_rep1_604to616.dia:3449.6443:decoyEC[+57.0214635]VSHYKDAGGIVEVR+3	-1	82002	13.251359	0.4131292	0.7442901	5.6502028	4.937003	0.08738292	0.01489674	11.0	4.0	3.3374956	1.3927326	0.0	10.0	10.0	-1.2527952	18.005589	10.0	1.5380759	1	16	0	0	1	0	606.9649511947141	1817.8730241837036	57.494072	-.EC[+57.0214635]VSHYKDAGGIVEVR.-	DECOY_sp|P04183|KITH_HUMAN
2017dec27_overlap_dia_6b_rep1_604to616.dia:3449.6443:decoyLVSFETGNDTK+2	-1	82002	11.018471	0.531656	0.9648534	5.458708	4.8636603	0.101404116	0.012657534	9.0	0.0	1.8524152	-0.6811696	0.5458943	5.4943476	-5.4943476	-0.1288023	14.256424	7.098158	0.5358263	0	11	0	1	0	0	605.8011428086646	1209.5877326837035	57.494072	-.LVSFETGNDTK.-	DECOY_sp|P52732|KIF11_HUMAN
2017dec27_overlap_dia_6b_rep1_604to616.dia:3449.6443:decoyQEGVSIAETYK+2	-1	82002	10.986302	0.555299	0.87108123	5.426539	4.9871063	0.089192644	0.017740533	9.0	0.0	1.4650148	0.6163054	0.0	10.0	10.0	-1.1984806	16.039925	10.0	0.7616487	0	11	0	1	0	0	612.8089638086645	1223.6033746837034	57.494072	-.QEGVSIAETYK.-	DECOY_sp|Q9H9A5-2|CNO10_HUMAN	DECOY_sp|Q9H9A5-3|CNO10_HUMAN	DECOY_sp|Q9H9A5-4|CNO10_HUMAN	DECOY_sp|Q9H9A5-6|CNO10_HUMAN	DECOY_sp|Q9H9A5|CNO10_HUMAN
2017dec27_overlap_dia_6b_rep1_604to616.dia:3451.634:IEPADAHVLQK+2	1	82054	11.704514	0.6242591	1.2748541	6.14475	5.312631	0.12186372	0.031183574	9.0	0.0	4.3120465	-3.234035	0.53083646	9.871113	9.871113	-1.6413441	20.295853	8.2673025	3.1012678	0	11	0	1	0	0	610.8353203086647	1219.6560876837036	57.527233	-.IEPADAHVLQK.-	sp|Q9GZZ1-2|NAA50_HUMAN	sp|Q9GZZ1|NAA50_HUMAN
2017dec27_overlap_dia_6b_rep1_604to616.dia:3451.634:decoyGWFQEEMQR+2	-1	82054	7.1369324	0.47894454	0.5728012	5.756721	4.9377236	0.183228	0.014954497	4.0	0.0	4.962496	-2.2971444	0.0	10.0	10.0	-3.0	3.883583	10.0	2.1643772	0	9	0	1	0	0	605.7691233086647	1209.5236936837036	57.527233	-.GWFQEEMQR.-	DECOY_sp|O75717-2|WDHD1_HUMAN	DECOY_sp|O75717|WDHD1_HUMAN
2017dec27_overlap_dia_6b_rep1_604to616.dia:3451.634:decoyNFMDVEC[+57.0214635]SVK+2	-1	82054	10.336861	0.54021406	0.64653885	5.7313395	5.0345426	0.19075246	0.014739158	8.0	0.0	0.89220923	-0.44252884	0.0	10.0	10.0	-1.47752	5.0095444	10.0	0.30976164	0	10	0	1	0	0	614.7704735586647	1227.5263941837036	57.527233	-.NFMDVEC[+57.0214635]SVK.-	DECOY_sp|Q8TCS8|PNPT1_HUMAN
2017dec27_overlap_dia_6b_rep1_604to616.dia:3455.643:decoyHYVSLPSPHATQLVHR+3	-1	82158	10.202299	0.6523848	0.79383457	5.596778	5.174491	0.1327653	0.010252436	8.0	1.0	3.437967	-2.5784752	0.0	10.0	10.0	-2.0027714	18.04396	10.0	2.4582841	0	16	0	0	1	0	614.6638240280473	1840.9696426837033	57.59405	-.HYVSLPSPHATQLVHR.-	DECOY_sp|P13051-2|UNG_HUMAN	DECOY_sp|P13051|UNG_HUMAN
2017dec27_overlap_dia_6b_rep1_604to616.dia:3455.643:decoyILGDVNWSC[+57.0214635]R+2	-1	82158	10.176698	0.43855718	0.64910656	6.474267	5.535317	0.3035385	0.05124087	7.0	0.0	2.4403746	0.744359	0.0	10.0	10.0	-2.395527	0.7119446	10.0	0.8645501	0	10	0	1	0	0	610.2980470586645	1218.5815411837032	57.59405	-.ILGDVNWSC[+57.0214635]R.-	DECOY_sp|P27695|APEX1_HUMAN
2017dec27_overlap_dia_6b_rep1_604to616.dia:3455.643:decoyTLVVFENEAAK+2	-1	82158	11.751703	0.853325	1.31948	7.146183	6.2901936	0.08810347	0.017416378	8.0	3.0	1.3829457	-0.89548355	0.7493113	3.4105856	-3.4105856	-3.0	0.47627258	5.0143957	0.77529246	0	11	0	1	0	0	610.8297033086646	1219.6448536837036	57.59405	-.TLVVFENEAAK.-	DECOY_sp|P08729|K2C7_HUMAN	DECOY_sp|Q14CN4-2|K2C72_HUMAN	DECOY_sp|Q14CN4-3|K2C72_HUMAN	DECOY_sp|Q14CN4|K2C72_HUMAN
2017dec27_overlap_dia_6b_rep1_604to616.dia:3457.6936:decoyDEVAASIQQEK+2	-1	82210	11.818766	0.7752728	1.0448909	6.259002	5.7035346	0.06863477	0.013566332	9.0	0.0	2.508712	1.881534	0.0	10.0	10.0	0.21559048	20.254856	10.0	2.0017252	0	11	0	1	0	0	609.3040498086647	1216.5935466837036	57.628227	-.DEVAASIQQEK.-	DECOY_sp|Q6YN16-2|HSDL2_HUMAN	DECOY_sp|Q6YN16|HSDL2_HUMAN
2017dec27_overlap_dia_6b_rep1_604to616.dia:3457.6936:decoyHLLDEKEEATLEAPLK+3	-1	82210	13.79541	0.58090615	0.6967302	5.1150727	4.5247607	0.07973009	0.017178018	12.0	3.0	3.0379245	-1.8517171	0.0	10.0	10.0	0.111842155	4.886223	10.0	1.731526	1	16	0	0	1	0	612.6631580280474	1834.9676446837036	57.628227	-.HLLDEKEEATLEAPLK.-	DECOY_sp|Q96LT9-2|RBM40_HUMAN	DECOY_sp|Q96LT9|RBM40_HUMAN
2017dec27_overlap_dia_6b_rep1_604to616.dia:3457.6936:decoyVC[+57.0214635]IAVATGKNDGTIMIR+3	-1	82210	8.899456	0.42234325	0.93236697	5.197025	4.5832763	0.15300979	0.031473678	7.0	2.0	4.443701	-2.305266	0.0	10.0	10.0	-1.1738281	4.6461563	10.0	2.1850748	1	17	0	0	1	0	606.9903351947139	1817.949176183703	57.628227	-.VC[+57.0214635]IAVATGKNDGTIMIR.-	DECOY_sp|P16615-2|AT2A2_HUMAN	DECOY_sp|P16615-3|AT2A2_HUMAN	DECOY_sp|P16615-4|AT2A2_HUMAN	DECOY_sp|P16615-5|AT2A2_HUMAN	DECOY_sp|P16615|AT2A2_HUMAN
2017dec27_overlap_dia_6b_rep1_604to616.dia:3459.68:decoySAPSPDLQQMR+2	-1	82262	13.418253	0.6289408	1.0428549	5.8170967	5.2991858	0.14187011	0.018470945	11.0	1.0	3.800226	-0.7764644	0.0	10.0	10.0	-1.2042332	19.43275	10.0	0.6562733	0	11	0	1	0	0	615.3007873086646	1228.5870216837034	57.66133	-.SAPSPDLQQMR.-	DECOY_sp|Q9H410-2|DSN1_HUMAN	DECOY_sp|Q9H410-3|DSN1_HUMAN	DECOY_sp|Q9H410-4|DSN1_HUMAN	DECOY_sp|Q9H410|DSN1_HUMAN
2017dec27_overlap_dia_6b_rep1_604to616.dia:3459.68:decoySLNEIDKNER+2	-1	82262	12.231055	0.73880553	0.93481433	5.671292	5.0447307	0.07888783	0.013192415	10.0	0.0	3.4899862	-2.6174896	0.33293802	3.2489207	-3.2489207	-0.6838188	27.65366	4.8527308	2.4972985	1	10	0	1	0	0	609.3096653086646	1216.6047776837036	57.66133	-.SLNEIDKNER.-	DECOY_sp|Q86UP2-2|KTN1_HUMAN	DECOY_sp|Q86UP2-3|KTN1_HUMAN	DECOY_sp|Q86UP2-4|KTN1_HUMAN	DECOY_sp|Q86UP2|KTN1_HUMAN
2017dec27_overlap_dia_6b_rep1_604to616.dia:3463.8594:decoyC[+57.0214635]AGEQIFLDR+2	-1	82367	10.750275	0.5941047	0.75003576	6.144754	5.1721087	0.119275026	0.02081613	8.0	0.0	5.477421	-3.9926944	0.5473205	0.70472914	-0.07641679	-1.9126759	5.298069	1.680227	3.8725033	0	10	0	1	0	0	604.7900555586646	1207.5655581837034	57.73099	-.C[+57.0214635]AGEQIFLDR.-	DECOY_sp|Q49A26-2|GLYR1_HUMAN	DECOY_sp|Q49A26-4|GLYR1_HUMAN	DECOY_sp|Q49A26-5|GLYR1_HUMAN	DECOY_sp|Q49A26|GLYR1_HUMAN
2017dec27_overlap_dia_6b_rep1_604to616.dia:3463.8594:decoyDLLQGPDNSTR+2	-1	82367	10.190846	0.33112916	0.65680456	5.5853257	4.9910097	0.26782125	0.032097775	8.0	0.0	5.2760224	-3.3146806	0.45129707	7.8866568	-7.8866568	-1.4134912	10.438133	9.490467	3.1944895	0	11	0	1	0	0	608.3018413086646	1214.5891296837035	57.73099	-.DLLQGPDNSTR.-	DECOY_sp|Q96BN8|OTUL_HUMAN
2017dec27_overlap_dia_6b_rep1_604to616.dia:3463.8594:decoyEPPKQPPGTFELYGVR+3	-1	82367	12.195795	0.52575105	0.9175875	5.6360316	4.5021234	0.32582238	0.048819657	10.0	2.0	2.6764853	-1.6169589	0.0	10.0	10.0	-1.1828089	0.6753006	10.0	1.4967678	1	16	0	0	1	0	605.6527023613808	1813.9362776837036	57.73099	-.EPPKQPPGTFELYGVR.-	DECOY_sp|Q14289-2|FAK2_HUMAN	DECOY_sp|Q14289|FAK2_HUMAN
2017dec27_overlap_dia_6b_rep1_604to616.dia:3463.8594:decoyLEPAIYEGQAK+2	-1	82367	12.6823435	0.70992047	1.3675946	6.12258	5.3515673	0.051271357	0.012373107	10.0	0.0	2.331252	-0.37231034	0.5068605	7.465346	7.465346	-0.9569168	17.71519	5.8615355	0.25211924	0	11	0	1	0	0	609.8218743086646	1217.6291956837035	57.73099	-.LEPAIYEGQAK.-	DECOY_sp|P33121-2|ACSL1_HUMAN	DECOY_sp|P33121-3|ACSL1_HUMAN	DECOY_sp|P33121|ACSL1_HUMAN	DECOY_sp|Q9ULC5-3|ACSL5_HUMAN	DECOY_sp|Q9ULC5-4|ACSL5_HUMAN	DECOY_sp|Q9ULC5|ACSL5_HUMAN
2017dec27_overlap_dia_6b_rep1_604to616.dia:3463.8594:decoyLLDSQMNELR+2	-1	82367	11.634119	0.9239958	1.1720157	6.074355	5.1341324	0.06071308	0.011065295	9.0	0.0	3.6804826	2.760362	0.0	10.0	10.0	-0.5507431	6.391762	10.0	2.880553	0	10	0	1	0	0	609.8109873086645	1217.6074216837033	57.73099	-.LLDSQMNELR.-	DECOY_sp|Q7Z3U7-2|MON2_HUMAN	DECOY_sp|Q7Z3U7-5|MON2_HUMAN	DECOY_sp|Q7Z3U7-6|MON2_HUMAN	DECOY_sp|Q7Z3U7|MON2_HUMAN
2017dec27_overlap_dia_6b_rep1_604to616.dia:3465.9292:decoyALQAEAYTLSR+2	-1	82419	11.516886	0.720903	1.4515421	5.957123	5.23341	0.14902768	0.024299689	9.0	1.0	1.7581168	1.3185877	0.0	10.0	10.0	-0.6045246	7.9293594	10.0	1.4387788	0	11	0	1	0	0	611.8249483086645	1221.6353436837032	57.765488	-.ALQAEAYTLSR.-	DECOY_sp|Q9Y2L1-2|RRP44_HUMAN	DECOY_sp|Q9Y2L1|RRP44_HUMAN
2017dec27_overlap_dia_6b_rep1_604to616.dia:3465.9292:decoyEALGHDVPPRELAGQPR+3	-1	82419	12.095015	0.5954064	0.8706812	5.5352507	4.824389	0.11705792	0.016144319	10.0	1.0	1.8231553	0.5914202	0.0	10.0	10.0	-1.0904942	17.591087	10.0	0.7116113	1	17	0	0	1	0	614.6587416947139	1840.9543956837028	57.765488	-.EALGHDVPPRELAGQPR.-	DECOY_sp|Q96HY7|DHTK1_HUMAN
2017dec27_overlap_dia_6b_rep1_604to616.dia:3467.9434:decoyEDYVSGPIIAR+2	-1	82471	9.690269	0.2654224	0.8911622	5.9878387	4.9166784	0.28958336	0.037832335	7.0	0.0	1.4542443	1.0906832	0.0	10.0	10.0	-1.7117815	3.6782532	10.0	1.2108743	0	11	0	1	0	0	610.3194983086646	1218.6244436837035	57.799057	-.EDYVSGPIIAR.-	DECOY_sp|Q92900-2|RENT1_HUMAN	DECOY_sp|Q92900|RENT1_HUMAN
2017dec27_overlap_dia_6b_rep1_604to616.dia:3467.9434:decoyLHGIPGNQVQR+2	-1	82471	9.530047	0.45974106	1.0133966	5.8276167	4.9774513	0.1357221	0.017196067	7.0	0.0	1.7300534	1.2975401	0.0	10.0	10.0	-1.278306	24.515442	10.0	1.4177312	0	11	0	1	0	0	609.8387288086645	1217.6629046837033	57.799057	-.LHGIPGNQVQR.-	DECOY_sp|P57105|SYJ2B_HUMAN
2017dec27_overlap_dia_6b_rep1_604to616.dia:3467.9434:decoyNVC[+57.0214635]EPSAVLIK+2	-1	82471	10.14749	0.42132348	0.7466966	5.5419693	4.801789	0.13073152	0.010358557	8.0	1.0	1.309473	0.5931357	0.0	10.0	10.0	-0.7810955	6.4292946	10.0	0.7133268	0	11	0	1	0	0	615.3315555586646	1228.6485581837035	57.799057	-.NVC[+57.0214635]EPSAVLIK.-	DECOY_sp|Q14289-2|FAK2_HUMAN	DECOY_sp|Q14289|FAK2_HUMAN
2017dec27_overlap_dia_6b_rep1_604to616.dia:3470.0264:decoyAYGQLAAAYAGR+2	-1	82523	12.131128	0.7394876	1.1357747	5.571365	5.1241026	0.053745788	0.0069394433	10.0	0.0	4.7224965	3.5418725	0.81355053	8.54441	8.54441	-1.707983	9.229477	6.9405994	3.6620636	0	12	0	1	0	0	606.3120043086644	1210.6094556837031	57.833775	-.AYGQLAAAYAGR.-	DECOY_sp|Q9NRS6|SNX15_HUMAN
2017dec27_overlap_dia_6b_rep1_604to616.dia:3470.0264:decoyLVVSSQGNYSR+2	-1	82523	11.117907	0.464717	0.88805693	5.5581427	4.746804	0.18656245	0.02820482	9.0	1.0	2.3967013	-1.0329775	0.0	10.0	10.0	-0.9268837	19.64212	10.0	0.91278636	0	11	0	1	0	0	605.3147468086646	1208.6149406837035	57.833775	-.LVVSSQGNYSR.-	DECOY_sp|Q8IZ73-2|RUSD2_HUMAN	DECOY_sp|Q8IZ73|RUSD2_HUMAN
2017dec27_overlap_dia_6b_rep1_604to616.dia:3474.0894:decoyASSANIEFITR+2	-1	82627	9.439121	0.4438567	0.6794855	5.736691	5.259206	0.17176858	0.031770524	7.0	1.0	3.1438646	-2.1345081	0.53071785	3.4495666	-3.4495666	-1.1922855	0.7909317	5.053377	2.014317	0	11	0	1	0	0	604.8171268086646	1207.6197006837035	57.90149	-.ASSANIEFITR.-	DECOY_sp|Q8TDD1-2|DDX54_HUMAN	DECOY_sp|Q8TDD1|DDX54_HUMAN
2017dec27_overlap_dia_6b_rep1_604to616.dia:3474.0894:decoyEAINHLGSTITPSLTQR+3	-1	82627	13.456844	0.67487353	0.7231838	5.855688	5.271584	0.16795284	0.020621926	11.0	3.0	3.0481272	1.2445636	0.35123077	5.604723	-5.604723	-1.9261751	0.31526184	7.2085333	1.3647547	0	17	0	0	1	0	613.3304020280474	1836.9693766837033	57.90149	-.EAINHLGSTITPSLTQR.-	DECOY_sp|O94979-10|SC31A_HUMAN	DECOY_sp|O94979-2|SC31A_HUMAN	DECOY_sp|O94979-3|SC31A_HUMAN	DECOY_sp|O94979-4|SC31A_HUMAN	DECOY_sp|O94979-6|SC31A_HUMAN	DECOY_sp|O94979-7|SC31A_HUMAN	DECOY_sp|O94979-8|SC31A_HUMAN	DECOY_sp|O94979-9|SC31A_HUMAN	DECOY_sp|O94979|SC31A_HUMAN
2017dec27_overlap_dia_6b_rep1_604to616.dia:3474.0894:decoyLGQSDTQFEAK+2	-1	82627	11.785175	0.7721529	1.244007	6.225412	5.508827	0.11248287	0.024170237	9.0	1.0	1.5555235	1.1666427	0.0	10.0	10.0	-1.2570553	22.260513	10.0	1.2868338	0	11	0	1	0	0	612.2987678086646	1222.5829826837034	57.90149	-.LGQSDTQFEAK.-	DECOY_sp|Q86TI2-2|DPP9_HUMAN	DECOY_sp|Q86TI2-4|DPP9_HUMAN	DECOY_sp|Q86TI2|DPP9_HUMAN
2017dec27_overlap_dia_6b_rep1_604to616.dia:3478.1663:EHYLEDILAK+2	1	82731	11.657549	0.3271674	0.69923735	6.0977855	5.503623	0.08763972	0.01675703	9.0	0.0	1.3818313	1.0363735	0.41106105	4.554179	-3.60956	-1.5598488	0.43480682	5.2133703	1.1565646	0	10	0	1	0	0	615.8218738086647	1229.6291946837036	57.969437	-.EHYLEDILAK.-	sp|Q7L2E3-2|DHX30_HUMAN	sp|Q7L2E3-3|DHX30_HUMAN	sp|Q7L2E3|DHX30_HUMAN
2017dec27_overlap_dia_6b_rep1_604to616.dia:3480.1384:decoyTPPEPVAFGDAK+2	-1	82783	13.591894	0.68667734	1.0603048	5.990738	5.75533	0.046468716	0.010578538	11.0	2.0	2.0899088	0.48804066	0.0	10.0	10.0	-0.9954109	4.362816	10.0	0.6082318	0	12	0	1	0	0	614.8140538086647	1227.6135546837036	58.002308	-.TPPEPVAFGDAK.-	DECOY_sp|Q86XP3-2|DDX42_HUMAN	DECOY_sp|Q86XP3|DDX42_HUMAN
2017dec27_overlap_dia_6b_rep1_604to616.dia:3482.186:decoyGTLPPKTSISTK+2	-1	82835	10.615435	0.42691684	0.78755563	6.0099134	5.0275936	0.13734128	0.031935945	8.0	1.0	4.6872644	3.4303746	0.0	10.0	10.0	-1.5046434	22.299953	10.0	3.5505657	1	12	0	1	0	0	615.3586283086646	1228.7027036837035	58.036434	-.GTLPPKTSISTK.-	DECOY_sp|P35249-2|RFC4_HUMAN	DECOY_sp|P35249|RFC4_HUMAN
2017dec27_overlap_dia_6b_rep1_604to616.dia:3488.167:decoyFGKELELLHK+2	-1	82991	7.337875	0.44548404	0.8713281	5.9576635	5.3443904	0.30090648	0.04740148	4.0	0.0	2.8488295	-2.0579412	0.0	10.0	10.0	-1.8753681	11.699009	10.0	1.9377501	1	10	0	1	0	0	607.3506058086647	1212.6866586837036	58.136116	-.FGKELELLHK.-	DECOY_sp|A6NDR6|ME3L1_HUMAN	DECOY_sp|A8K0S8|ME3L2_HUMAN	DECOY_sp|Q99687-3|MEIS3_HUMAN
2017dec27_overlap_dia_6b_rep1_604to616.dia:3488.167:decoyLNPTVATAQGEK+2	-1	82991	11.623421	0.75005794	1.2206025	6.0636578	5.996937	0.1289788	0.08094599	9.0	0.0	1.0288571	-0.5535861	0.56598914	6.7871346	-6.7871346	-0.7707567	26.982368	8.390945	0.43339503	0	12	0	1	0	0	614.8302353086646	1227.6459176837034	58.136116	-.LNPTVATAQGEK.-	DECOY_sp|Q9BXB4|OSB11_HUMAN
2017dec27_overlap_dia_6b_rep1_604to616.dia:3488.167:decoyYKDAVQMAGLK+2	-1	82991	11.75829	0.5732914	0.87451434	6.198527	5.3327713	0.06171189	0.009988445	9.0	0.0	4.164578	-2.2014556	0.24061388	7.6198072	7.6198072	-0.88847256	19.96799	6.015997	2.0812645	1	11	0	1	0	0	612.3262698086645	1222.6379866837033	58.136116	-.YKDAVQMAGLK.-	DECOY_sp|Q8WYA6-2|CTBL1_HUMAN	DECOY_sp|Q8WYA6-3|CTBL1_HUMAN	DECOY_sp|Q8WYA6-4|CTBL1_HUMAN	DECOY_sp|Q8WYA6|CTBL1_HUMAN
2017dec27_overlap_dia_6b_rep1_604to616.dia:3498.485:decoyLEPKVLALNSK+2	-1	83251	10.738737	0.36621222	0.5722526	6.133216	5.595801	0.122993864	0.016058108	8.0	0.0	1.3939635	0.0019270182	0.3602005	6.4152346	6.4152346	-0.39733028	12.9217	4.8114243	0.122118115	1	11	0	1	0	0	606.3715378086646	1210.7285226837034	58.308086	-.LEPKVLALNSK.-	DECOY_sp|O14737-2|PDCD5_HUMAN	DECOY_sp|O14737|PDCD5_HUMAN
2017dec27_overlap_dia_6b_rep1_604to616.dia:3500.5237:STIGAYFLKPK+2	1	83303	11.683925	0.390833	0.5962544	6.1241612	5.245457	0.07239936	0.012468608	9.0	1.0	3.6002417	-2.7001812	0.22348505	0.6111063	0.6111063	-1.1737843	3.1069412	0.99270403	2.5799901	0	11	0	1	0	0	612.8529773086647	1223.6914016837036	58.34206	-.STIGAYFLKPK.-	sp|Q8NI36|WDR36_HUMAN
2017dec27_overlap_dia_6b_rep1_604to616.dia:3500.5237:YLADQNNQVR+2	1	83303	9.798685	0.37584415	0.5080509	6.096255	5.32569	0.16080274	0.024882656	7.0	0.0	3.3803806	0.4695295	0.5196444	5.311392	4.358427	-2.1353197	28.30136	2.7546167	0.5897206	0	10	0	1	0	0	610.8045468086647	1219.5945406837036	58.34206	-.YLADQNNQVR.-	sp|Q8TF05-2|PP4R1_HUMAN	sp|Q8TF05|PP4R1_HUMAN
2017dec27_overlap_dia_6b_rep1_604to616.dia:3500.5237:decoyAPLDVAVDPGEK+2	-1	83303	12.322464	0.558867	0.9367039	6.762701	6.6931067	0.14193614	0.15610598	9.0	3.0	4.757569	-3.5681767	0.82174647	2.7199864	2.7199864	-1.3145475	2.9486847	1.1161761	3.4479856	0	12	0	1	0	0	605.8193358086646	1209.6241186837035	58.34206	-.APLDVAVDPGEK.-	DECOY_sp|Q09666|AHNK_HUMAN
2017dec27_overlap_dia_6b_rep1_604to616.dia:3500.5237:decoyEALIDELYHK+2	-1	83303	9.926108	0.23063244	0.4624733	6.2236776	5.2979655	0.1677457	0.011641716	7.0	0.0	3.5043848	-2.6282885	0.0	10.0	10.0	-2.6850138	0.43480682	10.0	2.5080974	0	10	0	1	0	0	615.8218738086646	1229.6291946837034	58.34206	-.EALIDELYHK.-	DECOY_sp|Q7L2E3-2|DHX30_HUMAN	DECOY_sp|Q7L2E3-3|DHX30_HUMAN	DECOY_sp|Q7L2E3|DHX30_HUMAN
2017dec27_overlap_dia_6b_rep1_604to616.dia:3500.5237:decoyGAPDVIIAGEKR+2	-1	83303	13.832369	0.38856757	0.78152156	6.231212	5.6311607	0.08930832	0.012719988	11.0	1.0	3.4677813	-0.23462982	0.20349021	8.807862	-8.807862	0.76259995	18.0867	10.411673	0.11443873	1	12	0	1	0	0	613.3485948086645	1224.6826366837033	58.34206	-.GAPDVIIAGEKR.-	DECOY_sp|Q9H3U1-2|UN45A_HUMAN	DECOY_sp|Q9H3U1|UN45A_HUMAN
2017dec27_overlap_dia_6b_rep1_604to616.dia:3500.5237:decoyLAHDDLNLSSK+2	-1	83303	9.631159	0.5476973	0.8350207	5.9287286	5.0927005	0.068628095	0.031527538	7.0	0.0	5.224872	-3.918654	0.0	10.0	10.0	-2.1085196	18.778454	10.0	3.7984629	0	11	0	1	0	0	606.8145838086647	1211.6146146837036	58.34206	-.LAHDDLNLSSK.-	DECOY_sp|P82673|RT35_HUMAN
2017dec27_overlap_dia_6b_rep1_604to616.dia:3504.6833:decoySIVDSGSYLMR+2	-1	83407	10.693384	0.42382658	0.579856	6.087863	5.264133	0.10752347	0.0257871	8.0	0.0	6.6904616	-5.017846	0.0	10.0	10.0	-1.2518349	4.24181	10.0	4.897655	0	11	0	1	0	0	614.3055333086645	1226.5965136837033	58.41139	-.SIVDSGSYLMR.-	DECOY_sp|Q15477|SKIV2_HUMAN
2017dec27_overlap_dia_6b_rep1_604to616.dia:3508.878:decoyC[+57.0214635]TDNVVFDDK+2	-1	83511	7.916892	0.24289766	0.3407201	5.837711	5.0786977	0.24522124	0.011696256	5.0	0.0	4.3323445	2.8205152	0.0	10.0	10.0	-2.1656132	16.655247	10.0	2.9407063	0	10	0	1	0	0	606.7637030586645	1211.5128531837033	58.4813	-.C[+57.0214635]TDNVVFDDK.-	DECOY_sp|Q9Y6I4-2|UBP3_HUMAN	DECOY_sp|Q9Y6I4|UBP3_HUMAN
2017dec27_overlap_dia_6b_rep1_604to616.dia:3512.9243:decoyTGLALLEDTKR+2	-1	83615	13.055449	1.0253801	1.3448551	6.4956856	6.0700865	0.061443336	0.017174467	10.0	4.0	1.5877355	-1.1908016	0.0	10.0	10.0	-0.83474636	7.0385666	10.0	1.0706105	1	11	0	1	0	0	608.8484278086647	1215.6823026837037	58.54874	-.TGLALLEDTKR.-	DECOY_sp|P12270-2|TPR_HUMAN	DECOY_sp|P12270|TPR_HUMAN
2017dec27_overlap_dia_6b_rep1_604to616.dia:3519.0496:decoyC[+57.0214635]ALC[+57.0214635]LGPGESR+2	-1	83771	10.229635	0.36315626	0.549921	5.6241145	4.877823	0.20300546	0.020971902	8.0	0.0	1.2686893	0.42359525	0.0	10.0	10.0	-1.3138351	11.616158	10.0	0.54378635	0	11	0	1	0	0	610.2815403086647	1218.5485276837037	58.650826	-.C[+57.0214635]ALC[+57.0214635]LGPGESR.-	DECOY_sp|Q86X76-2|NIT1_HUMAN	DECOY_sp|Q86X76-3|NIT1_HUMAN	DECOY_sp|Q86X76-4|NIT1_HUMAN	DECOY_sp|Q86X76|NIT1_HUMAN
2017dec27_overlap_dia_6b_rep1_604to616.dia:3519.0496:decoyGEKTDDEPVLK+2	-1	83771	10.664258	0.5114988	0.67787254	6.0587373	5.440662	0.20182388	0.01642749	8.0	0.0	2.8841257	1.9395325	0.52699566	3.004621	-3.004621	-1.7005424	26.775906	4.6084313	2.0597236	1	11	0	1	0	0	615.8142503086646	1229.6139476837034	58.650826	-.GEKTDDEPVLK.-	DECOY_sp|Q15459-2|SF3A1_HUMAN	DECOY_sp|Q15459|SF3A1_HUMAN
2017dec27_overlap_dia_6b_rep1_604to616.dia:3519.0496:decoyIAGNLPPNSYMPRILR+3	-1	83771	14.825894	0.5319589	1.0082669	6.1455564	5.6740165	0.116005	0.017877102	12.0	3.0	3.4416192	-1.4613196	0.6663341	3.5659919	-3.5659919	-1.1248112	0.04069519	5.169802	1.3411285	1	16	0	0	1	0	604.669809694714	1810.9875996837034	58.650826	-.IAGNLPPNSYMPRILR.-	DECOY_sp|P00505-2|AATM_HUMAN	DECOY_sp|P00505|AATM_HUMAN
2017dec27_overlap_dia_6b_rep1_604to616.dia:3525.0537:decoyTLQALNIQGPR+2	-1	83927	10.762247	0.6335164	0.93431854	6.156727	5.3409295	0.07074422	0.013598908	8.0	1.0	2.628522	-1.5891123	0.0	10.0	10.0	-2.3778324	0.63449097	10.0	1.4689212	0	11	0	1	0	0	605.8487623086646	1209.6829716837035	58.750896	-.TLQALNIQGPR.-	DECOY_sp|Q9UPN9-2|TRI33_HUMAN	DECOY_sp|Q9UPN9|TRI33_HUMAN
2017dec27_overlap_dia_6b_rep1_604to616.dia:3533.2542:decoyHGVDGLVVAVVR+2	-1	84135	9.901606	0.5419113	0.84896445	5.2960854	4.94413	0.30183926	0.041828234	8.0	1.0	4.4089336	1.6311213	0.0	10.0	10.0	-0.9777994	3.7597885	10.0	1.7513124	0	12	0	1	0	0	610.8591298086644	1219.703706683703	58.88757	-.HGVDGLVVAVVR.-	DECOY_sp|Q9BT22|ALG1_HUMAN
2017dec27_overlap_dia_6b_rep1_604to616.dia:3537.3108:NSLTSKDPDIK+2	1	84239	14.161512	0.46203583	1.0370084	6.5603557	5.606718	0.10034677	0.010326625	11.0	1.0	5.331494	-0.9385387	0.0	10.0	10.0	-1.0999336	28.30136	10.0	0.8183476	1	11	0	1	0	0	609.3222418086647	1216.6299306837036	58.95518	-.NSLTSKDPDIK.-	sp|Q14974|IMB1_HUMAN
2017dec27_overlap_dia_6b_rep1_604to616.dia:3537.3108:YEESLADSDNKGVNSGR+3	1	84239	10.877663	0.5423582	0.7698945	5.3178997	4.793186	0.08670765	0.014753288	9.0	1.0	2.7267218	0.33634868	0.0	10.0	10.0	-0.4378891	26.734955	10.0	0.45653978	1	17	0	0	1	0	614.281772694714	1839.8234886837033	58.95518	-.YEESLADSDNKGVNSGR.-	sp|Q6KC79-2|NIPBL_HUMAN	sp|Q6KC79|NIPBL_HUMAN
2017dec27_overlap_dia_6b_rep1_604to616.dia:3537.3108:decoyDTMWFNDKR+2	-1	84239	8.974833	0.63112634	0.7530592	6.1175003	5.524561	0.21525286	0.016610276	6.0	0.0	4.1963954	-0.76590633	0.0	10.0	10.0	-2.1793995	8.253479	10.0	0.64571524	1	9	0	1	0	0	606.7769478086645	1211.5393426837034	58.95518	-.DTMWFNDKR.-	DECOY_sp|P61160-2|ARP2_HUMAN	DECOY_sp|P61160|ARP2_HUMAN
2017dec27_overlap_dia_6b_rep1_604to616.dia:3537.3108:decoyHITQAVVSGFR+2	-1	84239	12.3920965	0.5112719	0.75435615	5.832333	5.3048396	0.17392051	0.02790005	10.0	1.0	5.2586303	1.9989607	0.0	10.0	10.0	-1.3794575	13.77219	10.0	2.1191518	0	11	0	1	0	0	607.8356548086646	1213.6567566837034	58.95518	-.HITQAVVSGFR.-	DECOY_sp|Q9UNN5-2|FAF1_HUMAN	DECOY_sp|Q9UNN5|FAF1_HUMAN
2017dec27_overlap_dia_6b_rep1_604to616.dia:3537.3108:decoyWSDNYGWGNK+2	-1	84239	9.837378	0.7142916	0.82497257	6.1349473	5.4691553	0.094062366	0.014230654	7.0	0.0	8.573734	2.2121956	0.0	10.0	10.0	-2.3160143	9.023922	10.0	2.3323867	0	10	0	1	0	0	613.7648898086646	1225.5152266837035	58.95518	-.WSDNYGWGNK.-	DECOY_sp|O00116|ADAS_HUMAN
2017dec27_overlap_dia_6b_rep1_604to616.dia:3539.3682:decoyNLAGVLHAVTANEKETR+3	-1	84291	14.057102	0.50877506	1.0224358	5.3767643	4.804022	0.09348561	0.02291218	12.0	6.0	1.9151369	-0.6964462	0.0	10.0	10.0	-1.5350556	4.284153	10.0	0.5762551	1	17	0	0	1	0	608.3305133613808	1821.9697106837036	58.989468	-.NLAGVLHAVTANEKETR.-	DECOY_sp|Q13158|FADD_HUMAN
2017dec27_overlap_dia_6b_rep1_604to616.dia:3549.5222:decoyQMEPVYFDGK+2	-1	84551	9.360346	0.43759337	0.73189634	5.6579156	5.1836495	0.17947353	0.01897201	7.0	0.0	3.2250168	0.14570749	0.0	10.0	10.0	-2.2655945	0.5957413	10.0	0.2658986	0	10	0	1	0	0	607.2815278086646	1212.5485026837034	59.158703	-.QMEPVYFDGK.-	DECOY_sp|Q9Y6I9|TX264_HUMAN
2017dec27_overlap_dia_6b_rep1_604to616.dia:3559.7568:decoyTGATTHDKVSEDSTLTR+3	-1	84811	10.271478	0.53804785	0.750388	5.665957	5.025455	0.1342721	0.028555823	8.0	2.0	3.0475652	0.10273963	0.0	10.0	10.0	-1.9467554	29.32161	10.0	0.22293073	1	17	0	0	1	0	606.9657886947141	1817.8755366837036	59.32928	-.TGATTHDKVSEDSTLTR.-	DECOY_sp|Q9UBV2-2|SE1L1_HUMAN	DECOY_sp|Q9UBV2|SE1L1_HUMAN
2017dec27_overlap_dia_6b_rep1_604to616.dia:3561.7427:QPLYEFEDC[+57.0214635]LGGGKPK+3	1	84863	13.525811	0.4204348	0.9672543	5.924655	5.007731	0.06512576	0.026227534	11.0	2.0	4.967049	3.7252867	0.86308354	7.5803466	-7.5803466	-0.9227028	0.27664948	9.184156	3.8454778	0	16	0	0	1	0	613.297819194714	1836.871628183703	59.362377	-.QPLYEFEDC[+57.0214635]LGGGKPK.-	sp|O95352-2|ATG7_HUMAN	sp|O95352-3|ATG7_HUMAN	sp|O95352|ATG7_HUMAN
2017dec27_overlap_dia_6b_rep1_604to616.dia:3561.7427:decoyEVGDPKTWASK+2	-1	84863	12.666786	0.30017942	0.69351226	6.107023	5.1825824	0.14324601	0.0222198	10.0	1.0	2.986044	2.2125168	0.2062658	3.849717	3.849717	-1.6152372	24.927849	2.2459066	2.332708	1	11	0	1	0	0	609.3116778086647	1216.6088026837037	59.362377	-.EVGDPKTWASK.-	DECOY_sp|O14776-2|TCRG1_HUMAN	DECOY_sp|O14776|TCRG1_HUMAN
2017dec27_overlap_dia_6b_rep1_604to616.dia:3561.7427:decoySMTLDDENTGK+2	-1	84863	11.112923	0.48010883	0.5247545	5.5531588	4.9579453	0.1255166	0.02600883	9.0	0.0	3.9360573	1.639813	0.8401484	8.5241375	-8.5241375	-1.1728096	24.18671	10.127948	1.760004	0	11	0	1	0	0	605.7664428086646	1209.5183326837034	59.362377	-.SMTLDDENTGK.-	DECOY_sp|O14802|RPC1_HUMAN
2017dec27_overlap_dia_6b_rep1_604to616.dia:3563.9148:decoyWC[+57.0214635]IDPQYDK+2	-1	84916	8.544519	0.30085582	0.47749195	6.4653378	5.484989	0.090698	0.014712064	5.0	0.0	2.6517377	1.5978047	0.0	10.0	10.0	-2.234314	6.549717	10.0	1.7179958	0	9	0	1	0	0	612.7713270586647	1223.5281011837037	59.39858	-.WC[+57.0214635]IDPQYDK.-	DECOY_sp|O15541|R113A_HUMAN	DECOY_sp|Q8IZP6|R113B_HUMAN
2017dec27_overlap_dia_6b_rep1_604to616.dia:3569.9668:decoyEVGQAVLANYR+2	-1	85072	11.407188	0.43224686	0.7105006	5.8474255	5.255008	0.086338274	0.022548778	9.0	0.0	6.1489825	-4.611737	0.8943429	6.0156207	6.0156207	-1.524683	10.315884	4.4118104	4.4915457	0	11	0	1	0	0	610.3251153086645	1218.6356776837033	59.499447	-.EVGQAVLANYR.-	DECOY_sp|Q9H7C9|AAMDC_HUMAN
2017dec27_overlap_dia_6b_rep1_604to616.dia:3569.9668:decoyVTFGQMNTPSK+2	-1	85072	13.509053	0.56986034	0.88221395	5.907897	5.1105423	0.09721643	0.01897612	11.0	2.0	2.920758	-2.1905684	0.81614375	2.6619668	2.6619668	-0.76661015	14.337158	1.0581565	2.0703773	0	11	0	1	0	0	605.3002563086648	1208.5859596837038	59.499447	-.VTFGQMNTPSK.-	DECOY_sp|O15379-2|HDAC3_HUMAN	DECOY_sp|O15379|HDAC3_HUMAN
2017dec27_overlap_dia_6b_rep1_604to616.dia:3574.0586:FGVEQDRMDK+2	1	85176	9.227343	0.53861594	0.7707418	5.524912	5.1343026	0.07675652	0.015012214	7.0	0.0	6.925342	-5.1940064	0.0	10.0	10.0	-1.4463062	24.804531	10.0	5.0738153	1	10	0	1	0	0	612.7875128086648	1223.560472683704	59.567642	-.FGVEQDRMDK.-	sp|Q14247-2|SRC8_HUMAN	sp|Q14247-3|SRC8_HUMAN	sp|Q14247|SRC8_HUMAN
2017dec27_overlap_dia_6b_rep1_604to616.dia:3576.1353:RAPYIAYLTR+2	1	85228	8.252685	0.24128838	0.6030866	5.395352	4.622615	0.09057128	0.023327772	6.0	0.0	4.5501294	-3.4125972	0.7990561	0.20038773	0.20038773	-2.087266	5.377487	1.4034226	3.292406	1	10	0	1	0	0	612.3483893086647	1222.6822256837036	59.602253	-.RAPYIAYLTR.-	sp|Q14C86-2|GAPD1_HUMAN	sp|Q14C86-3|GAPD1_HUMAN	sp|Q14C86-4|GAPD1_HUMAN	sp|Q14C86-5|GAPD1_HUMAN	sp|Q14C86-6|GAPD1_HUMAN	sp|Q14C86|GAPD1_HUMAN
2017dec27_overlap_dia_6b_rep1_604to616.dia:3576.1353:decoyVGLYDEDKSFDPSEVK+3	-1	85228	13.434429	0.5003074	0.6358148	5.833273	5.2805014	0.09375432	0.022632215	11.0	2.0	7.930288	-5.9477158	0.0	10.0	10.0	-0.6411505	5.215145	10.0	5.8275247	1	16	0	0	1	0	609.9597483613807	1826.8574156837033	59.602253	-.VGLYDEDKSFDPSEVK.-	DECOY_sp|Q9Y6Y8|S23IP_HUMAN
2017dec27_overlap_dia_6b_rep1_604to616.dia:3578.1392:DAIKENPEFDLHFEK+3	1	85280	11.915475	0.5695146	0.7593663	5.3557115	4.91917	0.051148977	0.008453835	10.0	3.0	3.940665	0.59607303	0.0	10.0	10.0	-2.4422154	1.588768	10.0	0.7162641	1	15	0	0	1	0	611.3002193613809	1830.878828683704	59.635654	-.DAIKENPEFDLHFEK.-	sp|Q9NV70-2|EXOC1_HUMAN	sp|Q9NV70|EXOC1_HUMAN
2017dec27_overlap_dia_6b_rep1_604to616.dia:3578.1392:decoySKMPGTEVPGSALADGQGK+3	-1	85280	13.545886	0.6598561	1.1893842	5.94473	5.2562494	0.09413767	0.025664719	11.0	3.0	5.465111	-4.098833	0.0	10.0	10.0	-0.33818054	16.980629	10.0	3.978642	1	19	0	0	1	0	610.6402480280474	1828.8989146837034	59.635654	-.SKMPGTEVPGSALADGQGK.-	DECOY_sp|P42345|MTOR_HUMAN
2017dec27_overlap_dia_6b_rep1_604to616.dia:3582.2373:ETVDQVEELR+2	1	85384	11.3924675	0.4283744	0.66480047	5.8327045	5.2892976	0.23165739	0.062019777	9.0	1.0	2.4998825	-1.8749119	0.0	10.0	10.0	-0.9405203	12.839569	10.0	1.7547208	0	10	0	1	0	0	609.3040498086647	1216.5935466837036	59.703957	-.ETVDQVEELR.-	sp|Q14204|DYHC1_HUMAN
2017dec27_overlap_dia_6b_rep1_604to616.dia:3582.2373:QLNLENVVGDK+2	1	85384	10.609395	0.6897418	1.0042971	6.0038743	5.4027295	0.16803497	0.0451326	8.0	1.0	2.054886	-1.5411646	0.0	10.0	10.0	-2.5573006	0.27523804	10.0	1.4209735	0	11	0	1	0	0	614.8302343086647	1227.6459156837036	59.703957	-.QLNLENVVGDK.-	sp|O43929-2|ORC4_HUMAN	sp|O43929-3|ORC4_HUMAN	sp|O43929|ORC4_HUMAN
2017dec27_overlap_dia_6b_rep1_604to616.dia:3588.396:decoyMGGFLLEEKAK+2	-1	85540	9.00215	0.3338967	0.481931	5.2997184	4.555356	0.11467271	0.027001832	7.0	0.0	2.937958	0.33709073	0.0	10.0	10.0	-0.53885937	8.620522	10.0	0.45728183	1	11	0	1	0	0	611.8286493086646	1221.6427456837034	59.8066	-.MGGFLLEEKAK.-	DECOY_sp|P52789|HXK2_HUMAN
2017dec27_overlap_dia_6b_rep1_604to616.dia:3588.396:decoyNAPLGHGASVAAGAVELPGK+3	-1	85540	17.108932	0.5956194	1.024369	6.1685233	5.827577	0.084330216	0.020925399	14.0	9.0	3.289251	1.9247091	0.33487108	1.1709169	-1.1709169	-0.8627701	0.1993866	2.7747273	2.0449002	0	20	0	0	1	0	605.9952423613806	1814.9638976837032	59.8066	-.NAPLGHGASVAAGAVELPGK.-	DECOY_sp|O75367-2|H2AY_HUMAN	DECOY_sp|O75367-3|H2AY_HUMAN	DECOY_sp|O75367|H2AY_HUMAN
2017dec27_overlap_dia_6b_rep1_604to616.dia:3588.396:decoyQKTETAPMTVAQPDANK+3	-1	85540	16.685	0.9260078	1.4102485	5.7445903	5.176803	0.094285525	0.026241621	14.0	7.0	1.3493577	0.86974835	0.0	10.0	10.0	0.0075941086	20.909191	10.0	0.98993945	1	17	0	0	1	0	610.6402483613806	1828.898915683703	59.8066	-.QKTETAPMTVAQPDANK.-	DECOY_sp|Q9UNF1-2|MAGD2_HUMAN	DECOY_sp|Q9UNF1|MAGD2_HUMAN
2017dec27_overlap_dia_6b_rep1_604to616.dia:3590.404:decoyLYQDLIHSNPIENKR+3	-1	85592	13.722473	0.54822767	0.7502923	6.121317	5.4779844	0.085477464	0.020027658	11.0	4.0	3.904706	-1.7085412	0.0	10.0	10.0	-1.1057339	7.644356	10.0	1.58835	1	15	0	0	1	0	613.9952386947141	1838.9638866837035	59.84007	-.LYQDLIHSNPIENKR.-	DECOY_sp|P35520-2|CBS_HUMAN	DECOY_sp|P35520|CBS_HUMAN
2017dec27_overlap_dia_6b_rep1_604to616.dia:3596.4758:TPGQINLAQLR+2	1	85748	11.697971	0.41453946	0.7012553	6.1382074	5.6181006	0.077585906	0.02464372	9.0	0.0	2.779538	1.4164298	0.0	10.0	10.0	-2.8436785	0.63449097	10.0	1.5366209	0	11	0	1	0	0	605.8487623086646	1209.6829716837035	59.941265	-.TPGQINLAQLR.-	sp|Q9UPN9-2|TRI33_HUMAN	sp|Q9UPN9|TRI33_HUMAN
2017dec27_overlap_dia_6b_rep1_604to616.dia:3598.4814:decoyAAAVYALPYGTK+2	-1	85800	13.416044	0.4240125	0.6163801	6.856281	6.336796	0.07099104	0.017199099	10.0	4.0	7.921795	-3.1950283	0.0	10.0	10.0	-1.54358	0.038341522	10.0	3.0748372	0	12	0	1	0	0	612.8347808086645	1223.6550086837033	59.97469	-.AAAVYALPYGTK.-	DECOY_sp|P27708|PYR1_HUMAN
