id	Label	ScanNr	primary	xCorrLib	xCorrModel	dotProduct	contrastAngle	logit	sumOfSquaredErrors	numberOfMatchingPeaks	numberOfMatchingPeaksAboveThreshold	averageFragmentDeltaMasses	isotopeDotProduct	averageParentDeltaMass	percentBlankOverMono	numberPrecursorMatch	lnSp	maxLadderLength	evalue	correlationToGaussian	correlationToPrecursor	isIntegratedSignal	isIntegratedPrecursor	numPeaksWithGoodCorrelation	deltaRT	ms1MassError	ms2MassError	numMissedCleavage	pepLength	charge1	charge2	charge3	charge4	precursorMz	precursorMass	RTinMin	sequence	Proteins
2017dec27_overlap_dia_6b_rep1_604to616.dia:1800.4603:DAPVGEEEAPAK+2	1	40855	6.3589406	0.7077846	1.2333819	0.6297633	0.43369627	0.5312015	0.68845874	10.0	1.0	1.4627465	0.91367227	4.6797667	0.0	2.0	7.4028034	7.0	-0.21625805	0.97516423	0.74591655	1.0	1.0	6.0	0.0	1.7856159	0.76798713	0	12	0	1	0	0	606.7907753086647	1211.5669976837037	30.007671	-.DAPVGEEEAPAK.-	sp|Q9UBK8-2|MTRR_HUMAN;sp|Q9UBK8|MTRR_HUMAN
2017dec27_overlap_dia_6b_rep1_604to616.dia:1800.4603:LKELQNEVEK+2	1	40855	5.409066	0.49723238	0.5899787	0.7068105	0.49973327	0.8799433	0.47990337	9.0	1.0	-0.43657923	0.94345164	-7.8145995	0.2836079	2.0	7.372842	6.0	0.26088905	0.8668899	0.9182955	1.0	1.0	7.0	0.061840057	10.70875	1.1313386	1	10	0	1	0	0	615.3404348086648	1228.6663166837038	30.007671	-.LKELQNEVEK.-	sp|Q86U42-2|PABP2_HUMAN;sp|Q86U42|PABP2_HUMAN;sp|Q92843-2|B2CL2_HUMAN
2017dec27_overlap_dia_6b_rep1_604to616.dia:1800.4603:LSSDC[+57.0214635]EDQIR+2	1	40855	7.465049	0.8651808	1.096268	0.7309581	0.5218531	0.999489	0.3909837	11.0	1.0	-3.6478562	0.64075166	1.7682768	1.0	3.0	7.8096623	8.0	4.3974333	0.99238247	0.86958086	1.0	1.0	7.0	0.0	1.1258739	4.3426156	0	10	0	1	0	0	611.7720590586647	1221.5295651837037	30.007671	-.LSSDC[+57.0214635]EDQIR.-	sp|Q92896-2|GSLG1_HUMAN;sp|Q92896-3|GSLG1_HUMAN;sp|Q92896|GSLG1_HUMAN
2017dec27_overlap_dia_6b_rep1_604to616.dia:1800.4603:NDWTNPEINK+2	1	40855	2.6938744	0.3311364	0.6238393	0.68634385	0.48157096	0.7830815	0.27686247	6.0	0.0	-0.6629814	0.0	10.0	1.0	0.0	6.4983435	4.0	-2.8173468	0.91974556	0.0	1.0	0.0	4.0	12.473774	10.0	1.3577408	0	10	0	1	0	0	615.7911088086647	1229.5676646837037	30.007671	-.NDWTNPEINK.-	sp|O43402|EMC8_HUMAN
2017dec27_overlap_dia_6b_rep1_604to616.dia:1800.4603:NSSDSAIDNPKPNKLPK+3	1	40855	6.3669744	0.4533547	0.54566777	0.64152086	0.44339246	0.5819712	0.5616372	10.0	3.0	0.03187728	0.97601926	3.2895985	0.0	3.0	6.2070155	4.0	-1.3023987	0.9757466	0.820797	1.0	1.0	8.0	0.21171951	0.39544773	0.6628821	1	17	0	0	1	0	608.9865226947142	1823.9377386837039	30.007671	-.NSSDSAIDNPKPNKLPK.-	sp|P46100-2|ATRX_HUMAN;sp|P46100-3|ATRX_HUMAN;sp|P46100-4|ATRX_HUMAN;sp|P46100-5|ATRX_HUMAN;sp|P46100-6|ATRX_HUMAN;sp|P46100|ATRX_HUMAN
2017dec27_overlap_dia_6b_rep1_604to616.dia:1800.4603:SNDDLDVSESK+2	1	40855	7.350889	0.8489172	0.8811959	0.56199586	0.3799327	0.24926612	0.74734104	11.0	1.0	-1.4733927	0.7121395	-2.309077	0.0	2.0	7.6517024	8.0	-0.11068106	0.7853412	0.17628984	1.0	1.0	8.0	0.0	5.203228	2.168152	0	11	0	1	0	0	604.7674958086646	1207.5204386837036	30.007671	-.SNDDLDVSESK.-	sp|Q96EB6|SIR1_HUMAN
2017dec27_overlap_dia_6b_rep1_604to616.dia:1800.4603:decoyDSTDMEDFNR+2	-1	40855	1.8751101	0.2254514	0.4146555	0.6250701	0.42985928	0.5111247	0.4265043	5.0	0.0	1.0985329	0.0	10.0	1.0	0.0	6.2493367	3.0	-1.5934839	0.6958106	0.0	0.0	0.0	0.0	7.9898643	10.0	0.40377355	0	10	0	1	0	0	615.2405918086645	1228.4666306837032	30.007671	-.DSTDMEDFNR.-	DECOY_sp|P23258|TBG1_HUMAN
2017dec27_overlap_dia_6b_rep1_604to616.dia:1800.4603:decoyTTVQHIESNLFC[+57.0214635]NQK+3	-1	40855	4.485377	0.57561815	0.7797885	0.75832653	0.54796547	1.1435266	0.20568903	8.0	3.0	-1.2995993	0.0	10.0	1.0	0.0	6.371495	4.0	-3.0	0.8151227	0.5131384	1.0	1.0	5.0	20.313236	10.0	1.9943587	0	15	0	0	1	0	606.9649541947141	1817.8730331837035	30.007671	-.TTVQHIESNLFC[+57.0214635]NQK.-	DECOY_sp|Q9BYX2-2|TBD2A_HUMAN;DECOY_sp|Q9BYX2-3|TBD2A_HUMAN;DECOY_sp|Q9BYX2-4|TBD2A_HUMAN;DECOY_sp|Q9BYX2-5|TBD2A_HUMAN;DECOY_sp|Q9BYX2-6|TBD2A_HUMAN;DECOY_sp|Q9BYX2|TBD2A_HUMAN
2017dec27_overlap_dia_6b_rep1_604to616.dia:1802.6294:FATC[+57.0214635]SDDGTVR+2	1	40907	7.4896026	1.0277759	1.0804493	0.7734754	0.5629668	1.2280403	0.43451864	11.0	1.0	2.8091035	0.8402935	2.0733538	0.0	1.0	8.086481	9.0	5.884904	0.9694613	0.9563691	1.0	1.0	8.0	0.036151886	0.82079697	2.1143441	0	11	0	1	0	0	614.7667775586647	1227.5190021837036	30.043823	-.FATC[+57.0214635]SDDGTVR.-	sp|Q9C0J8-3|WDR33_HUMAN;sp|Q9C0J8|WDR33_HUMAN
2017dec27_overlap_dia_6b_rep1_604to616.dia:1804.715:HEQEYMEVR+2	1	40959	13.311341	2.2072706	2.579942	0.97886217	0.86887264	3.8353264	0.042275786	16.0	5.0	0.606789	0.97226965	3.1565716	0.0	2.0	9.600966	8.0	7.0485973	0.9921716	0.9782296	1.0	1.0	14.0	0.060279846	0.28222108	0.087970376	0	9	0	1	0	0	610.7718583086647	1219.5291636837037	30.078583	-.HEQEYMEVR.-	sp|Q15363|TMED2_HUMAN
2017dec27_overlap_dia_6b_rep1_604to616.dia:1804.715:LEGQATAVTPNK+2	1	40959	5.3429337	0.60228246	0.9889328	0.606974	0.4152336	0.43461022	0.2259036	9.0	0.0	0.262439	0.0	10.0	1.0	0.0	7.014667	7.0	-2.020348	0.9390923	-0.10820609	1.0	1.0	7.0	0.07091141	10.0	0.43232036	0	12	0	1	0	0	614.8302353086648	1227.6459176837038	30.078583	-.LEGQATAVTPNK.-	sp|Q9BXB4|OSB11_HUMAN
2017dec27_overlap_dia_6b_rep1_604to616.dia:1806.8722:AVLIDKDQSPK+2	1	41011	5.5136976	0.63169813	0.89893454	0.8993611	0.71193564	2.1901455	0.17240527	9.0	0.0	0.43276083	0.9061929	-2.1776278	0.0	2.0	7.2579556	7.0	-0.53266907	0.97566414	0.64552134	1.0	1.0	5.0	0.022951126	5.051978	0.27392948	1	11	0	1	0	0	607.3429778086647	1212.6714026837037	30.114536	-.AVLIDKDQSPK.-	sp|Q6NVY1|HIBCH_HUMAN
2017dec27_overlap_dia_6b_rep1_604to616.dia:1808.9851:GLVPEDDTKEK+2	1	41063	5.456169	0.8419922	1.5387582	0.78778136	0.57754064	1.3116035	0.33773318	9.0	0.0	1.4235046	0.97314644	8.735576	0.0	2.0	7.473822	6.0	0.6742263	0.8090168	0.93368304	1.0	1.0	9.0	0.039865494	5.861225	0.7168143	1	11	0	1	0	0	615.8142503086648	1229.6139476837038	30.149752	-.GLVPEDDTKEK.-	sp|Q15459-2|SF3A1_HUMAN;sp|Q15459|SF3A1_HUMAN
2017dec27_overlap_dia_6b_rep1_604to616.dia:1808.9851:decoyDYVHFEGSGAGASSGMVR+3	-1	41063	5.4460697	0.74661607	0.7313685	0.7696733	0.5591618	1.2064674	0.18778537	9.0	3.0	1.923179	0.0	10.0	1.0	0.0	6.7341366	6.0	-1.7231262	0.78836817	0.0	1.0	0.0	3.0	18.42208	10.0	1.2164887	0	18	0	0	1	0	609.6090560280473	1825.8053386837034	30.149752	-.DYVHFEGSGAGASSGMVR.-	DECOY_sp|Q9H875-2|PKRI1_HUMAN;DECOY_sp|Q9H875|PKRI1_HUMAN
2017dec27_overlap_dia_6b_rep1_604to616.dia:1808.9851:decoyIAVDYHESGVINPDMR+3	-1	41063	5.0749145	0.429869	0.59016395	0.32745457	0.21238166	-0.7197203	0.6912195	9.0	4.0	1.5705159	0.7445063	-2.8454962	1.0	2.0	6.339982	4.0	-2.5826857	0.8270369	0.0	0.0	0.0	3.0	21.902582	5.7198467	0.86382556	0	16	0	0	1	0	605.9613180280475	1814.8621246837035	30.149752	-.IAVDYHESGVINPDMR.-	DECOY_sp|P06576|ATPB_HUMAN
2017dec27_overlap_dia_6b_rep1_604to616.dia:1808.9851:decoyLVFEEC[+57.0214635]SLTK+2	-1	41063	1.8966706	0.24519682	0.4500585	0.6568847	0.4562524	0.64944184	0.41176227	5.0	0.0	-0.28011763	0.0	10.0	1.0	0.0	6.6562533	4.0	-3.0	0.8363897	0.0	0.0	0.0	3.0	26.075457	10.0	0.98680794	0	10	0	1	0	0	613.3102890586647	1224.6060251837037	30.149752	-.LVFEEC[+57.0214635]SLTK.-	DECOY_sp|O95571|ETHE1_HUMAN
2017dec27_overlap_dia_6b_rep1_604to616.dia:1808.9851:decoyNGEEGEVLEVR+2	-1	41063	4.259735	0.5200556	0.77218014	0.45103952	0.2978933	-0.19647142	0.53051066	8.0	2.0	-0.5492873	0.19483471	-1.3269914	1.0	1.0	7.192776	6.0	-1.9426675	0.6985404	0.0	1.0	0.0	6.0	9.213297	4.201342	1.2559776	0	11	0	1	0	0	615.8016738086645	1229.5887946837033	30.149752	-.NGEEGEVLEVR.-	DECOY_sp|P52789|HXK2_HUMAN
2017dec27_overlap_dia_6b_rep1_604to616.dia:1811.1431:NWASGHDLQGK+2	1	41115	5.4562917	0.6968949	0.8785078	0.78800386	0.57777065	1.3129349	0.37754405	9.0	0.0	1.022231	0.9790063	1.6097431	0.0	2.0	7.326007	6.0	-0.43151808	0.86660457	0.4410534	1.0	1.0	2.0	0.11253548	1.2646074	0.31554067	0	11	0	1	0	0	606.7914438086647	1211.5683346837036	30.185719	-.NWASGHDLQGK.-	sp|O95182|NDUA7_HUMAN
2017dec27_overlap_dia_6b_rep1_604to616.dia:1811.1431:decoyGISNMHHDNEILAPIR+3	-1	41115	3.5412195	0.48902628	0.75287294	0.68990415	0.48469472	0.79967123	0.33181825	7.0	3.0	0.7963811	0.30617312	9.496001	1.0	1.0	5.966869	3.0	-2.4829042	0.89848083	0.36701155	0.0	1.0	4.0	20.0955	6.6216507	0.089690804	0	16	0	0	1	0	606.3089433613804	1815.9050006837026	30.185719	-.GISNMHHDNEILAPIR.-	DECOY_sp|P35573-2|GDE_HUMAN;DECOY_sp|P35573-3|GDE_HUMAN;DECOY_sp|P35573|GDE_HUMAN
2017dec27_overlap_dia_6b_rep1_604to616.dia:1813.2738:EC[+57.0214635]GPDNKC[+57.0214635]ESNLQMR+3	1	41167	5.3093467	0.7224671	0.7528551	0.5618018	0.37978327	0.24847776	0.5661508	9.0	1.0	1.4184777	0.9209028	5.870625	0.0	2.0	6.322726	7.0	-0.17287493	0.86764175	0.9375583	1.0	1.0	7.0	0.03827095	2.9962745	0.71178734	1	15	0	0	1	0	613.259043694714	1836.7553016837035	30.22123	-.EC[+57.0214635]GPDNKC[+57.0214635]ESNLQMR.-	sp|P26006-1|ITA3_HUMAN;sp|P26006|ITA3_HUMAN
2017dec27_overlap_dia_6b_rep1_604to616.dia:1813.2738:KGLVGPELHDR+2	1	41167	4.400468	0.6424032	1.1161318	0.62365896	0.4287092	0.50510794	0.2458949	8.0	2.0	0.46561563	0.97801316	4.485806	0.0	2.0	7.4438257	4.0	-0.9461312	0.9145229	0.4120842	1.0	1.0	6.0	0.31102562	1.6114554	0.24107468	1	11	0	1	0	0	610.8409368086647	1219.6673206837036	30.22123	-.KGLVGPELHDR.-	sp|Q15149-2|PLEC_HUMAN;sp|Q15149-3|PLEC_HUMAN;sp|Q15149-4|PLEC_HUMAN;sp|Q15149-5|PLEC_HUMAN;sp|Q15149-6|PLEC_HUMAN;sp|Q15149-7|PLEC_HUMAN;sp|Q15149-8|PLEC_HUMAN;sp|Q15149-9|PLEC_HUMAN;sp|Q15149|PLEC_HUMAN
2017dec27_overlap_dia_6b_rep1_604to616.dia:1813.2738:QKDVLNEDVR+2	1	41167	4.3967996	0.95767033	1.4062132	0.61841357	0.42444867	0.48282006	0.6399907	8.0	0.0	0.683353	0.97305167	3.8533206	0.0	2.0	7.4488087	5.0	-0.4409623	0.89165723	0.93998003	1.0	1.0	3.0	0.10767174	0.97897005	0.023337305	1	10	0	1	0	0	608.3200338086647	1214.6255146837036	30.22123	-.QKDVLNEDVR.-	sp|O75116|ROCK2_HUMAN
2017dec27_overlap_dia_6b_rep1_604to616.dia:1813.2738:TC[+57.0214635]VQEITAHR+2	1	41167	2.736601	0.80366534	0.95705605	0.757301	0.54696476	1.1379386	0.2822538	6.0	0.0	0.57817084	0.57023805	9.323731	1.0	1.0	6.7436953	3.0	-1.3979483	0.55107415	0.29120728	1.0	1.0	4.0	0.036891937	6.449381	0.12851948	0	10	0	1	0	0	607.8009550586647	1213.5873571837037	30.22123	-.TC[+57.0214635]VQEITAHR.-	sp|Q13033-2|STRN3_HUMAN;sp|Q13033|STRN3_HUMAN;sp|Q9NRL3-3|STRN4_HUMAN;sp|Q9NRL3|STRN4_HUMAN
2017dec27_overlap_dia_6b_rep1_604to616.dia:1813.2738:decoyASPMFESQPSK+2	-1	41167	5.4343204	0.5470538	0.65724075	0.7491299	0.5390563	1.0939771	0.3600188	9.0	1.0	2.039477	0.972352	2.0392578	0.0	2.0	7.685216	7.0	-1.4472556	0.9030064	0.7087986	0.0	1.0	4.0	12.019039	0.8350928	1.3327868	0	11	0	1	0	0	604.7844383086647	1207.5543236837036	30.22123	-.ASPMFESQPSK.-	DECOY_sp|Q9NQW6-2|ANLN_HUMAN;DECOY_sp|Q9NQW6|ANLN_HUMAN
2017dec27_overlap_dia_6b_rep1_604to616.dia:1813.2738:decoyC[+57.0214635]AAWMWNGSK+2	-1	41167	3.4804628	0.43936357	0.54346746	0.5998353	0.4095345	0.40477878	0.42429748	7.0	1.0	0.76352215	0.0	10.0	1.0	0.0	7.3088245	6.0	-1.9155765	0.877611	0.0	1.0	0.0	5.0	24.628773	10.0	0.056831837	0	10	0	1	0	0	605.7602435586647	1209.5059341837036	30.22123	-.C[+57.0214635]AAWMWNGSK.-	DECOY_sp|O15067|PUR4_HUMAN
2017dec27_overlap_dia_6b_rep1_604to616.dia:1813.2738:decoyLQSFSEDQDR+2	-1	41167	2.809077	0.4872402	0.7440148	0.8948379	0.705418	2.1411397	0.12618473	6.0	0.0	-1.4149549	0.0	10.0	1.0	0.0	6.8103366	4.0	-2.1922703	0.8051608	0.0	0.0	0.0	0.0	1.476448	10.0	2.1216452	0	10	0	1	0	0	612.7781988086645	1223.5418446837032	30.22123	-.LQSFSEDQDR.-	DECOY_sp|O14727-2|APAF_HUMAN;DECOY_sp|O14727-3|APAF_HUMAN;DECOY_sp|O14727-4|APAF_HUMAN;DECOY_sp|O14727-5|APAF_HUMAN;DECOY_sp|O14727-6|APAF_HUMAN;DECOY_sp|O14727|APAF_HUMAN
2017dec27_overlap_dia_6b_rep1_604to616.dia:1813.2738:decoyMGGYFHTYEAC[+57.0214635]TIYK+3	-1	41167	2.0461762	0.36142352	0.437687	0.92681855	0.7549355	2.5388157	0.03088137	5.0	1.0	-1.8064958	0.0	10.0	1.0	0.0	5.8734713	3.0	-2.7466035	0.8510569	0.0	1.0	0.0	4.0	25.69345	10.0	2.513186	0	15	0	0	1	0	614.272611194714	1839.7960041837034	30.22123	-.MGGYFHTYEAC[+57.0214635]TIYK.-	DECOY_sp|Q13356-2|PPIL2_HUMAN;DECOY_sp|Q13356|PPIL2_HUMAN
2017dec27_overlap_dia_6b_rep1_604to616.dia:1813.2738:decoyQEPNTVNDVSK+2	-1	41167	5.299367	0.82490987	1.6191351	0.54903936	0.37001264	0.19679005	0.63924325	9.0	1.0	1.2666218	0.19483471	-7.5610223	1.0	1.0	7.61582	6.0	-0.4632039	0.87643284	0.0	1.0	0.0	4.0	0.2135582	10.435373	0.5599315	0	11	0	1	0	0	615.8016738086645	1229.5887946837033	30.22123	-.QEPNTVNDVSK.-	DECOY_sp|Q9UPN6-2|SCAF8_HUMAN;DECOY_sp|Q9UPN6|SCAF8_HUMAN
2017dec27_overlap_dia_6b_rep1_604to616.dia:1817.5571:NKELEIAQDR+2	1	41271	7.5060678	1.266551	1.6488205	0.80336237	0.5939155	1.4074433	0.32793218	11.0	1.0	-1.7383307	0.9803864	-4.8397365	0.0	3.0	8.057345	7.0	1.5436354	0.8311778	0.5591386	1.0	1.0	8.0	0.117040634	7.694287	2.4450212	1	10	0	1	0	0	608.3200338086648	1214.6255146837038	30.29262	-.NKELEIAQDR.-	sp|P12270-2|TPR_HUMAN;sp|P12270|TPR_HUMAN
2017dec27_overlap_dia_6b_rep1_604to616.dia:1817.5571:decoyEAMATAVAAPKR+2	-1	41271	1.4761012	0.53971756	0.9508014	0.24941333	0.16047561	-1.1017437	0.84265476	5.0	0.0	-1.7741425	0.9727295	7.274496	0.0	2.0	6.1442523	3.0	-1.7482781	0.5671109	0.8040368	0.0	1.0	0.0	2.5581532	4.4199457	2.4808328	1	12	0	1	0	0	608.3293483086646	1214.6441436837035	30.29262	-.EAMATAVAAPKR.-	DECOY_sp|Q9NVI1-1|FANCI_HUMAN;DECOY_sp|Q9NVI1-2|FANCI_HUMAN;DECOY_sp|Q9NVI1|FANCI_HUMAN
2017dec27_overlap_dia_6b_rep1_604to616.dia:1817.5571:decoyGPHFTVAAAWR+2	-1	41271	2.5700438	0.7448148	1.1622684	0.51607287	0.3452133	0.06431369	0.44751838	6.0	1.0	-3.231317	0.0	10.0	1.0	0.0	6.854095	4.0	-0.51906395	0.87066364	0.0	0.0	0.0	2.0	21.406946	10.0	3.9380074	0	11	0	1	0	0	606.8172653086644	1211.6199776837032	30.29262	-.GPHFTVAAAWR.-	DECOY_sp|O15067|PUR4_HUMAN
2017dec27_overlap_dia_6b_rep1_604to616.dia:1819.7299:HQIVEVAGDDK+2	1	41323	7.447024	0.4489921	0.7140855	0.7012416	0.4947412	0.8532173	0.16757768	11.0	0.0	0.6106462	0.82850105	-6.0497775	0.0	1.0	7.3220844	7.0	3.1090531	0.9177919	0.7671406	1.0	1.0	5.0	0.07208443	8.904327	0.09604412	0	11	0	1	0	0	605.8067598086647	1209.5989666837036	30.32883	-.HQIVEVAGDDK.-	sp|Q07960|RHG01_HUMAN
2017dec27_overlap_dia_6b_rep1_604to616.dia:1821.8531:AAPGAEFAPNKR+2	1	41375	13.300277	1.7062845	2.2523763	0.9542399	0.8066658	3.0375028	0.09105281	16.0	3.0	-2.9460773	0.9994391	3.1538248	0.0	3.0	9.014536	10.0	4.7342763	0.8263517	0.98927605	1.0	1.0	11.0	0.2322464	0.29927444	3.6527677	1	12	0	1	0	0	614.8252868086646	1227.6360206837035	30.36422	-.AAPGAEFAPNKR.-	sp|Q15233-2|NONO_HUMAN;sp|Q15233|NONO_HUMAN
2017dec27_overlap_dia_6b_rep1_604to616.dia:1821.8531:RHWGGNVLGPK+2	1	41375	7.4269786	0.9042762	1.0600253	0.669611	0.46707833	0.706426	0.60109603	11.0	1.0	-0.17058171	0.97674835	-1.6147549	0.0	2.0	7.9331956	6.0	0.9149761	0.9205902	0.7914983	1.0	1.0	7.0	0.3704548	4.469305	0.877272	1	11	0	1	0	0	610.8359888086648	1219.6574246837038	30.36422	-.RHWGGNVLGPK.-	sp|P62424|RL7A_HUMAN
2017dec27_overlap_dia_6b_rep1_604to616.dia:1821.8531:decoyC[+57.0214635]VSGGANFFEK+2	-1	41375	2.670422	0.7777263	0.85112137	0.6502635	0.45068306	0.6201976	0.4113227	6.0	0.0	0.1829356	0.82381207	-1.1265622	0.0	1.0	6.8557034	4.0	-2.4477293	0.7435354	0.46381763	1.0	1.0	3.0	17.371819	3.9811125	0.5237547	0	11	0	1	0	0	608.2767805586647	1214.5390081837036	30.36422	-.C[+57.0214635]VSGGANFFEK.-	DECOY_sp|P35520-2|CBS_HUMAN;DECOY_sp|P35520|CBS_HUMAN
2017dec27_overlap_dia_6b_rep1_604to616.dia:1821.8531:decoyC[+57.0214635]VYC[+57.0214635]ELDEK+2	-1	41375	1.9270699	0.51452446	0.63354224	0.7045122	0.49766833	0.868878	0.2200279	5.0	0.0	-1.9788525	0.0	10.0	1.0	0.0	6.7358546	4.0	-2.6643422	0.8848285	0.0	1.0	0.0	3.0	16.37048	10.0	2.6855428	0	9	0	1	0	0	608.2546523086646	1214.4947516837035	30.36422	-.C[+57.0214635]VYC[+57.0214635]ELDEK.-	DECOY_sp|Q9H089|LSG1_HUMAN
2017dec27_overlap_dia_6b_rep1_604to616.dia:1821.8531:decoyEKGELELVAPK+2	-1	41375	3.3535771	0.5523394	1.0263219	0.44786426	0.29563046	-0.20930366	0.39849854	7.0	1.0	1.2045639	0.0	10.0	1.0	0.0	6.9094243	4.0	-2.7803633	0.49534103	0.0	1.0	0.0	3.0	14.496147	10.0	0.49787354	1	11	0	1	0	0	606.8453533086645	1211.6761536837032	30.36422	-.EKGELELVAPK.-	DECOY_sp|Q01518-2|CAP1_HUMAN;DECOY_sp|Q01518|CAP1_HUMAN
2017dec27_overlap_dia_6b_rep1_604to616.dia:1821.8531:decoyEQLESEAVVVK+2	-1	41375	3.4487474	0.64662015	1.2215351	0.55759215	0.37654936	0.2313956	0.35348308	7.0	0.0	-0.16943021	0.25610718	4.1371465	1.0	1.0	6.879574	5.0	-3.0	0.59144926	0.014012606	0.0	1.0	3.0	13.019039	1.2825961	0.8761205	0	11	0	1	0	0	615.8324428086646	1229.6503326837035	30.36422	-.EQLESEAVVVK.-	DECOY_sp|Q9BVM2|DPCD_HUMAN
2017dec27_overlap_dia_6b_rep1_604to616.dia:1821.8531:decoySRFEEEEQPSVAGAFR+3	-1	41375	4.3366246	0.7224293	0.7759603	0.5383984	0.36194092	0.1538966	0.4826379	8.0	5.0	-3.4523327	0.0	10.0	1.0	0.0	6.040529	3.0	-1.9037647	0.0	0.0	0.0	0.0	0.0	16.29411	10.0	4.1590233	1	16	0	0	1	0	613.627106694714	1837.8594906837034	30.36422	-.SRFEEEEQPSVAGAFR.-	DECOY_sp|P33992|MCM5_HUMAN
2017dec27_overlap_dia_6b_rep1_604to616.dia:1821.8531:decoySSESVDLDDNK+2	-1	41375	3.1224647	0.233543	0.5790591	0.2630474	0.16945517	-1.0301893	1.0037514	7.0	0.0	-1.593835	0.0	10.0	1.0	0.0	6.704772	4.0	-1.3433084	0.58507895	0.0	1.0	0.0	5.0	0.3565483	10.0	2.3005252	0	11	0	1	0	0	604.7674958086646	1207.5204386837036	30.36422	-.SSESVDLDDNK.-	DECOY_sp|Q96EB6|SIR1_HUMAN
2017dec27_overlap_dia_6b_rep1_604to616.dia:1826.1086:EQPWVSVQPR+2	1	41479	4.0656285	0.75716	1.0199951	0.28847486	0.18629634	-0.9028028	0.58481944	8.0	0.0	1.8615363	0.0	10.0	1.0	0.0	7.3753624	4.0	-2.2290044	0.8625217	-0.0765213	0.0	1.0	3.0	19.603067	10.0	1.142915	0	10	0	1	0	0	613.3198373086647	1224.6251216837036	30.435144	-.EQPWVSVQPR.-	sp|Q14204|DYHC1_HUMAN
2017dec27_overlap_dia_6b_rep1_604to616.dia:1826.1086:decoyDC[+57.0214635]LQTYEQR+2	-1	41479	1.9008559	0.49512583	1.0057857	0.6632458	0.46164322	0.6777924	0.31401166	5.0	0.0	-1.8753002	0.4976552	-3.4717782	1.0	1.0	6.4339666	4.0	-2.9717317	0.8859811	0.0	1.0	0.0	3.0	6.2030888	6.3263283	2.5939214	0	9	0	1	0	0	606.7693160586646	1211.5240791837034	30.435144	-.DC[+57.0214635]LQTYEQR.-	DECOY_sp|Q63HN8-4|RN213_HUMAN;DECOY_sp|Q63HN8|RN213_HUMAN
2017dec27_overlap_dia_6b_rep1_604to616.dia:1828.242:LGAMDIDTHKK+2	1	41531	4.489225	0.44487295	0.580428	0.7650752	0.55459654	1.1807088	0.09697364	8.0	0.0	-1.4315696	0.9980379	-0.061053116	0.0	3.0	6.447787	6.0	-1.298131	0.782407	0.94113946	1.0	1.0	6.0	0.18515396	2.9156034	2.1501908	1	11	0	1	0	0	614.8213558086646	1227.6281586837035	30.4707	-.LGAMDIDTHKK.-	sp|Q15061|WDR43_HUMAN
2017dec27_overlap_dia_6b_rep1_604to616.dia:1832.4921:FC[+57.0214635]DNSSAIQGK+2	1	41635	10.884316	1.5954432	2.0233932	0.8788359	0.68335843	1.9814525	0.24011281	14.0	1.0	0.6355722	0.971931	4.693712	0.10566322	2.0	8.511749	10.0	16.44812	0.90205765	0.9774706	1.0	1.0	11.0	0.16944313	1.8391619	0.08304906	0	11	0	1	0	0	613.7771445586646	1225.5397361837036	30.541534	-.FC[+57.0214635]DNSSAIQGK.-	sp|O15067|PUR4_HUMAN
2017dec27_overlap_dia_6b_rep1_604to616.dia:1832.4921:FHNELNAHIK+2	1	41635	2.6590574	0.43032876	0.6059839	0.6334681	0.43673843	0.547124	0.46846312	6.0	1.0	3.5347366	0.93731374	-2.0495348	0.0	2.0	6.6146016	4.0	-0.89843607	0.6992669	0.93278813	0.0	1.0	4.0	0.23311996	4.904085	2.8161154	0	10	0	1	0	0	611.8200038086646	1221.6254546837035	30.541534	-.FHNELNAHIK.-	sp|P12270-2|TPR_HUMAN;sp|P12270|TPR_HUMAN
2017dec27_overlap_dia_6b_rep1_604to616.dia:1832.4921:QAANFTAGGQPR+2	1	41635	7.5043736	0.7651617	1.3094593	0.80023444	0.5905833	1.3877603	0.18345907	11.0	2.0	0.4659414	0.97242916	3.5049398	0.0	2.0	7.7079506	8.0	0.663394	0.0	0.0	0.0	0.0	0.0	0.09000206	0.65038943	0.25267985	0	12	0	1	0	0	609.3047193086647	1216.5948856837038	30.541534	-.QAANFTAGGQPR.-	sp|Q6RFH5-2|WDR74_HUMAN;sp|Q6RFH5|WDR74_HUMAN
2017dec27_overlap_dia_6b_rep1_604to616.dia:1841.0044:LLQQGTAPAQAK+2	1	41843	8.620271	0.89742726	1.1594775	0.8708288	0.6728344	1.9083068	0.25834247	12.0	0.0	-0.49498707	0.974561	3.4189255	0.0	2.0	7.571696	9.0	3.133069	0.919629	0.86283356	1.0	1.0	7.0	0.11076927	0.60397553	1.2136083	0	12	0	1	0	0	613.3485958086648	1224.6826386837038	30.683407	-.LLQQGTAPAQAK.-	sp|Q86YP4-2|P66A_HUMAN;sp|Q86YP4-3|P66A_HUMAN;sp|Q86YP4|P66A_HUMAN
2017dec27_overlap_dia_6b_rep1_604to616.dia:1843.0939:EVAATEEDVTR+2	1	41895	8.6338005	1.4188746	1.6814396	0.89838433	0.7105167	2.1794002	0.17682692	12.0	1.0	-0.8152111	0.9701139	4.4164057	0.0	2.0	8.196076	8.0	0.88348866	0.8905065	0.94828784	1.0	1.0	9.0	0.26669884	1.6014557	1.5338323	0	11	0	1	0	0	610.2936823086646	1218.5728116837035	30.718231	-.EVAATEEDVTR.-	sp|Q8WWI1-2|LMO7_HUMAN;sp|Q8WWI1-3|LMO7_HUMAN;sp|Q8WWI1-4|LMO7_HUMAN;sp|Q8WWI1-5|LMO7_HUMAN;sp|Q8WWI1|LMO7_HUMAN
2017dec27_overlap_dia_6b_rep1_604to616.dia:1843.0939:KFDPMGQQTC[+57.0214635]SAHPAR+3	1	41895	10.732151	1.1123986	1.4764385	0.61907357	0.4249835	0.48561785	0.6571685	14.0	5.0	-0.15680948	0.9232806	0.47718892	0.0	3.0	7.741279	8.0	1.2753234	0.8928825	0.847206	1.0	1.0	9.0	0.21687889	2.3377612	0.8754307	1	16	0	0	1	0	610.9506511947142	1829.8301241837037	30.718231	-.KFDPMGQQTC[+57.0214635]SAHPAR.-	sp|Q9NPE3|NOP10_HUMAN
2017dec27_overlap_dia_6b_rep1_604to616.dia:1843.0939:NHEEEISTLR+2	1	41895	9.760782	1.839917	2.0879781	0.925766	0.7531572	2.523399	0.13610576	13.0	2.0	-2.5404282	0.98084223	1.1261868	0.0	2.0	8.707339	7.0	5.898313	0.9101742	0.9550708	1.0	1.0	10.0	0.09787369	1.6887631	3.2590494	0	10	0	1	0	0	614.3018408086647	1226.5891286837036	30.718231	-.NHEEEISTLR.-	sp|P08727|K1C19_HUMAN
2017dec27_overlap_dia_6b_rep1_604to616.dia:1847.4274:ASREEILAQAK+2	1	41999	9.742024	1.4725609	1.8553705	0.8866314	0.6939218	2.056785	0.21470769	13.0	1.0	-3.9523754	0.9805866	2.8069966	0.0	2.0	8.188317	7.0	5.504154	0.9160613	0.8314622	1.0	1.0	9.0	0.22358704	0.007953405	4.6590657	1	11	0	1	0	0	608.3382268086648	1214.6619006837038	30.790457	-.ASREEILAQAK.-	sp|P35579-2|MYH9_HUMAN;sp|P35579|MYH9_HUMAN
2017dec27_overlap_dia_6b_rep1_604to616.dia:1847.4274:GYNFEDLTDR+2	1	41999	3.4865923	0.43793038	0.5712106	0.6083614	0.41634578	0.44042975	0.3952082	7.0	0.0	-1.219856	0.0	10.0	1.0	0.0	7.069058	6.0	-0.90928316	0.75796247	0.0	1.0	0.0	3.0	24.555067	10.0	1.9265463	0	10	0	1	0	0	615.2752878086648	1228.5360226837038	30.790457	-.GYNFEDLTDR.-	sp|Q9H7D7-2|WDR26_HUMAN;sp|Q9H7D7|WDR26_HUMAN
2017dec27_overlap_dia_6b_rep1_604to616.dia:1847.4274:decoyAGVVGGELGPGWK+2	-1	41999	6.20154	0.39821672	0.94727254	0.4383052	0.28884214	-0.24804318	0.59999883	10.0	1.0	-2.9187064	0.0	10.0	1.0	0.0	7.1632414	5.0	-0.931932	0.0	0.0	0.0	0.0	0.0	24.553717	10.0	3.6253967	0	13	0	1	0	0	613.8300383086646	1225.6455236837035	30.790457	-.AGVVGGELGPGWK.-	DECOY_sp|P21333-2|FLNA_HUMAN;DECOY_sp|P21333|FLNA_HUMAN
2017dec27_overlap_dia_6b_rep1_604to616.dia:1847.4274:decoyMLESDEIGTAR+2	-1	41999	5.2070055	0.49313498	0.9435957	0.44385588	0.29277962	-0.22552758	0.65421873	9.0	1.0	-1.2902219	0.53473884	-6.049271	1.0	1.0	7.1499066	5.0	-0.40460873	0.0	0.0	0.0	0.0	0.0	13.024462	8.864222	1.9969122	0	11	0	1	0	0	611.2926278086646	1220.5707026837035	30.790457	-.MLESDEIGTAR.-	DECOY_sp|Q13619-2|CUL4A_HUMAN;DECOY_sp|Q13619|CUL4A_HUMAN
2017dec27_overlap_dia_6b_rep1_604to616.dia:1847.4274:decoyNPLKNPKPNDIASDSSK+3	-1	41999	4.283317	0.42137462	0.9101302	0.47620746	0.31597775	-0.09524203	0.7328395	8.0	1.0	-0.8490821	0.0	10.0	1.0	0.0	5.7605486	4.0	-1.2687802	0.0	0.0	0.0	0.0	0.0	0.5710659	10.0	1.5557724	1	17	0	0	1	0	608.986522694714	1823.9377386837034	30.790457	-.NPLKNPKPNDIASDSSK.-	DECOY_sp|P46100-2|ATRX_HUMAN;DECOY_sp|P46100-3|ATRX_HUMAN;DECOY_sp|P46100-4|ATRX_HUMAN;DECOY_sp|P46100-5|ATRX_HUMAN;DECOY_sp|P46100-6|ATRX_HUMAN;DECOY_sp|P46100|ATRX_HUMAN
2017dec27_overlap_dia_6b_rep1_604to616.dia:1847.4274:decoySGDHTLLISDR+2	-1	41999	4.288558	0.46351963	0.72072524	0.48198938	0.32017124	-0.07207365	0.4609398	8.0	0.0	-2.202144	0.0	10.0	1.0	0.0	6.9946833	4.0	-0.74340534	0.8549208	-0.04818333	0.0	1.0	4.0	7.6503735	10.0	2.9088342	0	11	0	1	0	0	607.3122088086646	1212.6098646837036	30.790457	-.SGDHTLLISDR.-	DECOY_sp|O96013-2|PAK4_HUMAN;DECOY_sp|O96013-3|PAK4_HUMAN;DECOY_sp|O96013-4|PAK4_HUMAN;DECOY_sp|O96013|PAK4_HUMAN
2017dec27_overlap_dia_6b_rep1_604to616.dia:1853.7239:KADGVHTVEPTEAGDYK+3	1	42155	15.664715	1.6708627	1.8229408	0.7217289	0.5133046	0.9530539	0.16042265	18.0	10.0	0.5357734	0.94694984	0.96204615	0.0	3.0	7.7843924	9.0	2.6414795	0.9127788	0.64111453	1.0	1.0	12.0	0.15880585	1.8331037	0.15898597	1	17	0	0	1	0	606.2952433613808	1815.8639006837036	30.895397	-.KADGVHTVEPTEAGDYK.-	sp|Q13445|TMED1_HUMAN
2017dec27_overlap_dia_6b_rep1_604to616.dia:1853.7239:decoyEEDC[+57.0214635]LELRR+2	-1	42155	1.5363367	0.40402362	0.642067	0.28652024	0.1849972	-0.9123449	0.5347856	5.0	1.0	-1.9094644	0.493825	3.9180398	1.0	1.0	6.302323	3.0	-2.8832574	0.4500077	0.0	0.0	0.0	3.0	2.8266869	1.12289	2.6042237	1	9	0	1	0	0	610.2904190586646	1218.5662851837035	30.895397	-.EEDC[+57.0214635]LELRR.-	DECOY_sp|P07919|QCR6_HUMAN
2017dec27_overlap_dia_6b_rep1_604to616.dia:1855.8182:decoyEPPKQPPGTFELYGVR+3	-1	42207	6.195396	0.48768085	0.8450108	0.43214822	0.2844885	-0.2730918	1.1310427	10.0	1.0	-1.2147495	0.0	10.0	1.0	0.0	6.2654824	5.0	-0.7496214	0.8104087	0.0	0.0	0.0	1.0	24.95196	10.0	1.9214398	1	16	0	0	1	0	605.6527023613808	1813.9362776837036	30.930304	-.EPPKQPPGTFELYGVR.-	DECOY_sp|Q14289-2|FAK2_HUMAN;DECOY_sp|Q14289|FAK2_HUMAN
2017dec27_overlap_dia_6b_rep1_604to616.dia:1855.8182:decoyLQLPGALDADSK+2	-1	42207	2.4410715	0.57500046	0.8246952	0.3834765	0.25054657	-0.47481808	0.5051527	6.0	1.0	-2.5744262	0.0	10.0	1.0	0.0	6.2943535	3.0	-2.7298331	0.37220457	0.5079528	1.0	1.0	4.0	20.065115	10.0	3.2811165	0	12	0	1	0	0	614.3326103086646	1226.6506676837034	30.930304	-.LQLPGALDADSK.-	DECOY_sp|Q15021|CND1_HUMAN
2017dec27_overlap_dia_6b_rep1_604to616.dia:1855.8182:decoyNEDDMDEGFR+2	-1	42207	2.6448517	0.3979789	0.6161476	0.6130827	0.42014152	0.46028888	0.24921738	6.0	1.0	-4.6026397	0.0	10.0	1.0	0.0	6.6885753	3.0	-2.713624	0.60701734	0.0	1.0	0.0	4.0	5.140005	10.0	5.30933	0	10	0	1	0	0	614.2327668086647	1226.4509806837036	30.930304	-.NEDDMDEGFR.-	DECOY_sp|P11940-2|PABP1_HUMAN;DECOY_sp|P11940|PABP1_HUMAN;DECOY_sp|Q9H361|PABP3_HUMAN
2017dec27_overlap_dia_6b_rep1_604to616.dia:1857.9878:DLQQYQSQAK+2	1	42259	9.781652	1.3693372	1.7248343	0.9713395	0.8472154	3.523157	0.046536412	13.0	0.0	-2.3683364	0.99985445	2.5851152	0.0	3.0	8.66966	8.0	4.6711087	0.69229317	0.95603687	1.0	1.0	12.0	0.27447128	0.19023442	3.0750268	0	10	0	1	0	0	604.7989308086647	1207.5833086837038	30.966463	-.DLQQYQSQAK.-	sp|O75396|SC22B_HUMAN
2017dec27_overlap_dia_6b_rep1_604to616.dia:1857.9878:NILVASPEC[+57.0214635]VK+2	1	42259	4.4027653	0.58920187	0.93971866	0.62696683	0.4314077	0.5192263	0.3725491	8.0	2.0	-1.7491127	0.0	10.0	1.0	0.0	7.114369	4.0	-2.6287198	0.7061291	0.19024025	1.0	1.0	4.0	19.071749	10.0	2.455803	0	11	0	1	0	0	615.3315555586647	1228.6485581837037	30.966463	-.NILVASPEC[+57.0214635]VK.-	sp|Q14289-2|FAK2_HUMAN;sp|Q14289|FAK2_HUMAN
2017dec27_overlap_dia_6b_rep1_604to616.dia:1857.9878:TFVSGAC[+57.0214635]DASSK+2	1	42259	6.422059	0.8180211	1.1232041	0.72827554	0.5193558	0.9858909	0.48500106	10.0	0.0	-1.509237	0.93654853	2.1805618	0.0	2.0	7.720437	8.0	1.9670324	0.66367835	0.78688926	1.0	1.0	7.0	0.23039818	0.59478784	2.2159274	0	12	0	1	0	0	615.2769775586647	1228.5394021837037	30.966463	-.TFVSGAC[+57.0214635]DASSK.-	sp|Q9HAV0|GBB4_HUMAN
2017dec27_overlap_dia_6b_rep1_604to616.dia:1857.9878:VTC[+57.0214635]DGAYRPVC[+57.0214635]AQDGR+3	1	42259	5.4552546	0.84426785	0.9417893	0.7861244	0.57583106	1.3017205	0.35412556	9.0	2.0	-2.420376	0.0	10.0	1.0	0.0	6.5171256	5.0	-1.294354	0.7837235	0.5899946	0.0	1.0	5.0	0.17331696	10.0	3.1270664	0	16	0	0	1	0	608.9420413613808	1823.8042946837038	30.966463	-.VTC[+57.0214635]DGAYRPVC[+57.0214635]AQDGR.-	sp|O00468-2|AGRIN_HUMAN;sp|O00468-3|AGRIN_HUMAN;sp|O00468-4|AGRIN_HUMAN;sp|O00468-5|AGRIN_HUMAN;sp|O00468-6|AGRIN_HUMAN;sp|O00468-7|AGRIN_HUMAN;sp|O00468|AGRIN_HUMAN
2017dec27_overlap_dia_6b_rep1_604to616.dia:1857.9878:decoyLAPVEIESSSGK+2	-1	42259	4.3656063	0.51045	0.8683085	0.5755535	0.3904267	0.3045461	0.61575085	8.0	1.0	-1.1542466	0.0	10.0	1.0	0.0	6.7561545	5.0	-1.5570698	0.0	0.0	0.0	0.0	0.0	11.787607	10.0	1.8609369	0	12	0	1	0	0	608.8246173086645	1215.6346816837033	30.966463	-.LAPVEIESSSGK.-	DECOY_sp|Q6UXV4|MIC27_HUMAN
2017dec27_overlap_dia_6b_rep1_604to616.dia:1860.0671:VQEFEHVNGR+2	1	42311	2.482939	0.5739904	0.8717018	0.42228562	0.27754414	-0.31339768	0.6472993	6.0	0.0	-1.3599961	0.5341477	-7.304193	1.0	1.0	7.253029	4.0	-3.0	0.8995866	0.0	1.0	0.0	5.0	0.99344826	10.079542	2.0666864	0	10	0	1	0	0	607.7992688086647	1213.5839846837036	31.00112	-.VQEFEHVNGR.-	sp|Q14839-2|CHD4_HUMAN;sp|Q14839|CHD4_HUMAN
2017dec27_overlap_dia_6b_rep1_604to616.dia:1860.0671:decoyLLVENFGEC[+57.0214635]K+2	-1	42311	4.472853	0.5306692	0.5862845	0.7367705	0.52730036	1.0292503	0.38255757	8.0	0.0	-3.8007448	0.9745251	5.577488	0.0	2.0	7.2733727	5.0	0.42306376	0.9078252	0.9290791	1.0	1.0	4.0	23.956057	2.8021383	4.507435	0	10	0	1	0	0	604.8026310586646	1207.5907091837034	31.00112	-.LLVENFGEC[+57.0214635]K.-	DECOY_sp|Q9Y6H1|CHCH2_HUMAN
2017dec27_overlap_dia_6b_rep1_604to616.dia:1860.0671:decoyLQTEQKQEELFQDAK+3	-1	42311	5.1772184	0.52925485	0.6450129	0.41443342	0.2720405	-0.3456675	0.89808655	9.0	3.0	-3.4477859	0.0	10.0	1.0	0.0	7.071311	5.0	-1.8608172	0.83323663	0.0	0.0	0.0	6.0	12.498453	10.0	4.154476	1	15	0	0	1	0	612.3108963613805	1833.910859683703	31.00112	-.LQTEQKQEELFQDAK.-	DECOY_sp|Q6P4E1-2|CASC4_HUMAN;DECOY_sp|Q6P4E1-4|CASC4_HUMAN;DECOY_sp|Q6P4E1-5|CASC4_HUMAN;DECOY_sp|Q6P4E1|CASC4_HUMAN
2017dec27_overlap_dia_6b_rep1_604to616.dia:1860.0671:decoyMWEGQSVGSTK+2	-1	42311	2.7127576	0.43686694	0.56014997	0.71684456	0.5088286	0.928863	0.25951135	6.0	1.0	-0.78944886	0.0	10.0	1.0	0.0	6.9038215	6.0	-0.62702036	0.8258491	0.0	0.0	0.0	3.0	5.635729	10.0	1.4961392	0	11	0	1	0	0	605.2820633086645	1208.5495736837033	31.00112	-.MWEGQSVGSTK.-	DECOY_sp|Q9UPQ9-1|TNR6B_HUMAN;DECOY_sp|Q9UPQ9|TNR6B_HUMAN
2017dec27_overlap_dia_6b_rep1_604to616.dia:1862.2178:MPEC[+57.0214635]YFYSK+2	1	42363	1.96498	0.75006145	0.97598714	0.76877385	0.5582657	1.2014006	0.1475164	5.0	0.0	-0.1279136	0.0	10.0	1.0	0.0	7.3034573	5.0	-2.8768973	0.90394187	0.0	1.0	0.0	3.0	17.416792	10.0	0.84653485	0	9	0	1	0	0	612.7568265586647	1223.4991001837036	31.036963	-.MPEC[+57.0214635]YFYSK.-	sp|A6NMK7|CPS4L_HUMAN;sp|O95639-2|CPSF4_HUMAN;sp|O95639-3|CPSF4_HUMAN;sp|O95639|CPSF4_HUMAN
2017dec27_overlap_dia_6b_rep1_604to616.dia:1862.2178:QLNLENVVGDK+2	1	42363	4.3990703	0.57906073	0.85679054	0.6216553	0.42707902	0.49658	0.22144416	8.0	1.0	-2.1307805	0.0	10.0	1.0	0.0	7.3087783	4.0	-1.847084	0.79037726	0.0	1.0	0.0	5.0	25.14932	10.0	2.8494017	0	11	0	1	0	0	614.8302343086647	1227.6459156837036	31.036963	-.QLNLENVVGDK.-	sp|O43929-2|ORC4_HUMAN;sp|O43929-3|ORC4_HUMAN;sp|O43929|ORC4_HUMAN
2017dec27_overlap_dia_6b_rep1_604to616.dia:1864.2908:decoyQASQGVFFVAR+2	-1	42415	3.2810676	0.3498447	1.1438494	0.37899792	0.24746251	-0.49380374	0.5327281	7.0	1.0	1.8861274	0.0	10.0	1.0	0.0	7.0019083	4.0	-2.7541974	0.83056176	0.0	1.0	0.0	5.0	23.77849	10.0	1.1675061	0	11	0	1	0	0	605.3223803086645	1208.6302076837032	31.071512	-.QASQGVFFVAR.-	DECOY_sp|A6NHR9-2|SMHD1_HUMAN;DECOY_sp|A6NHR9|SMHD1_HUMAN
2017dec27_overlap_dia_6b_rep1_604to616.dia:1866.4314:decoyQIDSANELMAK+2	-1	42467	4.4943085	0.75903636	1.0300167	0.77408314	0.56357753	1.2315122	0.40034524	8.0	1.0	-2.517832	0.0	10.0	1.0	0.0	7.3917346	5.0	-1.8622012	0.8443897	0.081862494	1.0	1.0	6.0	11.095928	10.0	3.2364533	0	11	0	1	0	0	610.3029953086645	1218.5914376837034	31.10719	-.QIDSANELMAK.-	DECOY_sp|Q8NE71-2|ABCF1_HUMAN;DECOY_sp|Q8NE71|ABCF1_HUMAN
2017dec27_overlap_dia_6b_rep1_604to616.dia:1868.5409:WNSLPSENHK+2	1	42519	5.4666605	0.62745416	0.7263025	0.8070437	0.59786767	1.4309139	0.3160143	9.0	0.0	1.1588528	0.20262377	-5.5391564	1.0	1.0	7.8028812	6.0	1.0399237	0.93589747	0.0	1.0	0.0	6.0	0.16193008	8.334307	0.44023156	0	10	0	1	0	0	606.2938183086648	1210.5730836837038	31.142347	-.WNSLPSENHK.-	sp|Q15785|TOM34_HUMAN
2017dec27_overlap_dia_6b_rep1_604to616.dia:1872.6892:DIC[+57.0214635]AC[+57.0214635]AATGTGK+2	1	42623	8.622996	1.7269727	2.0328615	0.87631214	0.6800072	1.9579612	0.19306327	12.0	1.0	-0.75344175	0.9681079	0.86160064	0.0	2.0	8.275535	9.0	1.2127719	0.8994657	0.9653569	1.0	1.0	7.0	0.4754219	1.9335492	1.4720631	0	12	0	1	0	0	612.7710063086647	1223.5274596837037	31.211487	-.DIC[+57.0214635]AC[+57.0214635]AATGTGK.-	sp|Q96GQ7|DDX27_HUMAN
2017dec27_overlap_dia_6b_rep1_604to616.dia:1872.6892:EEILANGGSLSHHHGVGK+3	1	42623	9.543377	0.615703	0.9815943	0.56117165	0.3792985	0.24591851	0.42065397	13.0	3.0	0.90148795	0.59694517	-2.6688185	1.0	2.0	6.6453238	5.0	-1.0422535	0.13607337	0.67594963	0.0	1.0	7.0	0.20557404	5.4639683	0.18286669	0	18	0	0	1	0	614.6466126947141	1840.9180086837036	31.211487	-.EEILANGGSLSHHHGVGK.-	sp|O00116|ADAS_HUMAN
2017dec27_overlap_dia_6b_rep1_604to616.dia:1872.6892:VTDMFTDQEK+2	1	42623	2.0490546	0.5849813	0.6975361	0.93298185	0.7656056	2.6334221	0.03491468	5.0	0.0	1.586545	0.0	10.0	1.0	0.0	6.7713914	3.0	-2.8457975	0.13538809	0.0	0.0	0.0	3.0	10.671585	10.0	0.86792374	0	10	0	1	0	0	607.2739043086648	1212.5332556837038	31.211487	-.VTDMFTDQEK.-	sp|Q9GZT6-2|CC90B_HUMAN;sp|Q9GZT6-3|CC90B_HUMAN;sp|Q9GZT6|CC90B_HUMAN
2017dec27_overlap_dia_6b_rep1_604to616.dia:1872.6892:decoyVTFGQMNTPSK+2	-1	42623	4.350214	0.68595916	1.0354779	0.5555121	0.37495548	0.22296739	0.2759972	8.0	3.0	0.12928654	0.45114794	5.2257977	1.0	2.0	7.522146	4.0	-2.744856	0.55733657	0.58192986	1.0	1.0	5.0	11.1870575	2.4306479	0.5893347	0	11	0	1	0	0	605.3002563086648	1208.5859596837038	31.211487	-.VTFGQMNTPSK.-	DECOY_sp|O15379-2|HDAC3_HUMAN;DECOY_sp|O15379|HDAC3_HUMAN
2017dec27_overlap_dia_6b_rep1_604to616.dia:1879.0654:TKTDELLALGR+2	1	42779	6.3310914	0.71146804	1.140459	0.590647	0.40225482	0.36664066	0.60659194	10.0	1.0	-0.90595937	0.0	10.0	1.0	0.0	7.178522	6.0	-0.12393379	0.0	0.0	0.0	0.0	0.0	18.144455	10.0	1.6245806	1	11	0	1	0	0	608.8484278086647	1215.6823026837037	31.317757	-.TKTDELLALGR.-	sp|P12270-2|TPR_HUMAN;sp|P12270|TPR_HUMAN
2017dec27_overlap_dia_6b_rep1_604to616.dia:1879.0654:decoyDGSIHYVSTNK+2	-1	42779	4.2983613	0.68825716	1.1636223	0.49299297	0.32819438	-0.028029893	0.5122078	8.0	1.0	-4.839159	0.0	10.0	1.0	0.0	6.9233494	4.0	-1.3566394	0.0	0.0	0.0	0.0	0.0	0.82159424	10.0	5.5577803	0	11	0	1	0	0	610.7989298086646	1219.5833066837035	31.317757	-.DGSIHYVSTNK.-	DECOY_sp|Q9NTJ3-2|SMC4_HUMAN;DECOY_sp|Q9NTJ3|SMC4_HUMAN
2017dec27_overlap_dia_6b_rep1_604to616.dia:1881.136:LKQIEEQTIK+2	1	42831	6.4899216	1.3827746	1.7323711	0.85144794	0.6485501	1.7460029	0.24050604	10.0	0.0	-1.4252306	0.9968422	2.285109	0.0	3.0	7.513852	7.0	2.1924171	0.87254983	0.9653597	1.0	1.0	8.0	0.14488411	0.51004076	2.1438518	1	10	0	1	0	0	615.3586283086647	1228.7027036837037	31.352266	-.LKQIEEQTIK.-	sp|P35241-2|RADI_HUMAN;sp|P35241-4|RADI_HUMAN;sp|P35241-5|RADI_HUMAN;sp|P35241|RADI_HUMAN
2017dec27_overlap_dia_6b_rep1_604to616.dia:1885.4031:LKDVQEQLSR+2	1	42935	5.4483895	0.7667339	1.1120081	0.7737955	0.5632884	1.229868	0.40411624	9.0	1.0	-3.0685213	0.8268573	-6.570872	0.0	1.0	7.31103	8.0	-0.55581045	0.6805135	0.5386581	1.0	1.0	7.0	0.07895279	9.366022	3.7871425	1	10	0	1	0	0	608.3382268086648	1214.6619006837038	31.423384	-.LKDVQEQLSR.-	sp|O75116|ROCK2_HUMAN
2017dec27_overlap_dia_6b_rep1_604to616.dia:1885.4031:YLASGSGDTTVR+2	1	42935	7.537487	1.5505172	2.0853448	0.8636359	0.66363674	1.8458227	0.25489527	11.0	3.0	-1.6219854	0.9983339	2.8671134	0.0	3.0	7.9969454	9.0	3.076241	0.9267588	0.94770557	1.0	1.0	7.0	0.15765762	0.07196355	2.3406067	0	12	0	1	0	0	613.8042128086647	1225.5938726837037	31.423384	-.YLASGSGDTTVR.-	sp|Q9NVX2|NLE1_HUMAN
2017dec27_overlap_dia_6b_rep1_604to616.dia:1893.9092:IGGGPGDAADVQR+2	1	43143	6.3807425	1.0269724	1.4673659	0.66218466	0.46074116	0.67304504	0.41479167	10.0	2.0	0.4440922	0.68804395	1.0179714	0.6877989	1.0	7.5774803	6.0	-1.6990435	0.85266083	0.7618855	0.0	1.0	5.0	0.2608757	1.7645015	0.28645998	0	13	0	1	0	0	606.8020093086647	1211.5894656837036	31.565153	-.IGGGPGDAADVQR.-	sp|Q9UBS0|KS6B2_HUMAN
2017dec27_overlap_dia_6b_rep1_604to616.dia:1893.9092:decoyDTMWFNDKR+2	-1	43143	1.6435962	0.35150212	0.6838202	0.36678773	0.2390849	-0.5460224	0.8546894	5.0	1.0	-1.4277966	0.0	10.0	1.0	0.0	6.844228	4.0	-2.7502015	0.81990623	0.0	0.0	0.0	3.0	16.729307	10.0	2.1583488	1	9	0	1	0	0	606.7769478086645	1211.5393426837034	31.565153	-.DTMWFNDKR.-	DECOY_sp|P61160-2|ARP2_HUMAN;DECOY_sp|P61160|ARP2_HUMAN
2017dec27_overlap_dia_6b_rep1_604to616.dia:1893.9092:decoyETPALILAQTR+2	-1	43143	2.2956674	0.43267485	0.75280505	0.27436882	0.17693788	-0.9725686	0.64084977	6.0	1.0	-0.45248878	0.0	10.0	1.0	0.0	6.557908	4.0	-2.6565495	0.8982852	-0.040462855	1.0	1.0	4.0	22.671854	10.0	1.183041	0	11	0	1	0	0	606.8509708086647	1211.6873886837036	31.565153	-.ETPALILAQTR.-	DECOY_sp|P38919|IF4A3_HUMAN
2017dec27_overlap_dia_6b_rep1_604to616.dia:1898.1472:GRGGPESPPSNR+2	1	43247	2.7168806	0.6123737	0.8970881	0.7236823	0.5151038	0.9628011	0.19543646	6.0	1.0	0.41676718	0.4662167	3.5619583	1.0	2.0	6.5984325	6.0	-1.332243	0.85753065	0.0	1.0	0.0	6.0	0.10119629	0.62201977	0.31378502	1	12	0	1	0	0	605.7997998086647	1209.5850466837037	31.635786	-.GRGGPESPPSNR.-	sp|Q6ZW31-2|SYDE1_HUMAN;sp|Q6ZW31|SYDE1_HUMAN
2017dec27_overlap_dia_6b_rep1_604to616.dia:1898.1472:decoyALESLQASDQR+2	-1	43247	4.4349747	0.5362856	0.99282795	0.67523336	0.47191417	0.7319515	0.47803158	8.0	1.0	0.29405773	0.8360688	0.758575	0.0	1.0	7.037845	5.0	-0.88174295	0.8063351	0.47942635	0.0	1.0	0.0	11.824488	2.1813636	0.43649447	0	11	0	1	0	0	609.3096663086645	1216.6047796837033	31.635786	-.ALESLQASDQR.-	DECOY_sp|Q8N3T6|T132C_HUMAN
2017dec27_overlap_dia_6b_rep1_604to616.dia:1898.1472:decoyALQAEAYTLSR+2	-1	43247	4.1805725	0.6283714	1.0245005	0.3758824	0.24532068	-0.50706255	0.43055603	8.0	1.0	2.4284008	0.0	10.0	1.0	0.0	7.2139397	5.0	-1.8610647	0.91726905	0.0	1.0	0.0	3.0	16.975363	10.0	1.6978486	0	11	0	1	0	0	611.8249483086645	1221.6353436837032	31.635786	-.ALQAEAYTLSR.-	DECOY_sp|Q9Y2L1-2|RRP44_HUMAN;DECOY_sp|Q9Y2L1|RRP44_HUMAN
2017dec27_overlap_dia_6b_rep1_604to616.dia:1898.1472:decoyTSC[+57.0214635]LAIAEPPR+2	-1	43247	3.5133903	0.84698445	1.0238317	0.6470825	0.4480222	0.60623956	0.5575167	7.0	2.0	2.0748236	0.0	10.0	1.0	0.0	7.097886	4.0	-1.748421	0.74611264	0.0	1.0	0.0	3.0	15.491575	10.0	1.3442714	0	11	0	1	0	0	607.8135305586646	1213.6125081837035	31.635786	-.TSC[+57.0214635]LAIAEPPR.-	DECOY_sp|P49841-2|GSK3B_HUMAN;DECOY_sp|P49841|GSK3B_HUMAN
2017dec27_overlap_dia_6b_rep1_604to616.dia:1900.3778:DVDGLTSINAGR+2	1	43300	3.508889	0.6966823	1.0889229	0.64041024	0.44247133	0.57714516	0.24062492	7.0	2.0	1.4500448	0.8360688	0.558233	0.0	1.0	7.062898	4.0	-2.6454673	0.59265155	0.32403117	0.0	1.0	4.0	16.898867	2.4645896	0.71949255	0	12	0	1	0	0	609.3096663086646	1216.6047796837036	31.672964	-.DVDGLTSINAGR.-	sp|P11586|C1TC_HUMAN
2017dec27_overlap_dia_6b_rep1_604to616.dia:1902.4348:AYTGFSSNSER+2	1	43352	9.772024	1.7323387	2.0596232	0.9500421	0.79792064	2.945326	0.099418744	13.0	1.0	-0.63898736	0.82857203	8.54681	0.0	1.0	8.768271	9.0	5.791395	0.9173757	0.8780836	1.0	1.0	9.0	0.1712799	5.4546566	1.3695395	0	11	0	1	0	0	609.7729118086646	1217.5312706837035	31.707247	-.AYTGFSSNSER.-	sp|O15355|PPM1G_HUMAN
2017dec27_overlap_dia_6b_rep1_604to616.dia:1902.4348:LAQQISDEASR+2	1	43352	9.766279	1.6498427	2.146188	0.9375589	0.7738396	2.7090557	0.109999456	13.0	1.0	-1.1893973	0.9697292	-2.5112603	0.0	3.0	8.382219	9.0	3.7800593	0.9193372	0.95343	1.0	1.0	12.0	0.2512951	5.6034136	1.9199495	0	11	0	1	0	0	609.3096663086646	1216.6047796837036	31.707247	-.LAQQISDEASR.-	sp|Q93008-1|USP9X_HUMAN;sp|Q93008|USP9X_HUMAN
2017dec27_overlap_dia_6b_rep1_604to616.dia:1906.6653:ATQTPSC[+57.0214635]WAEEGAEKR+3	1	43456	3.4089901	0.57549053	0.6484444	0.5088144	0.33983213	0.035261173	0.4253987	7.0	1.0	-2.5420418	0.71115196	-6.222382	1.0	2.0	6.02591	4.0	-1.5394225	0.5120065	0.52072585	0.0	1.0	0.0	4.810858	9.314535	3.272594	1	16	0	0	1	0	607.6125808613808	1819.8159131837037	31.777754	-.ATQTPSC[+57.0214635]WAEEGAEKR.-	sp|Q86VQ1|GLCI1_HUMAN
2017dec27_overlap_dia_6b_rep1_604to616.dia:1906.6653:ESAWTKPDGVK+2	1	43456	8.56713	0.6572693	0.9469008	0.77053404	0.5600208	1.2113291	0.34809312	12.0	1.0	-2.8187897	0.98306626	3.1533558	0.0	3.0	7.863975	7.0	1.4781542	0.8936723	0.8126224	1.0	1.0	5.0	0.079898834	0.061202288	3.549342	0	11	0	1	0	0	609.3116778086647	1216.6088026837037	31.777754	-.ESAWTKPDGVK.-	sp|O14776-2|TCRG1_HUMAN;sp|O14776|TCRG1_HUMAN
2017dec27_overlap_dia_6b_rep1_604to616.dia:1906.6653:GKGEITPAAIQK+2	1	43456	8.642141	0.49960402	0.8750211	0.9158052	0.7368927	2.3866708	0.07260549	12.0	1.0	-2.2063498	0.80769306	1.1846365	0.0	2.0	7.7004466	7.0	2.0186024	0.8667029	0.8698306	1.0	1.0	7.0	0.27971458	1.9075171	2.936902	1	12	0	1	0	0	606.8509708086648	1211.6873886837038	31.777754	-.GKGEITPAAIQK.-	sp|Q15532-2|SSXT_HUMAN;sp|Q15532|SSXT_HUMAN
2017dec27_overlap_dia_6b_rep1_604to616.dia:1906.6653:GLSQEGTGPPTSAGEGHSR+3	1	43456	6.2966065	0.52957624	0.6868192	0.5455608	0.3673666	0.18275006	0.37612206	10.0	4.0	-0.016179323	0.0	10.0	1.0	0.0	6.306166	4.0	0.2641225	0.418288	0.0	1.0	0.0	2.0	1.7700825	10.0	0.7467315	0	19	0	0	1	0	608.9538830280475	1823.8398196837036	31.777754	-.GLSQEGTGPPTSAGEGHSR.-	sp|Q63HN8-4|RN213_HUMAN;sp|Q63HN8-5|RN213_HUMAN;sp|Q63HN8|RN213_HUMAN
2017dec27_overlap_dia_6b_rep1_604to616.dia:1906.6653:KYTLFSASSEGQNHSR+3	1	43456	3.6736312	0.50659186	0.7604593	0.9358377	0.77071005	2.680026	0.02072646	7.0	2.0	-0.005190611	0.0	10.0	1.0	0.0	6.335619	3.0	-1.6122806	0.0	0.0	0.0	0.0	0.0	3.341055	10.0	0.7357428	1	16	0	0	1	0	604.6272150280473	1810.8598156837031	31.777754	-.KYTLFSASSEGQNHSR.-	sp|Q8TEQ6|GEMI5_HUMAN
2017dec27_overlap_dia_6b_rep1_604to616.dia:1906.6653:decoyGVNSFEDTEGR+2	-1	43456	3.6100988	0.425984	0.63576114	0.80847776	0.5994164	1.4401493	0.08204331	7.0	0.0	-1.6350806	0.0	10.0	1.0	0.0	6.8948092	4.0	-1.5002909	0.0	0.0	0.0	0.0	0.0	4.6096783	10.0	2.3656328	0	11	0	1	0	0	605.7703738086647	1209.5261946837036	31.777754	-.GVNSFEDTEGR.-	DECOY_sp|Q5T8D3-2|ACBD5_HUMAN;DECOY_sp|Q5T8D3-3|ACBD5_HUMAN;DECOY_sp|Q5T8D3-4|ACBD5_HUMAN;DECOY_sp|Q5T8D3|ACBD5_HUMAN
2017dec27_overlap_dia_6b_rep1_604to616.dia:1910.822:decoyKPQWNSGGTLK+2	-1	43560	3.6157432	0.40439916	0.563314	0.81905377	0.6110021	1.5099498	0.16684395	7.0	2.0	3.7631197	0.0	10.0	1.0	0.0	7.362412	4.0	-2.9727468	0.83261305	0.0	1.0	0.0	6.0	1.8393631	10.0	3.0325675	0	11	0	1	0	0	608.3276623086646	1214.6407716837034	31.847034	-.KPQWNSGGTLK.-	DECOY_sp|Q13492-2|PICAL_HUMAN;DECOY_sp|Q13492-3|PICAL_HUMAN;DECOY_sp|Q13492-4|PICAL_HUMAN;DECOY_sp|Q13492-5|PICAL_HUMAN;DECOY_sp|Q13492|PICAL_HUMAN
2017dec27_overlap_dia_6b_rep1_604to616.dia:1912.948:LTC[+57.0214635]PC[+57.0214635]C[+57.0214635]NMR+2	1	43612	1.9217309	0.14449674	0.2671713	0.69590414	0.48999232	0.8278689	0.48603344	5.0	0.0	1.0093306	0.0	10.0	1.0	0.0	6.4622345	3.0	0.65301275	0.68455297	0.0	0.0	0.0	0.0	0.026191711	10.0	0.29070938	0	9	0	1	0	0	606.2430465586647	1210.4715401837036	31.882467	-.LTC[+57.0214635]PC[+57.0214635]C[+57.0214635]NMR.-	sp|Q5VTR2|BRE1A_HUMAN
2017dec27_overlap_dia_6b_rep1_604to616.dia:1915.0103:HADYIASYGSK+2	1	43664	10.844171	0.81917197	0.9612037	0.80123794	0.5916498	1.3940495	0.237779	14.0	3.0	2.5102377	0.97549504	1.935415	0.0	2.0	8.71501	8.0	2.6602988	0.87868536	0.8887545	1.0	1.0	14.0	0.100317	1.1567385	1.7916164	0	11	0	1	0	0	606.2881938086647	1210.5618346837036	31.916838	-.HADYIASYGSK.-	sp|P53611|PGTB2_HUMAN
2017dec27_overlap_dia_6b_rep1_604to616.dia:1915.0103:VLANPGNSQVAR+2	1	43664	12.112187	2.1673932	2.6564882	0.9901202	0.9104371	4.6073313	0.019482521	15.0	11.0	2.7128038	0.9799976	6.4961953	0.0	2.0	9.695477	11.0	-1.2504656	0.8334339	0.9850226	1.0	1.0	14.0	0.13848305	3.4040418	1.9941826	0	12	0	1	0	0	613.3360183086647	1224.6574836837037	31.916838	-.VLANPGNSQVAR.-	sp|Q14974|IMB1_HUMAN
2017dec27_overlap_dia_6b_rep1_604to616.dia:1917.1636:SGPKPFSAPKPQTSPSPK+3	1	43716	27.985344	1.2059453	1.4214615	0.8878907	0.69565976	2.0693743	0.08494005	27.0	23.0	-0.6810746	0.7805938	0.9185074	0.0	3.0	8.34582	9.0	5.3386154	0.93747526	0.6351614	1.0	1.0	20.0	0.31651306	2.252796	1.3936079	0	18	0	0	1	0	613.3317426947142	1836.9733986837039	31.952726	-.SGPKPFSAPKPQTSPSPK.-	sp|Q01518-2|CAP1_HUMAN;sp|Q01518|CAP1_HUMAN
2017dec27_overlap_dia_6b_rep1_604to616.dia:1919.2537:QVQSLMVHQR+2	1	43768	6.341368	0.9097498	1.1905677	0.6047904	0.41348624	0.42546567	0.57534283	10.0	1.0	1.3819718	0.5762878	-7.421903	1.0	2.0	7.711953	7.0	0.26619816	0.8718313	-0.060530454	1.0	1.0	4.0	0.23799515	10.670863	0.6752815	0	10	0	1	0	0	613.3271398086647	1224.6397266837037	31.98756	-.QVQSLMVHQR.-	sp|Q969G3-2|SMCE1_HUMAN;sp|Q969G3-3|SMCE1_HUMAN;sp|Q969G3-4|SMCE1_HUMAN;sp|Q969G3-5|SMCE1_HUMAN;sp|Q969G3-6|SMCE1_HUMAN;sp|Q969G3|SMCE1_HUMAN
2017dec27_overlap_dia_6b_rep1_604to616.dia:1919.2537:YSDEENLPEK+2	1	43768	4.48511	0.66883427	0.96027327	0.7578599	0.5475099	1.140982	0.41180536	8.0	0.0	2.4796512	0.8127332	-0.76517355	0.0	2.0	7.0450783	6.0	1.211	0.72377557	0.9404777	1.0	1.0	5.0	0.17040062	4.014134	1.7729609	0	10	0	1	0	0	612.2749528086648	1222.5353526837039	31.98756	-.YSDEENLPEK.-	sp|Q9BQI0-2|AIF1L_HUMAN;sp|Q9BQI0-3|AIF1L_HUMAN;sp|Q9BQI0-4|AIF1L_HUMAN;sp|Q9BQI0|AIF1L_HUMAN
2017dec27_overlap_dia_6b_rep1_604to616.dia:1919.2537:decoyGQIAAPTIEGKK+2	-1	43768	6.46362	0.69142723	1.4057792	0.80141336	0.59183645	1.3951514	0.14169824	10.0	1.0	0.9777793	0.0	10.0	1.0	0.0	7.142207	5.0	0.16438723	0.67673576	0.6228825	0.0	1.0	3.0	0.06990814	10.0	0.27108902	1	12	0	1	0	0	606.8509708086647	1211.6873886837036	31.98756	-.GQIAAPTIEGKK.-	DECOY_sp|Q15532-2|SSXT_HUMAN;DECOY_sp|Q15532|SSXT_HUMAN
2017dec27_overlap_dia_6b_rep1_604to616.dia:1921.4366:ENVENWQSSK+2	1	43820	5.450188	0.6427861	0.8368798	0.7770069	0.56652606	1.2483085	0.35565934	9.0	0.0	-0.6170726	0.5785761	-4.2312837	1.0	1.0	7.2326365	6.0	-1.1040826	0.9057509	0.81424177	1.0	1.0	5.0	0.16629219	7.561355	1.3237629	0	10	0	1	0	0	610.7807408086647	1219.5469286837038	32.023945	-.ENVENWQSSK.-	sp|O94913|PCF11_HUMAN
2017dec27_overlap_dia_6b_rep1_604to616.dia:1921.4366:EYNVNDDSMK+2	1	43820	7.4053254	1.10884	1.330625	0.6370438	0.43968594	0.56255615	0.71956944	11.0	1.0	-1.0710895	0.9648421	-1.1506373	0.0	2.0	7.860866	8.0	2.6774635	0.9237172	0.97838914	1.0	1.0	7.0	0.28866768	4.4807086	1.7777798	0	10	0	1	0	0	607.7533303086647	1213.4921076837036	32.023945	-.EYNVNDDSMK.-	sp|Q14527-2|HLTF_HUMAN;sp|Q14527|HLTF_HUMAN
2017dec27_overlap_dia_6b_rep1_604to616.dia:1921.4366:IIKDGEQHEDLNEVAK+3	1	43820	11.999886	1.0754305	0.7696021	0.76451415	0.5540421	1.1775897	0.38910553	15.0	3.0	-1.5491558	0.0	10.0	1.0	0.0	6.793391	7.0	3.0948782	0.8325689	-0.04960285	1.0	1.0	10.0	0.11540604	10.0	2.255846	1	16	0	0	1	0	613.3145286947141	1836.9217566837035	32.023945	-.IIKDGEQHEDLNEVAK.-	sp|O95831-2|AIFM1_HUMAN;sp|O95831-3|AIFM1_HUMAN;sp|O95831-5|AIFM1_HUMAN;sp|O95831|AIFM1_HUMAN
2017dec27_overlap_dia_6b_rep1_604to616.dia:1921.4366:TDPENTDYTMEHGATR+3	1	43820	12.038678	1.0460318	1.225292	0.835946	0.6301608	1.6283686	0.22961317	15.0	3.0	-2.2707872	0.7294532	0.9794906	1.0	2.0	7.0980835	7.0	7.518602	0.8655597	-0.055621795	1.0	1.0	9.0	0.08465958	2.350581	2.9774776	0	16	0	0	1	0	613.2600930280474	1836.7584496837037	32.023945	-.TDPENTDYTMEHGATR.-	sp|Q9BW85|CCD94_HUMAN
2017dec27_overlap_dia_6b_rep1_604to616.dia:1921.4366:TYFPHFDLSHGSAQVK+3	1	43820	5.492438	0.71776485	0.7315038	0.85639584	0.6546032	1.7856721	0.08026612	9.0	3.0	-1.2581725	0.0	10.0	1.0	0.0	6.2537427	4.0	-1.4995522	0.0	0.0	0.0	0.0	0.0	23.514778	10.0	1.9648628	0	16	0	0	1	0	611.9688016947142	1832.8845756837038	32.023945	-.TYFPHFDLSHGSAQVK.-	sp|P69905|HBA_HUMAN
2017dec27_overlap_dia_6b_rep1_604to616.dia:1921.4366:decoyGQFVTEC[+57.0214635]PKR+2	-1	43820	3.5010002	0.37768248	0.5797787	0.62888235	0.43297458	0.52742505	0.3491671	7.0	0.0	0.17513692	0.0	10.0	1.0	0.0	6.265613	5.0	-1.3742957	0.1789404	-0.050867032	1.0	1.0	4.0	0.79829407	10.0	0.5315534	1	10	0	1	0	0	611.3058730586646	1220.5971931837034	32.023945	-.GQFVTEC[+57.0214635]PKR.-	DECOY_sp|Q8IZ73-2|RUSD2_HUMAN;DECOY_sp|Q8IZ73|RUSD2_HUMAN
2017dec27_overlap_dia_6b_rep1_604to616.dia:1921.4366:decoyLFELTYGTAPEPRAVR+3	-1	43820	6.1122394	0.403469	0.4900023	0.3568418	0.23229301	-0.5890982	0.52972317	10.0	4.0	2.3480327	0.0	10.0	1.0	0.0	5.7909937	3.0	-1.3541799	0.0	0.0	0.0	0.0	0.0	24.41196	10.0	1.6413424	1	16	0	0	1	0	607.3282186947141	1818.9628266837037	32.023945	-.LFELTYGTAPEPRAVR.-	DECOY_sp|Q16658|FSCN1_HUMAN
2017dec27_overlap_dia_6b_rep1_604to616.dia:1927.8275:decoyAIGLPKC[+57.0214635]ELVK+2	-1	43976	3.6438682	0.69334376	0.94230956	0.87385124	0.6767701	1.9354483	0.17243092	7.0	2.0	0.57351315	0.0	10.0	1.0	0.0	7.036989	4.0	-2.4227777	0.74903506	0.0	1.0	0.0	6.0	12.233509	10.0	0.13317716	1	11	0	1	0	0	614.3601165586647	1226.7056801837036	32.13046	-.AIGLPKC[+57.0214635]ELVK.-	DECOY_sp|Q63HN8-4|RN213_HUMAN;DECOY_sp|Q63HN8|RN213_HUMAN
2017dec27_overlap_dia_6b_rep1_604to616.dia:1927.8275:decoyFFAVSMIQSESVWRK+3	-1	43976	2.0789497	0.44710654	0.7690312	0.16657776	0.10654336	-1.6100782	0.84552145	6.0	1.0	0.13346052	0.0	10.0	1.0	0.0	5.538068	3.0	-0.114786625	0.838355	0.0	1.0	0.0	2.0	1.26017	10.0	0.5732298	1	15	0	0	1	0	605.6467850280475	1813.9185256837038	32.13046	-.FFAVSMIQSESVWRK.-	DECOY_sp|P22897-2|MRC1_HUMAN;DECOY_sp|P22897|MRC1_HUMAN
2017dec27_overlap_dia_6b_rep1_604to616.dia:1930.0111:ILAEESYLYK+2	1	44028	3.4482052	0.9322511	1.5677295	0.55689645	0.37601596	0.22857578	0.8071094	7.0	3.0	0.011114996	0.5959837	6.6745033	1.0	2.0	7.5354466	4.0	-2.3383498	0.9593191	0.0	1.0	0.0	5.0	21.202023	3.285346	0.68729764	0	10	0	1	0	0	614.8266203086647	1227.6386876837037	32.16685	-.ILAEESYLYK.-	sp|Q9NVX0-2|HAUS2_HUMAN;sp|Q9NVX0-3|HAUS2_HUMAN;sp|Q9NVX0|HAUS2_HUMAN
2017dec27_overlap_dia_6b_rep1_604to616.dia:1930.0111:decoyRPGLVNGGWHK+2	-1	44028	2.4031441	0.4706076	0.846513	0.3514078	0.22859389	-0.61285686	0.6810599	6.0	1.0	4.1562033	0.0	10.0	1.0	0.0	6.7341847	4.0	-2.2590835	0.87204695	0.09509509	1.0	1.0	4.0	1.4321766	10.0	3.4577906	0	11	0	1	0	0	610.8359888086645	1219.6574246837033	32.16685	-.RPGLVNGGWHK.-	DECOY_sp|P62424|RL7A_HUMAN
2017dec27_overlap_dia_6b_rep1_604to616.dia:1932.1243:DNTSVYHISGK+2	1	44080	4.509433	0.97163504	1.4432029	0.80151534	0.59194505	1.3957922	0.19637056	8.0	1.0	2.3782275	0.8477083	0.66444093	0.0	2.0	7.5645323	7.0	-1.6020694	0.8605315	0.7635628	1.0	1.0	7.0	0.05431366	2.7247164	1.6834681	0	11	0	1	0	0	610.7989298086646	1219.5833066837035	32.202072	-.DNTSVYHISGK.-	sp|Q9NTJ3-2|SMC4_HUMAN;sp|Q9NTJ3|SMC4_HUMAN
2017dec27_overlap_dia_6b_rep1_604to616.dia:1932.1243:GHQAFDVGQPR+2	1	44080	5.485007	0.78879285	1.0846255	0.84186673	0.63708633	1.6721836	0.24786317	9.0	0.0	-3.4053113	0.75564677	7.946265	0.82468945	2.0	7.496953	7.0	2.7029285	0.8834212	0.8432963	1.0	1.0	5.0	0.06680679	4.557108	4.100071	0	11	0	1	0	0	606.2994368086646	1210.5843206837035	32.202072	-.GHQAFDVGQPR.-	sp|P11717|MPRI_HUMAN
2017dec27_overlap_dia_6b_rep1_604to616.dia:1932.1243:LQVQNGPIGHR+2	1	44080	4.534645	0.7073328	0.98153466	0.84942394	0.64610076	1.7300901	0.1906067	8.0	0.0	0.21632348	0.5385891	2.1716094	1.0	1.0	7.1349363	6.0	7.064291	0.7901865	0.8537738	1.0	1.0	8.0	0.0681839	1.2175479	0.47843587	0	11	0	1	0	0	609.8387288086648	1217.6629046837038	32.202072	-.LQVQNGPIGHR.-	sp|P57105|SYJ2B_HUMAN
2017dec27_overlap_dia_6b_rep1_604to616.dia:1932.1243:decoyC[+57.0214635]ELQPPGSLVK+2	-1	44080	4.2879305	0.4045333	0.6514587	0.4812932	0.3196655	-0.07486213	0.4238557	8.0	1.0	-0.23202509	0.31744903	4.959696	0.0	2.0	6.8310013	4.0	-0.7018237	0.77068704	0.60241014	0.0	1.0	3.0	17.491512	1.5705385	0.92678446	0	11	0	1	0	0	614.3237310586647	1226.6329091837038	32.202072	-.C[+57.0214635]ELQPPGSLVK.-	DECOY_sp|Q9BQ52-2|RNZ2_HUMAN;DECOY_sp|Q9BQ52-4|RNZ2_HUMAN;DECOY_sp|Q9BQ52|RNZ2_HUMAN
2017dec27_overlap_dia_6b_rep1_604to616.dia:1936.3646:ETSMVHELNR+2	1	44184	10.899417	1.6067837	2.0671833	0.90993005	0.72772986	2.312781	0.17195658	14.0	1.0	-1.810147	0.9863302	-3.6908247	0.0	3.0	8.969304	9.0	5.5921497	0.90424806	0.74548584	1.0	1.0	10.0	0.0038642883	7.099782	2.5049064	0	10	0	1	0	0	608.2929618086647	1214.5713706837037	32.272743	-.ETSMVHELNR.-	sp|P61619-3|S61A1_HUMAN;sp|P61619|S61A1_HUMAN
2017dec27_overlap_dia_6b_rep1_604to616.dia:1936.3646:STAPIAKPLATR+2	1	44184	3.3582017	0.5032797	0.8995314	0.45265892	0.29904896	-0.18993333	0.5133833	7.0	0.0	-2.050916	0.0	10.0	1.0	0.0	6.662268	5.0	-1.196187	0.66741323	0.0	0.0	0.0	4.0	2.609169	10.0	2.7456753	0	12	0	1	0	0	613.3667878086646	1224.7190226837035	32.272743	-.STAPIAKPLATR.-	sp|Q15022|SUZ12_HUMAN
2017dec27_overlap_dia_6b_rep1_604to616.dia:1936.3646:VIEDNEYTAR+2	1	44184	5.450271	0.9768345	1.1838201	0.77715516	0.566676	1.2491642	0.39135897	9.0	0.0	-2.7309506	0.8291935	5.8134584	0.0	2.0	7.4887133	7.0	1.0374737	0.8607212	0.9766878	1.0	1.0	4.0	0.16921616	2.404501	3.42571	0	10	0	1	0	0	605.2909378086647	1208.5673226837037	32.272743	-.VIEDNEYTAR.-	sp|P07948-2|LYN_HUMAN;sp|P07948|LYN_HUMAN;sp|P08631-2|HCK_HUMAN;sp|P08631-3|HCK_HUMAN;sp|P08631-4|HCK_HUMAN;sp|P08631|HCK_HUMAN
2017dec27_overlap_dia_6b_rep1_604to616.dia:1936.3646:decoySLNEVKEEFK+2	-1	44184	6.38192	0.79951835	1.1391386	0.66398245	0.46227014	0.6810923	0.3557621	10.0	1.0	-2.1948996	0.0	10.0	1.0	0.0	7.8392177	5.0	-0.7466707	0.882036	-0.059052307	1.0	1.0	6.0	7.2882385	10.0	2.889659	1	10	0	1	0	0	611.8193348086647	1221.6241166837037	32.272743	-.SLNEVKEEFK.-	DECOY_sp|P55327-2|TPD52_HUMAN;DECOY_sp|P55327-3|TPD52_HUMAN;DECOY_sp|P55327-4|TPD52_HUMAN;DECOY_sp|P55327-5|TPD52_HUMAN;DECOY_sp|P55327-6|TPD52_HUMAN;DECOY_sp|P55327-7|TPD52_HUMAN;DECOY_sp|P55327|TPD52_HUMAN
2017dec27_overlap_dia_6b_rep1_604to616.dia:1938.5138:decoyAELYLEVEEK+2	-1	44236	4.5292473	0.8696939	1.2815251	0.83893114	0.633638	1.6502967	0.19859038	8.0	0.0	-1.1440928	0.0	10.0	1.0	0.0	7.426135	5.0	0.44437551	0.9025175	0.12824343	1.0	1.0	4.0	22.957676	10.0	1.8388522	0	10	0	1	0	0	611.8137143086647	1221.6128756837036	32.308563	-.AELYLEVEEK.-	DECOY_sp|Q8NBN3-2|TM87A_HUMAN;DECOY_sp|Q8NBN3-3|TM87A_HUMAN;DECOY_sp|Q8NBN3|TM87A_HUMAN
2017dec27_overlap_dia_6b_rep1_604to616.dia:1938.5138:decoyHNNEIAELFK+2	-1	44236	4.2300224	0.340541	0.62058127	0.42121273	0.27679086	-0.31779695	0.6663054	8.0	1.0	-0.68975496	0.79097116	8.963011	0.24672268	1.0	7.0330243	6.0	-1.5282521	0.58438355	0.6244839	0.0	1.0	0.0	11.268005	5.5540533	1.3845143	0	10	0	1	0	0	607.8118443086646	1213.6091356837035	32.308563	-.HNNEIAELFK.-	DECOY_sp|Q8WU90|ZC3HF_HUMAN
2017dec27_overlap_dia_6b_rep1_604to616.dia:1938.5138:decoyNGIC[+57.0214635]DYSLNR+2	-1	44236	5.256169	0.48033994	1.0515077	0.4970563	0.33117157	-0.011774928	0.57745165	9.0	0.0	1.2843548	0.0	10.0	1.0	0.0	7.4958873	6.0	-1.319457	0.9100807	0.0	1.0	0.0	5.0	9.893291	10.0	0.58959544	0	10	0	1	0	0	606.2773070586646	1210.5400611837035	32.308563	-.NGIC[+57.0214635]DYSLNR.-	DECOY_sp|Q01581|HMCS1_HUMAN
2017dec27_overlap_dia_6b_rep1_604to616.dia:1938.5138:decoyVGC[+57.0214635]GNPGTILLHMGEEK+3	-1	44236	5.4713373	1.035088	1.0974042	0.8157813	0.60738546	1.4880227	0.090329446	9.0	4.0	1.2328439	0.0	10.0	1.0	0.0	6.2282634	4.0	0.68891335	0.72068596	0.0	0.0	0.0	0.0	22.160786	10.0	0.5380845	0	17	0	0	1	0	604.6308068613808	1810.870591183704	32.308563	-.VGC[+57.0214635]GNPGTILLHMGEEK.-	DECOY_sp|P33897|ABCD1_HUMAN;DECOY_sp|Q9UBJ2|ABCD2_HUMAN
2017dec27_overlap_dia_6b_rep1_604to616.dia:1940.5586:AGPEGTSQEIPK+2	1	44288	7.5776324	0.9515209	1.4315646	0.9472755	0.79235184	2.8885102	0.07040111	11.0	2.0	1.1807685	0.7813834	0.87212133	0.0	2.0	7.8702774	6.0	0.077578545	0.8281098	0.666123	1.0	1.0	2.0	0.03318405	2.5546377	0.48600912	0	12	0	1	0	0	607.3065928086647	1212.5986326837037	32.342644	-.AGPEGTSQEIPK.-	sp|Q99575|POP1_HUMAN
2017dec27_overlap_dia_6b_rep1_604to616.dia:1940.5586:IGNSYFKEEK+2	1	44288	9.730687	1.6466459	2.1256225	0.8637859	0.6638262	1.8470972	0.13064764	13.0	0.0	-0.55039614	0.812613	-0.38533804	0.0	1.0	8.763852	7.0	5.299673	0.9100447	0.9833415	1.0	1.0	12.0	0.18954086	3.812097	1.2451556	1	10	0	1	0	0	607.8062233086647	1213.5978936837037	32.342644	-.IGNSYFKEEK.-	sp|P31948-2|STIP1_HUMAN;sp|P31948-3|STIP1_HUMAN;sp|P31948|STIP1_HUMAN
2017dec27_overlap_dia_6b_rep1_604to616.dia:1940.5586:LKEC[+57.0214635]EDTHLGEEVDR+3	1	44288	8.516642	0.5492547	0.6962935	0.6859681	0.48124212	0.78133655	0.47014335	12.0	1.0	-0.9050993	0.23468393	5.1333146	1.0	3.0	6.74893	6.0	2.6682897	0.8731286	0.85426986	1.0	1.0	4.0	0.04906845	1.7065556	1.5998586	1	15	0	0	1	0	610.6159905280475	1828.826142183704	32.342644	-.LKEC[+57.0214635]EDTHLGEEVDR.-	sp|O43847-2|NRDC_HUMAN;sp|O43847|NRDC_HUMAN
2017dec27_overlap_dia_6b_rep1_604to616.dia:1940.5586:QVQMAATHIAR+2	1	44288	6.405592	0.51435155	0.9608968	0.7011788	0.4946851	0.8529175	0.49772704	10.0	0.0	-0.0380646	0.530934	1.3771291	1.0	1.0	7.6749673	6.0	2.3947392	0.6509281	0.2008335	0.0	1.0	0.0	0.1617012	2.04963	0.73282397	0	11	0	1	0	0	613.3271403086648	1224.6397276837038	32.342644	-.QVQMAATHIAR.-	sp|Q00403|TF2B_HUMAN
2017dec27_overlap_dia_6b_rep1_604to616.dia:1940.5586:SEFYANEAC[+57.0214635]K+2	1	44288	2.79499	0.5169811	0.7888523	0.8662783	0.6669888	1.8684454	0.12630107	6.0	0.0	-0.43128937	0.0	10.0	1.0	0.0	7.0334325	4.0	-2.878675	0.8739277	0.0	1.0	0.0	5.0	1.4599075	10.0	1.1260488	0	10	0	1	0	0	609.7584160586647	1217.5022791837036	32.342644	-.SEFYANEAC[+57.0214635]K.-	sp|P49753-2|ACOT2_HUMAN;sp|P49753|ACOT2_HUMAN;sp|Q86TX2|ACOT1_HUMAN
2017dec27_overlap_dia_6b_rep1_604to616.dia:1940.5586:SENKDIENLR+2	1	44288	4.421038	0.73375154	0.9725044	0.6539092	0.45374435	0.6362673	0.14652987	8.0	0.0	-1.8828025	0.14353779	8.269758	1.0	1.0	7.3429623	4.0	-1.2254562	0.794226	0.7677013	1.0	1.0	5.0	2.3349724	4.8429995	2.5775619	1	10	0	1	0	0	609.3096653086646	1216.6047776837036	32.342644	-.SENKDIENLR.-	sp|Q86UP2-2|KTN1_HUMAN;sp|Q86UP2-3|KTN1_HUMAN;sp|Q86UP2-4|KTN1_HUMAN;sp|Q86UP2|KTN1_HUMAN
2017dec27_overlap_dia_6b_rep1_604to616.dia:1940.5586:YLESLGEEQR+2	1	44288	2.6919005	0.47650638	0.84973234	0.68323135	0.4788519	0.7686618	0.15646224	6.0	0.0	-1.8588461	0.0	10.0	1.0	0.0	6.79588	4.0	-2.236607	0.8213931	0.023924537	1.0	1.0	4.0	9.105625	10.0	2.5536056	0	10	0	1	0	0	612.2987628086647	1222.5829726837037	32.342644	-.YLESLGEEQR.-	sp|Q02818|NUCB1_HUMAN
2017dec27_overlap_dia_6b_rep1_604to616.dia:1940.5586:decoyAVDVMPNLNQK+2	-1	44288	4.4222565	0.5338383	0.76498777	0.6557464	0.45529193	0.64439553	0.31631964	8.0	0.0	-0.18031955	0.95726776	2.8364208	0.18783578	2.0	7.437975	6.0	-1.5355549	0.8597287	0.6527743	0.0	1.0	5.0	16.676178	0.59033823	0.8750789	0	11	0	1	0	0	614.8213553086647	1227.6281576837036	32.342644	-.AVDVMPNLNQK.-	DECOY_sp|Q9UBE0-2|SAE1_HUMAN;DECOY_sp|Q9UBE0-3|SAE1_HUMAN;DECOY_sp|Q9UBE0|SAE1_HUMAN
2017dec27_overlap_dia_6b_rep1_604to616.dia:1940.5586:decoyGSLQSLDGEGKK+2	-1	44288	5.2955594	0.3646789	0.8479168	0.544247	0.36636913	0.17745209	0.424335	9.0	1.0	2.9423876	0.0	10.0	1.0	0.0	7.300135	5.0	-1.6685448	0.4450811	0.0	0.0	0.0	0.0	2.3349724	10.0	2.2476282	1	12	0	1	0	0	609.8198668086645	1217.6251806837033	32.342644	-.GSLQSLDGEGKK.-	DECOY_sp|Q9P013|CWC15_HUMAN
2017dec27_overlap_dia_6b_rep1_604to616.dia:1940.5586:decoyIEEKFYSNGK+2	-1	44288	5.388181	0.8424851	1.0821825	0.67362446	0.47052693	0.7246241	0.31090415	9.0	0.0	-0.06613934	0.812613	-0.38533804	0.0	1.0	7.6520324	5.0	-0.5278511	0.4450811	0.555864	0.0	1.0	0.0	0.18954086	3.812097	0.7608987	1	10	0	1	0	0	607.8062233086646	1213.5978936837034	32.342644	-.IEEKFYSNGK.-	DECOY_sp|P31948-2|STIP1_HUMAN;DECOY_sp|P31948-3|STIP1_HUMAN;DECOY_sp|P31948|STIP1_HUMAN
2017dec27_overlap_dia_6b_rep1_604to616.dia:1940.5586:decoyLKHTDIDMAGK+2	-1	44288	3.4470696	0.4951806	0.82722664	0.55544233	0.37490207	0.22268501	0.41928223	7.0	1.0	2.811569	0.95726776	2.8372335	0.18783578	2.0	7.133305	5.0	-1.856214	0.84465456	0.67160577	1.0	1.0	4.0	1.6867905	0.58952546	2.1168096	1	11	0	1	0	0	614.8213558086646	1227.6281586837035	32.342644	-.LKHTDIDMAGK.-	DECOY_sp|Q15061|WDR43_HUMAN
2017dec27_overlap_dia_6b_rep1_604to616.dia:1940.5586:decoyLSVADLQDQNK+2	-1	44288	5.3575625	0.61600554	1.372553	0.6277678	0.43206257	0.5226525	0.3243573	9.0	1.0	-1.8784503	0.0	10.0	1.0	0.0	7.343321	5.0	-1.7391939	0.0	0.0	0.0	0.0	0.0	6.512333	10.0	2.5732098	0	11	0	1	0	0	615.8198668086646	1229.6251806837035	32.342644	-.LSVADLQDQNK.-	DECOY_sp|Q14444-2|CAPR1_HUMAN;DECOY_sp|Q14444|CAPR1_HUMAN
2017dec27_overlap_dia_6b_rep1_604to616.dia:1940.5586:decoyNSFYSFHDGR+2	-1	44288	3.5358496	0.39957693	0.76831514	0.68142617	0.4772799	0.7603336	0.27819645	7.0	0.0	0.314645	0.8088084	-1.067474	0.0	1.0	7.268754	4.0	-1.9952536	0.84840477	0.6123372	1.0	1.0	3.0	9.384567	4.494233	0.38011438	0	10	0	1	0	0	615.2703393086645	1228.5261256837032	32.342644	-.NSFYSFHDGR.-	DECOY_sp|P49916-2|DNLI3_HUMAN;DECOY_sp|P49916-3|DNLI3_HUMAN;DECOY_sp|P49916-4|DNLI3_HUMAN;DECOY_sp|P49916|DNLI3_HUMAN
2017dec27_overlap_dia_6b_rep1_604to616.dia:1940.5586:decoyQMEPVYFDGK+2	-1	44288	4.3341527	0.36505398	1.0888568	0.5353426	0.35963494	0.1416064	0.72173184	8.0	0.0	-1.3888106	0.0	10.0	1.0	0.0	7.444349	5.0	-1.0721827	0.79873806	0.0	0.0	0.0	1.0	23.572037	10.0	2.08357	0	10	0	1	0	0	607.2815278086646	1212.5485026837034	32.342644	-.QMEPVYFDGK.-	DECOY_sp|Q9Y6I9|TX264_HUMAN
2017dec27_overlap_dia_6b_rep1_604to616.dia:1940.5586:decoyTMLEEHQAMK+2	-1	44288	4.458326	0.34362265	0.7606449	0.7125331	0.5049044	0.9077187	0.27358603	8.0	1.0	-3.2888951	0.0	10.0	1.0	0.0	7.391259	5.0	-1.6191888	0.48500535	0.0	0.0	0.0	0.0	2.3349724	10.0	3.9836545	0	10	0	1	0	0	609.2862918086647	1216.5580306837037	32.342644	-.TMLEEHQAMK.-	DECOY_sp|P12270|TPR_HUMAN
2017dec27_overlap_dia_6b_rep1_604to616.dia:1940.5586:decoyVEQLSAVESHK+2	-1	44288	6.295643	0.75889	0.9701682	0.5443516	0.36644852	0.17787385	0.75175935	10.0	1.0	0.45588505	0.0	10.0	1.0	0.0	7.3712	6.0	0.11304951	0.48269176	0.6889742	0.0	1.0	0.0	2.3349724	10.0	0.23887432	0	11	0	1	0	0	613.8224093086645	1225.6302656837033	32.342644	-.VEQLSAVESHK.-	DECOY_sp|Q9Y305-2|ACOT9_HUMAN;DECOY_sp|Q9Y305-3|ACOT9_HUMAN;DECOY_sp|Q9Y305-4|ACOT9_HUMAN;DECOY_sp|Q9Y305|ACOT9_HUMAN
2017dec27_overlap_dia_6b_rep1_604to616.dia:1942.6836:AESTPEIAEQR+2	1	44340	9.778566	1.1492068	1.54846	0.96446353	0.82977366	3.3010125	0.07107284	13.0	0.0	1.420131	0.83247316	3.7298815	0.0	1.0	8.626324	9.0	5.4733133	0.91289073	0.9649882	1.0	1.0	9.0	0.14692688	0.22416854	0.7253716	0	11	0	1	0	0	615.8016743086647	1229.5887956837037	32.37806	-.AESTPEIAEQR.-	sp|Q13098-5|CSN1_HUMAN;sp|Q13098-6|CSN1_HUMAN;sp|Q13098-7|CSN1_HUMAN;sp|Q13098|CSN1_HUMAN
2017dec27_overlap_dia_6b_rep1_604to616.dia:1942.6836:EPQGALERPPVDHGLAR+3	1	44340	6.2422924	0.47818276	0.8933993	0.4814255	0.31976157	-0.07433218	0.35204315	10.0	1.0	1.6090423	0.0	10.0	1.0	0.0	6.5439157	4.0	-1.3137994	0.6618565	0.0	1.0	0.0	6.0	6.712509	10.0	0.9142829	0	17	0	0	1	0	614.6587416947142	1840.954395683704	32.37806	-.EPQGALERPPVDHGLAR.-	sp|Q96HY7|DHTK1_HUMAN
2017dec27_overlap_dia_6b_rep1_604to616.dia:1942.6836:HHVLQTAHPSPLSVYR+3	1	44340	5.371951	0.418296	0.68128395	0.64891475	0.44955367	0.6142723	0.19972229	9.0	3.0	0.6054682	0.0	10.0	1.0	0.0	6.223278	4.0	-1.7374086	0.7663245	0.0	0.0	0.0	5.0	6.2345886	10.0	0.089291155	0	16	0	0	1	0	614.6638240280475	1840.9696426837038	32.37806	-.HHVLQTAHPSPLSVYR.-	sp|P13051-2|UNG_HUMAN;sp|P13051|UNG_HUMAN
2017dec27_overlap_dia_6b_rep1_604to616.dia:1942.6836:decoyEAINHLGSTITPSLTQR+3	-1	44340	7.278324	0.57684207	1.1894934	0.47551912	0.31547952	-0.098001875	0.3363907	11.0	3.0	1.354496	0.67127115	-2.2582955	0.0	1.0	6.7097487	4.0	-0.98744345	0.6635682	0.03657051	0.0	1.0	0.0	23.76912	5.7640085	0.65973663	0	17	0	0	1	0	613.3304020280474	1836.9693766837033	32.37806	-.EAINHLGSTITPSLTQR.-	DECOY_sp|O94979-10|SC31A_HUMAN;DECOY_sp|O94979-2|SC31A_HUMAN;DECOY_sp|O94979-3|SC31A_HUMAN;DECOY_sp|O94979-4|SC31A_HUMAN;DECOY_sp|O94979-6|SC31A_HUMAN;DECOY_sp|O94979-7|SC31A_HUMAN;DECOY_sp|O94979-8|SC31A_HUMAN;DECOY_sp|O94979-9|SC31A_HUMAN;DECOY_sp|O94979|SC31A_HUMAN
2017dec27_overlap_dia_6b_rep1_604to616.dia:1942.6836:decoyHDMSDGVQALR+2	-1	44340	4.320629	0.5559175	0.63193816	0.5189293	0.3473385	0.075753465	0.65578604	8.0	1.0	2.2066758	0.22630166	-0.20415233	1.0	1.0	7.424418	6.0	-0.8017802	0.74663115	0.0	0.0	0.0	0.0	2.370388	3.7098653	1.5119164	0	11	0	1	0	0	614.7905868086644	1227.5666206837031	32.37806	-.HDMSDGVQALR.-	DECOY_sp|P55957-2|BID_HUMAN;DECOY_sp|P55957|BID_HUMAN
2017dec27_overlap_dia_6b_rep1_604to616.dia:1944.7375:ASLTYAEAQLR+2	1	44392	5.3161716	0.45111573	0.5391977	0.5707006	0.38665664	0.28471008	0.56754273	9.0	1.0	1.8927585	0.9999472	4.576613	0.0	3.0	7.882002	6.0	-0.94825983	0.7759623	0.823252	1.0	1.0	4.0	16.198856	0.9945817	1.2099301	0	11	0	1	0	0	611.8249483086647	1221.6353436837037	32.412292	-.ASLTYAEAQLR.-	sp|Q9Y2L1-2|RRP44_HUMAN;sp|Q9Y2L1|RRP44_HUMAN
2017dec27_overlap_dia_6b_rep1_604to616.dia:1944.7375:EPSSVLVQPLR+2	1	44392	4.482165	0.23751858	0.33384153	0.7527383	0.5425349	1.1132703	0.19184484	8.0	1.0	2.242526	0.0	10.0	1.0	0.0	7.2499285	5.0	-1.1878967	0.82039976	-0.043756083	0.0	1.0	4.0	22.234196	10.0	1.5596976	0	11	0	1	0	0	612.8509698086647	1223.6873866837036	32.412292	-.EPSSVLVQPLR.-	sp|Q71RC2-2|LARP4_HUMAN;sp|Q71RC2-3|LARP4_HUMAN;sp|Q71RC2-4|LARP4_HUMAN;sp|Q71RC2-5|LARP4_HUMAN;sp|Q71RC2-6|LARP4_HUMAN;sp|Q71RC2|LARP4_HUMAN
2017dec27_overlap_dia_6b_rep1_604to616.dia:1944.7375:decoyAMEVFDDEVR+2	-1	44392	4.2986064	0.41562426	0.62768793	0.49327105	0.3283978	-0.026917383	0.76933295	8.0	0.0	2.7674785	0.0	10.0	1.0	0.0	7.379673	5.0	-0.46244192	0.6787123	0.0	0.0	0.0	1.0	20.793976	10.0	2.08465	0	10	0	1	0	0	605.7740708086645	1209.5335886837033	32.412292	-.AMEVFDDEVR.-	DECOY_sp|Q9BTE3-2|MCMBP_HUMAN;DECOY_sp|Q9BTE3-3|MCMBP_HUMAN;DECOY_sp|Q9BTE3|MCMBP_HUMAN
2017dec27_overlap_dia_6b_rep1_604to616.dia:1944.7375:decoyDKFEEHHAADYQALR+3	-1	44392	5.349575	0.45255616	0.9166798	0.61632746	0.4227605	0.47398898	0.2526506	9.0	2.0	3.7905583	0.0	10.0	1.0	0.0	6.86282	5.0	-1.4893212	0.6670848	0.0	0.0	0.0	1.0	1.7909431	10.0	3.10773	1	15	0	0	1	0	610.6236940280475	1828.8492526837038	32.412292	-.DKFEEHHAADYQALR.-	DECOY_sp|Q02818|NUCB1_HUMAN
2017dec27_overlap_dia_6b_rep1_604to616.dia:1944.7375:decoySNDVFYFSDK+2	-1	44392	3.6567125	0.2714242	0.48105717	0.9000813	0.7129861	2.198128	0.0698829	7.0	0.0	0.36418208	0.0	10.0	1.0	0.0	7.156642	4.0	-2.3979568	0.6669247	0.0	0.0	0.0	0.0	22.399715	10.0	0.31864634	0	10	0	1	0	0	611.2747558086646	1220.5349586837035	32.412292	-.SNDVFYFSDK.-	DECOY_sp|A6NIH7|U119B_HUMAN
2017dec27_overlap_dia_6b_rep1_604to616.dia:1946.8586:decoyEEDLQEQLAR+2	-1	44444	4.4914923	0.57458997	0.88236076	0.7690797	0.5585702	1.2031219	0.2927069	8.0	1.0	0.38414592	0.83247316	7.000675	0.0	1.0	7.9485936	6.0	-1.2438021	0.8495001	0.60504	1.0	1.0	4.0	6.7559013	3.3398342	0.2986825	0	10	0	1	0	0	615.8016743086647	1229.5887956837037	32.447643	-.EEDLQEQLAR.-	DECOY_sp|Q13439-3|GOGA4_HUMAN;DECOY_sp|Q13439-4|GOGA4_HUMAN;DECOY_sp|Q13439-5|GOGA4_HUMAN;DECOY_sp|Q13439|GOGA4_HUMAN
2017dec27_overlap_dia_6b_rep1_604to616.dia:1946.8586:decoyGKANELFQSDAQAPSLR+3	-1	44444	9.606137	0.32918152	0.321154	0.6484195	0.44913942	0.6120992	0.321953	13.0	4.0	0.40640336	0.0	10.0	1.0	0.0	6.997103	5.0	1.3878136	0.31934848	0.0	0.0	0.0	0.0	18.060368	10.0	0.27642506	1	17	0	0	1	0	611.3147516947141	1830.9224256837035	32.447643	-.GKANELFQSDAQAPSLR.-	DECOY_sp|O43491-2|E41L2_HUMAN;DECOY_sp|O43491-3|E41L2_HUMAN;DECOY_sp|O43491-4|E41L2_HUMAN;DECOY_sp|O43491|E41L2_HUMAN
2017dec27_overlap_dia_6b_rep1_604to616.dia:1948.9702:TKFETEQALR+2	1	44496	12.107346	1.5182859	1.9356744	0.979141	0.8697434	3.84889	0.0376862	15.0	10.0	-0.03357619	0.97903407	2.5437546	0.0	2.0	9.686628	8.0	4.7374306	0.8904023	0.9382121	1.0	1.0	13.0	0.21041489	1.1226063	0.7164046	1	10	0	1	0	0	611.8249528086646	1221.6353526837036	32.482838	-.TKFETEQALR.-	sp|P08727|K1C19_HUMAN;sp|Q04695|K1C17_HUMAN
2017dec27_overlap_dia_6b_rep1_604to616.dia:1957.4824:EKPAAVATAMAR+2	1	44704	6.4107666	0.8492696	1.4796687	0.70958304	0.5022334	0.89335984	0.5410455	10.0	0.0	1.5508822	0.5272341	8.022519	1.0	1.0	7.626216	6.0	-0.9952426	0.0	0.0	0.0	0.0	0.0	0.22606659	4.2045527	0.89191616	0	12	0	1	0	0	608.3293483086646	1214.6441436837035	32.624706	-.EKPAAVATAMAR.-	sp|Q9NVI1-1|FANCI_HUMAN;sp|Q9NVI1-2|FANCI_HUMAN;sp|Q9NVI1|FANCI_HUMAN
2017dec27_overlap_dia_6b_rep1_604to616.dia:1961.6409:GASSPYGAPGTPR+2	1	44808	7.499524	1.1343997	1.813917	0.79134834	0.5812411	1.3330721	0.41126162	11.0	1.0	0.82903016	0.9796208	7.7505846	0.0	2.0	7.936854	8.0	1.7836738	0.9262095	0.7702868	1.0	1.0	6.0	0.040550232	3.906022	0.17006409	0	13	0	1	0	0	609.2990978086647	1216.5836426837036	32.694016	-.GASSPYGAPGTPR.-	sp|Q5UIP0-2|RIF1_HUMAN;sp|Q5UIP0|RIF1_HUMAN
2017dec27_overlap_dia_6b_rep1_604to616.dia:1961.6409:decoyGASSTQLSPKGAPINQTR+3	-1	44808	3.9565377	0.29343912	0.8566543	0.22439691	0.14408249	-1.2402245	0.64456195	8.0	3.0	0.92399055	0.0	10.0	1.0	0.0	5.7201667	4.0	-1.0843711	0.0	0.0	0.0	0.0	0.0	2.2648544	10.0	0.26502448	1	18	0	0	1	0	604.9902683613808	1811.9489756837036	32.694016	-.GASSTQLSPKGAPINQTR.-	DECOY_sp|Q86YP4-2|P66A_HUMAN;DECOY_sp|Q86YP4-3|P66A_HUMAN;DECOY_sp|Q86YP4|P66A_HUMAN
2017dec27_overlap_dia_6b_rep1_604to616.dia:1963.8198:LRDTEEMLSK+2	1	44860	7.53461	0.98667043	1.2085665	0.85793304	0.6565032	1.7982277	0.23215783	11.0	2.0	3.5633144	0.97818816	4.0699787	0.0	3.0	8.093875	6.0	2.5335236	0.7241981	0.932681	1.0	1.0	8.0	0.1217041	0.22541618	2.9162793	1	10	0	1	0	0	611.3108203086648	1220.6070876837039	32.73033	-.LRDTEEMLSK.-	sp|Q9H444|CHM4B_HUMAN
2017dec27_overlap_dia_6b_rep1_604to616.dia:1965.892:HVGDLGNVTADK+2	1	44912	13.280549	0.92103934	1.3086102	0.9118635	0.7307129	2.3366036	0.10929319	16.0	3.0	3.220026	0.8268003	1.8149276	0.0	1.0	8.503449	9.0	6.2403097	0.8096349	0.95285773	1.0	1.0	11.0	0.007888794	2.029635	2.572991	0	12	0	1	0	0	613.3122093086647	1224.6098656837037	32.764866	-.HVGDLGNVTADK.-	sp|P00441|SODC_HUMAN
2017dec27_overlap_dia_6b_rep1_604to616.dia:1965.892:decoyRIEATIYDLK+2	-1	44912	2.6583285	0.3415859	0.6390938	0.63240564	0.4358648	0.542551	0.17211221	6.0	1.0	4.623597	0.0	10.0	1.0	0.0	6.6275744	3.0	-2.6172674	0.8010363	0.0	1.0	0.0	4.0	17.23389	10.0	3.976562	1	10	0	1	0	0	611.3455163086645	1220.6764796837033	32.764866	-.RIEATIYDLK.-	DECOY_sp|O15212|PFD6_HUMAN
2017dec27_overlap_dia_6b_rep1_604to616.dia:1970.0837:decoyAEEVEALQSLK+2	-1	45016	2.4680574	0.32938033	0.5505812	0.40806055	0.26758957	-0.37198877	0.49918827	6.0	1.0	4.487225	0.0	10.0	1.0	0.0	6.46251	3.0	-2.9068778	0.8832703	0.0	0.0	0.0	3.0	14.784138	10.0	3.84019	0	11	0	1	0	0	608.8246178086646	1215.6346826837034	32.83473	-.AEEVEALQSLK.-	DECOY_sp|O60749-2|SNX2_HUMAN;DECOY_sp|O60749|SNX2_HUMAN;DECOY_sp|Q13596-2|SNX1_HUMAN;DECOY_sp|Q13596-3|SNX1_HUMAN;DECOY_sp|Q13596|SNX1_HUMAN
2017dec27_overlap_dia_6b_rep1_604to616.dia:1970.0837:decoyHNMDILLPKK+2	-1	45016	2.5203445	0.25732836	0.34550014	0.46026915	0.3044942	-0.15925916	0.5109932	6.0	1.0	1.9199414	0.0	10.0	1.0	0.0	6.838799	4.0	-2.3360388	0.8670895	0.0	1.0	0.0	3.0	5.0000076	10.0	1.2729063	1	10	0	1	0	0	604.8446333086647	1207.6747136837037	32.83473	-.HNMDILLPKK.-	DECOY_sp|Q15149-2|PLEC_HUMAN;DECOY_sp|Q15149-3|PLEC_HUMAN;DECOY_sp|Q15149-4|PLEC_HUMAN;DECOY_sp|Q15149-5|PLEC_HUMAN;DECOY_sp|Q15149-6|PLEC_HUMAN;DECOY_sp|Q15149-7|PLEC_HUMAN;DECOY_sp|Q15149-8|PLEC_HUMAN;DECOY_sp|Q15149-9|PLEC_HUMAN;DECOY_sp|Q15149|PLEC_HUMAN
2017dec27_overlap_dia_6b_rep1_604to616.dia:1970.0837:decoyTEYENKSASPGAC[+57.0214635]LSTK+3	-1	45016	5.478568	0.6786782	0.83076155	0.8294779	0.6227238	1.5819316	0.11275442	9.0	1.0	2.450486	0.6321373	5.728129	1.0	1.0	6.0901165	5.0	-0.5978956	0.67111266	0.0	0.0	0.0	1.0	1.6878891	1.8835664	1.8034508	1	17	0	0	1	0	614.9561211947141	1841.8465341837036	32.83473	-.TEYENKSASPGAC[+57.0214635]LSTK.-	DECOY_sp|Q9BWU0|NADAP_HUMAN
2017dec27_overlap_dia_6b_rep1_604to616.dia:1970.0837:decoyVDQYVEALC[+57.0214635]K+2	-1	45016	4.335899	0.4985083	0.8369918	0.5374996	0.36126214	0.15028058	0.45699492	8.0	0.0	3.7522154	0.22593766	-4.2209525	1.0	1.0	7.094863	5.0	-0.92959833	0.8280491	0.0	1.0	0.0	4.0	16.184093	8.0655155	3.1051803	0	10	0	1	0	0	612.8000845586647	1223.5856161837037	32.83473	-.VDQYVEALC[+57.0214635]K.-	DECOY_sp|Q12789-3|TF3C1_HUMAN;DECOY_sp|Q12789|TF3C1_HUMAN
2017dec27_overlap_dia_6b_rep1_604to616.dia:1972.2242:SGTNEDDLTMK+2	1	45068	5.458477	0.4740876	0.6407699	0.7919791	0.58189833	1.3368963	0.36830363	9.0	0.0	3.825808	0.0	10.0	1.0	0.0	7.3715105	6.0	0.26965427	0.74002165	0.6842182	1.0	1.0	8.0	0.29825974	10.0	3.178773	0	11	0	1	0	0	605.7664428086647	1209.5183326837036	32.870403	-.SGTNEDDLTMK.-	sp|O14802|RPC1_HUMAN
2017dec27_overlap_dia_6b_rep1_604to616.dia:1972.2242:decoyHLNGSGLTAEAR+2	-1	45068	7.11618	0.6223964	1.0873632	0.32735842	0.21231693	-0.72015697	1.0661178	11.0	1.0	1.0554808	0.19409128	5.2879653	1.0	1.0	7.446412	7.0	-0.56284	0.0	0.0	0.0	0.0	0.0	2.862732	1.4434028	0.40844572	0	12	0	1	0	0	613.3178258086647	1224.6210986837036	32.870403	-.HLNGSGLTAEAR.-	DECOY_sp|Q7L9L4-2|MOB1B_HUMAN;DECOY_sp|Q7L9L4|MOB1B_HUMAN;DECOY_sp|Q9H8S9-2|MOB1A_HUMAN;DECOY_sp|Q9H8S9|MOB1A_HUMAN
2017dec27_overlap_dia_6b_rep1_604to616.dia:1974.3342:decoyRLTSDELEPR+2	-1	45120	4.24325	0.41306123	0.5905148	0.43423942	0.28596568	-0.26457503	0.5853564	8.0	1.0	0.71022433	0.0	10.0	1.0	0.0	7.016858	5.0	-0.87657166	0.0	0.0	0.0	0.0	0.0	0.64094543	10.0	0.07512015	1	10	0	1	0	0	608.3200338086646	1214.6255146837034	32.90557	-.RLTSDELEPR.-	DECOY_sp|Q15149-2|PLEC_HUMAN;DECOY_sp|Q15149-3|PLEC_HUMAN;DECOY_sp|Q15149-4|PLEC_HUMAN;DECOY_sp|Q15149-5|PLEC_HUMAN;DECOY_sp|Q15149-6|PLEC_HUMAN;DECOY_sp|Q15149-7|PLEC_HUMAN;DECOY_sp|Q15149-8|PLEC_HUMAN;DECOY_sp|Q15149-9|PLEC_HUMAN;DECOY_sp|Q15149|PLEC_HUMAN
2017dec27_overlap_dia_6b_rep1_604to616.dia:1976.4885:decoyQEVYDYLMR+2	-1	45172	3.4574325	0.6559683	0.85107327	0.5688553	0.38522714	0.27718228	0.53634316	7.0	1.0	1.7656783	0.0	10.0	1.0	0.0	7.9903145	4.0	-2.0376742	0.5118695	0.0	1.0	0.0	4.0	21.139797	10.0	1.1305741	0	9	0	1	0	0	608.7869728086646	1215.5593926837034	32.941475	-.QEVYDYLMR.-	DECOY_sp|Q15054|DPOD3_HUMAN
2017dec27_overlap_dia_6b_rep1_604to616.dia:1978.5378:decoyEMNEEC[+57.0214635]LAGR+2	-1	45224	5.0924783	0.37947872	0.48354787	0.34096903	0.22151029	-0.65897894	1.1127485	9.0	1.0	3.2322125	0.9707795	5.015627	0.0	2.0	7.52124	5.0	-2.0547476	0.58732426	0.76314956	0.0	1.0	4.0	0.12612152	1.1710644	2.5971084	0	10	0	1	0	0	604.7553550586646	1207.4961571837034	32.97563	-.EMNEEC[+57.0214635]LAGR.-	DECOY_sp|P13639|EF2_HUMAN
2017dec27_overlap_dia_6b_rep1_604to616.dia:1980.6924:HRPELIDYGK+2	1	45276	6.5014033	0.4003934	0.42861986	0.8742585	0.6773038	1.9391481	0.12551095	10.0	0.0	1.9964231	0.97731626	6.43814	0.0	2.0	8.13008	5.0	1.6426492	0.94105613	0.86323935	1.0	1.0	8.0	0.28878403	2.5935774	1.361319	0	10	0	1	0	0	614.3276578086648	1226.6407626837038	33.01154	-.HRPELIDYGK.-	sp|P12814-2|ACTN1_HUMAN;sp|P12814-3|ACTN1_HUMAN;sp|P12814-4|ACTN1_HUMAN;sp|P12814|ACTN1_HUMAN
2017dec27_overlap_dia_6b_rep1_604to616.dia:1982.7537:EGALC[+57.0214635]EENMR+2	1	45328	9.793758	1.8221946	2.7169392	0.998797	0.96877	6.7217326	0.0023609602	13.0	9.0	-1.2079412	0.9705047	2.0900106	0.0	2.0	10.322104	9.0	-1.6680894	0.93293846	0.94151866	1.0	1.0	12.0	0.19638443	1.7545519	1.8430454	0	10	0	1	0	0	604.7553550586647	1207.4961571837036	33.045895	-.EGALC[+57.0214635]EENMR.-	sp|P13639|EF2_HUMAN
2017dec27_overlap_dia_6b_rep1_604to616.dia:1986.9282:DLEAHIDSANK+2	1	45432	13.307371	1.0374637	1.4303787	0.9699548	0.8435498	3.4745462	0.047095858	16.0	2.0	0.6762295	0.99934864	1.7777476	0.0	3.0	9.243916	9.0	5.757375	0.9401045	0.9433753	1.0	1.0	16.0	0.18560028	2.066815	0.041125298	0	11	0	1	0	0	606.7963913086646	1211.5782296837035	33.11547	-.DLEAHIDSANK.-	sp|P35579-2|MYH9_HUMAN;sp|P35579|MYH9_HUMAN
2017dec27_overlap_dia_6b_rep1_604to616.dia:1986.9282:decoyQTIIDISEGSR+2	-1	45432	4.245808	0.420747	1.0639389	0.43680465	0.28777987	-0.25414047	0.4470974	8.0	1.0	2.071462	0.19327542	2.3645296	1.0	1.0	7.6208167	4.0	-1.739747	0.76659083	0.0	1.0	0.0	7.0	15.902039	1.4800329	1.4363577	0	11	0	1	0	0	609.8198668086646	1217.6251806837035	33.11547	-.QTIIDISEGSR.-	DECOY_sp|Q16531|DDB1_HUMAN
2017dec27_overlap_dia_6b_rep1_604to616.dia:1989.0715:HPQPGAVELAAK+2	1	45484	13.210104	0.8317054	1.1615485	0.7753268	0.5648297	1.2386377	0.14542784	16.0	3.0	-0.045569837	0.97843564	-2.89114	0.0	2.0	8.734322	8.0	6.6572585	0.90023935	0.9657651	1.0	1.0	13.0	0.27971268	6.7357025	0.680674	0	12	0	1	0	0	609.3354878086648	1216.6564226837038	33.15119	-.HPQPGAVELAAK.-	sp|P27708|PYR1_HUMAN
2017dec27_overlap_dia_6b_rep1_604to616.dia:1989.0715:LLESGADVNQGK+2	1	45484	4.2698565	0.42431158	0.5351718	0.46167457	0.3055024	-0.15360299	0.7027805	8.0	1.0	2.1102543	0.19780046	3.232079	1.0	1.0	7.027471	6.0	-0.9464536	0.85345185	0.5599321	0.0	1.0	5.0	0.36614227	0.6124835	1.4751501	0	12	0	1	0	0	615.8198668086646	1229.6251806837035	33.15119	-.LLESGADVNQGK.-	sp|Q96DX5-2|ASB9_HUMAN;sp|Q96DX5-3|ASB9_HUMAN;sp|Q96DX5|ASB9_HUMAN
2017dec27_overlap_dia_6b_rep1_604to616.dia:1989.0715:THEDIEAQIR+2	1	45484	8.643179	1.5687277	1.6821724	0.9179956	0.7403865	2.4154193	0.14255637	12.0	5.0	-0.86070013	0.83179605	-2.8154175	0.0	1.0	8.897088	8.0	3.1949043	0.91847295	0.86928415	1.0	1.0	9.0	0.037082672	6.65998	1.4958043	0	10	0	1	0	0	606.3043843086647	1210.5942156837036	33.15119	-.THEDIEAQIR.-	sp|O75533-2|SF3B1_HUMAN;sp|O75533|SF3B1_HUMAN
2017dec27_overlap_dia_6b_rep1_604to616.dia:1991.1506:FRWVSESQIMSVAFK+3	1	45536	5.3619227	0.74009985	0.8082409	0.63410217	0.43726033	0.54985595	0.5423079	9.0	1.0	-3.8624973	0.0	10.0	1.0	0.0	6.773645	5.0	-1.138917	0.935189	0.0	1.0	0.0	5.0	0.2047844	10.0	4.4976015	1	15	0	0	1	0	605.6467850280475	1813.9185256837038	33.185844	-.FRWVSESQIMSVAFK.-	sp|P22897-2|MRC1_HUMAN;sp|P22897|MRC1_HUMAN
2017dec27_overlap_dia_6b_rep1_604to616.dia:1993.3285:SLSQIHEAAVR+2	1	45588	11.996573	1.1768172	1.6976312	0.75870544	0.5483356	1.1455952	0.35624343	15.0	1.0	-0.7331114	0.8258573	-0.096780755	0.0	1.0	8.80304	8.0	2.459206	0.91003615	0.91596806	1.0	1.0	13.0	0.2073822	3.8621426	1.3682156	0	11	0	1	0	0	605.8305688086647	1209.6465846837036	33.22214	-.SLSQIHEAAVR.-	sp|Q9NZM1-2|MYOF_HUMAN;sp|Q9NZM1-3|MYOF_HUMAN;sp|Q9NZM1-5|MYOF_HUMAN;sp|Q9NZM1-6|MYOF_HUMAN;sp|Q9NZM1|MYOF_HUMAN
2017dec27_overlap_dia_6b_rep1_604to616.dia:1993.3285:TELQQLIQQK+2	1	45588	3.5352817	0.5294199	0.8905419	0.6805359	0.476506	0.7562358	0.4466397	7.0	1.0	-0.6337959	0.0	10.0	1.0	0.0	7.1031837	4.0	-2.6991835	0.82802665	0.0	1.0	0.0	3.0	21.298313	10.0	1.2689002	0	10	0	1	0	0	614.8484283086648	1227.6823036837038	33.22214	-.TELQQLIQQK.-	sp|Q99570|PI3R4_HUMAN
2017dec27_overlap_dia_6b_rep1_604to616.dia:1993.3285:decoyAQVGYMPSVEK+2	-1	45588	5.48167	0.42594767	0.6707715	0.8354231	0.6295547	1.6245604	0.27782905	9.0	0.0	-0.5275669	0.53253365	1.233073	1.0	1.0	7.4812436	6.0	-1.0970049	0.76269317	0.0	1.0	0.0	2.0	8.4615135	2.5322888	1.1626711	0	11	0	1	0	0	604.8026273086647	1207.5907016837036	33.22214	-.AQVGYMPSVEK.-	DECOY_sp|Q9H3K2|GHITM_HUMAN
2017dec27_overlap_dia_6b_rep1_604to616.dia:1993.3285:decoyEMSDDNVNYK+2	-1	45588	4.119331	0.44380304	0.6713186	0.32644498	0.21170163	-0.7243082	0.7131764	8.0	0.0	0.78051794	0.24822266	3.1698716	1.0	1.0	7.295737	4.0	-1.0075402	0.5175487	0.36593565	0.0	1.0	0.0	1.4868641	0.5954902	0.14541376	0	10	0	1	0	0	607.7533303086647	1213.4921076837036	33.22214	-.EMSDDNVNYK.-	DECOY_sp|Q14527-2|HLTF_HUMAN;DECOY_sp|Q14527|HLTF_HUMAN
2017dec27_overlap_dia_6b_rep1_604to616.dia:1993.3285:decoyKYDGAETPEVTHVGDAK+3	-1	45588	6.415723	0.6619715	0.8172676	0.7177271	0.509635	0.9332152	0.16844606	10.0	4.0	0.14143506	0.0	10.0	1.0	0.0	7.031397	6.0	-1.0038037	0.7407969	0.0	0.0	0.0	2.0	2.1679382	10.0	0.49366912	1	17	0	0	1	0	606.2952433613808	1815.8639006837036	33.22214	-.KYDGAETPEVTHVGDAK.-	DECOY_sp|Q13445|TMED1_HUMAN
2017dec27_overlap_dia_6b_rep1_604to616.dia:1993.3285:decoyTGNDGGGFSWVK+2	-1	45588	4.4836774	0.51258403	1.1645752	0.7553645	0.5450803	1.1274309	0.3212885	8.0	1.0	-1.175124	0.0	10.0	1.0	0.0	7.440921	5.0	-0.6081271	0.8334482	-0.088346474	0.0	1.0	1.0	17.941246	10.0	1.8102282	0	12	0	1	0	0	612.7858273086647	1223.5571016837036	33.22214	-.TGNDGGGFSWVK.-	DECOY_sp|Q15751|HERC1_HUMAN
2017dec27_overlap_dia_6b_rep1_604to616.dia:1995.3754:TC[+57.0214635]SVSTLSASVHNGAQVK+3	1	45640	5.405895	0.7091208	0.7663708	0.7016681	0.49512213	0.85525376	0.2868252	9.0	5.0	-3.169342	0.0	10.0	1.0	0.0	6.397277	5.0	-0.9711132	0.263411	0.0	0.0	0.0	0.0	7.1429367	10.0	3.8044462	0	18	0	0	1	0	615.9756301947141	1844.9050611837035	33.256256	-.TC[+57.0214635]SVSTLSASVHNGAQVK.-	sp|Q9C0D5-2|TANC1_HUMAN;sp|Q9C0D5|TANC1_HUMAN
2017dec27_overlap_dia_6b_rep1_604to616.dia:1997.5159:AAEIYGVTHTR+2	1	45692	4.532336	0.57843816	0.87338084	0.8449199	0.640704	1.6953002	0.2667809	8.0	0.0	0.029785633	0.8178965	-2.5550687	0.0	1.0	7.235163	5.0	0.10961962	0.4794093	0.46682623	1.0	1.0	6.0	0.34861755	6.3204308	0.60531855	0	11	0	1	0	0	609.3172908086647	1216.6200286837036	33.29193	-.AAEIYGVTHTR.-	sp|Q9HCS7|SYF1_HUMAN
2017dec27_overlap_dia_6b_rep1_604to616.dia:1997.5159:GKGEGDLSQLSK+2	1	45692	6.2335863	0.37845397	0.68030447	0.4718705	0.31284207	-0.112636864	0.5266976	10.0	1.0	0.24661732	0.0	10.0	1.0	0.0	7.1386466	6.0	-1.3823886	0.31146955	0.0	0.0	0.0	2.0	3.2842598	10.0	0.38848686	1	12	0	1	0	0	609.8198668086648	1217.6251806837038	33.29193	-.GKGEGDLSQLSK.-	sp|Q9P013|CWC15_HUMAN
2017dec27_overlap_dia_6b_rep1_604to616.dia:1997.5159:KYADLLEESR+2	1	45692	5.526737	0.5855896	0.8996498	0.92677397	0.7548599	2.5381587	0.11965265	9.0	2.0	-1.5496402	0.0	10.0	1.0	0.0	7.794046	6.0	-1.2963986	0.66161925	0.0	0.0	0.0	0.0	9.345272	10.0	2.1847444	1	10	0	1	0	0	612.3169553086647	1222.6193576837036	33.29193	-.KYADLLEESR.-	sp|Q9NUQ3|TXLNG_HUMAN
2017dec27_overlap_dia_6b_rep1_604to616.dia:1997.5159:NSLTSKDPDIK+2	1	45692	6.373514	0.7092301	1.1908103	0.6512547	0.45151412	0.624559	0.36818367	10.0	2.0	1.0915445	0.7108572	5.5703735	0.6010172	1.0	7.6679792	5.0	-0.36681318	0.89868	0.31137773	1.0	1.0	3.0	3.2842598	1.8050117	0.45644033	1	11	0	1	0	0	609.3222418086647	1216.6299306837036	33.29193	-.NSLTSKDPDIK.-	sp|Q14974|IMB1_HUMAN
2017dec27_overlap_dia_6b_rep1_604to616.dia:1997.5159:TNGMC[+57.0214635]SVC[+57.0214635]YK+2	1	45692	6.499396	1.0733639	1.2277712	0.8702265	0.67205524	1.9029629	0.22173601	10.0	0.0	0.1799047	0.47432825	-3.787778	1.0	1.0	8.015045	7.0	3.4121065	0.9490221	0.53653854	1.0	1.0	9.0	0.060585022	7.5531397	0.45519948	0	10	0	1	0	0	610.2488473086647	1218.4831416837037	33.29193	-.TNGMC[+57.0214635]SVC[+57.0214635]YK.-	sp|O76080|ZFAN5_HUMAN;sp|Q6FIF0-2|ZFAN6_HUMAN;sp|Q6FIF0|ZFAN6_HUMAN
2017dec27_overlap_dia_6b_rep1_604to616.dia:1997.5159:decoyAGDTWAEHISK+2	-1	45692	5.2538123	0.53814626	0.935568	0.4943661	0.32919955	-0.022536498	0.5616558	9.0	1.0	-0.3247604	0.0	10.0	1.0	0.0	7.5325994	5.0	-2.1237617	0.34800136	-0.054119635	0.0	1.0	1.0	0.5490265	10.0	0.9598646	0	11	0	1	0	0	607.7936523086647	1213.5727516837037	33.29193	-.AGDTWAEHISK.-	DECOY_sp|O43707-2|ACTN4_HUMAN;DECOY_sp|O43707|ACTN4_HUMAN;DECOY_sp|P12814-2|ACTN1_HUMAN;DECOY_sp|P12814-3|ACTN1_HUMAN;DECOY_sp|P12814-4|ACTN1_HUMAN;DECOY_sp|P12814|ACTN1_HUMAN
2017dec27_overlap_dia_6b_rep1_604to616.dia:1997.5159:decoyDSEVYMTEDK+2	-1	45692	1.7688663	0.31512013	0.80009055	0.4894235	0.32558554	-0.04231225	0.53858477	5.0	0.0	1.8494768	0.0	10.0	1.0	0.0	6.239714	3.0	-1.6600418	0.67974913	0.0	1.0	0.0	3.0	3.2964325	10.0	1.2143726	0	10	0	1	0	0	608.7555393086647	1215.4965256837036	33.29193	-.DSEVYMTEDK.-	DECOY_sp|O15144|ARPC2_HUMAN
2017dec27_overlap_dia_6b_rep1_604to616.dia:1997.5159:decoyDTAVLPYSHC[+57.0214635]PSAWAR+3	-1	45692	6.3454976	0.4145598	0.95895684	0.61056846	0.418118	0.44970235	0.37146243	10.0	3.0	-1.7059183	0.0	10.0	1.0	0.0	6.565376	4.0	-0.5457306	0.809086	0.0	1.0	0.0	7.0	22.013313	10.0	2.3410225	0	16	0	0	1	0	610.957908194714	1829.8518951837034	33.29193	-.DTAVLPYSHC[+57.0214635]PSAWAR.-	DECOY_sp|Q13425|SNTB2_HUMAN
2017dec27_overlap_dia_6b_rep1_604to616.dia:1997.5159:decoyKDHLEPGVLGR+2	-1	45692	4.389849	0.6791746	0.98224133	0.608595	0.41653317	0.44141027	0.29428765	8.0	2.0	1.5340239	0.0	10.0	1.0	0.0	7.458987	4.0	-1.2752028	0.6382858	0.0	0.0	0.0	0.0	2.759676	10.0	0.8989197	1	11	0	1	0	0	610.8409368086647	1219.6673206837036	33.29193	-.KDHLEPGVLGR.-	DECOY_sp|Q15149-2|PLEC_HUMAN;DECOY_sp|Q15149-3|PLEC_HUMAN;DECOY_sp|Q15149-4|PLEC_HUMAN;DECOY_sp|Q15149-5|PLEC_HUMAN;DECOY_sp|Q15149-6|PLEC_HUMAN;DECOY_sp|Q15149-7|PLEC_HUMAN;DECOY_sp|Q15149-8|PLEC_HUMAN;DECOY_sp|Q15149-9|PLEC_HUMAN;DECOY_sp|Q15149|PLEC_HUMAN
2017dec27_overlap_dia_6b_rep1_604to616.dia:1997.5159:decoyNDQAIELEKR+2	-1	45692	3.3056505	0.45617372	0.9738069	0.40106955	0.2627229	-0.40101066	0.39824265	7.0	1.0	-0.43666986	0.98004174	-1.0627108	0.0	2.0	6.973054	5.0	-1.8568642	0.8454421	0.63194096	1.0	1.0	4.0	2.8822708	4.8280725	1.071774	1	10	0	1	0	0	608.3200338086646	1214.6255146837034	33.29193	-.NDQAIELEKR.-	DECOY_sp|P12270-2|TPR_HUMAN;DECOY_sp|P12270|TPR_HUMAN
2017dec27_overlap_dia_6b_rep1_604to616.dia:1997.5159:decoyNGVTSPATFSNK+2	-1	45692	8.557452	0.5057233	0.9403801	0.75355434	0.5433246	1.1176596	0.2061236	12.0	1.0	0.19260079	0.0	10.0	1.0	0.0	7.473197	7.0	0.6704931	0.0	0.0	0.0	0.0	0.0	4.2556686	10.0	0.4425034	0	12	0	1	0	0	611.8067593086646	1221.5989656837035	33.29193	-.NGVTSPATFSNK.-	DECOY_sp|O95453-2|PARN_HUMAN;DECOY_sp|O95453-3|PARN_HUMAN;DECOY_sp|O95453-4|PARN_HUMAN;DECOY_sp|O95453|PARN_HUMAN
2017dec27_overlap_dia_6b_rep1_604to616.dia:1997.5159:decoyYEQESPYANK+2	-1	45692	3.4836707	0.3603693	0.56872845	0.60428244	0.41308033	0.42334098	0.40657955	7.0	0.0	1.1083814	0.0	10.0	1.0	0.0	6.5498753	4.0	-1.091032	0.36227867	0.0450602	0.0	1.0	0.0	3.2842598	10.0	0.4732772	0	10	0	1	0	0	614.7776588086646	1227.5407646837034	33.29193	-.YEQESPYANK.-	DECOY_sp|Q15583-2|TGIF1_HUMAN;DECOY_sp|Q15583-3|TGIF1_HUMAN;DECOY_sp|Q15583-4|TGIF1_HUMAN;DECOY_sp|Q15583|TGIF1_HUMAN;DECOY_sp|Q9GZN2-2|TGIF2_HUMAN;DECOY_sp|Q9GZN2|TGIF2_HUMAN
2017dec27_overlap_dia_6b_rep1_604to616.dia:1999.5735:LNKDQWEER+2	1	45744	3.3187037	0.43917286	0.58993435	0.41330728	0.27125293	-0.35030982	0.7197196	7.0	1.0	-0.8602667	0.0	10.0	1.0	0.0	7.126495	5.0	-0.51357794	0.0	0.0	0.0	0.0	0.0	3.318554	10.0	1.4953709	1	9	0	1	0	0	609.2991013086647	1216.5836496837037	33.326225	-.LNKDQWEER.-	sp|P26038|MOES_HUMAN
2017dec27_overlap_dia_6b_rep1_604to616.dia:1999.5735:LSDADLAGPLQK+2	1	45744	5.264318	0.45399877	0.7103686	0.5064708	0.33810043	0.02588467	0.47293478	9.0	1.0	-0.30102676	0.0	10.0	1.0	0.0	7.1659317	5.0	-1.3761826	0.66906154	0.04413804	0.0	1.0	3.0	17.669193	10.0	0.93613094	0	12	0	1	0	0	614.3326103086648	1226.650667683704	33.326225	-.LSDADLAGPLQK.-	sp|Q15021|CND1_HUMAN
2017dec27_overlap_dia_6b_rep1_604to616.dia:1999.5735:NDQC[+57.0214635]YEDIR+2	1	45744	8.649454	1.7886457	2.0632858	0.93135774	0.76274955	2.6077352	0.13728456	12.0	0.0	-1.1522608	0.9992709	4.357363	0.0	3.0	8.751059	8.0	0.7653003	0.9497693	0.98048407	1.0	1.0	10.0	0.22211075	0.59200144	1.787365	0	9	0	1	0	0	606.7511225586646	1211.4876921837035	33.326225	-.NDQC[+57.0214635]YEDIR.-	sp|Q9BR76|COR1B_HUMAN
2017dec27_overlap_dia_6b_rep1_604to616.dia:1999.5735:decoyDFDGSTDSTIR+2	-1	45744	3.3971477	0.9694834	1.1167165	0.4951273	0.3297572	-0.019491395	0.5221882	7.0	2.0	-1.697684	0.0	10.0	1.0	0.0	7.2840624	5.0	0.1286025	0.778956	0.0	0.0	0.0	2.0	8.160046	10.0	2.3327882	0	11	0	1	0	0	607.2702068086646	1212.5258606837035	33.326225	-.DFDGSTDSTIR.-	DECOY_sp|P04083|ANXA1_HUMAN
2017dec27_overlap_dia_6b_rep1_604to616.dia:1999.5735:decoyHQWNLDQIR+2	-1	45744	4.2016726	0.77652663	1.077643	0.3945954	0.25823045	-0.42803603	0.90307784	8.0	2.0	-0.61732167	0.81575084	0.28491363	0.0	1.0	7.5950494	4.0	-1.3899775	0.0	0.0	0.0	0.0	0.0	7.3991127	3.4804482	1.2524259	0	9	0	1	0	0	605.3098038086646	1208.6050546837034	33.326225	-.HQWNLDQIR.-	DECOY_sp|O75934|SPF27_HUMAN
2017dec27_overlap_dia_6b_rep1_604to616.dia:1999.5735:decoyNDFPTPSGGQQMHGLVR+3	-1	45744	5.2916975	0.4863769	0.60809016	0.5394287	0.36271954	0.15804294	0.26955244	9.0	3.0	-0.679415	0.0	10.0	1.0	0.0	6.252755	3.0	-0.68773985	0.0	0.0	0.0	0.0	0.0	14.930866	10.0	1.3145192	0	17	0	0	1	0	614.2968156947142	1839.8686176837039	33.326225	-.NDFPTPSGGQQMHGLVR.-	DECOY_sp|P08237-2|PFKAM_HUMAN;DECOY_sp|P08237-3|PFKAM_HUMAN;DECOY_sp|P08237|PFKAM_HUMAN
2017dec27_overlap_dia_6b_rep1_604to616.dia:1999.5735:decoyNQFAGDVFVGR+2	-1	45744	4.3238144	0.376394	0.9565669	0.5227494	0.35018736	0.091060586	0.6500634	8.0	1.0	-1.6438872	0.81368136	-8.99389	0.0	1.0	6.82786	4.0	-1.3719978	0.0	0.0	0.0	0.0	0.0	21.026001	12.759252	2.2789912	0	11	0	1	0	0	605.3041873086646	1208.5938216837035	33.326225	-.NQFAGDVFVGR.-	DECOY_sp|P85037|FOXK1_HUMAN
2017dec27_overlap_dia_6b_rep1_604to616.dia:2003.8048:SSSFSELC[+57.0214635]HR+2	1	45848	4.4886813	0.7829687	1.0609646	0.7641183	0.55365133	1.1753923	0.21898553	8.0	0.0	-1.0330722	0.0	10.0	1.0	0.0	7.1578298	5.0	0.25550938	0.6156385	0.0	1.0	0.0	4.0	0.03277588	10.0	1.6681764	0	10	0	1	0	0	605.2694860586647	1208.5244191837037	33.396748	-.SSSFSELC[+57.0214635]HR.-	sp|Q5T8I3-2|F102B_HUMAN;sp|Q5T8I3|F102B_HUMAN
2017dec27_overlap_dia_6b_rep1_604to616.dia:2006.0493:RPELEDSTLR+2	1	45901	12.066118	1.7258568	2.2393625	0.8904672	0.6992446	2.0955224	0.18134817	15.0	2.0	-1.336206	0.99819386	-0.36042452	0.037639935	3.0	8.571377	8.0	9.096337	0.9464701	0.98500824	1.0	1.0	13.0	0.11697006	4.1257863	1.9713101	0	10	0	1	0	0	608.3200338086647	1214.6255146837036	33.434155	-.RPELEDSTLR.-	sp|Q15149-2|PLEC_HUMAN;sp|Q15149-3|PLEC_HUMAN;sp|Q15149-4|PLEC_HUMAN;sp|Q15149-5|PLEC_HUMAN;sp|Q15149-6|PLEC_HUMAN;sp|Q15149-7|PLEC_HUMAN;sp|Q15149-8|PLEC_HUMAN;sp|Q15149-9|PLEC_HUMAN;sp|Q15149|PLEC_HUMAN
2017dec27_overlap_dia_6b_rep1_604to616.dia:2008.1447:ATAPGPEGGGTLHPNPTDK+3	1	45953	15.704188	1.2278751	1.3555588	0.79040074	0.5802553	1.3273426	0.3129313	18.0	2.0	-0.32672352	0.990444	2.6474767	0.0	3.0	7.202537	8.0	3.5104666	0.9320521	0.49828	1.0	1.0	10.0	0.08204651	1.1178851	0.9618277	0	19	0	0	1	0	606.2989910280476	1815.875143683704	33.469078	-.ATAPGPEGGGTLHPNPTDK.-	sp|P56945-2|BCAR1_HUMAN;sp|P56945-3|BCAR1_HUMAN;sp|P56945-4|BCAR1_HUMAN;sp|P56945-5|BCAR1_HUMAN;sp|P56945-6|BCAR1_HUMAN;sp|P56945-7|BCAR1_HUMAN;sp|P56945-8|BCAR1_HUMAN;sp|P56945|BCAR1_HUMAN
2017dec27_overlap_dia_6b_rep1_604to616.dia:2008.1447:SPSSEVWFDR+2	1	45953	3.6153035	0.6148176	0.8844981	0.81822515	0.6100835	1.5043687	0.21956503	7.0	0.0	-2.0319138	0.0	10.0	1.0	0.0	7.0772195	4.0	-2.2721834	0.24558255	0.0	1.0	0.0	3.0	20.11385	10.0	2.667018	0	10	0	1	0	0	605.2803768086646	1208.5462006837035	33.469078	-.SPSSEVWFDR.-	sp|P42345|MTOR_HUMAN
2017dec27_overlap_dia_6b_rep1_604to616.dia:2008.1447:decoyGGGHLHLQGLGVQAQVDR+3	-1	45953	6.4082103	0.48899484	0.9209356	0.70541835	0.4984817	0.8732348	0.23485185	10.0	1.0	-4.109277	0.0	10.0	1.0	0.0	5.995795	5.0	-0.10521078	0.32021007	0.0	0.0	0.0	0.0	15.233017	10.0	4.744381	0	18	0	0	1	0	614.6624866947142	1840.965630683704	33.469078	-.GGGHLHLQGLGVQAQVDR.-	DECOY_sp|Q9UBV2|SE1L1_HUMAN
2017dec27_overlap_dia_6b_rep1_604to616.dia:2008.1447:decoyLSLQEQVDKR+2	-1	45953	4.370431	0.5679832	0.9797299	0.5819831	0.39544606	0.33091947	0.6158425	8.0	1.0	-2.4607117	0.0	10.0	1.0	0.0	6.8447385	5.0	-0.070943356	0.29082566	0.0	0.0	0.0	0.0	2.1246471	10.0	3.095816	1	10	0	1	0	0	608.3382268086646	1214.6619006837034	33.469078	-.LSLQEQVDKR.-	DECOY_sp|O75116|ROCK2_HUMAN
2017dec27_overlap_dia_6b_rep1_604to616.dia:2008.1447:decoySSPTPGVLTHAR+2	-1	45953	4.0917535	0.6800151	1.0739429	0.3063605	0.19822264	-0.8171899	0.83985376	8.0	1.0	-1.8792579	0.0	10.0	1.0	0.0	6.8897285	4.0	-1.7224131	0.0	0.0	0.0	0.0	0.0	3.4614067	10.0	2.514362	0	12	0	1	0	0	611.8305693086646	1221.6465856837035	33.469078	-.SSPTPGVLTHAR.-	DECOY_sp|Q13428-3|TCOF_HUMAN;DECOY_sp|Q13428-7|TCOF_HUMAN;DECOY_sp|Q13428-8|TCOF_HUMAN
2017dec27_overlap_dia_6b_rep1_604to616.dia:2012.4484:decoyILQQLDEQTHEQEAR+3	-1	46057	5.3210516	0.73185444	0.95236886	0.5771492	0.3916698	0.3110814	0.43598482	9.0	1.0	-1.5333035	0.0	10.0	1.0	0.0	6.1271415	6.0	-1.1613464	0.44560018	0.0	0.0	0.0	0.0	5.512802	10.0	2.1684077	0	15	0	0	1	0	613.3061453613808	1836.8966066837036	33.540806	-.ILQQLDEQTHEQEAR.-	DECOY_sp|Q9UPN3-2|MACF1_HUMAN;DECOY_sp|Q9UPN3-3|MACF1_HUMAN;DECOY_sp|Q9UPN3-4|MACF1_HUMAN;DECOY_sp|Q9UPN3|MACF1_HUMAN
2017dec27_overlap_dia_6b_rep1_604to616.dia:2012.4484:decoyRPKNSSPGQFYLEFR+3	-1	46057	9.279685	0.87151116	1.000025	0.3057764	0.19783205	-0.8199401	0.8752385	13.0	3.0	-1.7312188	0.64946705	-8.067511	0.0	1.0	6.5790224	5.0	1.8658395	0.0	0.0	0.0	0.0	0.0	16.10342	11.832872	2.366323	1	15	0	0	1	0	609.3163123613807	1824.9271076837033	33.540806	-.RPKNSSPGQFYLEFR.-	DECOY_sp|P33993-2|MCM7_HUMAN;DECOY_sp|P33993|MCM7_HUMAN
2017dec27_overlap_dia_6b_rep1_604to616.dia:2014.6116:EALEQVAEEGR+2	1	46109	5.3431935	0.6109634	1.1605889	0.6073375	0.41552484	0.4361341	0.64944327	9.0	1.0	1.8283594	0.0	10.0	1.0	0.0	7.1639132	5.0	-0.14127827	0.9004827	0.0	1.0	0.0	4.0	6.693016	10.0	1.1932552	0	11	0	1	0	0	615.8016743086647	1229.5887956837037	33.57686	-.EALEQVAEEGR.-	sp|Q8IWB1|IPRI_HUMAN
2017dec27_overlap_dia_6b_rep1_604to616.dia:2014.6116:decoyAESNSSFGTYR+2	-1	46109	3.3567433	0.4663148	0.7384283	0.4511413	0.29796594	-0.19606046	0.54968333	7.0	1.0	0.12886253	0.0	10.0	1.0	0.0	6.7944946	5.0	-1.8951447	0.6388445	0.0	0.0	0.0	0.0	2.0408916	10.0	0.5062417	0	11	0	1	0	0	609.7729118086646	1217.5312706837035	33.57686	-.AESNSSFGTYR.-	DECOY_sp|O15355|PPM1G_HUMAN
2017dec27_overlap_dia_6b_rep1_604to616.dia:2014.6116:decoyFGTEAEC[+57.0214635]LAGR+2	-1	46109	4.192847	0.5371253	1.0901141	0.38665706	0.25274062	-0.46138608	0.79884064	8.0	0.0	1.5086973	0.0	10.0	1.0	0.0	6.9408116	5.0	-1.6489196	0.71121216	0.0	1.0	0.0	6.0	8.862789	10.0	0.8735931	0	11	0	1	0	0	605.7796880586646	1209.5448231837036	33.57686	-.FGTEAEC[+57.0214635]LAGR.-	DECOY_sp|O00468-2|AGRIN_HUMAN;DECOY_sp|O00468-3|AGRIN_HUMAN;DECOY_sp|O00468-4|AGRIN_HUMAN;DECOY_sp|O00468-5|AGRIN_HUMAN;DECOY_sp|O00468-6|AGRIN_HUMAN;DECOY_sp|O00468-7|AGRIN_HUMAN;DECOY_sp|O00468|AGRIN_HUMAN
2017dec27_overlap_dia_6b_rep1_604to616.dia:2014.6116:decoyLHGIPGNQVQR+2	-1	46109	3.5585902	0.48473212	0.76156247	0.7180578	0.50993735	0.934848	0.2886445	7.0	0.0	1.2572134	0.0	10.0	1.0	0.0	6.593202	5.0	-1.9496083	0.82200414	0.0	0.0	0.0	3.0	1.3066025	10.0	0.6221092	0	11	0	1	0	0	609.8387288086645	1217.6629046837033	33.57686	-.LHGIPGNQVQR.-	DECOY_sp|P57105|SYJ2B_HUMAN
2017dec27_overlap_dia_6b_rep1_604to616.dia:2016.7087:TIVEAASDEER+2	1	46161	8.440714	1.0951715	1.9702439	0.57593846	0.39072645	0.30612224	0.8413401	12.0	2.0	-1.4328425	0.97537726	6.1644316	0.0	2.0	8.243186	8.0	2.922017	0.9155254	0.79502356	1.0	1.0	8.0	0.36963272	2.3990698	2.0679467	0	11	0	1	0	0	610.2936818086647	1218.5728106837037	33.611813	-.TIVEAASDEER.-	sp|Q9NWY4|CD027_HUMAN
2017dec27_overlap_dia_6b_rep1_604to616.dia:2016.7087:decoyAMGMLVSNMHK+2	-1	46161	3.580653	0.35125276	0.55087745	0.7554786	0.5451912	1.1280488	0.20680678	7.0	1.0	-2.957358	0.0	10.0	1.0	0.0	6.761761	4.0	-0.91687155	0.6302716	-0.031927552	0.0	1.0	0.0	10.990673	10.0	3.592462	0	11	0	1	0	0	609.7932293086645	1217.5719056837033	33.611813	-.AMGMLVSNMHK.-	DECOY_sp|Q9Y3E7-2|CHMP3_HUMAN;DECOY_sp|Q9Y3E7-3|CHMP3_HUMAN;DECOY_sp|Q9Y3E7|CHMP3_HUMAN
2017dec27_overlap_dia_6b_rep1_604to616.dia:2016.7087:decoyLC[+57.0214635]YAALDEDR+2	-1	46161	4.4988613	0.6347009	1.0938079	0.7822409	0.57184684	1.2787735	0.23408663	8.0	1.0	-0.48240986	0.5083146	9.603405	1.0	1.0	7.14096	4.0	0.15665722	0.72309107	-0.064732306	0.0	1.0	0.0	13.361256	5.838043	1.117514	0	10	0	1	0	0	613.2795160586646	1224.5444791837035	33.611813	-.LC[+57.0214635]YAALDEDR.-	DECOY_sp|P09543-2|CN37_HUMAN;DECOY_sp|P09543|CN37_HUMAN
2017dec27_overlap_dia_6b_rep1_604to616.dia:2016.7087:decoySLMASADESGGPRLIC[+57.0214635]R+3	-1	46161	6.055872	0.41291562	0.7085381	0.31340706	0.20294088	-0.78423876	0.64599514	10.0	4.0	-1.121298	0.0	10.0	1.0	0.0	6.31141	5.0	0.61219263	0.0	0.0	0.0	0.0	0.0	16.855137	10.0	1.7564021	1	17	0	0	1	0	607.2978271947139	1818.871652183703	33.611813	-.SLMASADESGGPRLIC[+57.0214635]R.-	DECOY_sp|P52888-2|THOP1_HUMAN;DECOY_sp|P52888|THOP1_HUMAN
2017dec27_overlap_dia_6b_rep1_604to616.dia:2016.7087:decoyYFDEFPQQR+2	-1	46161	3.5118158	0.4856127	0.64665735	0.64474076	0.44606936	0.5960005	0.4570319	7.0	0.0	0.52824044	0.0	10.0	1.0	0.0	7.0526776	5.0	-0.61085844	0.9074354	0.31496564	1.0	1.0	4.0	19.845676	10.0	0.10686374	0	9	0	1	0	0	615.2829163086647	1228.5512796837036	33.611813	-.YFDEFPQQR.-	DECOY_sp|P19174-2|PLCG1_HUMAN;DECOY_sp|P19174|PLCG1_HUMAN
2017dec27_overlap_dia_6b_rep1_604to616.dia:2018.8356:ERLELC[+57.0214635]DER+2	1	46213	10.915216	1.3311262	1.5277803	0.94364303	0.7852516	2.818042	0.10384054	14.0	3.0	-1.8717356	0.9769793	1.9203088	0.0	2.0	8.734886	7.0	9.685263	0.9213668	0.9748939	1.0	1.0	11.0	0.07482529	1.845053	2.5068398	1	9	0	1	0	0	610.2904190586647	1218.5662851837037	33.64726	-.ERLELC[+57.0214635]DER.-	sp|P07919|QCR6_HUMAN
2017dec27_overlap_dia_6b_rep1_604to616.dia:2020.8534:DVEDESTGLEK+2	1	46265	9.7593975	1.6678	1.9596971	0.92281866	0.74824107	2.481275	0.1540751	13.0	2.0	-2.2466035	0.9721143	0.52762866	0.0	2.0	8.725371	9.0	3.7722301	0.7227034	0.97999287	1.0	1.0	11.0	0.5738106	3.2377331	2.8817077	0	11	0	1	0	0	611.2776973086648	1220.5408416837038	33.68089	-.DVEDESTGLEK.-	sp|P36952|SPB5_HUMAN
2017dec27_overlap_dia_6b_rep1_604to616.dia:2020.8534:VDQYLYHMR+2	1	46265	4.3371096	0.456354	0.5756706	0.5390001	0.36239558	0.15631787	0.5069536	8.0	2.0	-0.50722027	0.0	10.0	1.0	0.0	7.755514	4.0	-1.2552557	0.8610468	0.0	0.0	0.0	3.0	7.9261475	10.0	1.1423244	0	9	0	1	0	0	612.7951323086646	1223.5757116837035	33.68089	-.VDQYLYHMR.-	sp|P52789|HXK2_HUMAN
2017dec27_overlap_dia_6b_rep1_604to616.dia:2020.8534:decoyDLDDHHQSTENIVQGE+3	-1	46265	2.699144	0.18514985	0.3903616	0.6947222	0.48894536	0.8222897	0.15623346	6.0	2.0	1.5919944	0.6388647	7.166301	1.0	1.0	4.9969907	3.0	-2.2112374	0.0	0.0	0.0	0.0	0.0	2.1736603	3.400939	0.9568902	0	16	0	0	1	0	612.9380096947141	1835.7921996837035	33.68089	-.DLDDHHQSTENIVQGE.-	DECOY_sp|P08670|VIME_HUMAN
2017dec27_overlap_dia_6b_rep1_604to616.dia:2022.9952:decoyMGDPGVDC[+57.0214635]GYR+2	-1	46317	2.424965	0.32295883	0.39016932	0.36951518	0.24095243	-0.5342972	0.48887575	6.0	0.0	-0.6152444	0.0	10.0	1.0	0.0	6.183436	4.0	-2.7372878	0.7405447	0.0	0.0	0.0	3.0	1.6256485	10.0	1.2503486	0	11	0	1	0	0	613.7500690586646	1225.4855851837035	33.716587	-.MGDPGVDC[+57.0214635]GYR.-	DECOY_sp|P04222|1C03_HUMAN;DECOY_sp|P18462|1A25_HUMAN;DECOY_sp|P30450|1A26_HUMAN;DECOY_sp|P30453|1A34_HUMAN;DECOY_sp|P30456|1A43_HUMAN;DECOY_sp|P30457|1A66_HUMAN;DECOY_sp|P30464|1B15_HUMAN;DECOY_sp|P30466|1B18_HUMAN;DECOY_sp|P30475|1B39_HUMAN;DECOY_sp|P30479|1B41_HUMAN;DECOY_sp|P30481|1B44_HUMAN;DECOY_sp|P30484|1B46_HUMAN;DECOY_sp|Q29836|1B67_HUMAN;DECOY_sp|Q95365|1B38_HUMAN
2017dec27_overlap_dia_6b_rep1_604to616.dia:2025.0396:ASIHEAWTDGK+2	1	46369	15.793993	1.5200652	1.8288382	0.97196853	0.84890926	3.5459957	0.055453878	18.0	5.0	0.61617786	0.99194187	5.199809	0.14749643	3.0	9.476735	9.0	9.26162	0.8987885	0.95253265	1.0	1.0	14.0	0.0902977	1.4344473	0.018926322	0	11	0	1	0	0	607.7936523086647	1213.5727516837037	33.75066	-.ASIHEAWTDGK.-	sp|O43707-2|ACTN4_HUMAN;sp|O43707|ACTN4_HUMAN;sp|P12814-2|ACTN1_HUMAN;sp|P12814-3|ACTN1_HUMAN;sp|P12814-4|ACTN1_HUMAN;sp|P12814|ACTN1_HUMAN
2017dec27_overlap_dia_6b_rep1_604to616.dia:2027.1918:DVMGSSAGAGSGEFHVYR+3	1	46421	6.4832683	0.44780707	0.67647237	0.838503	0.6331375	1.6471317	0.18647543	10.0	2.0	-0.9594189	0.0	10.0	1.0	0.0	6.755739	4.0	-0.633441	0.63436425	0.0	0.0	0.0	0.0	14.785301	10.0	1.5766901	0	18	0	0	1	0	609.6090560280476	1825.805338683704	33.78653	-.DVMGSSAGAGSGEFHVYR.-	sp|Q9H875-2|PKRI1_HUMAN;sp|Q9H875|PKRI1_HUMAN
2017dec27_overlap_dia_6b_rep1_604to616.dia:2027.1918:FVYTC[+57.0214635]NEC[+57.0214635]K+2	1	46421	2.595716	0.3609109	0.43323815	0.547499	0.36884004	0.19057064	0.8164497	6.0	0.0	-2.0203764	0.0	10.0	1.0	0.0	6.9043946	5.0	-0.66685677	0.89023256	0.0	1.0	0.0	2.0	0.10439682	10.0	2.6376476	0	9	0	1	0	0	610.7573623086647	1219.5001716837037	33.78653	-.FVYTC[+57.0214635]NEC[+57.0214635]K.-	sp|Q09472|EP300_HUMAN;sp|Q92793-2|CBP_HUMAN;sp|Q92793|CBP_HUMAN
2017dec27_overlap_dia_6b_rep1_604to616.dia:2027.1918:YILGSVVDSEK+2	1	46421	4.4541163	0.3950996	1.0425508	0.7056601	0.4986989	0.8743985	0.2245808	8.0	0.0	1.5164183	0.0	10.0	1.0	0.0	7.5380125	5.0	-0.78486824	0.8669061	0.0	1.0	0.0	4.0	20.127228	10.0	0.89914715	0	11	0	1	0	0	605.3217063086646	1208.6288596837035	33.78653	-.YILGSVVDSEK.-	sp|O15013-4|ARHGA_HUMAN;sp|O15013-5|ARHGA_HUMAN;sp|O15013-6|ARHGA_HUMAN;sp|O15013-7|ARHGA_HUMAN;sp|O15013|ARHGA_HUMAN
2017dec27_overlap_dia_6b_rep1_604to616.dia:2027.1918:decoyAC[+57.0214635]EIEQAQLR+2	-1	46421	4.2897387	0.33255017	0.38937232	0.48330146	0.32112497	-0.066819005	0.74642146	8.0	0.0	1.4120514	0.30647245	6.0207014	1.0	1.0	7.1023273	6.0	-0.944983	0.0	0.0	0.0	0.0	0.0	2.800106	2.2553396	0.79478025	0	10	0	1	0	0	609.3007875586645	1216.5870221837033	33.78653	-.AC[+57.0214635]EIEQAQLR.-	DECOY_sp|Q8NBJ5|GT251_HUMAN
2017dec27_overlap_dia_6b_rep1_604to616.dia:2027.1918:decoyFEWHTPKSLYIQER+3	-1	46421	4.262503	0.50032264	0.6510253	0.4539234	0.2999521	-0.18483077	0.36530772	8.0	3.0	0.41393644	0.0	10.0	1.0	0.0	6.6343236	4.0	-1.0469718	0.5585296	0.0	0.0	0.0	0.0	16.14367	10.0	0.20333475	1	14	0	0	1	0	611.9809300280474	1832.9209606837035	33.78653	-.FEWHTPKSLYIQER.-	DECOY_sp|P30876|RPB2_HUMAN
2017dec27_overlap_dia_6b_rep1_604to616.dia:2029.249:LLAHVRPPVSK+2	1	46473	4.523329	0.3877146	0.5207588	0.8275765	0.6205621	1.568548	0.23826164	8.0	0.0	-2.2539852	0.97532815	-0.5317413	0.0	2.0	7.0693703	6.0	4.798701	0.93061066	0.87480974	1.0	1.0	6.0	0.4210968	4.297103	2.865227	0	11	0	1	0	0	608.8798648086647	1215.7451766837037	33.820816	-.LLAHVRPPVSK.-	sp|P08237-2|PFKAM_HUMAN;sp|P08237-3|PFKAM_HUMAN;sp|P08237|PFKAM_HUMAN
2017dec27_overlap_dia_6b_rep1_604to616.dia:2029.249:decoyDFLQEDTTSR+2	-1	46473	1.9994344	0.38817602	0.63562655	0.8322483	0.62589324	1.6016457	0.07535928	5.0	0.0	-5.350944	0.0	10.0	1.0	0.0	6.3180084	4.0	-2.4473314	0.68474793	0.0	0.0	0.0	3.0	13.109154	10.0	5.962186	0	10	0	1	0	0	606.2805748086647	1210.5465966837037	33.820816	-.DFLQEDTTSR.-	DECOY_sp|Q92696|PGTA_HUMAN
2017dec27_overlap_dia_6b_rep1_604to616.dia:2029.249:decoyKEIVLQDQPR+2	-1	46473	4.4071975	0.360072	0.6777067	0.633398	0.4366808	0.54682213	0.57053244	8.0	2.0	-3.3750837	0.0	10.0	1.0	0.0	7.380215	4.0	-1.4178262	0.0	0.0	0.0	0.0	0.0	2.2331314	10.0	3.9863255	1	10	0	1	0	0	613.3485948086645	1224.6826366837033	33.820816	-.KEIVLQDQPR.-	DECOY_sp|Q8WWI1-2|LMO7_HUMAN;DECOY_sp|Q8WWI1-3|LMO7_HUMAN;DECOY_sp|Q8WWI1-4|LMO7_HUMAN;DECOY_sp|Q8WWI1-5|LMO7_HUMAN;DECOY_sp|Q8WWI1|LMO7_HUMAN
2017dec27_overlap_dia_6b_rep1_604to616.dia:2029.249:decoyLGQSDTQFEAK+2	-1	46473	4.3913736	0.31716302	0.39085725	0.610735	0.41825187	0.45040277	0.46588874	8.0	1.0	-1.744788	0.0	10.0	1.0	0.0	7.083671	5.0	-1.2348886	0.0	0.0	0.0	0.0	0.0	0.66231155	10.0	2.35603	0	11	0	1	0	0	612.2987678086646	1222.5829826837034	33.820816	-.LGQSDTQFEAK.-	DECOY_sp|Q86TI2-2|DPP9_HUMAN;DECOY_sp|Q86TI2-4|DPP9_HUMAN;DECOY_sp|Q86TI2|DPP9_HUMAN
2017dec27_overlap_dia_6b_rep1_604to616.dia:2029.249:decoySC[+57.0214635]AENAYFEK+2	-1	46473	3.578464	0.67560637	0.7715934	0.75168043	0.54151285	1.1075947	0.26223376	7.0	0.0	-2.3917549	0.0	10.0	1.0	0.0	7.2635527	5.0	-1.808476	0.8710953	0.10809901	1.0	1.0	5.0	0.01826477	10.0	3.0029967	0	10	0	1	0	0	609.7584160586647	1217.5022791837036	33.820816	-.SC[+57.0214635]AENAYFEK.-	DECOY_sp|P49753-2|ACOT2_HUMAN;DECOY_sp|P49753|ACOT2_HUMAN;DECOY_sp|Q86TX2|ACOT1_HUMAN
2017dec27_overlap_dia_6b_rep1_604to616.dia:2031.4025:decoyAVQTC[+57.0214635]PGDVLR+2	-1	46525	3.3435018	0.3249071	0.5792511	0.43759367	0.2883383	-0.25093377	0.60981625	7.0	0.0	0.6207919	0.0	10.0	1.0	0.0	6.700661	4.0	-2.3049278	0.0	0.0	0.0	0.0	0.0	7.344242	10.0	0.009550095	0	11	0	1	0	0	608.3111555586645	1214.6077581837033	33.85671	-.AVQTC[+57.0214635]PGDVLR.-	DECOY_sp|P50914|RL14_HUMAN
2017dec27_overlap_dia_6b_rep1_604to616.dia:2031.4025:decoyNFFNQNSNNK+2	-1	46525	5.5172014	0.34226087	0.6660686	0.9066463	0.7227326	2.273357	0.0988874	9.0	0.0	-2.7269123	0.0	10.0	1.0	0.0	7.3741527	6.0	-1.1230993	0.85730225	0.22384618	0.0	1.0	2.0	2.9884262	10.0	3.338154	0	10	0	1	0	0	613.7810748086646	1225.5475966837034	33.85671	-.NFFNQNSNNK.-	DECOY_sp|O60763-2|USO1_HUMAN;DECOY_sp|O60763|USO1_HUMAN
2017dec27_overlap_dia_6b_rep1_604to616.dia:2031.4025:decoyTVMLC[+57.0214635]AESFR+2	-1	46525	4.214265	0.4843239	0.7284977	0.40620407	0.2662956	-0.37967998	0.55446804	8.0	0.0	-1.9522119	0.56791615	-0.027950883	1.0	2.0	7.550621	5.0	-1.2203093	0.039302688	0.88100684	1.0	1.0	5.0	22.02671	3.7933125	2.5634537	0	10	0	1	0	0	607.2888340586646	1212.5631151837035	33.85671	-.TVMLC[+57.0214635]AESFR.-	DECOY_sp|P51398-2|RT29_HUMAN;DECOY_sp|P51398-3|RT29_HUMAN;DECOY_sp|P51398|RT29_HUMAN
2017dec27_overlap_dia_6b_rep1_604to616.dia:2033.4631:EFFNGKEPSR+2	1	46577	10.9307	1.6313201	2.4203556	0.9778943	0.8658933	3.7895663	0.036215346	14.0	7.0	-1.2799699	0.97499615	4.765738	0.0	2.0	9.39155	9.0	3.3111305	0.90241736	0.97748846	1.0	1.0	12.0	0.02910614	1.0003762	1.8912117	1	10	0	1	0	0	605.7961943086647	1209.5778356837036	33.891052	-.EFFNGKEPSR.-	sp|P11021|GRP78_HUMAN
2017dec27_overlap_dia_6b_rep1_604to616.dia:2033.4631:decoyDELGTSEDEVK+2	-1	46577	4.2795224	0.3109432	0.49559906	0.47206476	0.31298232	-0.11185751	0.71819806	8.0	1.0	3.516137	0.9815556	3.4706488	0.0	2.0	7.016511	6.0	-1.3276191	0.0	0.0	0.0	0.0	0.0	0.7889061	0.29471302	2.904895	0	11	0	1	0	0	611.2776973086646	1220.5408416837035	33.891052	-.DELGTSEDEVK.-	DECOY_sp|P36952|SPB5_HUMAN
2017dec27_overlap_dia_6b_rep1_604to616.dia:2033.4631:decoyHITPFGQVGYQGGLSHK+3	-1	46577	5.171326	0.28938106	0.5647272	0.40884873	0.26813924	-0.36872664	0.6116308	9.0	2.0	2.7107542	0.0	10.0	1.0	0.0	6.2056623	4.0	-1.1485972	0.0	0.0	0.0	0.0	0.0	16.224842	10.0	2.0995123	0	17	0	0	1	0	609.3163133613807	1824.9271106837034	33.891052	-.HITPFGQVGYQGGLSHK.-	DECOY_sp|Q15084-2|PDIA6_HUMAN;DECOY_sp|Q15084-3|PDIA6_HUMAN;DECOY_sp|Q15084-4|PDIA6_HUMAN;DECOY_sp|Q15084-5|PDIA6_HUMAN;DECOY_sp|Q15084|PDIA6_HUMAN
2017dec27_overlap_dia_6b_rep1_604to616.dia:2033.4631:decoyLDIITETGVEK+2	-1	46577	4.3137956	0.41764498	0.4967746	0.51082814	0.3413223	0.04331937	0.6809097	8.0	1.0	-0.15269256	0.8226163	-8.446935	0.0	1.0	7.134206	6.0	-1.298492	0.685068	0.7958584	0.0	1.0	0.0	19.008858	12.2122965	0.7639344	0	11	0	1	0	0	609.3348188086646	1216.6550846837035	33.891052	-.LDIITETGVEK.-	DECOY_sp|P54868-2|HMCS2_HUMAN;DECOY_sp|P54868-3|HMCS2_HUMAN;DECOY_sp|P54868|HMCS2_HUMAN;DECOY_sp|Q01581|HMCS1_HUMAN
2017dec27_overlap_dia_6b_rep1_604to616.dia:2033.4631:decoyQHANIEYDVK+2	-1	46577	3.6123924	0.34741068	0.627695	0.8127587	0.6040705	1.4680359	0.13250764	7.0	0.0	2.3566682	0.43066043	2.4396706	1.0	2.0	7.077526	5.0	-0.45947886	0.23766376	0.40776253	0.0	1.0	0.0	2.6267033	1.3256912	1.7454264	0	10	0	1	0	0	608.8014728086646	1215.5883926837034	33.891052	-.QHANIEYDVK.-	DECOY_sp|Q6P1Q9|MET2B_HUMAN;DECOY_sp|Q96IZ6|MET2A_HUMAN
2017dec27_overlap_dia_6b_rep1_604to616.dia:2035.5956:AQTPPGPSLSGSK+2	1	46629	6.299696	0.44059527	0.7300719	0.54945546	0.37032962	0.1984708	0.36277077	10.0	0.0	0.957629	0.0	10.0	1.0	0.0	6.8735895	7.0	-0.38266993	0.4422571	0.7720709	0.0	1.0	0.0	0.12265396	10.0	0.3463872	0	13	0	1	0	0	613.8224098086648	1225.630266683704	33.926594	-.AQTPPGPSLSGSK.-	sp|Q9UQ35-2|SRRM2_HUMAN;sp|Q9UQ35|SRRM2_HUMAN
2017dec27_overlap_dia_6b_rep1_604to616.dia:2037.6633:YELGRPAANTK+2	1	46681	5.325614	0.6535744	0.91851866	0.5832441	0.39643377	0.33610508	0.41793364	9.0	3.0	-2.013801	0.9757528	1.6641114	0.0	2.0	7.6766925	6.0	-0.89380884	0.0	0.0	0.0	0.0	0.0	3.9533844	2.1012504	2.625043	0	11	0	1	0	0	610.3251153086646	1218.6356776837035	33.961056	-.YELGRPAANTK.-	sp|P62241|RS8_HUMAN
2017dec27_overlap_dia_6b_rep1_604to616.dia:2039.7795:LLSESAQPLKK+2	1	46733	5.528438	0.6591336	1.0344377	0.93041086	0.76109946	2.5930178	0.06436032	9.0	0.0	-3.2994971	0.97829735	1.0454817	0.0	2.0	6.80858	6.0	5.1734314	0.8448478	0.707578	1.0	1.0	7.0	0.085445404	2.71988	3.910739	1	11	0	1	0	0	607.3611703086648	1212.7077876837038	33.996326	-.LLSESAQPLKK.-	sp|Q9H3N1|TMX1_HUMAN
2017dec27_overlap_dia_6b_rep1_604to616.dia:2043.9867:AIELYNDKEK+2	1	46837	6.5180364	0.906971	1.1624855	0.90839165	0.7253781	2.2941532	0.15338153	10.0	0.0	-0.9304464	0.5385908	2.8805885	1.0	1.0	7.633978	7.0	3.459403	0.8693578	0.34870717	1.0	1.0	5.0	0.13679123	0.86497307	1.5416882	1	10	0	1	0	0	611.8193308086646	1221.6241086837035	34.066444	-.AIELYNDKEK.-	sp|Q96BN8|OTUL_HUMAN
2017dec27_overlap_dia_6b_rep1_604to616.dia:2043.9867:KDDSHWWSR+2	1	46837	5.5390663	0.6345988	0.9859278	0.9534604	0.8050132	3.0197942	0.043134943	9.0	0.0	-0.16253889	0.0	10.0	1.0	0.0	7.70428	5.0	0.24458599	0.0	0.0	0.0	0.0	0.0	0.25570297	10.0	0.7737807	1	9	0	1	0	0	608.7783358086647	1215.5421186837036	34.066444	-.KDDSHWWSR.-	sp|Q9Y4W6|AFG32_HUMAN
2017dec27_overlap_dia_6b_rep1_604to616.dia:2043.9867:QQEYEEQFK+2	1	46837	6.488426	0.74495775	1.0717335	0.8485214	0.64501345	1.7230511	0.29917	10.0	0.0	-0.809349	0.0	10.0	1.0	0.0	7.748393	7.0	1.4696002	0.9281066	0.43721232	1.0	1.0	5.0	0.14222717	10.0	1.4205909	0	9	0	1	0	0	614.7776638086648	1227.5407746837038	34.066444	-.QQEYEEQFK.-	sp|Q9GZU8|F192A_HUMAN
2017dec27_overlap_dia_6b_rep1_604to616.dia:2043.9867:YGQLGHEDTTSLDRPR+3	1	46837	6.5201187	0.58345765	0.85356516	0.912757	0.7321019	2.3477721	0.13183035	10.0	1.0	-1.5960579	0.9338589	-5.317666	0.0	2.0	6.2162204	5.0	1.7069545	0.9026087	0.6225864	1.0	1.0	8.0	0.098033905	9.063228	2.2072997	0	16	0	0	1	0	615.6343703613808	1843.8812816837037	34.066444	-.YGQLGHEDTTSLDRPR.-	sp|A6NED2|RCCD1_HUMAN
2017dec27_overlap_dia_6b_rep1_604to616.dia:2043.9867:decoyDPTQSAETIMK+2	-1	46837	2.5077276	0.36807075	0.60806257	0.4470899	0.29507917	-0.21243565	0.58091354	6.0	0.0	1.7234144	0.0	10.0	1.0	0.0	6.2250595	3.0	-3.0	0.4229696	0.0	1.0	0.0	4.0	7.253319	10.0	1.1121726	0	11	0	1	0	0	610.7950038086645	1219.5754546837034	34.066444	-.DPTQSAETIMK.-	DECOY_sp|Q14197|ICT1_HUMAN
2017dec27_overlap_dia_6b_rep1_604to616.dia:2043.9867:decoyLLHQDSEQIK+2	-1	46837	3.5545573	0.7562905	0.97153944	0.711421	0.5038961	0.90229553	0.2589473	7.0	0.0	-0.10567483	0.0	10.0	1.0	0.0	6.9616246	5.0	-2.1277156	0.5358071	0.0	0.0	0.0	0.0	4.058773	10.0	0.7169167	0	10	0	1	0	0	605.8249523086645	1209.6353516837032	34.066444	-.LLHQDSEQIK.-	DECOY_sp|O14776-2|TCRG1_HUMAN;DECOY_sp|O14776|TCRG1_HUMAN
2017dec27_overlap_dia_6b_rep1_604to616.dia:2043.9867:decoyVQSSPTTAWNK+2	-1	46837	4.2004294	0.54691535	0.8118606	0.3934672	0.25744903	-0.43276113	0.7185471	8.0	1.0	0.739131	0.4764005	8.868782	1.0	1.0	6.8995743	4.0	-1.9171424	0.0	0.0	0.0	0.0	0.0	2.6743202	5.1232204	0.12788916	0	11	0	1	0	0	609.8093023086647	1217.6040516837036	34.066444	-.VQSSPTTAWNK.-	DECOY_sp|P31483-2|TIA1_HUMAN;DECOY_sp|P31483-3|TIA1_HUMAN;DECOY_sp|P31483|TIA1_HUMAN;DECOY_sp|Q01085-2|TIAR_HUMAN;DECOY_sp|Q01085|TIAR_HUMAN
2017dec27_overlap_dia_6b_rep1_604to616.dia:2046.0574:ESMFGYHGHGPSPFLR+3	1	46889	6.4342165	0.7407364	0.7627041	0.74895036	0.53888375	1.0930221	0.122488245	10.0	2.0	-0.42249602	0.0	10.0	1.0	0.0	6.672714	4.0	-1.2339563	0.0	0.0	0.0	0.0	0.0	19.97905	10.0	1.0337379	0	16	0	0	1	0	606.9508650280475	1817.8307656837037	34.100956	-.ESMFGYHGHGPSPFLR.-	sp|P28340|DPOD1_HUMAN
2017dec27_overlap_dia_6b_rep1_604to616.dia:2046.0574:FNSITSAYYR+2	1	46889	3.524262	0.5896189	0.9502504	0.6634852	0.4618469	0.67886454	0.48825318	7.0	0.0	-4.3548713	0.80665225	2.558878	0.0	1.0	6.949945	5.0	-2.1840148	0.90153825	0.42825952	0.0	1.0	4.0	14.510193	1.1866837	4.966113	0	10	0	1	0	0	611.2985613086647	1220.5825696837037	34.100956	-.FNSITSAYYR.-	sp|Q6IQ22|RAB12_HUMAN
2017dec27_overlap_dia_6b_rep1_604to616.dia:2046.0574:GSTAENAEYLR+2	1	46889	7.541129	1.2282444	1.3639292	0.87090886	0.6729381	1.9090186	0.25193828	11.0	0.0	-0.7949948	0.980904	1.3372716	0.0	2.0	8.061385	8.0	1.1218672	0.87239176	0.9248819	1.0	1.0	7.0	0.020561218	2.40829	1.4062366	0	11	0	1	0	0	605.7885623086646	1209.5625716837035	34.100956	-.GSTAENAEYLR.-	sp|P00533|EGFR_HUMAN
2017dec27_overlap_dia_6b_rep1_604to616.dia:2046.0574:LC[+57.0214635]PNSTGAEIR+2	1	46889	7.569238	1.2262549	1.9582266	0.9291417	0.7589046	2.573579	0.14171648	11.0	0.0	-0.5718048	0.9761225	4.214679	0.0	2.0	8.245279	10.0	3.8797693	0.960068	0.9201824	1.0	1.0	6.0	0.057956696	0.46911716	1.1830466	0	11	0	1	0	0	609.3007870586647	1216.5870211837037	34.100956	-.LC[+57.0214635]PNSTGAEIR.-	sp|P35998-2|PRS7_HUMAN;sp|P35998|PRS7_HUMAN
2017dec27_overlap_dia_6b_rep1_604to616.dia:2046.0574:MDYEDDRLR+2	1	46889	6.464792	1.065003	1.2571942	0.8035786	0.5941467	1.4088128	0.17841667	10.0	1.0	0.4797606	0.97127336	5.574395	0.0	2.0	7.8948746	6.0	7.0232816	0.88867867	0.96407145	1.0	1.0	10.0	0.059329987	1.8288336	0.13148123	1	9	0	1	0	0	606.7693153086647	1211.5240776837036	34.100956	-.MDYEDDRLR.-	sp|P43243|MATR3_HUMAN
2017dec27_overlap_dia_6b_rep1_604to616.dia:2046.0574:decoyMSYFYC[+57.0214635]EPK+2	-1	46889	2.7013304	0.6968666	0.8437093	0.6982289	0.49205643	0.83887815	0.2321927	6.0	0.0	-0.31272593	0.0	10.0	1.0	0.0	7.312158	4.0	-0.42502117	0.83485293	0.0	1.0	0.0	4.0	14.352798	10.0	0.9239677	0	9	0	1	0	0	612.7568265586647	1223.4991001837036	34.100956	-.MSYFYC[+57.0214635]EPK.-	DECOY_sp|A6NMK7|CPS4L_HUMAN;DECOY_sp|O95639-2|CPSF4_HUMAN;DECOY_sp|O95639-3|CPSF4_HUMAN;DECOY_sp|O95639|CPSF4_HUMAN
2017dec27_overlap_dia_6b_rep1_604to616.dia:2048.289:DLAQYDAAHHEEFKR+3	1	46941	8.55586	0.816192	0.910124	0.75079596	0.5406597	1.102862	0.32166228	12.0	2.0	0.1501981	0.66303194	1.5596002	0.0	1.0	6.694253	5.0	-0.016169548	0.30349416	0.75471747	0.0	1.0	6.0	0.065086365	2.1859612	0.46104372	1	15	0	0	1	0	610.6236940280475	1828.8492526837038	34.13815	-.DLAQYDAAHHEEFKR.-	sp|Q02818|NUCB1_HUMAN
2017dec27_overlap_dia_6b_rep1_604to616.dia:2048.289:VMSC[+57.0214635]DSFPIR+2	1	46941	3.532511	0.87041897	0.9873553	0.67620796	0.47275585	0.7363992	0.26018855	7.0	0.0	-0.34683782	0.0	10.0	1.0	0.0	7.074461	4.0	-2.6040072	0.91772807	0.0	1.0	0.0	5.0	18.385891	10.0	0.95807964	0	10	0	1	0	0	606.2810085586647	1210.5474641837036	34.13815	-.VMSC[+57.0214635]DSFPIR.-	sp|Q7Z2W4-2|ZCCHV_HUMAN;sp|Q7Z2W4-4|ZCCHV_HUMAN;sp|Q7Z2W4-5|ZCCHV_HUMAN;sp|Q7Z2W4|ZCCHV_HUMAN
2017dec27_overlap_dia_6b_rep1_604to616.dia:2050.365:AYIASAGADALAK+2	1	46993	4.51688	0.43890482	0.9605953	0.8153789	0.6069428	1.4853474	0.11388735	8.0	1.0	-1.1510106	0.0	10.0	1.0	0.0	6.7253284	4.0	-1.6202874	0.4708047	0.21437542	1.0	1.0	3.0	12.047813	10.0	1.7622524	0	13	0	1	0	0	611.3273238086647	1220.6400946837036	34.17275	-.AYIASAGADALAK.-	sp|Q13033-2|STRN3_HUMAN;sp|Q13033|STRN3_HUMAN
2017dec27_overlap_dia_6b_rep1_604to616.dia:2050.365:decoyC[+57.0214635]LMGQYNNVK+2	-1	46993	3.4542449	0.65436244	0.8547443	0.56469536	0.38201267	0.26024032	0.6039091	7.0	0.0	-0.4160277	0.0	10.0	1.0	0.0	7.045067	5.0	-1.637116	0.90691143	0.0	1.0	0.0	3.0	8.972816	10.0	1.0272695	0	10	0	1	0	0	613.7864540586646	1225.5583551837035	34.17275	-.C[+57.0214635]LMGQYNNVK.-	DECOY_sp|O75663-2|TIPRL_HUMAN;DECOY_sp|O75663|TIPRL_HUMAN
2017dec27_overlap_dia_6b_rep1_604to616.dia:2052.5046:DFEEYPEHR+2	1	47045	6.5042014	0.7313257	0.9804046	0.87990904	0.68479323	1.991569	0.24018183	10.0	0.0	-1.6428355	0.81615716	-4.7367153	0.0	1.0	7.627776	7.0	4.404958	0.83881605	0.8708596	1.0	1.0	8.0	0.1252594	8.482277	2.2540774	0	9	0	1	0	0	611.2621803086647	1220.5098076837037	34.208412	-.DFEEYPEHR.-	sp|O14980|XPO1_HUMAN
2017dec27_overlap_dia_6b_rep1_604to616.dia:2054.54:decoyTC[+57.0214635]YISTLTPR+2	-1	47097	4.4138565	0.44991606	0.83499736	0.6431848	0.44477457	0.589214	0.22117922	8.0	1.0	-4.435562	0.0	10.0	1.0	0.0	6.9729757	4.0	-1.1086373	0.91750014	0.0	1.0	0.0	5.0	18.33213	10.0	5.046804	0	10	0	1	0	0	606.3080770586645	1210.6016011837032	34.242332	-.TC[+57.0214635]YISTLTPR.-	DECOY_sp|P29590-10|PML_HUMAN;DECOY_sp|P29590-11|PML_HUMAN;DECOY_sp|P29590-12|PML_HUMAN;DECOY_sp|P29590-13|PML_HUMAN;DECOY_sp|P29590-14|PML_HUMAN;DECOY_sp|P29590-2|PML_HUMAN;DECOY_sp|P29590-3|PML_HUMAN;DECOY_sp|P29590-4|PML_HUMAN;DECOY_sp|P29590-5|PML_HUMAN;DECOY_sp|P29590-8|PML_HUMAN;DECOY_sp|P29590-9|PML_HUMAN;DECOY_sp|P29590|PML_HUMAN
2017dec27_overlap_dia_6b_rep1_604to616.dia:2054.54:decoyVSFEC[+57.0214635]VAELR+2	-1	47097	5.4744635	0.89957464	1.2503499	0.8216745	0.61391973	1.5277339	0.25466153	9.0	0.0	-1.3754338	0.0	10.0	1.0	0.0	7.6471057	7.0	-1.1769714	0.72974205	0.09057189	0.0	1.0	4.0	19.340595	10.0	1.9866756	0	10	0	1	0	0	605.3002555586645	1208.5859581837033	34.242332	-.VSFEC[+57.0214635]VAELR.-	DECOY_sp|Q6ZS17-2|FA65A_HUMAN;DECOY_sp|Q6ZS17-3|FA65A_HUMAN;DECOY_sp|Q6ZS17-4|FA65A_HUMAN;DECOY_sp|Q6ZS17|FA65A_HUMAN
2017dec27_overlap_dia_6b_rep1_604to616.dia:2056.65:LMSSGNEESLR+2	1	47149	7.4395704	0.98848826	1.3081464	0.6893096	0.48417205	0.7968936	0.58463836	11.0	0.0	-2.2297695	0.9595276	0.44455016	0.0	2.0	8.076386	9.0	3.7135324	0.8162635	0.95550495	1.0	1.0	8.0	0.23450089	3.3208117	2.8410113	0	11	0	1	0	0	611.7902513086647	1221.5659496837036	34.2775	-.LMSSGNEESLR.-	sp|P23786|CPT2_HUMAN
2017dec27_overlap_dia_6b_rep1_604to616.dia:2056.65:decoySENLC[+57.0214635]AQFDK+2	-1	47149	4.490987	0.7634966	0.961558	0.76818585	0.55768067	1.1980958	0.19658111	8.0	0.0	-0.1784419	0.5019391	8.09088	1.0	1.0	7.685063	5.0	-0.5175848	0.8720868	0.0	1.0	0.0	4.0	5.909786	4.3255186	0.7896837	0	10	0	1	0	0	606.2716950586647	1210.5288371837037	34.2775	-.SENLC[+57.0214635]AQFDK.-	DECOY_sp|P48200|IREB2_HUMAN
2017dec27_overlap_dia_6b_rep1_604to616.dia:2056.65:decoyVPAFPRVDWK+2	-1	47149	3.5414314	0.53075516	0.7158045	0.6902411	0.48499107	0.8012467	0.3201005	7.0	1.0	1.1061995	0.0	10.0	1.0	0.0	7.030984	4.0	-2.356903	0.76800436	0.0	1.0	0.0	3.0	20.533134	10.0	0.4949577	1	10	0	1	0	0	607.8376658086645	1213.6607786837033	34.2775	-.VPAFPRVDWK.-	DECOY_sp|Q96DI7-2|SNR40_HUMAN;DECOY_sp|Q96DI7|SNR40_HUMAN
2017dec27_overlap_dia_6b_rep1_604to616.dia:2058.7007:EHPDPGSKDPEEDYPK+3	1	47201	5.30692	0.43472192	0.67135906	0.5586715	0.37737745	0.23577204	0.37737805	9.0	4.0	-0.9897938	0.0	10.0	1.0	0.0	6.6447477	4.0	-0.33107662	0.0	0.0	0.0	0.0	0.0	4.3040085	10.0	1.6010356	1	16	0	0	1	0	613.9392360280475	1838.7958786837037	34.31168	-.EHPDPGSKDPEEDYPK.-	sp|Q9UBL3-2|ASH2L_HUMAN;sp|Q9UBL3-3|ASH2L_HUMAN;sp|Q9UBL3|ASH2L_HUMAN
2017dec27_overlap_dia_6b_rep1_604to616.dia:2058.7007:EVDYDSDMPR+2	1	47201	2.8302817	0.34358737	0.56563073	0.93961316	0.77763	2.744697	0.058340196	6.0	0.0	-1.2081411	0.0	10.0	1.0	0.0	7.0539675	4.0	-2.4622273	0.54550076	0.0	1.0	0.0	2.0	5.7088623	10.0	1.8193829	0	10	0	1	0	0	613.7533308086646	1225.4921086837035	34.31168	-.EVDYDSDMPR.-	sp|Q9BX10-2|GTPB2_HUMAN;sp|Q9BX10-4|GTPB2_HUMAN;sp|Q9BX10|GTPB2_HUMAN
2017dec27_overlap_dia_6b_rep1_604to616.dia:2058.7007:FGVEQDRMDK+2	1	47201	2.666727	0.39884794	0.6772901	0.64475447	0.4460808	0.5960604	0.355528	6.0	1.0	-2.688241	0.0	10.0	1.0	0.0	6.886641	4.0	-2.6667206	0.91772383	0.0	0.0	0.0	4.0	2.333538	10.0	3.2994828	1	10	0	1	0	0	612.7875128086648	1223.560472683704	34.31168	-.FGVEQDRMDK.-	sp|Q14247-2|SRC8_HUMAN;sp|Q14247-3|SRC8_HUMAN;sp|Q14247|SRC8_HUMAN
2017dec27_overlap_dia_6b_rep1_604to616.dia:2058.7007:SDAGLESDTAMK+2	1	47201	13.285899	2.1760485	2.550687	0.9231655	0.7488148	2.4861548	0.15223588	16.0	2.0	-0.55778384	0.9746945	0.15829915	0.0	2.0	9.330468	10.0	3.3149972	0.9333359	0.9662013	1.0	1.0	15.0	0.34719086	3.6070626	1.1690257	0	12	0	1	0	0	612.7742678086647	1223.5339826837037	34.31168	-.SDAGLESDTAMK.-	sp|Q9NR30|DDX21_HUMAN
2017dec27_overlap_dia_6b_rep1_604to616.dia:2058.7007:decoyDALHTSIIPDK+2	-1	47201	3.4849854	0.37076336	0.70603156	0.6061145	0.41454536	0.4310087	0.27495438	7.0	0.0	1.1433002	0.0	10.0	1.0	0.0	6.9092655	4.0	-1.9520473	0.90142804	0.0	1.0	0.0	3.0	11.720436	10.0	0.53205836	0	11	0	1	0	0	605.3273278086647	1208.6401026837036	34.31168	-.DALHTSIIPDK.-	DECOY_sp|O00231-2|PSD11_HUMAN;DECOY_sp|O00231|PSD11_HUMAN
2017dec27_overlap_dia_6b_rep1_604to616.dia:2058.7007:decoyISGVHVNSSNIVPEHPR+3	-1	47201	7.504502	1.036657	1.2222557	0.80047137	0.59083486	1.389243	0.098425664	11.0	4.0	-0.862213	0.0	10.0	1.0	0.0	6.848765	5.0	-1.1614752	0.0	0.0	0.0	0.0	0.0	6.417801	10.0	1.4734548	0	17	0	0	1	0	614.6587406947141	1840.9543926837034	34.31168	-.ISGVHVNSSNIVPEHPR.-	DECOY_sp|Q14966-2|ZN638_HUMAN;DECOY_sp|Q14966-3|ZN638_HUMAN;DECOY_sp|Q14966-4|ZN638_HUMAN;DECOY_sp|Q14966|ZN638_HUMAN
2017dec27_overlap_dia_6b_rep1_604to616.dia:2058.7007:decoyLEPAIYEGQAK+2	-1	47201	4.456341	0.5153852	0.84108084	0.70928353	0.5019628	0.8919069	0.2766907	8.0	2.0	0.24495938	0.43290302	1.9572477	1.0	1.0	7.4694533	4.0	-2.3528235	0.86227643	0.41207814	1.0	1.0	3.0	4.6608086	1.808114	0.36628243	0	11	0	1	0	0	609.8218743086646	1217.6291956837035	34.31168	-.LEPAIYEGQAK.-	DECOY_sp|P33121-2|ACSL1_HUMAN;DECOY_sp|P33121-3|ACSL1_HUMAN;DECOY_sp|P33121|ACSL1_HUMAN;DECOY_sp|Q9ULC5-3|ACSL5_HUMAN;DECOY_sp|Q9ULC5-4|ACSL5_HUMAN;DECOY_sp|Q9ULC5|ACSL5_HUMAN
2017dec27_overlap_dia_6b_rep1_604to616.dia:2058.7007:decoySGSPKDPKSEVPVAPTLK+3	-1	47201	3.5493367	0.3661345	0.6332193	0.70292	0.4962417	0.86124176	0.21467644	7.0	3.0	-2.262131	0.0	10.0	1.0	0.0	5.5991654	3.0	-2.4276958	0.49233124	0.0	0.0	0.0	0.0	3.7259102	10.0	2.8733728	2	18	0	0	1	0	613.0070360280473	1835.999278683703	34.31168	-.SGSPKDPKSEVPVAPTLK.-	DECOY_sp|P20810-10|ICAL_HUMAN;DECOY_sp|P20810-2|ICAL_HUMAN;DECOY_sp|P20810-3|ICAL_HUMAN;DECOY_sp|P20810-4|ICAL_HUMAN;DECOY_sp|P20810-5|ICAL_HUMAN;DECOY_sp|P20810-6|ICAL_HUMAN;DECOY_sp|P20810-7|ICAL_HUMAN;DECOY_sp|P20810-8|ICAL_HUMAN;DECOY_sp|P20810-9|ICAL_HUMAN;DECOY_sp|P20810|ICAL_HUMAN
2017dec27_overlap_dia_6b_rep1_604to616.dia:2064.9194:SMQQLDPSPAR+2	1	47357	5.0893183	0.51873565	0.89365584	0.338497	0.21983701	-0.66999924	0.63005763	9.0	1.0	-0.959941	0.51841235	-2.3708487	1.0	1.0	7.4870033	6.0	-0.5616894	0.6536045	0.11981397	1.0	1.0	6.0	2.8114243	6.1309457	1.5711828	0	11	0	1	0	0	615.3007873086647	1228.5870216837036	34.415325	-.SMQQLDPSPAR.-	sp|Q9H410-2|DSN1_HUMAN;sp|Q9H410-3|DSN1_HUMAN;sp|Q9H410-4|DSN1_HUMAN;sp|Q9H410|DSN1_HUMAN
2017dec27_overlap_dia_6b_rep1_604to616.dia:2064.9194:decoyLPGFFNEEKK+2	-1	47357	3.526799	0.37149203	0.6808041	0.6673722	0.46516192	0.6963238	0.2724623	7.0	0.0	-1.3620833	0.0	10.0	1.0	0.0	6.9157624	5.0	-2.1976054	0.7676522	0.0	1.0	0.0	3.0	9.6389885	10.0	1.9733251	1	10	0	1	0	0	604.8191383086646	1207.6237236837035	34.415325	-.LPGFFNEEKK.-	DECOY_sp|Q9NZI8-2|IF2B1_HUMAN;DECOY_sp|Q9NZI8|IF2B1_HUMAN
2017dec27_overlap_dia_6b_rep1_604to616.dia:2064.9194:decoyNDNIYFNGAAK+2	-1	47357	4.313651	0.9371336	1.4595642	0.5106583	0.34119654	0.0426398	0.7485944	8.0	0.0	1.6964389	0.20751831	4.4757113	1.0	1.0	7.7497234	6.0	-1.901787	0.65335107	0.0	0.0	0.0	0.0	8.609024	0.7156143	1.0851971	0	11	0	1	0	0	613.7936473086646	1225.5727416837035	34.415325	-.NDNIYFNGAAK.-	DECOY_sp|P30038-2|AL4A1_HUMAN;DECOY_sp|P30038-3|AL4A1_HUMAN;DECOY_sp|P30038|AL4A1_HUMAN
2017dec27_overlap_dia_6b_rep1_604to616.dia:2071.0066:ASAPSPNAQVAC[+57.0214635]DHC[+57.0214635]LK+3	1	47513	18.337421	1.980793	1.8751361	0.8939174	0.7041079	2.131395	0.15089187	20.0	17.0	1.5503983	0.99198186	5.4912186	0.0	3.0	8.145014	10.0	3.8646917	0.89107347	0.94739133	1.0	1.0	15.0	0.16568375	1.7592936	0.93915653	0	17	0	0	1	0	609.2821773613807	1824.8247026837034	34.516777	-.ASAPSPNAQVAC[+57.0214635]DHC[+57.0214635]LK.-	sp|Q14258|TRI25_HUMAN
2017dec27_overlap_dia_6b_rep1_604to616.dia:2075.1868:decoyKFLGGEWPTGK+2	-1	47617	4.559398	0.73620194	1.1688745	0.8992434	0.7117644	2.188846	0.12770541	8.0	2.0	3.5378942	0.0	10.0	1.0	0.0	7.800202	5.0	-0.8885646	0.0	0.0	0.0	0.0	0.0	19.494827	10.0	2.9266524	1	11	0	1	0	0	610.3271313086647	1218.6397096837036	34.586445	-.KFLGGEWPTGK.-	DECOY_sp|P63279|UBC9_HUMAN
2017dec27_overlap_dia_6b_rep1_604to616.dia:2075.1868:decoyKYAEELPLVR+2	-1	47617	2.7721944	0.53686607	0.7939507	0.8219809	0.61426204	1.5298263	0.12785797	6.0	1.0	2.875419	0.0	10.0	1.0	0.0	7.342562	4.0	-2.35893	0.91964626	0.0	1.0	0.0	3.0	11.249336	10.0	2.264177	1	10	0	1	0	0	609.3480588086645	1216.6815646837033	34.586445	-.KYAEELPLVR.-	DECOY_sp|Q9H223|EHD4_HUMAN
2017dec27_overlap_dia_6b_rep1_604to616.dia:2075.1868:decoyQSLLYDGC[+57.0214635]VR+2	-1	47617	2.730454	0.38457957	0.83198994	0.7466574	0.53668505	1.0808636	0.31960112	6.0	1.0	1.6957121	0.0	10.0	1.0	0.0	7.014046	3.0	-3.0	0.25186646	0.7156339	0.0	1.0	4.0	14.2714615	10.0	1.0844703	0	10	0	1	0	0	605.7978760586647	1209.5811991837036	34.586445	-.QSLLYDGC[+57.0214635]VR.-	DECOY_sp|Q9Y6Y0|NS1BP_HUMAN
2017dec27_overlap_dia_6b_rep1_604to616.dia:2079.3809:decoyLMNC[+57.0214635]C[+57.0214635]PC[+57.0214635]TR+2	-1	47721	0.9236271	0.1841242	0.30030763	0.3494747	0.2272799	-0.62134904	0.46044716	4.0	0.0	1.1211314	0.0	10.0	1.0	0.0	5.1003366	3.0	-3.0	0.81153697	0.0	1.0	0.0	3.0	2.8000736	10.0	0.5098896	0	9	0	1	0	0	606.2430465586646	1210.4715401837034	34.65635	-.LMNC[+57.0214635]C[+57.0214635]PC[+57.0214635]TR.-	DECOY_sp|Q5VTR2|BRE1A_HUMAN
2017dec27_overlap_dia_6b_rep1_604to616.dia:2083.6057:GTQNIPAGKPSLQTSSAR+3	1	47825	11.8753605	1.1176707	0.973022	0.5739317	0.38916504	0.2979107	0.7816318	15.0	3.0	1.0551602	0.95895153	3.9861596	0.0	3.0	6.7035184	8.0	2.2899647	0.48850742	0.6188386	0.0	1.0	1.0	0.23210907	0.28019834	0.44391835	0	18	0	0	1	0	604.9902683613808	1811.9489756837036	34.72676	-.GTQNIPAGKPSLQTSSAR.-	sp|Q86YP4-2|P66A_HUMAN;sp|Q86YP4-3|P66A_HUMAN;sp|Q86YP4|P66A_HUMAN
2017dec27_overlap_dia_6b_rep1_604to616.dia:2087.8655:LAEFQTDSQGK+2	1	47929	8.558143	1.5165753	1.9261612	0.75475276	0.54448634	1.1241233	0.47547156	12.0	1.0	1.1117347	0.9793707	3.9865804	0.0	2.0	8.306369	9.0	3.3639994	0.85504305	0.7777129	1.0	1.0	7.0	0.3146286	0.28061914	0.50049293	0	11	0	1	0	0	612.2987678086647	1222.5829826837037	34.797756	-.LAEFQTDSQGK.-	sp|Q86TI2-2|DPP9_HUMAN;sp|Q86TI2-4|DPP9_HUMAN;sp|Q86TI2|DPP9_HUMAN
2017dec27_overlap_dia_6b_rep1_604to616.dia:2096.3286:EQAALSQANGIK+2	1	48137	5.5238748	0.44115853	0.76527196	0.920686	0.7447398	2.4517045	0.03712794	9.0	2.0	3.1602163	0.22514679	7.544149	0.0	2.0	7.3518577	6.0	-2.1629722	0.5366797	0.44169384	1.0	1.0	5.0	0.055511475	3.8183875	2.3834631	0	12	0	1	0	0	615.3278593086646	1228.6411656837035	34.93881	-.EQAALSQANGIK.-	sp|O95361-2|TRI16_HUMAN;sp|O95361|TRI16_HUMAN;sp|Q309B1-2|TR16L_HUMAN;sp|Q309B1|TR16L_HUMAN
2017dec27_overlap_dia_6b_rep1_604to616.dia:2096.3286:HFVALSTNTTK+2	1	48137	18.372095	2.004279	2.8570166	0.96821505	0.83906037	3.4164612	0.06356957	20.0	14.0	3.5405083	0.8138395	7.3746457	0.038040485	1.0	10.158368	10.0	14.789618	0.7005463	0.98445565	1.0	1.0	19.0	0.30268478	3.6488843	2.763755	0	11	0	1	0	0	609.8274953086647	1217.6404376837036	34.93881	-.HFVALSTNTTK.-	sp|P06744-2|G6PI_HUMAN;sp|P06744|G6PI_HUMAN
2017dec27_overlap_dia_6b_rep1_604to616.dia:2096.3286:decoyHTTNTSLAVFK+2	-1	48137	3.3655183	0.4782162	0.7494538	0.46034947	0.30455184	-0.15893586	0.50599164	7.0	3.0	4.021373	0.8138395	7.3746457	0.038040485	1.0	7.4486775	5.0	-2.5593266	0.34357712	0.7232237	0.0	1.0	3.0	0.30268478	3.6488843	3.2446196	0	11	0	1	0	0	609.8274953086647	1217.6404376837036	34.93881	-.HTTNTSLAVFK.-	DECOY_sp|P06744-2|G6PI_HUMAN;DECOY_sp|P06744|G6PI_HUMAN
2017dec27_overlap_dia_6b_rep1_604to616.dia:2102.6577:AKESWEMDTK+2	1	48293	3.5560362	0.3086698	0.4472963	0.71384746	0.50609803	0.9141443	0.25006047	7.0	0.0	6.859686	0.0	10.0	1.0	0.0	7.5095596	4.0	-1.8809237	0.82974845	0.0	0.0	0.0	4.0	3.6984901	10.0	5.9525437	1	10	0	1	0	0	612.7818958086647	1223.5492386837036	35.044296	-.AKESWEMDTK.-	sp|Q13451|FKBP5_HUMAN
2017dec27_overlap_dia_6b_rep1_604to616.dia:2102.6577:decoyASSANIEFITR+2	-1	48293	2.619843	0.14417858	0.24769734	0.5787756	0.39293855	0.31774905	0.4429913	6.0	0.0	8.097238	0.0	10.0	1.0	0.0	6.6386924	3.0	-2.9891183	0.8721931	0.0	1.0	0.0	3.0	20.72499	10.0	7.1900954	0	11	0	1	0	0	604.8171268086646	1207.6197006837035	35.044296	-.ASSANIEFITR.-	DECOY_sp|Q8TDD1-2|DDX54_HUMAN;DECOY_sp|Q8TDD1|DDX54_HUMAN
2017dec27_overlap_dia_6b_rep1_604to616.dia:2104.7544:decoyALQEPNLSPDK+2	-1	48345	5.2437463	0.35827744	0.59717995	0.4830398	0.3209347	-0.06786685	0.3988017	9.0	1.0	5.699271	0.0	10.0	1.0	0.0	7.5212245	5.0	-0.51164055	0.0	0.0	0.0	0.0	0.0	10.793987	10.0	4.7489376	0	11	0	1	0	0	606.3169598086646	1210.6193666837034	35.07924	-.ALQEPNLSPDK.-	DECOY_sp|Q9UNF0-2|PACN2_HUMAN;DECOY_sp|Q9UNF0|PACN2_HUMAN
2017dec27_overlap_dia_6b_rep1_604to616.dia:2104.7544:decoyTGIGTNAGTVIVK+2	-1	48345	3.5110028	0.22992659	0.49162593	0.64353466	0.44506556	0.5907389	0.35084933	7.0	1.0	7.515682	0.0	10.0	1.0	0.0	7.2274184	5.0	-2.8971622	0.900958	0.0	1.0	0.0	5.0	9.007397	10.0	6.5653486	0	13	0	1	0	0	615.8562533086647	1229.6979536837036	35.07924	-.TGIGTNAGTVIVK.-	DECOY_sp|Q8NBN7|RDH13_HUMAN
2017dec27_overlap_dia_6b_rep1_604to616.dia:2106.8386:decoyFIHANLENHK+2	-1	48397	2.5974612	0.36178938	0.44530004	0.5497035	0.37051857	0.19947273	0.39130342	6.0	1.0	3.9388442	0.0	10.0	1.0	0.0	6.8448553	4.0	-1.6834431	0.777747	0.20797844	0.0	1.0	3.0	4.339321	10.0	2.945573	0	10	0	1	0	0	611.8200038086646	1221.6254546837035	35.113976	-.FIHANLENHK.-	DECOY_sp|P12270-2|TPR_HUMAN;DECOY_sp|P12270|TPR_HUMAN
2017dec27_overlap_dia_6b_rep1_604to616.dia:2108.8728:decoyLKVDEHGYIEPAISAAK+3	-1	48449	4.4202223	0.46371305	0.7648085	0.652682	0.45271248	0.63084924	0.29394656	8.0	2.0	7.8773165	0.0	10.0	1.0	0.0	5.8926263	4.0	-0.20834589	0.8546129	0.0	1.0	0.0	6.0	12.314812	10.0	6.8421354	1	17	0	0	1	0	614.3316283613807	1839.9730556837033	35.14788	-.LKVDEHGYIEPAISAAK.-	DECOY_sp|P33993-3|MCM7_HUMAN;DECOY_sp|P33993|MCM7_HUMAN
2017dec27_overlap_dia_6b_rep1_604to616.dia:2115.33:AYPNNYETMK+2	1	48606	5.5195675	0.67325884	1.0042648	0.911599	0.73030293	2.3333168	0.12586102	9.0	0.0	5.765452	0.0	10.0	1.0	0.0	7.114689	7.0	0.023153782	0.5999758	0.033812925	1.0	1.0	4.0	0.06901169	10.0	4.665037	0	10	0	1	0	0	615.7766048086647	1229.5386566837037	35.2555	-.AYPNNYETMK.-	sp|Q6PD62|CTR9_HUMAN
2017dec27_overlap_dia_6b_rep1_604to616.dia:2121.6304:KFTYLGSQDR+2	1	48762	5.5050173	0.66194814	0.8471013	0.88156426	0.6870182	2.0073273	0.18653706	9.0	1.0	-1.0433681	0.0	10.0	1.0	0.0	8.016134	7.0	-1.7829773	0.5120019	0.62093365	1.0	1.0	3.0	0.18416977	10.0	2.1437829	1	10	0	1	0	0	607.8118408086647	1213.6091286837036	35.360508	-.KFTYLGSQDR.-	sp|Q7Z2W4-2|ZCCHV_HUMAN;sp|Q7Z2W4-3|ZCCHV_HUMAN;sp|Q7Z2W4|ZCCHV_HUMAN
2017dec27_overlap_dia_6b_rep1_604to616.dia:2123.786:ETQTPVMAQPK+2	1	48814	5.4370604	0.4758021	1.0351747	0.7538704	0.5436307	1.1193624	0.1610529	9.0	0.0	2.5797343	0.0	10.0	1.0	0.0	7.135932	5.0	-0.8267107	0.6246424	0.5609705	1.0	1.0	4.0	1.672966	10.0	1.4793196	0	11	0	1	0	0	615.3133643086647	1228.6121756837038	35.39643	-.ETQTPVMAQPK.-	sp|Q13409-2|DC1I2_HUMAN;sp|Q13409-3|DC1I2_HUMAN;sp|Q13409-5|DC1I2_HUMAN;sp|Q13409-6|DC1I2_HUMAN;sp|Q13409-7|DC1I2_HUMAN;sp|Q13409|DC1I2_HUMAN
2017dec27_overlap_dia_6b_rep1_604to616.dia:2123.786:KIFEYETQR+2	1	48814	7.534834	0.9668756	1.1806628	0.85837615	0.65705276	1.8018677	0.27996585	11.0	1.0	1.881599	0.0	10.0	1.0	0.0	8.372657	8.0	2.0554218	0.6938598	0.71446145	1.0	1.0	5.0	0.23971558	10.0	0.7811842	1	9	0	1	0	0	607.3142163086646	1212.6138796837035	35.39643	-.KIFEYETQR.-	sp|P50402|EMD_HUMAN
2017dec27_overlap_dia_6b_rep1_604to616.dia:2132.2212:GLLVDRPSETK+2	1	49022	7.524082	0.49684244	0.74819916	0.8373867	0.6318354	1.6389111	0.089270614	11.0	0.0	2.161274	0.82354605	6.2686114	0.0	1.0	7.4333344	6.0	3.1433244	0.92802036	0.98233867	1.0	1.0	8.0	0.14704132	3.7815514	1.0608592	0	11	0	1	0	0	607.8406023086648	1213.6666516837038	35.53702	-.GLLVDRPSETK.-	sp|Q9UKV3-2|ACINU_HUMAN;sp|Q9UKV3-3|ACINU_HUMAN;sp|Q9UKV3-5|ACINU_HUMAN;sp|Q9UKV3|ACINU_HUMAN
2017dec27_overlap_dia_6b_rep1_604to616.dia:2132.2212:LNEQQSVLQR+2	1	49022	8.643819	1.4028465	1.6140902	0.91935015	0.74256957	2.4335501	0.14786153	12.0	1.0	0.32200825	0.5229515	-1.3679222	1.0	1.0	8.648385	9.0	2.6659493	0.91625583	-0.07404641	1.0	1.0	11.0	0.059028625	3.8549824	0.7784065	0	10	0	1	0	0	607.8280263086647	1213.6414996837036	35.53702	-.LNEQQSVLQR.-	sp|Q14683|SMC1A_HUMAN
2017dec27_overlap_dia_6b_rep1_604to616.dia:2132.2212:QQSEISAAVER+2	1	49022	9.761312	1.2139943	1.5578401	0.9268946	0.7550645	2.5399377	0.13689528	13.0	1.0	-0.9719601	0.98041093	-1.4466876	0.0	3.0	8.367778	9.0	-0.47242165	0.9029064	0.9787303	1.0	1.0	10.0	0.016147614	3.9337478	2.0723748	0	11	0	1	0	0	609.3096663086646	1216.6047796837036	35.53702	-.QQSEISAAVER.-	sp|Q9Y520-2|PRC2C_HUMAN;sp|Q9Y520-3|PRC2C_HUMAN;sp|Q9Y520-4|PRC2C_HUMAN;sp|Q9Y520-5|PRC2C_HUMAN;sp|Q9Y520-6|PRC2C_HUMAN;sp|Q9Y520-7|PRC2C_HUMAN;sp|Q9Y520|PRC2C_HUMAN
2017dec27_overlap_dia_6b_rep1_604to616.dia:2132.2212:VIPEDGPAAQNPENVKR+3	1	49022	14.499341	1.2193094	1.2134969	0.8877137	0.6954149	2.0675972	0.15474242	17.0	7.0	0.4938606	0.9993493	4.452313	0.0	3.0	7.6751895	9.0	7.6735873	0.8943341	0.9382028	1.0	1.0	14.0	0.14845276	1.9652529	0.60655415	1	17	0	0	1	0	611.9866350280475	1832.9380756837038	35.53702	-.VIPEDGPAAQNPENVKR.-	sp|Q02218-2|ODO1_HUMAN;sp|Q02218|ODO1_HUMAN
2017dec27_overlap_dia_6b_rep1_604to616.dia:2132.2212:decoyGNSPPSEPGGRR+2	-1	49022	1.8581464	0.4076322	0.7514982	0.60112524	0.41056144	0.41015577	0.20884968	5.0	0.0	0.9468255	0.0	10.0	1.0	0.0	5.9462533	3.0	-3.0	0.9035107	0.0	1.0	0.0	2.0	4.002432	10.0	0.15358925	1	12	0	1	0	0	605.7997998086646	1209.5850466837035	35.53702	-.GNSPPSEPGGRR.-	DECOY_sp|Q6ZW31-2|SYDE1_HUMAN;DECOY_sp|Q6ZW31|SYDE1_HUMAN
2017dec27_overlap_dia_6b_rep1_604to616.dia:2132.2212:decoyLPSVATEEAAAR+2	-1	49022	3.2035367	0.3713041	0.98335177	0.31703418	0.205374	-0.7674352	0.9143177	7.0	1.0	-0.30132163	0.0	10.0	1.0	0.0	6.6985064	5.0	-2.5869825	0.61922264	0.0	1.0	0.0	4.0	0.5965767	10.0	1.4017364	0	12	0	1	0	0	607.8224098086646	1213.6302666837034	35.53702	-.LPSVATEEAAAR.-	DECOY_sp|Q9BUH6|PAXX_HUMAN
2017dec27_overlap_dia_6b_rep1_604to616.dia:2132.2212:decoyQQIEEKALDR+2	-1	49022	5.493989	1.0008625	1.5738841	0.85945946	0.6583994	1.8108077	0.101994246	9.0	1.0	1.5223534	0.0	10.0	1.0	0.0	7.658532	6.0	-2.0715823	0.82227165	0.0	0.0	0.0	4.0	5.5293503	10.0	0.42193866	1	10	0	1	0	0	615.3278593086645	1228.6411656837033	35.53702	-.QQIEEKALDR.-	DECOY_sp|Q99567|NUP88_HUMAN
2017dec27_overlap_dia_6b_rep1_604to616.dia:2132.2212:decoyVVDVDPANIDR+2	-1	49022	3.2583249	0.5249449	0.94859505	0.3596616	0.23421574	-0.57683325	0.66252285	7.0	1.0	0.5665802	0.52481234	7.952745	1.0	1.0	6.745919	4.0	-2.10848	0.87537724	0.0	1.0	0.0	5.0	15.377525	5.465685	0.5338346	0	11	0	1	0	0	606.8145843086646	1211.6146156837035	35.53702	-.VVDVDPANIDR.-	DECOY_sp|Q09666|AHNK_HUMAN
2017dec27_overlap_dia_6b_rep1_604to616.dia:2134.2922:QLEAIDQLHLEYAKR+3	1	49074	8.584962	0.6563884	0.84063387	0.8028311	0.5933479	1.4040837	0.31119063	12.0	1.0	-1.5074037	0.0	10.0	1.0	0.0	7.233126	5.0	0.28871918	0.8100509	0.0	1.0	0.0	4.0	19.655907	10.0	2.6078186	1	15	0	0	1	0	609.6634896947141	1825.9686396837037	35.571537	-.QLEAIDQLHLEYAKR.-	sp|O43707-2|ACTN4_HUMAN;sp|O43707-3|ACTN4_HUMAN;sp|O43707|ACTN4_HUMAN
2017dec27_overlap_dia_6b_rep1_604to616.dia:2134.2922:SDVEDHSVHLLFSANR+3	1	49074	5.179528	0.53085154	0.64480776	0.4166439	0.27358764	-0.336566	0.42253527	9.0	1.0	2.5191302	0.0	10.0	1.0	0.0	6.3869452	3.0	-1.9407113	0.9176109	0.0	0.0	0.0	3.0	16.915943	10.0	1.4187155	0	16	0	0	1	0	609.2991010280474	1824.8754736837034	35.571537	-.SDVEDHSVHLLFSANR.-	sp|P23919-2|KTHY_HUMAN;sp|P23919|KTHY_HUMAN
2017dec27_overlap_dia_6b_rep1_604to616.dia:2134.2922:decoyENIGVDIVAAGR+2	-1	49074	5.22361	0.85255116	1.406005	0.46115452	0.3051293	-0.15569569	0.5551215	9.0	2.0	0.24267578	0.5270182	-5.7952747	1.0	1.0	7.8001533	5.0	-1.7148376	0.82864475	0.0	0.0	0.0	3.0	17.75507	8.205386	0.857739	0	12	0	1	0	0	607.3304018086645	1212.6462506837033	35.571537	-.ENIGVDIVAAGR.-	DECOY_sp|P13995-2|MTDC_HUMAN;DECOY_sp|P13995|MTDC_HUMAN
2017dec27_overlap_dia_6b_rep1_604to616.dia:2134.2922:decoyIQIQPLSEMR+2	-1	49074	3.6383324	0.47598863	0.79013366	0.86278296	0.6625612	1.8385992	0.21842818	7.0	0.0	1.1783296	0.0	10.0	1.0	0.0	7.2888184	5.0	-1.6338897	0.87578064	0.46561992	1.0	1.0	2.0	18.429451	10.0	0.077914834	0	10	0	1	0	0	607.8317233086647	1213.6488936837036	35.571537	-.IQIQPLSEMR.-	DECOY_sp|Q8WXH0-2|SYNE2_HUMAN;DECOY_sp|Q8WXH0-7|SYNE2_HUMAN;DECOY_sp|Q8WXH0|SYNE2_HUMAN
2017dec27_overlap_dia_6b_rep1_604to616.dia:2138.4941:MYGC[+57.0214635]DVGPDGR+2	1	49178	12.1011305	1.7474396	2.2641532	0.96523017	0.8316307	3.3236165	0.06697314	15.0	7.0	-1.0554731	0.9683236	2.9928346	0.0	2.0	9.589536	10.0	13.858252	0.92658436	0.97812265	1.0	1.0	14.0	0.2700119	0.7388463	2.1558878	0	11	0	1	0	0	613.7500690586646	1225.4855851837035	35.641567	-.MYGC[+57.0214635]DVGPDGR.-	sp|P04222|1C03_HUMAN;sp|P18462|1A25_HUMAN;sp|P30450|1A26_HUMAN;sp|P30453|1A34_HUMAN;sp|P30456|1A43_HUMAN;sp|P30457|1A66_HUMAN;sp|P30464|1B15_HUMAN;sp|P30466|1B18_HUMAN;sp|P30475|1B39_HUMAN;sp|P30479|1B41_HUMAN;sp|P30481|1B44_HUMAN;sp|P30484|1B46_HUMAN;sp|Q29836|1B67_HUMAN;sp|Q95365|1B38_HUMAN
2017dec27_overlap_dia_6b_rep1_604to616.dia:2140.6345:IAESTEWQEK+2	1	49230	3.3878684	0.2964271	0.4849806	0.48466063	0.32211375	-0.061376754	0.6822762	7.0	0.0	1.4187951	0.7385992	-1.5269971	0.48748145	1.0	7.0533214	4.0	-1.4130163	0.0	0.0	0.0	0.0	0.0	0.01625061	3.7014582	0.31838036	0	10	0	1	0	0	610.7933178086647	1219.5720826837037	35.677242	-.IAESTEWQEK.-	sp|Q14789-2|GOGB1_HUMAN;sp|Q14789-3|GOGB1_HUMAN;sp|Q14789-4|GOGB1_HUMAN;sp|Q14789|GOGB1_HUMAN
2017dec27_overlap_dia_6b_rep1_604to616.dia:2140.6345:LEGNTVGVEAAR+2	1	49230	10.888116	1.1022422	1.2244413	0.88655883	0.69382185	2.0560632	0.17917037	14.0	2.0	0.5067122	0.9198172	4.303567	0.0	2.0	8.511073	11.0	4.57657	0.53689796	0.31755084	1.0	1.0	7.0	0.10048294	2.1291058	0.59370255	0	12	0	1	0	0	608.3200343086647	1214.6255156837037	35.677242	-.LEGNTVGVEAAR.-	sp|P46060|RAGP1_HUMAN
2017dec27_overlap_dia_6b_rep1_604to616.dia:2140.6345:LSSLNLDDHAK+2	1	49230	2.773571	0.42086768	0.62734437	0.8245904	0.61718875	1.5477629	0.17884763	6.0	0.0	2.504147	0.0	10.0	1.0	0.0	6.637197	4.0	-1.5032678	0.0	0.0	0.0	0.0	0.0	2.198452	10.0	1.4037323	0	11	0	1	0	0	606.8145838086647	1211.6146146837036	35.677242	-.LSSLNLDDHAK.-	sp|P82673|RT35_HUMAN
2017dec27_overlap_dia_6b_rep1_604to616.dia:2140.6345:QNADPQAVTMPATETKK+3	1	49230	11.84315	0.726002	0.8895635	0.5329053	0.3577996	0.13181159	0.36708245	15.0	1.0	0.724573	0.97386926	5.142298	0.0	3.0	6.9834304	6.0	5.0770073	0.8483424	0.7435482	1.0	1.0	12.0	0.18413544	2.967837	0.37584174	1	17	0	0	1	0	610.6402483613809	1828.898915683704	35.677242	-.QNADPQAVTMPATETKK.-	sp|Q9UNF1-2|MAGD2_HUMAN;sp|Q9UNF1|MAGD2_HUMAN
2017dec27_overlap_dia_6b_rep1_604to616.dia:2142.6375:decoyLFFPHAQVEGADGPGAGR+3	-1	49282	7.3318863	0.7158368	1.0146782	0.53793555	0.36159128	0.15203442	0.50801164	11.0	6.0	0.5566978	0.0	10.0	1.0	0.0	6.9236717	6.0	-1.1696186	0.7060314	0.0	0.0	0.0	0.0	18.40866	10.0	0.54371697	0	18	0	0	1	0	609.3041876947138	1824.8907336837028	35.710625	-.LFFPHAQVEGADGPGAGR.-	DECOY_sp|P23443-2|KS6B1_HUMAN;DECOY_sp|P23443-3|KS6B1_HUMAN;DECOY_sp|P23443-4|KS6B1_HUMAN;DECOY_sp|P23443-5|KS6B1_HUMAN;DECOY_sp|P23443|KS6B1_HUMAN
2017dec27_overlap_dia_6b_rep1_604to616.dia:2144.6936:KPQDQLVIER+2	1	49334	8.594827	0.7753468	1.2111214	0.82127553	0.61347425	1.5250133	0.326255	12.0	0.0	-0.636227	0.97157365	2.9702306	0.0	2.0	7.7006044	7.0	1.5666242	0.72829366	0.8327337	1.0	1.0	6.0	0.31329346	0.9465852	1.7366418	0	10	0	1	0	0	613.3485948086648	1224.6826366837038	35.744892	-.KPQDQLVIER.-	sp|Q8WWI1-2|LMO7_HUMAN;sp|Q8WWI1-3|LMO7_HUMAN;sp|Q8WWI1-4|LMO7_HUMAN;sp|Q8WWI1-5|LMO7_HUMAN;sp|Q8WWI1|LMO7_HUMAN
2017dec27_overlap_dia_6b_rep1_604to616.dia:2148.784:NSC[+57.0214635]NVLHPQSPNNSNR+3	1	49438	4.439598	0.5746111	0.8612325	0.68245995	0.4781797	0.7650999	0.4236505	8.0	2.0	-0.9146348	0.0	10.0	1.0	0.0	5.831798	4.0	-0.97264767	0.0	0.0	0.0	0.0	0.0	5.805393	10.0	2.0150495	0	16	0	0	1	0	613.2834561947142	1836.8285391837037	35.813065	-.NSC[+57.0214635]NVLHPQSPNNSNR.-	sp|Q7Z333-3|SETX_HUMAN;sp|Q7Z333-4|SETX_HUMAN;sp|Q7Z333|SETX_HUMAN
2017dec27_overlap_dia_6b_rep1_604to616.dia:2148.784:decoyETVDEETAAVR+2	-1	49438	6.289794	0.5743391	0.8352149	0.53706974	0.3609376	0.14855151	0.60596025	10.0	1.0	-0.80773544	0.51039386	8.361278	1.0	1.0	7.1304684	7.0	-1.8489387	0.0	0.0	0.0	0.0	0.0	5.361532	6.3977385	1.9081502	0	11	0	1	0	0	610.2936823086646	1218.5728116837035	35.813065	-.ETVDEETAAVR.-	DECOY_sp|Q8WWI1-2|LMO7_HUMAN;DECOY_sp|Q8WWI1-3|LMO7_HUMAN;DECOY_sp|Q8WWI1-4|LMO7_HUMAN;DECOY_sp|Q8WWI1-5|LMO7_HUMAN;DECOY_sp|Q8WWI1|LMO7_HUMAN
2017dec27_overlap_dia_6b_rep1_604to616.dia:2148.784:decoyFGQIASSNDC[+57.0214635]K+2	-1	49438	3.2099452	0.33847514	0.62748504	0.32174703	0.20854014	-0.74575466	0.8479046	7.0	1.0	1.0005683	0.0	10.0	1.0	0.0	6.2668443	4.0	-2.0707061	0.68768954	0.0	1.0	0.0	4.0	5.4409733	10.0	0.09984648	0	11	0	1	0	0	613.7771445586646	1225.5397361837036	35.813065	-.FGQIASSNDC[+57.0214635]K.-	DECOY_sp|O15067|PUR4_HUMAN
2017dec27_overlap_dia_6b_rep1_604to616.dia:2148.784:decoyGQVVEINEVDK+2	-1	49438	6.26216	0.73359245	1.1457528	0.50396055	0.33624864	0.015842522	0.52500725	10.0	1.0	-2.3475888	0.8244864	7.996674	0.0	1.0	6.8899674	5.0	-0.89950037	0.0	0.0	0.0	0.0	0.0	6.90337	6.033135	3.4480035	0	11	0	1	0	0	615.3222423086645	1228.6299316837033	35.813065	-.GQVVEINEVDK.-	DECOY_sp|P42704|LPPRC_HUMAN
2017dec27_overlap_dia_6b_rep1_604to616.dia:2150.8125:decoyEQTELQQLVK+2	-1	49490	5.475725	0.4873834	0.67470044	0.82406515	0.61659807	1.5441358	0.07462703	9.0	0.0	0.11306833	0.0	10.0	1.0	0.0	7.030104	5.0	-1.1534648	0.48301446	0.0	0.0	0.0	0.0	8.594212	10.0	0.9873464	0	10	0	1	0	0	608.3326108086648	1214.6506686837038	35.846874	-.EQTELQQLVK.-	DECOY_sp|Q92696|PGTA_HUMAN
2017dec27_overlap_dia_6b_rep1_604to616.dia:2152.9626:AGAGMITQHSSNASPINR+3	1	49542	20.976603	1.2536445	1.4283563	0.8430174	0.638446	1.6808527	0.2178463	22.0	6.0	-1.5768732	0.81548274	-0.39462242	0.0	3.0	7.9740868	9.0	9.850168	0.649023	0.9101575	1.0	1.0	12.0	0.26111603	2.3581614	2.677288	0	18	0	0	1	0	604.6320863613807	1810.8744296837035	35.88271	-.AGAGMITQHSSNASPINR.-	sp|Q9NWH9-3|SLTM_HUMAN;sp|Q9NWH9|SLTM_HUMAN
2017dec27_overlap_dia_6b_rep1_604to616.dia:2154.9973:GKLDGNQDLIR+2	1	49594	6.42614	1.1247642	1.4223652	0.7351509	0.5257774	1.0209155	0.5046387	10.0	2.0	0.23294854	0.8252837	-5.202989	0.0	1.0	8.011445	7.0	0.48906755	0.91990364	0.8769871	1.0	1.0	6.0	0.06681824	7.1605916	0.8674662	1	11	0	1	0	0	614.8358513086647	1227.6571496837037	35.916622	-.GKLDGNQDLIR.-	sp|P48735-2|IDHP_HUMAN;sp|P48735|IDHP_HUMAN
2017dec27_overlap_dia_6b_rep1_604to616.dia:2157.1309:decoyWQEPTMYDR+2	-1	49646	2.518329	0.3483114	0.5128447	0.45813796	0.3029669	-0.167841	0.71723765	6.0	0.0	-2.663795	0.8173751	-3.5327327	0.0	2.0	6.7837386	4.0	-0.9028902	0.0	0.0	0.0	0.0	0.0	12.304909	5.476472	3.7642097	0	9	0	1	0	0	613.2689518086645	1224.5233506837033	35.952183	-.WQEPTMYDR.-	DECOY_sp|Q10471-2|GALT2_HUMAN;DECOY_sp|Q10471|GALT2_HUMAN
2017dec27_overlap_dia_6b_rep1_604to616.dia:2159.184:DGQVINETSQHHDDLE+3	1	49698	17.083628	2.7622237	2.3254616	0.9966292	0.94771403	5.6892223	0.0052653737	19.0	15.0	0.032577977	0.9992469	3.5821972	0.0	3.0	8.902898	9.0	-0.54384804	0.72414964	0.98826945	1.0	1.0	19.0	0.11680603	1.6384583	1.0678368	0	16	0	0	1	0	612.9380096947141	1835.7921996837035	35.9864	-.DGQVINETSQHHDDLE.-	sp|P08670|VIME_HUMAN
2017dec27_overlap_dia_6b_rep1_604to616.dia:2167.4612:AASAAFQENVGR+2	1	49906	9.761839	0.85824573	1.1117389	0.92802036	0.75698113	2.5566704	0.0976693	13.0	0.0	-0.8547889	0.1969348	-0.72480196	1.0	1.0	8.393494	9.0	-0.05726862	0.8863442	0.44973275	1.0	1.0	6.0	0.09405136	2.4569042	1.9432727	0	12	0	1	0	0	610.8045513086646	1219.5945496837035	36.12435	-.AASAAFQENVGR.-	sp|Q9BTW9-4|TBCD_HUMAN;sp|Q9BTW9-5|TBCD_HUMAN;sp|Q9BTW9|TBCD_HUMAN
2017dec27_overlap_dia_6b_rep1_604to616.dia:2167.4612:GLANPEPAPEPK+2	1	49906	10.916518	1.053297	1.5729724	0.94647527	0.79076767	2.872601	0.10173819	14.0	1.0	-0.7836629	0.9768331	2.519723	0.0	2.0	8.677143	9.0	1.7551217	0.83987945	0.82478136	1.0	1.0	11.0	0.0660553	0.78762066	1.8721467	0	12	0	1	0	0	610.3195028086648	1218.6244526837038	36.12435	-.GLANPEPAPEPK.-	sp|O15027-2|SC16A_HUMAN;sp|O15027-3|SC16A_HUMAN;sp|O15027-4|SC16A_HUMAN;sp|O15027-5|SC16A_HUMAN;sp|O15027|SC16A_HUMAN
2017dec27_overlap_dia_6b_rep1_604to616.dia:2167.4612:SEFEQNLSEK+2	1	49906	8.591078	1.4172523	1.9391731	0.81421715	0.605667	1.4776485	0.3633955	12.0	2.0	-1.4307761	0.9754685	4.211501	0.0	2.0	9.030966	8.0	2.8077884	0.83097017	0.9743114	1.0	1.0	11.0	0.13669586	2.4793987	2.51926	0	10	0	1	0	0	605.7829493086648	1209.5513456837039	36.12435	-.SEFEQNLSEK.-	sp|Q16891-2|MIC60_HUMAN;sp|Q16891-3|MIC60_HUMAN;sp|Q16891-4|MIC60_HUMAN;sp|Q16891|MIC60_HUMAN
2017dec27_overlap_dia_6b_rep1_604to616.dia:2167.4612:decoyFEQDC[+57.0214635]LAMSK+2	-1	49906	3.4822168	0.62861335	1.0508169	0.60226285	0.4114682	0.41490266	0.36569715	7.0	0.0	0.220402	0.0	10.0	1.0	0.0	7.597955	5.0	-1.7121267	0.74524873	0.0	1.0	0.0	4.0	12.696514	10.0	0.8680818	0	10	0	1	0	0	614.7704740586646	1227.5263951837035	36.12435	-.FEQDC[+57.0214635]LAMSK.-	DECOY_sp|P47712|PA24A_HUMAN
2017dec27_overlap_dia_6b_rep1_604to616.dia:2167.4612:decoyQFQEEYEQK+2	-1	49906	1.9342047	0.37197226	0.87341785	0.7161818	0.5082238	0.92560023	0.2574507	5.0	0.0	-0.731721	0.0	10.0	1.0	0.0	6.988413	4.0	-3.0	0.62765163	0.0	0.0	0.0	3.0	2.1826172	10.0	1.8202047	0	9	0	1	0	0	614.7776638086646	1227.5407746837034	36.12435	-.QFQEEYEQK.-	DECOY_sp|Q9GZU8|F192A_HUMAN
2017dec27_overlap_dia_6b_rep1_604to616.dia:2171.5742:LAAAEETAVSPR+2	1	50010	9.70915	0.58523685	1.0576634	0.8219954	0.61427826	1.5299252	0.3370372	13.0	0.0	1.3326212	0.78999716	-1.7193917	0.0	2.0	8.676408	10.0	2.0118217	0.92806226	0.85078835	1.0	1.0	9.0	0.044029236	3.3859272	0.2441374	0	12	0	1	0	0	607.8224098086647	1213.6302666837037	36.192905	-.LAAAEETAVSPR.-	sp|Q9BUH6|PAXX_HUMAN
2017dec27_overlap_dia_6b_rep1_604to616.dia:2171.5742:QNLC[+57.0214635]VNEDVK+2	1	50010	5.4515085	0.3343037	0.5908824	0.77937293	0.5689244	1.2620158	0.16557503	9.0	0.0	0.48115808	0.6155374	5.6197495	0.9295256	1.0	7.7779455	6.0	0.048881054	0.9303001	0.49591732	1.0	1.0	7.0	0.0024986267	3.9532142	0.60732573	0	10	0	1	0	0	609.7927945586647	1217.5710361837037	36.192905	-.QNLC[+57.0214635]VNEDVK.-	sp|Q96FC9-2|DDX11_HUMAN;sp|Q96FC9-3|DDX11_HUMAN;sp|Q96FC9-4|DDX11_HUMAN;sp|Q96FC9|DDX11_HUMAN
2017dec27_overlap_dia_6b_rep1_604to616.dia:2171.5742:TSC[+57.0214635]SYC[+57.0214635]TMAK+2	1	50010	3.5948305	0.43216953	0.58799183	0.7805484	0.57012016	1.268865	0.28953075	7.0	0.0	-1.7988832	0.0	10.0	1.0	0.0	7.8503423	5.0	-1.9445424	0.94073033	0.0	1.0	0.0	5.0	6.185234	10.0	2.887367	0	10	0	1	0	0	604.7408553086647	1207.4671576837036	36.192905	-.TSC[+57.0214635]SYC[+57.0214635]TMAK.-	sp|Q9NS18-2|GLRX2_HUMAN;sp|Q9NS18|GLRX2_HUMAN
2017dec27_overlap_dia_6b_rep1_604to616.dia:2171.5742:VAYEELLDNR+2	1	50010	3.6076283	0.33320317	0.565703	0.80389184	0.5944819	1.4107984	0.1782507	7.0	0.0	0.9107758	0.20342539	3.6638927	1.0	1.0	7.6649446	5.0	-1.7635808	0.57939535	0.0	0.0	0.0	0.0	19.423485	1.9973574	0.17770803	0	10	0	1	0	0	611.3091303086647	1220.6037076837038	36.192905	-.VAYEELLDNR.-	sp|Q6UXD5-3|SE6L2_HUMAN;sp|Q6UXD5-5|SE6L2_HUMAN;sp|Q6UXD5-6|SE6L2_HUMAN
2017dec27_overlap_dia_6b_rep1_604to616.dia:2171.5742:decoyALGLGEADTIEK+2	-1	50010	7.4037375	0.48329213	0.67594296	0.6347186	0.43776798	0.5525138	0.37147936	11.0	1.0	3.2738025	0.27548668	-1.8501638	1.0	1.0	8.127685	6.0	0.49596643	0.93244284	0.065194964	1.0	1.0	8.0	16.471199	3.5166993	2.1853187	0	12	0	1	0	0	608.8246183086645	1215.6346836837033	36.192905	-.ALGLGEADTIEK.-	DECOY_sp|Q14203-2|DCTN1_HUMAN;DECOY_sp|Q14203-3|DCTN1_HUMAN;DECOY_sp|Q14203-4|DCTN1_HUMAN;DECOY_sp|Q14203-5|DCTN1_HUMAN;DECOY_sp|Q14203-6|DCTN1_HUMAN;DECOY_sp|Q14203|DCTN1_HUMAN
2017dec27_overlap_dia_6b_rep1_604to616.dia:2171.5742:decoyLGANLSYEDVK+2	-1	50010	4.4497547	0.34279487	0.63903624	0.6986087	0.49239433	0.8406813	0.21644893	8.0	1.0	1.2048795	0.0	10.0	1.0	0.0	7.6346054	4.0	-2.5509844	0.9164333	0.0	1.0	0.0	7.0	8.286537	10.0	0.11639571	0	11	0	1	0	0	604.8115058086646	1207.6084586837035	36.192905	-.LGANLSYEDVK.-	DECOY_sp|P19367-2|HXK1_HUMAN;DECOY_sp|P19367-3|HXK1_HUMAN;DECOY_sp|P19367-4|HXK1_HUMAN;DECOY_sp|P19367|HXK1_HUMAN
2017dec27_overlap_dia_6b_rep1_604to616.dia:2173.7014:TVIDSQTHYR+2	1	50062	4.417923	0.71928215	0.89533097	0.6492356	0.4498222	0.61568093	0.5223516	8.0	1.0	-3.6222792	0.20003404	-5.0331225	1.0	1.0	8.57754	5.0	-2.0496328	0.53307563	-0.06593784	1.0	1.0	5.0	6.220684	6.6798577	4.710763	0	10	0	1	0	0	610.3069228086647	1218.5992926837037	36.228355	-.TVIDSQTHYR.-	sp|Q9Y3Q3|TMED3_HUMAN
2017dec27_overlap_dia_6b_rep1_604to616.dia:2175.7634:LTPEQLHSMR+2	1	50114	2.5640702	0.2260398	0.23450996	0.50902325	0.33998656	0.036096875	0.6960469	6.0	2.0	1.1619902	0.0	10.0	1.0	0.0	7.710404	5.0	-2.3239877	0.83257896	0.0	1.0	0.0	4.0	0.3730278	10.0	0.073506355	0	10	0	1	0	0	606.3136978086646	1210.6128426837035	36.262722	-.LTPEQLHSMR.-	sp|Q9Y2R0|COA3_HUMAN
2017dec27_overlap_dia_6b_rep1_604to616.dia:2182.2014:decoyNVNTFDTFNR+2	-1	50270	2.5619848	0.15604736	0.21106379	0.5065848	0.3381846	0.026340853	0.60903287	6.0	0.0	-0.57322246	0.0	10.0	1.0	0.0	7.480001	4.0	-3.0	0.9280457	0.0	1.0	0.0	4.0	16.959232	10.0	1.6617062	0	10	0	1	0	0	614.2912763086646	1226.5679996837034	36.37002	-.NVNTFDTFNR.-	DECOY_sp|Q9NQE9|HINT3_HUMAN
2017dec27_overlap_dia_6b_rep1_604to616.dia:2184.2715:NQDNLQGWNK+2	1	50322	6.5146236	0.2767777	0.308597	0.90128064	0.7147435	2.2115357	0.12349941	10.0	0.0	0.5584756	0.9777684	2.7700326	0.0	3.0	8.510745	7.0	0.4869547	0.8410312	0.984414	1.0	1.0	7.0	0.17535782	1.0440967	0.5386287	0	10	0	1	0	0	608.7889008086647	1215.5632486837037	36.404526	-.NQDNLQGWNK.-	sp|P30085-2|KCY_HUMAN;sp|P30085|KCY_HUMAN
2017dec27_overlap_dia_6b_rep1_604to616.dia:2188.5093:decoyMDALYPYSNR+2	-1	50426	1.7156304	0.18774727	0.24294163	0.4329612	0.28506255	-0.2697796	0.8022496	5.0	0.0	1.2791507	0.0	10.0	1.0	0.0	7.0760546	5.0	-2.6615467	0.3542814	0.0	1.0	0.0	5.0	11.422108	10.0	0.17873597	0	10	0	1	0	0	615.2845968086647	1228.5546406837036	36.475155	-.MDALYPYSNR.-	DECOY_sp|Q9Y580|RBM7_HUMAN
2017dec27_overlap_dia_6b_rep1_604to616.dia:2192.734:NFGEDMDDER+2	1	50530	7.598691	0.9448074	1.0633086	0.99433917	0.9322296	5.1685076	0.0052283676	11.0	1.0	2.4227772	0.9992752	3.3060791	0.0	3.0	8.84933	8.0	-1.4214406	0.93107516	0.9602914	1.0	1.0	10.0	0.47525787	1.560343	1.3223624	0	10	0	1	0	0	614.2327668086647	1226.4509806837036	36.545567	-.NFGEDMDDER.-	sp|P11940-2|PABP1_HUMAN;sp|P11940|PABP1_HUMAN;sp|Q9H361|PABP3_HUMAN
2017dec27_overlap_dia_6b_rep1_604to616.dia:2192.734:YLGAMQVADKK+2	1	50530	2.7699227	0.3038407	0.33680448	0.8176925	0.6094941	1.5007917	0.24085395	6.0	0.0	-0.7216573	0.8062974	7.6357503	0.0	1.0	6.6844807	4.0	-2.11905	0.8804425	0.6864806	1.0	1.0	5.0	0.23542786	5.890014	1.822072	1	11	0	1	0	0	612.3262698086647	1222.6379866837037	36.545567	-.YLGAMQVADKK.-	sp|Q8WYA6-2|CTBL1_HUMAN;sp|Q8WYA6-3|CTBL1_HUMAN;sp|Q8WYA6-4|CTBL1_HUMAN;sp|Q8WYA6|CTBL1_HUMAN
2017dec27_overlap_dia_6b_rep1_604to616.dia:2194.8606:LAGDHIEYYK+2	1	50582	9.654902	0.61383045	0.8052313	0.72547376	0.51675856	0.9717781	0.3623367	13.0	2.0	2.8260882	0.5555567	-0.7511445	1.0	1.0	8.309378	7.0	0.9776397	0.91153765	0.712295	1.0	1.0	9.0	0.08791733	2.4968805	1.7256734	0	10	0	1	0	0	604.8009373086647	1207.5873216837037	36.58101	-.LAGDHIEYYK.-	sp|Q15070-2|OXA1L_HUMAN;sp|Q15070-3|OXA1L_HUMAN;sp|Q15070|OXA1L_HUMAN
2017dec27_overlap_dia_6b_rep1_604to616.dia:2194.8606:SLYHDISGDTSGDYRK+3	1	50582	18.236162	1.2122608	1.2567152	0.7080092	0.500813	0.88573474	0.42047468	20.0	15.0	1.5408765	0.7324928	7.1333194	1.0	2.0	8.066516	8.0	6.080167	0.8171837	-0.05817624	1.0	1.0	8.0	0.072021484	5.3875833	0.44046175	1	16	0	0	1	0	605.283222694714	1812.8278386837035	36.58101	-.SLYHDISGDTSGDYRK.-	sp|P50995-2|ANX11_HUMAN;sp|P50995|ANX11_HUMAN
2017dec27_overlap_dia_6b_rep1_604to616.dia:2196.9167:ASEVEEILDGNDEKYK+3	1	50634	8.603528	0.48800802	0.59590864	0.8378954	0.6324283	1.6426514	0.11978948	12.0	1.0	-0.41724205	0.0	10.0	1.0	0.0	6.5866303	4.0	0.10277748	0.79906386	0.0	0.0	0.0	2.0	17.779484	10.0	1.5176568	1	16	0	0	1	0	613.6266576947141	1837.8581436837037	36.61528	-.ASEVEEILDGNDEKYK.-	sp|Q12824-2|SNF5_HUMAN;sp|Q12824|SNF5_HUMAN
2017dec27_overlap_dia_6b_rep1_604to616.dia:2196.9167:SAEQHLISMC[+57.0214635]EDHDR+3	1	50634	10.681382	0.7247248	0.8620596	0.5507741	0.37133485	0.2037989	0.562821	14.0	2.0	1.4809148	0.6918484	6.4945884	0.0	1.0	7.122038	6.0	8.012872	0.786147	0.85769266	1.0	1.0	10.0	0.17802048	4.7488523	0.38050008	0	15	0	0	1	0	609.9298035280475	1826.7675811837037	36.61528	-.SAEQHLISMC[+57.0214635]EDHDR.-	sp|Q9Y223-2|GLCNE_HUMAN;sp|Q9Y223-3|GLCNE_HUMAN;sp|Q9Y223-4|GLCNE_HUMAN;sp|Q9Y223-5|GLCNE_HUMAN;sp|Q9Y223|GLCNE_HUMAN
2017dec27_overlap_dia_6b_rep1_604to616.dia:2196.9167:VVQDTYQIMK+2	1	50634	3.4688818	0.53329885	1.1054153	0.58405143	0.3970667	0.33942738	0.2993042	7.0	0.0	1.5304112	0.3160678	-3.818207	1.0	1.0	7.1080194	4.0	-2.5445406	0.6000761	0.12484937	0.0	1.0	3.0	8.938648	5.563943	0.4299965	0	10	0	1	0	0	612.8182778086647	1223.6220026837036	36.61528	-.VVQDTYQIMK.-	sp|O14964-2|HGS_HUMAN;sp|O14964|HGS_HUMAN
2017dec27_overlap_dia_6b_rep1_604to616.dia:2196.9167:decoyEMAAEWAETGK+2	-1	50634	5.2077045	0.4541873	0.7904225	0.44457117	0.29328787	-0.2226304	0.81941754	9.0	0.0	2.156799	0.0	10.0	1.0	0.0	7.3268633	6.0	-1.7621574	0.65135205	0.0	0.0	0.0	0.0	12.204201	10.0	1.0563843	0	11	0	1	0	0	611.7740713086646	1221.5335896837034	36.61528	-.EMAAEWAETGK.-	DECOY_sp|Q14204|DYHC1_HUMAN
2017dec27_overlap_dia_6b_rep1_604to616.dia:2199.1:DTEQPTLGHLDSKPSSK+3	1	50686	5.3877954	0.846217	1.1068107	0.6730264	0.47001195	0.72190505	0.124271326	9.0	1.0	2.9746568	0.34738746	-7.946607	1.0	1.0	6.1546106	4.0	-1.3876557	0.80446815	0.0	1.0	0.0	4.0	2.467945	9.712143	1.8742421	0	17	0	0	1	0	613.9742836947142	1838.901021683704	36.65167	-.DTEQPTLGHLDSKPSSK.-	sp|Q7KZI7-11|MARK2_HUMAN;sp|Q7KZI7-15|MARK2_HUMAN;sp|Q7KZI7-16|MARK2_HUMAN;sp|Q7KZI7-4|MARK2_HUMAN;sp|Q7KZI7-5|MARK2_HUMAN;sp|Q7KZI7-8|MARK2_HUMAN;sp|Q7KZI7-9|MARK2_HUMAN;sp|Q7KZI7|MARK2_HUMAN
2017dec27_overlap_dia_6b_rep1_604to616.dia:2199.1:SYSSTLTDMGR+2	1	50686	4.4986606	0.5850259	0.8361446	0.7818792	0.5714773	1.2766511	0.28159192	8.0	0.0	-0.18125543	0.0	10.0	1.0	0.0	7.062658	5.0	-1.6271992	0.6965024	0.0	0.0	0.0	1.0	7.473179	10.0	1.2816702	0	11	0	1	0	0	609.2769733086647	1216.5393936837036	36.65167	-.SYSSTLTDMGR.-	sp|O94875-10|SRBS2_HUMAN;sp|O94875-11|SRBS2_HUMAN;sp|O94875-12|SRBS2_HUMAN;sp|O94875-2|SRBS2_HUMAN;sp|O94875-3|SRBS2_HUMAN;sp|O94875-4|SRBS2_HUMAN;sp|O94875-5|SRBS2_HUMAN;sp|O94875-7|SRBS2_HUMAN;sp|O94875-8|SRBS2_HUMAN;sp|O94875-9|SRBS2_HUMAN;sp|O94875|SRBS2_HUMAN
2017dec27_overlap_dia_6b_rep1_604to616.dia:2199.1:decoyWVQALDVPRK+2	-1	50686	4.4494095	0.5672383	0.7249891	0.69805324	0.49190027	0.8380447	0.30556965	8.0	1.0	3.8212626	0.0	10.0	1.0	0.0	7.374856	5.0	-0.25901556	0.84804416	0.0	1.0	0.0	5.0	15.756054	10.0	2.7208478	1	10	0	1	0	0	606.3483978086647	1210.6822426837036	36.65167	-.WVQALDVPRK.-	DECOY_sp|P32004-2|L1CAM_HUMAN;DECOY_sp|P32004-3|L1CAM_HUMAN;DECOY_sp|P32004|L1CAM_HUMAN
2017dec27_overlap_dia_6b_rep1_604to616.dia:2199.1:decoyYESDVVSGLIK+2	-1	50686	2.6625683	0.40081722	0.6235773	0.6386097	0.44098032	0.569335	0.2505431	6.0	0.0	2.8469949	0.0	10.0	1.0	0.0	6.7483883	4.0	-2.051936	0.8831	0.0	1.0	0.0	4.0	17.262089	10.0	1.7465801	0	11	0	1	0	0	605.3217063086646	1208.6288596837035	36.65167	-.YESDVVSGLIK.-	DECOY_sp|O15013-4|ARHGA_HUMAN;DECOY_sp|O15013-5|ARHGA_HUMAN;DECOY_sp|O15013-6|ARHGA_HUMAN;DECOY_sp|O15013-7|ARHGA_HUMAN;DECOY_sp|O15013|ARHGA_HUMAN
2017dec27_overlap_dia_6b_rep1_604to616.dia:2201.1567:ALQAQEIEC[+57.0214635]R+2	1	50738	9.767097	2.0897017	2.35589	0.939326	0.77709633	2.7396472	0.1213479	13.0	0.0	-0.20197779	0.96356076	1.742731	0.07769269	3.0	8.741133	8.0	-0.028832912	0.83106905	0.9206686	1.0	1.0	11.0	0.09595108	0.022805333	1.2904615	0	10	0	1	0	0	609.3007875586648	1216.5870221837038	36.685947	-.ALQAQEIEC[+57.0214635]R.-	sp|Q8NBJ5|GT251_HUMAN
2017dec27_overlap_dia_6b_rep1_604to616.dia:2201.1567:AVDGYVKPQIK+2	1	50738	6.489816	1.0358626	1.3136771	0.8512419	0.64830005	1.7443748	0.22913401	10.0	1.0	0.2548355	0.94910485	2.3598619	0.0	2.0	7.832588	7.0	2.1959782	0.89639705	0.8332317	1.0	1.0	6.0	0.1578064	0.59432554	0.8336483	0	11	0	1	0	0	609.3480593086647	1216.6815656837036	36.685947	-.AVDGYVKPQIK.-	sp|P42229-2|STA5A_HUMAN;sp|P42229|STA5A_HUMAN;sp|P51692|STA5B_HUMAN
2017dec27_overlap_dia_6b_rep1_604to616.dia:2201.1567:EGVGC[+57.0214635]SWESGR+2	1	50738	7.491867	0.84052	1.1549733	0.7775184	0.56704354	1.2512629	0.40357026	11.0	0.0	1.4071903	0.99294454	7.2764983	0.0	3.0	7.894959	8.0	1.7906017	0.90994084	0.87164146	1.0	1.0	8.0	0.21564102	5.510962	0.3187065	0	11	0	1	0	0	612.2591190586646	1222.5036851837035	36.685947	-.EGVGC[+57.0214635]SWESGR.-	sp|Q7Z6J9|SEN54_HUMAN
2017dec27_overlap_dia_6b_rep1_604to616.dia:2201.1567:EKESELGDRPLQVGER+3	1	50738	10.831903	1.0401441	1.0725862	0.7789229	0.5684674	1.2594007	0.39720774	14.0	1.0	1.4497032	0.9568413	-3.1617928	0.0	3.0	7.051529	7.0	2.171574	0.72206855	0.8862602	0.0	1.0	8.0	0.12878418	4.927329	0.3612194	1	16	0	0	1	0	614.6499113613808	1840.9279046837034	36.685947	-.EKESELGDRPLQVGER.-	sp|A6NHR9-2|SMHD1_HUMAN;sp|A6NHR9|SMHD1_HUMAN
2017dec27_overlap_dia_6b_rep1_604to616.dia:2201.1567:GGETDEFSNVR+2	1	50738	6.5006886	0.7114594	1.0061162	0.87282133	0.6754241	1.9261379	0.17934205	10.0	0.0	-0.5631227	0.83782375	-1.9340687	0.0	1.0	7.589675	7.0	2.1216292	0.86307025	0.58569986	1.0	1.0	7.0	0.29851532	3.699605	1.6516066	0	11	0	1	0	0	605.7703738086647	1209.5261946837036	36.685947	-.GGETDEFSNVR.-	sp|Q5T8D3-2|ACBD5_HUMAN;sp|Q5T8D3-3|ACBD5_HUMAN;sp|Q5T8D3-4|ACBD5_HUMAN;sp|Q5T8D3|ACBD5_HUMAN
2017dec27_overlap_dia_6b_rep1_604to616.dia:2201.1567:HLESWC[+57.0214635]VQR+2	1	50738	7.485308	0.9450682	1.3077207	0.76586455	0.5553774	1.1851056	0.44326335	11.0	0.0	0.8663911	0.9952387	3.0131683	0.0	3.0	8.246821	7.0	1.6825781	0.87513363	0.88544816	1.0	1.0	7.0	0.23695755	1.247632	0.22209269	0	9	0	1	0	0	607.7903895586647	1213.5662261837037	36.685947	-.HLESWC[+57.0214635]VQR.-	sp|Q9Y6M9|NDUB9_HUMAN
2017dec27_overlap_dia_6b_rep1_604to616.dia:2201.1567:QPLGPDGSQGFK+2	1	50738	6.345971	0.83512366	1.2242945	0.61123437	0.41865343	0.45250377	0.44141367	10.0	1.0	0.085494444	0.5472574	-2.367239	1.0	2.0	7.7328672	6.0	-1.825393	0.7998411	0.66371626	1.0	1.0	4.0	3.0055313	4.1327753	1.0029894	0	12	0	1	0	0	615.8093028086647	1229.6040526837037	36.685947	-.QPLGPDGSQGFK.-	sp|Q7Z422-2|SZRD1_HUMAN;sp|Q7Z422-3|SZRD1_HUMAN;sp|Q7Z422-4|SZRD1_HUMAN;sp|Q7Z422-5|SZRD1_HUMAN;sp|Q7Z422|SZRD1_HUMAN
2017dec27_overlap_dia_6b_rep1_604to616.dia:2201.1567:VNWATTPSSQK+2	1	50738	8.503485	1.1847258	1.5160835	0.6654975	0.46356112	0.68789047	0.5569648	12.0	1.0	-0.6790152	0.7172875	9.414343	1.0	2.0	8.265357	8.0	2.5493617	0.8440449	0.89436316	1.0	1.0	8.0	0.0548172	7.6488066	1.767499	0	11	0	1	0	0	609.8093023086648	1217.6040516837038	36.685947	-.VNWATTPSSQK.-	sp|P31483-2|TIA1_HUMAN;sp|P31483-3|TIA1_HUMAN;sp|P31483|TIA1_HUMAN;sp|Q01085-2|TIAR_HUMAN;sp|Q01085|TIAR_HUMAN
2017dec27_overlap_dia_6b_rep1_604to616.dia:2201.1567:decoyC[+57.0214635]VMGPSLGPGSR+2	-1	50738	3.2626896	0.48996753	0.71570325	0.3632945	0.23669624	-0.56109345	0.7293346	7.0	1.0	0.2696085	0.0	10.0	1.0	0.0	6.713586	5.0	-1.8440363	0.0	0.0	0.0	0.0	0.0	7.6766396	10.0	0.8188753	0	12	0	1	0	0	609.2919080586646	1216.5692631837035	36.685947	-.C[+57.0214635]VMGPSLGPGSR.-	DECOY_sp|P21333-2|FLNA_HUMAN;DECOY_sp|P21333|FLNA_HUMAN
2017dec27_overlap_dia_6b_rep1_604to616.dia:2201.1567:decoyEGSEWSC[+57.0214635]GVGR+2	-1	50738	4.3873835	0.58389914	0.91273934	0.6051496	0.41377348	0.42696887	0.47066343	8.0	0.0	1.5205057	0.99294454	7.2764983	0.0	3.0	7.079524	5.0	0.108403206	0.0	0.0	0.0	0.0	0.0	0.21564102	5.510962	0.43202186	0	11	0	1	0	0	612.2591190586646	1222.5036851837035	36.685947	-.EGSEWSC[+57.0214635]GVGR.-	DECOY_sp|Q7Z6J9|SEN54_HUMAN
2017dec27_overlap_dia_6b_rep1_604to616.dia:2201.1567:decoyEGVGHHHSLSGGNALIEK+3	-1	50738	4.3039303	0.36667335	0.97398263	0.49935523	0.33285946	-0.002579138	0.49626753	8.0	2.0	2.3636346	0.9331812	-7.1053743	0.0	2.0	5.930713	5.0	-0.7987113	0.0	0.0	0.0	0.0	0.0	5.2688866	8.870911	1.2751508	0	18	0	0	1	0	614.6466126947139	1840.918008683703	36.685947	-.EGVGHHHSLSGGNALIEK.-	DECOY_sp|O00116|ADAS_HUMAN
2017dec27_overlap_dia_6b_rep1_604to616.dia:2201.1567:decoyEMQLNSEC[+57.0214635]KNDPGC[+57.0214635]R+3	-1	50738	3.4126618	0.47439346	0.7770621	0.5131343	0.34303147	0.05254926	0.45275307	7.0	1.0	-1.9475379	0.7023666	-4.3620315	0.0	1.0	6.0469513	5.0	-0.23321724	0.0	0.0	0.0	0.0	0.0	6.426447	6.127568	3.0360217	1	15	0	0	1	0	613.259043694714	1836.7553016837035	36.685947	-.EMQLNSEC[+57.0214635]KNDPGC[+57.0214635]R.-	DECOY_sp|P26006-1|ITA3_HUMAN;DECOY_sp|P26006|ITA3_HUMAN
2017dec27_overlap_dia_6b_rep1_604to616.dia:2201.1567:decoyGWFQEEMQR+2	-1	50738	1.2155963	0.5078599	0.6948974	0.6845181	0.4799747	0.7746138	0.34340355	4.0	0.0	-0.95966566	0.8105978	-3.9983904	0.0	1.0	6.2261696	3.0	-3.0	0.91991705	0.70832217	1.0	1.0	4.0	15.926472	5.7639265	2.0481496	0	9	0	1	0	0	605.7691233086647	1209.5236936837036	36.685947	-.GWFQEEMQR.-	DECOY_sp|O75717-2|WDHD1_HUMAN;DECOY_sp|O75717|WDHD1_HUMAN
2017dec27_overlap_dia_6b_rep1_604to616.dia:2201.1567:decoyVGNVHEFEQR+2	-1	50738	3.3864558	0.53472704	0.7473411	0.48308668	0.3209688	-0.06767906	0.6040136	7.0	0.0	2.2788684	0.0	10.0	1.0	0.0	7.053013	5.0	-0.37021732	0.70441383	-0.042197272	0.0	1.0	1.0	6.678276	10.0	1.1903846	0	10	0	1	0	0	607.7992688086645	1213.5839846837032	36.685947	-.VGNVHEFEQR.-	DECOY_sp|Q14839-2|CHD4_HUMAN;DECOY_sp|Q14839|CHD4_HUMAN
2017dec27_overlap_dia_6b_rep1_604to616.dia:2201.1567:decoyVTEKDLNIYK+2	-1	50738	3.5530171	0.40569672	0.5540228	0.7089023	0.5016186	0.89005876	0.17228864	7.0	1.0	2.242197	0.0	10.0	1.0	0.0	7.068059	4.0	-2.282196	0.7936395	0.0	1.0	0.0	4.0	3.293274	10.0	1.1537132	1	10	0	1	0	0	611.8375238086646	1221.6604946837035	36.685947	-.VTEKDLNIYK.-	DECOY_sp|O75380|NDUS6_HUMAN
2017dec27_overlap_dia_6b_rep1_604to616.dia:2207.577:DEQQISAAVEK+2	1	50894	7.5777397	1.7753086	2.101333	0.9475095	0.79281723	2.8932054	0.07808407	11.0	1.0	0.055161953	0.93980294	5.2913036	0.07935756	3.0	7.91894	8.0	1.8486452	0.8178949	0.36330557	1.0	1.0	10.0	0.28258896	3.5257673	1.0333219	0	11	0	1	0	0	609.3040498086647	1216.5935466837036	36.79295	-.DEQQISAAVEK.-	sp|Q6YN16-2|HSDL2_HUMAN;sp|Q6YN16|HSDL2_HUMAN
2017dec27_overlap_dia_6b_rep1_604to616.dia:2209.7039:NNNSNQNFFK+2	1	50946	6.5490537	1.3241518	1.5167054	0.9756413	0.8591984	3.6902063	0.024874916	10.0	1.0	1.1075807	0.8455601	3.8342173	0.0	2.0	7.783832	7.0	3.4782515	0.9563691	0.9483976	1.0	1.0	8.0	0.016738892	2.068681	0.019096851	0	10	0	1	0	0	613.7810748086647	1225.5475966837037	36.828396	-.NNNSNQNFFK.-	sp|O60763-2|USO1_HUMAN;sp|O60763|USO1_HUMAN
2017dec27_overlap_dia_6b_rep1_604to616.dia:2209.7039:decoyDLGDKDDYLR+2	-1	50946	4.359095	0.730305	1.0161463	0.56698847	0.38378322	0.26957464	0.70622724	8.0	0.0	1.7937008	0.0	10.0	1.0	0.0	7.12812	6.0	-1.6069088	0.6041517	0.0	0.0	0.0	1.0	1.8203697	10.0	0.705217	1	10	0	1	0	0	605.2909378086645	1208.5673226837032	36.828396	-.DLGDKDDYLR.-	DECOY_sp|Q12874|SF3A3_HUMAN
2017dec27_overlap_dia_6b_rep1_604to616.dia:2209.7039:decoyMTLSAPRNSDDLPVPAK+3	-1	50946	7.218193	0.6617131	1.2521958	0.41403472	0.2717616	-0.3473107	0.45689723	11.0	1.0	1.3624587	0.0	10.0	1.0	0.0	6.279106	5.0	-0.19215965	0.0	0.0	0.0	0.0	0.0	11.808384	10.0	0.2739749	1	17	0	0	1	0	604.6488543613807	1810.9247336837034	36.828396	-.MTLSAPRNSDDLPVPAK.-	DECOY_sp|Q9NYF8-2|BCLF1_HUMAN;DECOY_sp|Q9NYF8-3|BCLF1_HUMAN;DECOY_sp|Q9NYF8-4|BCLF1_HUMAN;DECOY_sp|Q9NYF8|BCLF1_HUMAN
2017dec27_overlap_dia_6b_rep1_604to616.dia:2211.8643:decoyVC[+57.0214635]IWQIC[+57.0214635]NK+2	-1	50998	4.5294075	1.0719925	1.4202614	0.8392412	0.6340009	1.6525931	0.22508332	8.0	0.0	2.4605694	0.0	10.0	1.0	0.0	7.4177732	5.0	-1.649714	0.88683003	0.10866661	1.0	1.0	6.0	17.33424	10.0	1.3720856	0	9	0	1	0	0	610.7993688086647	1219.5841846837036	36.864403	-.VC[+57.0214635]IWQIC[+57.0214635]NK.-	DECOY_sp|Q6IA86-2|ELP2_HUMAN;DECOY_sp|Q6IA86-3|ELP2_HUMAN;DECOY_sp|Q6IA86-4|ELP2_HUMAN;DECOY_sp|Q6IA86-5|ELP2_HUMAN;DECOY_sp|Q6IA86-6|ELP2_HUMAN;DECOY_sp|Q6IA86-7|ELP2_HUMAN;DECOY_sp|Q6IA86|ELP2_HUMAN
2017dec27_overlap_dia_6b_rep1_604to616.dia:2214.0117:KLVIVGDGAC[+57.0214635]GK+2	1	51050	12.034	2.012551	2.5379448	0.82699096	0.61989856	1.56445	0.3452123	15.0	2.0	2.0989313	0.8265802	1.0188826	0.0	1.0	8.6084175	10.0	5.938339	0.9104699	0.95456785	1.0	1.0	9.0	0.17455673	0.7466537	1.0104475	1	12	0	1	0	0	608.8395485586648	1215.6645441837038	36.900196	-.KLVIVGDGAC[+57.0214635]GK.-	sp|P08134|RHOC_HUMAN;sp|P61586|RHOA_HUMAN
2017dec27_overlap_dia_6b_rep1_604to616.dia:2214.0117:decoyDYFQETKEPTSNPER+3	-1	51050	5.1400523	0.53064084	0.5438132	0.3804422	0.24845642	-0.48767167	0.84135544	9.0	1.0	2.143303	0.67079204	-3.6220987	0.0	1.0	5.886601	4.0	-1.0821528	0.0	0.0	0.0	0.0	0.0	0.64878845	5.387635	1.0548191	1	15	0	0	1	0	614.2831143613809	1839.827513683704	36.900196	-.DYFQETKEPTSNPER.-	DECOY_sp|O76021|RL1D1_HUMAN
2017dec27_overlap_dia_6b_rep1_604to616.dia:2214.0117:decoyMSGQSESALEGK+2	-1	51050	4.3762674	0.65191406	0.99988115	0.58985674	0.4016316	0.3633732	0.5051832	8.0	0.0	-0.8168298	0.0	10.0	1.0	0.0	7.1434913	6.0	-1.4771562	0.69341004	0.0	0.0	0.0	5.0	6.8925247	10.0	1.9053136	0	12	0	1	0	0	612.2822598086645	1222.5499666837034	36.900196	-.MSGQSESALEGK.-	DECOY_sp|Q9UQB8-2|BAIP2_HUMAN;DECOY_sp|Q9UQB8-3|BAIP2_HUMAN;DECOY_sp|Q9UQB8-4|BAIP2_HUMAN;DECOY_sp|Q9UQB8-5|BAIP2_HUMAN;DECOY_sp|Q9UQB8-6|BAIP2_HUMAN;DECOY_sp|Q9UQB8|BAIP2_HUMAN
2017dec27_overlap_dia_6b_rep1_604to616.dia:2214.0117:decoySVFSVVEEAKK+2	-1	51050	6.3567634	0.5563226	0.90955657	0.6266138	0.43111926	0.5177171	0.3727365	10.0	1.0	0.37673193	0.0	10.0	1.0	0.0	7.5484123	6.0	-0.82656	0.45033446	-0.023255814	0.0	1.0	1.0	7.8723183	10.0	0.7117519	1	11	0	1	0	0	611.8375278086645	1221.6605026837033	36.900196	-.SVFSVVEEAKK.-	DECOY_sp|Q9BWH2|FUND2_HUMAN
2017dec27_overlap_dia_6b_rep1_604to616.dia:2222.6096:DDETMYVESK+2	1	51259	6.51178	1.3544856	1.5915687	0.89539826	0.7062181	2.1471083	0.13045156	10.0	0.0	0.1534102	0.8598022	1.2237344	0.0	2.0	8.035847	7.0	2.4857807	0.8439735	0.9741252	1.0	1.0	9.0	0.45349884	0.5418019	0.9350736	0	10	0	1	0	0	608.7555393086648	1215.4965256837038	37.043495	-.DDETMYVESK.-	sp|O15144|ARPC2_HUMAN
2017dec27_overlap_dia_6b_rep1_604to616.dia:2222.6096:DQEYTQLC[+57.0214635]R+2	1	51259	3.6121213	0.7925014	1.0340877	0.81225157	0.6035167	1.4647071	0.2652538	7.0	0.0	2.3878522	0.0	10.0	1.0	0.0	7.104151	5.0	-1.374085	0.8296559	0.45241976	0.0	1.0	4.0	0.405262	10.0	1.2993684	0	9	0	1	0	0	606.7693160586648	1211.5240791837039	37.043495	-.DQEYTQLC[+57.0214635]R.-	sp|Q63HN8-4|RN213_HUMAN;sp|Q63HN8|RN213_HUMAN
2017dec27_overlap_dia_6b_rep1_604to616.dia:2222.6096:DSMETDDC[+57.0214635]SR+2	1	51259	4.4758515	0.68524945	0.9292982	0.7418749	0.53212637	1.0557362	0.36273026	8.0	0.0	1.3838894	0.0	10.0	1.0	0.0	7.2977552	7.0	7.0680757	0.89837044	0.0	1.0	0.0	8.0	0.03010559	10.0	0.29540563	0	10	0	1	0	0	608.2162595586647	1214.4179661837036	37.043495	-.DSMETDDC[+57.0214635]SR.-	sp|Q5SRE5-2|NU188_HUMAN;sp|Q5SRE5|NU188_HUMAN
2017dec27_overlap_dia_6b_rep1_604to616.dia:2222.6096:LSYNGQSSVVR+2	1	51259	9.642305	1.1031507	1.5565568	0.704733	0.49786645	0.86993897	0.4539019	13.0	2.0	2.1305013	0.88284975	-1.1956874	0.0	3.0	8.149798	9.0	3.312098	0.83085394	0.94711155	1.0	1.0	6.0	0.0020141602	2.9612236	1.0420175	0	11	0	1	0	0	605.3147468086646	1208.6149406837035	37.043495	-.LSYNGQSSVVR.-	sp|Q8IZ73-2|RUSD2_HUMAN;sp|Q8IZ73|RUSD2_HUMAN
2017dec27_overlap_dia_6b_rep1_604to616.dia:2222.6096:decoyLTMEVEEDTR+2	-1	51259	3.3689494	0.6272858	0.9610875	0.46400067	0.30717295	-0.14424686	0.48081374	7.0	1.0	1.6709397	0.0	10.0	1.0	0.0	6.9793177	5.0	-2.5317202	0.83788055	0.0	0.0	0.0	3.0	1.7697792	10.0	0.5824559	0	10	0	1	0	0	611.7846358086646	1221.5547186837034	37.043495	-.LTMEVEEDTR.-	DECOY_sp|Q10713|MPPA_HUMAN
2017dec27_overlap_dia_6b_rep1_604to616.dia:2224.742:AYAALTDEESR+2	1	51311	9.788985	1.1642264	1.4972826	0.98787934	0.9007803	4.4006486	0.022950752	13.0	0.0	0.7008201	0.5224688	-0.094295554	1.0	1.0	8.601462	9.0	2.2284722	0.9314681	0.63007426	1.0	1.0	10.0	0.19502258	1.8598318	0.39959466	0	11	0	1	0	0	613.2883953086647	1224.5622376837036	37.079033	-.AYAALTDEESR.-	sp|Q9UGP8|SEC63_HUMAN
2017dec27_overlap_dia_6b_rep1_604to616.dia:2224.742:HPGSFDVVHVK+2	1	51311	7.4600143	0.97347355	1.3184752	0.72253346	0.514045	0.95706344	0.48118523	11.0	2.0	0.05964595	0.80396956	-1.1111541	0.0	1.0	8.327934	8.0	1.02636	0.9284665	0.92210865	1.0	1.0	7.0	0.34777832	2.8766904	1.0407689	0	11	0	1	0	0	611.3223798086647	1220.6302066837036	37.079033	-.HPGSFDVVHVK.-	sp|P22090|RS4Y1_HUMAN;sp|P62701|RS4X_HUMAN
2017dec27_overlap_dia_6b_rep1_604to616.dia:2226.863:LIEDNEYTAR+2	1	51363	4.513705	0.43719122	0.5949055	0.80943924	0.60045755	1.4463706	0.32551992	8.0	0.0	-0.80024356	0.9829877	-1.2063931	0.0	3.0	7.506187	7.0	2.2469435	0.9036116	0.46917528	1.0	1.0	5.0	0.23037338	2.9719296	1.9006584	0	10	0	1	0	0	612.2987628086647	1222.5829726837037	37.114384	-.LIEDNEYTAR.-	sp|P06239-3|LCK_HUMAN;sp|P06239|LCK_HUMAN;sp|P06241-2|FYN_HUMAN;sp|P06241-3|FYN_HUMAN;sp|P06241|FYN_HUMAN;sp|P07947|YES_HUMAN;sp|P12931-2|SRC_HUMAN;sp|P12931|SRC_HUMAN
2017dec27_overlap_dia_6b_rep1_604to616.dia:2226.863:LVEVNGENVEK+2	1	51363	6.4147744	0.71153474	0.9465548	0.71616167	0.5082054	0.9255011	0.51376885	10.0	1.0	-1.1703665	0.9876711	4.6828766	0.12767094	3.0	8.079204	8.0	1.2176685	0.8577449	0.94045156	1.0	1.0	5.0	0.10914993	2.9173403	2.2707813	0	11	0	1	0	0	615.3222418086647	1228.6299306837036	37.114384	-.LVEVNGENVEK.-	sp|O14745|NHRF1_HUMAN
2017dec27_overlap_dia_6b_rep1_604to616.dia:2226.863:decoyAQYELETEVK+2	-1	51363	3.56764	0.8254788	1.0471648	0.73317796	0.52392757	1.0108066	0.3821871	7.0	0.0	0.73895776	0.0	10.0	1.0	0.0	7.725658	5.0	-1.9426982	0.7204415	0.0	0.0	0.0	1.0	1.6571388	10.0	0.361457	0	10	0	1	0	0	605.3035143086645	1208.5924756837032	37.114384	-.AQYELETEVK.-	DECOY_sp|Q9Y4D1-2|DAAM1_HUMAN;DECOY_sp|Q9Y4D1|DAAM1_HUMAN
2017dec27_overlap_dia_6b_rep1_604to616.dia:2226.863:decoyATATLDGNLDAR+2	-1	51363	6.2268167	0.31716233	0.85329026	0.4645721	0.30758375	-0.14194952	0.62088245	10.0	1.0	0.63306665	0.0	10.0	1.0	0.0	7.308078	6.0	-0.13138342	0.92939544	0.10174607	0.0	1.0	5.0	3.3026695	10.0	0.4673481	0	12	0	1	0	0	609.3096668086645	1216.6047806837032	37.114384	-.ATATLDGNLDAR.-	DECOY_sp|Q15293-2|RCN1_HUMAN;DECOY_sp|Q15293|RCN1_HUMAN
2017dec27_overlap_dia_6b_rep1_604to616.dia:2237.497:C[+57.0214635]AADAGRPPGEL+2	1	51623	6.541066	0.30820176	0.46552506	0.9578613	0.81453043	3.1237366	0.049253844	10.0	0.0	-4.4257593	0.83943486	7.004567	0.0	1.0	7.711375	6.0	2.7408133	0.85105205	0.6488957	1.0	1.0	10.0	0.1076622	5.258831	5.526174	0	12	0	1	0	0	607.2851375586648	1212.555722183704	37.29162	-.C[+57.0214635]AADAGRPPGEL.-	sp|Q8NBJ7-2|SUMF2_HUMAN;sp|Q8NBJ7-5|SUMF2_HUMAN;sp|Q8NBJ7|SUMF2_HUMAN
2017dec27_overlap_dia_6b_rep1_604to616.dia:2241.7358:decoyAPTSLHELEYHGNESK+3	-1	51727	4.3069773	0.570175	1.1402609	0.5028708	0.3354457	0.0114832865	0.62978005	8.0	3.0	-2.167237	0.75966275	-3.5223746	0.0	2.0	7.0341377	4.0	-0.7142582	0.0	0.0	0.0	0.0	0.0	0.7111206	5.2681108	3.2676518	0	16	0	0	1	0	604.6234706947141	1810.8485826837036	37.362263	-.APTSLHELEYHGNESK.-	DECOY_sp|O95149|SPN1_HUMAN
2017dec27_overlap_dia_6b_rep1_604to616.dia:2243.8076:ASDPGLPAEEPK+2	1	51779	6.434586	1.0215087	1.3156328	0.7495882	0.5394969	1.0964172	0.31808957	10.0	3.0	-0.56013864	0.8242326	5.827986	0.22566377	2.0	7.7885575	6.0	-0.52766705	0.48759958	0.40819317	0.0	1.0	0.0	0.21421432	4.0822496	1.6605535	0	12	0	1	0	0	605.8011428086647	1209.5877326837037	37.396793	-.ASDPGLPAEEPK.-	sp|P27708|PYR1_HUMAN
2017dec27_overlap_dia_6b_rep1_604to616.dia:2243.8076:EGDVLTPEQAR+2	1	51779	9.767673	1.0597078	1.2890031	0.940571	0.7794186	2.761705	0.08611252	13.0	4.0	-1.3255907	0.97514766	0.9812968	0.0	2.0	8.448552	7.0	-0.32013988	0.8325783	0.9108407	1.0	1.0	8.0	0.3231926	0.76443934	2.4260054	0	11	0	1	0	0	607.8042173086648	1213.5938816837038	37.396793	-.EGDVLTPEQAR.-	sp|Q9UKD2|MRT4_HUMAN
2017dec27_overlap_dia_6b_rep1_604to616.dia:2245.9636:decoyLKLPQASESLK+2	-1	51831	1.7506084	0.47863427	0.7766303	0.46927458	0.3109691	-0.123056725	0.5549974	5.0	0.0	-0.09810394	0.0	10.0	1.0	0.0	6.500642	4.0	-2.7939987	0.0070379847	0.0	1.0	0.0	4.0	3.350956	10.0	1.1985188	1	11	0	1	0	0	607.3611703086646	1212.7077876837034	37.432728	-.LKLPQASESLK.-	DECOY_sp|Q9H3N1|TMX1_HUMAN
2017dec27_overlap_dia_6b_rep1_604to616.dia:2248.036:ESGSTLDLSGSR+2	1	51883	6.4450374	0.5920081	0.95738894	0.7678456	0.5573424	1.1961858	0.26925805	10.0	0.0	1.8929641	0.86031616	3.6051066	0.6627687	2.0	7.531641	5.0	0.52440596	0.71811014	0.52686214	0.0	1.0	0.0	0.3936653	1.8791707	0.7925494	0	12	0	1	0	0	604.7913058086647	1207.5680586837036	37.467266	-.ESGSTLDLSGSR.-	sp|Q9ULU4-10|PKCB1_HUMAN;sp|Q9ULU4-11|PKCB1_HUMAN;sp|Q9ULU4-12|PKCB1_HUMAN;sp|Q9ULU4-13|PKCB1_HUMAN;sp|Q9ULU4-14|PKCB1_HUMAN;sp|Q9ULU4-15|PKCB1_HUMAN;sp|Q9ULU4-16|PKCB1_HUMAN;sp|Q9ULU4-17|PKCB1_HUMAN;sp|Q9ULU4-18|PKCB1_HUMAN;sp|Q9ULU4-19|PKCB1_HUMAN;sp|Q9ULU4-20|PKCB1_HUMAN;sp|Q9ULU4-21|PKCB1_HUMAN;sp|Q9ULU4-22|PKCB1_HUMAN;sp|Q9ULU4-23|PKCB1_HUMAN;sp|Q9ULU4-2|PKCB1_HUMAN;sp|Q9ULU4-3|PKCB1_HUMAN;sp|Q9ULU4-4|PKCB1_HUMAN;sp|Q9ULU4-5|PKCB1_HUMAN;sp|Q9ULU4-6|PKCB1_HUMAN;sp|Q9ULU4-7|PKCB1_HUMAN;sp|Q9ULU4-8|PKCB1_HUMAN;sp|Q9ULU4-9|PKCB1_HUMAN;sp|Q9ULU4|PKCB1_HUMAN
2017dec27_overlap_dia_6b_rep1_604to616.dia:2248.036:FVTSNTQELGK+2	1	51883	8.659368	1.4834317	1.8820825	0.9528609	0.8037513	3.006366	0.08909285	12.0	0.0	-0.4473429	0.5609986	7.5723963	1.0	2.0	8.788885	10.0	-0.09131336	0.88504916	0.66677946	1.0	1.0	9.0	0.16132355	5.8464603	1.5477576	0	11	0	1	0	0	612.3169603086648	1222.6193676837038	37.467266	-.FVTSNTQELGK.-	sp|Q9BXP5-2|SRRT_HUMAN;sp|Q9BXP5-3|SRRT_HUMAN;sp|Q9BXP5-4|SRRT_HUMAN;sp|Q9BXP5-5|SRRT_HUMAN;sp|Q9BXP5|SRRT_HUMAN
2017dec27_overlap_dia_6b_rep1_604to616.dia:2248.036:GLC[+57.0214635]GAIHSSIAK+2	1	51883	15.753546	1.31823	2.0101032	0.8855323	0.69241226	2.0458965	0.15290523	18.0	1.0	-1.4456027	0.9753549	-0.77365816	0.0	2.0	9.175069	9.0	7.6272516	0.94429696	0.9058219	1.0	1.0	15.0	0.15950394	2.4995942	2.5460174	0	12	0	1	0	0	607.3215225586647	1212.6284921837037	37.467266	-.GLC[+57.0214635]GAIHSSIAK.-	sp|P36542-2|ATPG_HUMAN;sp|P36542|ATPG_HUMAN
2017dec27_overlap_dia_6b_rep1_604to616.dia:2248.036:HKPLLIDMNK+2	1	51883	5.485516	0.75064963	0.93736583	0.8428543	0.638253	1.6796209	0.29249376	9.0	1.0	-2.0771027	0.9562684	0.702011	0.0	2.0	8.013088	7.0	3.3515787	0.8596785	0.92947066	1.0	1.0	6.0	0.36621475	1.023925	3.1775174	0	10	0	1	0	0	604.8446333086647	1207.6747136837037	37.467266	-.HKPLLIDMNK.-	sp|Q15149-2|PLEC_HUMAN;sp|Q15149-3|PLEC_HUMAN;sp|Q15149-4|PLEC_HUMAN;sp|Q15149-5|PLEC_HUMAN;sp|Q15149-6|PLEC_HUMAN;sp|Q15149-7|PLEC_HUMAN;sp|Q15149-8|PLEC_HUMAN;sp|Q15149-9|PLEC_HUMAN;sp|Q15149|PLEC_HUMAN
2017dec27_overlap_dia_6b_rep1_604to616.dia:2248.036:KGTPWEGGLFK+2	1	51883	4.571067	0.7031431	0.9161854	0.923732	0.74975467	2.4941683	0.06642699	8.0	2.0	1.1166995	0.0	10.0	1.0	0.0	7.7920876	5.0	-1.2989302	0.0	0.0	0.0	0.0	0.0	16.614006	10.0	0.016284704	1	11	0	1	0	0	610.3271313086648	1218.6397096837038	37.467266	-.KGTPWEGGLFK.-	sp|P63279|UBC9_HUMAN
2017dec27_overlap_dia_6b_rep1_604to616.dia:2248.036:QTEEC[+57.0214635]AEGFR+2	1	51883	3.521791	0.42958248	0.7825953	0.6597209	0.458651	0.6620507	0.4073574	7.0	0.0	0.6031034	0.49752375	-1.9215139	1.0	1.0	7.190303	5.0	-0.23643589	0.51481557	0.0	0.0	0.0	0.0	7.4595947	3.64745	0.49731135	0	10	0	1	0	0	613.7589525586648	1225.5033521837038	37.467266	-.QTEEC[+57.0214635]AEGFR.-	sp|Q8N0W3-2|FUK_HUMAN;sp|Q8N0W3|FUK_HUMAN
2017dec27_overlap_dia_6b_rep1_604to616.dia:2248.036:SETISVPQEIK+2	1	51883	5.418901	0.6729872	1.0904516	0.7229987	0.5144735	0.9593851	0.19536549	9.0	0.0	-1.6191742	0.0	10.0	1.0	0.0	7.691642	5.0	-0.2942543	0.73711306	0.0	0.0	0.0	0.0	11.997631	10.0	2.719589	0	11	0	1	0	0	615.8324428086647	1229.6503326837037	37.467266	-.SETISVPQEIK.-	sp|O96033|MOC2A_HUMAN
2017dec27_overlap_dia_6b_rep1_604to616.dia:2248.036:TPPAAAVSPMQR+2	1	51883	8.501286	0.51780736	0.8514248	0.66213673	0.4607004	0.6728308	0.6487961	12.0	1.0	0.58736515	0.60432875	1.4739659	1.0	2.0	7.986768	8.0	-0.4248047	0.5455852	0.13485357	1.0	1.0	5.0	1.5544167	0.25197005	0.5130496	0	12	0	1	0	0	613.3215233086646	1224.6284936837035	37.467266	-.TPPAAAVSPMQR.-	sp|Q69YQ0-2|CYTSA_HUMAN;sp|Q69YQ0|CYTSA_HUMAN
2017dec27_overlap_dia_6b_rep1_604to616.dia:2248.036:TSEADDAAGAAAAAARPAPR+3	1	51883	8.426075	0.8287698	0.68515337	0.556848	0.37597883	0.22837941	0.44619653	12.0	3.0	-1.8930637	0.0	10.0	1.0	0.0	6.6940265	5.0	0.12936592	0.75257957	0.05881163	0.0	1.0	4.0	0.07935715	10.0	2.9934783	0	20	0	0	1	0	613.969644694714	1838.8871046837032	37.467266	-.TSEADDAAGAAAAAARPAPR.-	sp|Q8N9B5-2|JMY_HUMAN;sp|Q8N9B5|JMY_HUMAN
2017dec27_overlap_dia_6b_rep1_604to616.dia:2248.036:decoyEFGAGDGILVNK+2	-1	51883	4.172185	0.40765905	1.1106181	0.36869264	0.24038905	-0.5378295	0.6522224	8.0	1.0	-3.7833693	0.0	10.0	1.0	0.0	7.187377	5.0	-1.7165613	0.83513546	0.0	0.0	0.0	5.0	17.99421	10.0	4.8837843	0	12	0	1	0	0	610.3195028086647	1218.6244526837036	37.467266	-.EFGAGDGILVNK.-	DECOY_sp|P11310-2|ACADM_HUMAN;DECOY_sp|P11310|ACADM_HUMAN
2017dec27_overlap_dia_6b_rep1_604to616.dia:2248.036:decoyGASSVLDMAGGMK+2	-1	51883	6.255609	0.4975026	1.0118562	0.49641564	0.3307016	-0.014337732	0.48168877	10.0	1.0	-0.2409798	0.0	10.0	1.0	0.0	7.606516	7.0	1.1372228	0.0	0.0	0.0	0.0	0.0	15.552425	10.0	1.3413945	0	13	0	1	0	0	612.2915738086646	1222.5685946837034	37.467266	-.GASSVLDMAGGMK.-	DECOY_sp|P55809-2|SCOT1_HUMAN;DECOY_sp|P55809|SCOT1_HUMAN
2017dec27_overlap_dia_6b_rep1_604to616.dia:2248.036:decoyNIDEYC[+57.0214635]QDR+2	-1	51883	2.5499296	0.42962018	0.75025	0.4927162	0.3279919	-0.02913726	0.5418544	6.0	0.0	-0.98629254	0.0	10.0	1.0	0.0	6.990494	4.0	-2.8162942	0.84712476	0.0	1.0	0.0	3.0	4.3773613	10.0	2.0867074	0	9	0	1	0	0	606.7511225586646	1211.4876921837035	37.467266	-.NIDEYC[+57.0214635]QDR.-	DECOY_sp|Q9BR76|COR1B_HUMAN
2017dec27_overlap_dia_6b_rep1_604to616.dia:2248.036:decoySESLNQEFEK+2	-1	51883	4.3299575	0.55036354	0.7145169	0.53019637	0.3557636	0.12093262	0.481319	8.0	1.0	-1.7912058	0.0	10.0	1.0	0.0	7.588847	5.0	-0.67684174	0.65524983	-0.036166783	0.0	1.0	0.0	1.4796104	10.0	2.8916206	0	10	0	1	0	0	605.7829493086645	1209.5513456837032	37.467266	-.SESLNQEFEK.-	DECOY_sp|Q16891-2|MIC60_HUMAN;DECOY_sp|Q16891-3|MIC60_HUMAN;DECOY_sp|Q16891-4|MIC60_HUMAN;DECOY_sp|Q16891|MIC60_HUMAN
2017dec27_overlap_dia_6b_rep1_604to616.dia:2248.036:decoySTEMEIFAQR+2	-1	51883	4.265411	0.5479465	0.6572005	0.45697257	0.3021325	-0.17253642	0.51050985	8.0	0.0	-1.3629874	0.0	10.0	1.0	0.0	7.5732865	4.0	-0.7980461	0.8706877	0.0	1.0	0.0	4.0	11.993565	10.0	2.4634023	0	10	0	1	0	0	606.2898883086647	1210.5652236837036	37.467266	-.STEMEIFAQR.-	DECOY_sp|P43243-2|MATR3_HUMAN;DECOY_sp|P43243|MATR3_HUMAN
2017dec27_overlap_dia_6b_rep1_604to616.dia:2250.1758:VGLNAQAAC[+57.0214635]APR+2	1	51935	6.4609766	0.7248723	1.010787	0.79654986	0.5866877	1.3648688	0.20870355	10.0	0.0	-1.2077267	0.965988	0.39547104	0.0	2.0	7.1469417	7.0	-0.0037703514	0.7223542	0.6683711	1.0	1.0	5.0	0.034355164	1.350265	2.3081415	0	12	0	1	0	0	614.3167720586647	1226.6189911837037	37.50293	-.VGLNAQAAC[+57.0214635]APR.-	sp|P48681|NEST_HUMAN
2017dec27_overlap_dia_6b_rep1_604to616.dia:2250.1758:decoyDSSPKSDLHGLTPQETK+3	-1	51935	6.4459844	0.50829095	0.8447968	0.769522	0.559011	1.2056142	0.17582904	10.0	1.0	-2.2909975	0.0	10.0	1.0	0.0	5.9942875	4.0	-1.3466468	0.0	0.0	0.0	0.0	0.0	3.3398323	10.0	3.3914123	1	17	0	0	1	0	613.974283694714	1838.9010216837034	37.50293	-.DSSPKSDLHGLTPQETK.-	DECOY_sp|Q7KZI7-11|MARK2_HUMAN;DECOY_sp|Q7KZI7-15|MARK2_HUMAN;DECOY_sp|Q7KZI7-16|MARK2_HUMAN;DECOY_sp|Q7KZI7-4|MARK2_HUMAN;DECOY_sp|Q7KZI7-5|MARK2_HUMAN;DECOY_sp|Q7KZI7-8|MARK2_HUMAN;DECOY_sp|Q7KZI7-9|MARK2_HUMAN;DECOY_sp|Q7KZI7|MARK2_HUMAN
2017dec27_overlap_dia_6b_rep1_604to616.dia:2254.3245:decoyAAQALIEERSK+2	-1	52039	5.2411585	0.47099054	0.877774	0.4801701	0.31885016	-0.079361185	0.53741103	9.0	1.0	0.14589643	0.5556386	-4.911469	1.0	2.0	7.0583305	6.0	-1.3032718	0.64493114	0.15643294	0.0	1.0	0.0	6.558031	6.657205	0.9545183	1	11	0	1	0	0	608.3382268086647	1214.6619006837036	37.572075	-.AAQALIEERSK.-	DECOY_sp|P35579-2|MYH9_HUMAN;DECOY_sp|P35579|MYH9_HUMAN
2017dec27_overlap_dia_6b_rep1_604to616.dia:2254.3245:decoyIAVENLDEHQEGDKIK+3	-1	52039	4.3895106	0.71051615	1.0704346	0.6081207	0.41615266	0.4394194	0.33220258	8.0	2.0	0.41524065	0.6738326	-6.146349	0.0	1.0	5.8901443	3.0	-1.0476937	0.0	0.0	0.0	0.0	0.0	5.432724	7.892085	0.6851741	1	16	0	0	1	0	613.3145286947141	1836.9217566837035	37.572075	-.IAVENLDEHQEGDKIK.-	DECOY_sp|O95831-2|AIFM1_HUMAN;DECOY_sp|O95831-3|AIFM1_HUMAN;DECOY_sp|O95831-5|AIFM1_HUMAN;DECOY_sp|O95831|AIFM1_HUMAN
2017dec27_overlap_dia_6b_rep1_604to616.dia:2256.3533:decoyALPEKGVADEEEPSALGK+3	-1	52091	6.2016454	0.48408502	0.74012756	0.43841162	0.2889176	-0.24761094	0.3475591	10.0	2.0	0.5287826	0.6510859	-5.6947002	1.0	1.0	6.596722	7.0	-0.89692116	0.0	0.0	0.0	0.0	0.0	7.1678123	7.4404364	0.57163215	1	18	0	0	1	0	613.9826676947142	1838.926173683704	37.60589	-.ALPEKGVADEEEPSALGK.-	DECOY_sp|Q9UNS1-2|TIM_HUMAN;DECOY_sp|Q9UNS1|TIM_HUMAN
2017dec27_overlap_dia_6b_rep1_604to616.dia:2256.3533:decoyASEEDTLAAYR+2	-1	52091	4.3727126	0.49229574	0.68012226	0.5850484	0.39784896	0.34353262	0.45473427	8.0	1.0	1.7388604	0.0	10.0	1.0	0.0	7.425829	6.0	-0.8668299	0.4019298	0.0	0.0	0.0	0.0	0.72187805	10.0	0.6384456	0	11	0	1	0	0	613.2883953086647	1224.5622376837036	37.60589	-.ASEEDTLAAYR.-	DECOY_sp|Q9UGP8|SEC63_HUMAN
2017dec27_overlap_dia_6b_rep1_604to616.dia:2256.3533:decoyLGGWSEALHQK+2	-1	52091	4.493494	0.53540915	0.85428077	0.7726328	0.56212115	1.2232375	0.12354891	8.0	1.0	-0.60109663	0.6133587	7.5420547	1.0	3.0	7.7133865	4.0	-1.6942065	0.0	0.0	0.0	0.0	0.0	0.74874115	5.7963185	1.7015114	0	11	0	1	0	0	613.3198373086644	1224.6251216837031	37.60589	-.LGGWSEALHQK.-	DECOY_sp|Q7Z6Z7-2|HUWE1_HUMAN;DECOY_sp|Q7Z6Z7-3|HUWE1_HUMAN;DECOY_sp|Q7Z6Z7|HUWE1_HUMAN
2017dec27_overlap_dia_6b_rep1_604to616.dia:2258.53:ESVFTVEGGHR+2	1	52143	9.775438	0.8817997	1.1788632	0.95754176	0.8138235	3.1158485	0.070622355	13.0	0.0	0.12723823	0.9695924	5.2524967	0.0	2.0	8.77816	8.0	1.4868946	0.87902164	0.95614445	1.0	1.0	8.0	0.104660034	3.5067606	0.9619152	0	11	0	1	0	0	609.2991018086648	1216.5836506837038	37.642166	-.ESVFTVEGGHR.-	sp|Q99623-2|PHB2_HUMAN;sp|Q99623|PHB2_HUMAN
2017dec27_overlap_dia_6b_rep1_604to616.dia:2258.53:NNSFTAPSTVGK+2	1	52143	6.522194	0.5608838	0.6762995	0.9171288	0.73899865	2.4039602	0.098279394	10.0	1.0	1.5995264	0.30708814	0.7253491	0.7656045	3.0	7.9734325	7.0	0.48789263	0.9035617	0.6290092	1.0	1.0	9.0	0.094566345	1.0203869	0.510373	0	12	0	1	0	0	611.8067593086647	1221.5989656837037	37.642166	-.NNSFTAPSTVGK.-	sp|O95453-2|PARN_HUMAN;sp|O95453-3|PARN_HUMAN;sp|O95453-4|PARN_HUMAN;sp|O95453|PARN_HUMAN
2017dec27_overlap_dia_6b_rep1_604to616.dia:2258.53:VTALC[+57.0214635]WHPTK+2	1	52143	3.5290933	0.5144773	0.5766961	0.67090726	0.4681903	0.71229136	0.44545743	7.0	0.0	2.301801	0.23058698	-8.070327	1.0	1.0	7.8319287	5.0	-0.92941284	0.35032254	0.62336683	1.0	1.0	6.0	6.0525093	9.816063	1.2126476	0	10	0	1	0	0	606.8133340586647	1211.6121151837037	37.642166	-.VTALC[+57.0214635]WHPTK.-	sp|Q8TEQ6|GEMI5_HUMAN
2017dec27_overlap_dia_6b_rep1_604to616.dia:2258.53:decoyTISLAIEHLPK+2	-1	52143	3.5154982	0.33109888	0.47124064	0.6502306	0.45065546	0.62005293	0.17825961	7.0	2.0	0.10029411	0.21282803	3.8915985	1.0	1.0	7.51564	4.0	-2.5572686	0.37442392	0.0	1.0	0.0	4.0	17.209213	2.1458623	0.9888593	0	11	0	1	0	0	611.3637133086645	1220.7128736837033	37.642166	-.TISLAIEHLPK.-	DECOY_sp|Q08211|DHX9_HUMAN
2017dec27_overlap_dia_6b_rep1_604to616.dia:2262.742:DEPNSTPEKTEQFYR+3	1	52247	7.461977	0.29512253	0.1867724	0.7258066	0.5170666	0.9734498	0.1818682	11.0	3.0	2.1994658	0.9887758	3.4979908	0.0	3.0	7.009705	6.0	-0.8649726	0.67980516	0.75369656	0.0	1.0	0.0	0.16337967	1.7522547	1.099051	1	15	0	0	1	0	614.2831143613809	1839.827513683704	37.712364	-.DEPNSTPEKTEQFYR.-	sp|O76021|RL1D1_HUMAN
2017dec27_overlap_dia_6b_rep1_604to616.dia:2262.742:SLTPAVPVESKPDKPSGK+3	1	52247	13.308181	0.6973547	0.6315799	0.9717659	0.8483615	3.5385835	0.036479585	16.0	11.0	-2.406949	0.75153047	2.6303506	0.0	2.0	7.962261	8.0	2.6017704	0.9295262	0.9806072	1.0	1.0	13.0	0.32297897	0.88461447	3.5073638	0	18	0	0	1	0	613.0070360280475	1835.999278683704	37.712364	-.SLTPAVPVESKPDKPSGK.-	sp|P20810-10|ICAL_HUMAN;sp|P20810-2|ICAL_HUMAN;sp|P20810-3|ICAL_HUMAN;sp|P20810-4|ICAL_HUMAN;sp|P20810-5|ICAL_HUMAN;sp|P20810-6|ICAL_HUMAN;sp|P20810-7|ICAL_HUMAN;sp|P20810-8|ICAL_HUMAN;sp|P20810-9|ICAL_HUMAN;sp|P20810|ICAL_HUMAN
2017dec27_overlap_dia_6b_rep1_604to616.dia:2262.742:TVWSFGGGDNGK+2	1	52247	3.583457	0.2725381	0.42830732	0.7603724	0.5499671	1.1547222	0.2587067	7.0	1.0	-1.5740507	0.0	10.0	1.0	0.0	7.64638	4.0	-2.4182892	0.74912035	0.0	1.0	0.0	5.0	13.451023	10.0	2.6744654	0	12	0	1	0	0	612.7858273086647	1223.5571016837036	37.712364	-.TVWSFGGGDNGK.-	sp|Q15751|HERC1_HUMAN
2017dec27_overlap_dia_6b_rep1_604to616.dia:2264.8264:EALC[+57.0214635]DPTVASR+2	1	52299	5.5112643	0.4537765	0.5980374	0.89433604	0.7047031	2.1358178	0.053864326	9.0	1.0	-0.5085678	0.9435069	0.11111633	0.0	3.0	7.6602273	6.0	-1.6622429	0.8822924	0.84048975	1.0	1.0	8.0	0.36058044	1.6346198	1.6089826	0	11	0	1	0	0	609.7927950586646	1217.5710371837035	37.74711	-.EALC[+57.0214635]DPTVASR.-	sp|Q9BRX2|PELO_HUMAN
2017dec27_overlap_dia_6b_rep1_604to616.dia:2266.97:LVVDSHVQYR+2	1	52351	5.467709	0.34990558	0.40648475	0.8089946	0.59997576	1.4434904	0.33814436	9.0	0.0	-3.592177	0.971633	-2.6758876	0.0	2.0	8.099072	8.0	0.6969142	0.85820955	0.7890807	1.0	1.0	7.0	0.05328369	4.4216237	4.6925917	0	10	0	1	0	0	608.3276578086646	1214.6407626837035	37.782833	-.LVVDSHVQYR.-	sp|Q6P2Q9|PRP8_HUMAN
2017dec27_overlap_dia_6b_rep1_604to616.dia:2277.5837:AC[+57.0214635]SAIHAVNLR+2	1	52611	2.4531615	0.3325361	0.6081486	0.3943019	0.25802714	-0.42926484	0.5520684	6.0	1.0	2.573499	0.0	10.0	1.0	0.0	6.3468876	3.0	-1.508668	0.0	0.0	0.0	0.0	0.0	0.49391556	10.0	1.4730842	0	11	0	1	0	0	606.3193140586646	1210.6240751837036	37.95973	-.AC[+57.0214635]SAIHAVNLR.-	sp|Q13045-2|FLII_HUMAN;sp|Q13045-3|FLII_HUMAN;sp|Q13045|FLII_HUMAN
2017dec27_overlap_dia_6b_rep1_604to616.dia:2277.5837:HLAQVGDSMDR+2	1	52611	4.3299065	0.4755037	0.6459149	0.530134	0.35571676	0.120682344	0.39595193	8.0	2.0	-0.46632183	0.0	10.0	1.0	0.0	7.249439	5.0	-1.1950574	0.0	0.0	0.0	0.0	0.0	7.952057	10.0	1.5667366	0	11	0	1	0	0	614.7905868086647	1227.5666206837036	37.95973	-.HLAQVGDSMDR.-	sp|P55957-2|BID_HUMAN;sp|P55957|BID_HUMAN
2017dec27_overlap_dia_6b_rep1_604to616.dia:2277.5837:LGGGLGVAGGNSTR+2	1	52611	9.549909	1.0794495	1.7008647	0.5696761	0.3858627	0.28052977	0.74710333	13.0	2.0	1.0999614	0.97012717	2.452761	0.0	2.0	7.898403	8.0	2.8254328	0.821839	0.6763526	1.0	1.0	8.0	0.084033966	0.726825	4.5335293E-4	0	14	0	1	0	0	608.3256513086646	1214.6367496837036	37.95973	-.LGGGLGVAGGNSTR.-	sp|Q9NPJ6|MED4_HUMAN
2017dec27_overlap_dia_6b_rep1_604to616.dia:2277.5837:decoyELFPSPGHGHYGFMSR+3	-1	52611	3.581315	0.5707739	0.8065889	0.75663126	0.54631233	1.1342983	0.107404105	7.0	1.0	0.43574843	0.0	10.0	1.0	0.0	6.06507	5.0	-1.4421577	0.0	0.0	0.0	0.0	0.0	16.120277	10.0	0.6646663	0	16	0	0	1	0	606.9508650280474	1817.8307656837035	37.95973	-.ELFPSPGHGHYGFMSR.-	DECOY_sp|P28340|DPOD1_HUMAN
2017dec27_overlap_dia_6b_rep1_604to616.dia:2277.5837:decoyHYLQLGPNLR+2	-1	52611	4.111743	0.48218173	0.89029706	0.3207909	0.20789737	-0.7501396	0.77833366	8.0	0.0	0.9539057	0.0	10.0	1.0	0.0	7.1695266	4.0	-0.33641005	0.0	0.0	0.0	0.0	0.0	8.774971	10.0	0.14650905	0	10	0	1	0	0	605.8381928086645	1209.6618326837033	37.95973	-.HYLQLGPNLR.-	DECOY_sp|Q15057|ACAP2_HUMAN
2017dec27_overlap_dia_6b_rep1_604to616.dia:2277.5837:decoyILQLHISEDR+2	-1	52611	3.486672	0.41028446	0.59518206	0.6084729	0.41643518	0.44089755	0.2750789	7.0	1.0	-1.4876864	0.0	10.0	1.0	0.0	6.751422	5.0	-1.1324148	0.0	0.0	0.0	0.0	0.0	13.701614	10.0	2.5881011	0	10	0	1	0	0	612.3407693086647	1222.6669856837036	37.95973	-.ILQLHISEDR.-	DECOY_sp|Q9Y262-2|EIF3L_HUMAN;DECOY_sp|Q9Y262|EIF3L_HUMAN
2017dec27_overlap_dia_6b_rep1_604to616.dia:2277.5837:decoyVGNIHEFEQR+2	-1	52611	4.487497	0.42784375	0.8474058	0.76203716	0.55160135	1.1638808	0.27785724	8.0	0.0	-0.99495196	0.0	10.0	1.0	0.0	7.136411	5.0	-1.0287395	0.3273177	0.0	0.0	0.0	0.0	5.38488	10.0	2.0953667	0	10	0	1	0	0	614.8070938086646	1227.5996346837035	37.95973	-.VGNIHEFEQR.-	DECOY_sp|Q12873-2|CHD3_HUMAN;DECOY_sp|Q12873-3|CHD3_HUMAN;DECOY_sp|Q12873|CHD3_HUMAN
2017dec27_overlap_dia_6b_rep1_604to616.dia:2279.6953:decoyDFDGSTDSIIR+2	-1	52663	4.1797924	0.49134877	0.6640737	0.37520778	0.24485737	-0.50993913	1.0165539	8.0	0.0	-0.9578563	0.0	10.0	1.0	0.0	6.2448363	4.0	-0.46298933	0.74567294	0.0	0.0	0.0	3.0	16.165863	10.0	2.0524282	0	11	0	1	0	0	613.2883993086646	1224.5622456837034	37.994923	-.DFDGSTDSIIR.-	DECOY_sp|A6NMY6|AXA2L_HUMAN;DECOY_sp|P07355-2|ANXA2_HUMAN;DECOY_sp|P07355|ANXA2_HUMAN
2017dec27_overlap_dia_6b_rep1_604to616.dia:2281.7263:DKSDSPAIQLR+2	1	52715	7.458587	1.0933799	1.9660492	0.72016287	0.51186585	0.9452696	0.5372978	11.0	1.0	-1.4169894	0.0	10.0	1.0	0.0	7.431617	7.0	2.8993268	0.8214115	0.7264673	1.0	1.0	6.0	0.031234741	10.0	2.5054731	1	11	0	1	0	0	615.3278588086647	1228.6411646837037	38.02877	-.DKSDSPAIQLR.-	sp|Q96ST3|SIN3A_HUMAN
2017dec27_overlap_dia_6b_rep1_604to616.dia:2281.7263:VGVVQYSSDTR+2	1	52715	4.472323	0.744409	1.1385944	0.73587203	0.52645504	1.0246226	0.1698527	8.0	1.0	0.7685926	0.0	10.0	1.0	0.0	6.9505215	4.0	-1.3632836	0.50565696	0.0	1.0	0.0	3.0	1.5612221	10.0	0.3198912	0	11	0	1	0	0	605.8067553086646	1209.5989576837035	38.02877	-.VGVVQYSSDTR.-	sp|Q99715-4|COCA1_HUMAN;sp|Q99715|COCA1_HUMAN
2017dec27_overlap_dia_6b_rep1_604to616.dia:2281.7263:decoyAPIEQSTGEPGK+2	-1	52715	6.3984547	0.59956294	1.2795734	0.68974954	0.48455876	0.7989486	0.35039392	10.0	2.0	2.5479639	0.0	10.0	1.0	0.0	7.343205	6.0	-2.4524498	0.0	0.0	0.0	0.0	0.0	5.7193108	10.0	1.45948	0	12	0	1	0	0	607.3065928086645	1212.5986326837033	38.02877	-.APIEQSTGEPGK.-	DECOY_sp|Q99575|POP1_HUMAN
2017dec27_overlap_dia_6b_rep1_604to616.dia:2283.8662:EEETSIDVAGKPNEVTK+3	1	52767	19.610636	1.6432514	1.4717902	0.79853284	0.5887803	1.3771497	0.16495518	21.0	5.0	0.63284755	0.7235615	-4.4069347	1.0	2.0	7.6719046	10.0	6.926837	0.9036176	0.24831682	1.0	1.0	13.0	0.06690216	6.1328707	0.44738328	0	17	0	0	1	0	615.9740606947141	1844.9003526837037	38.064438	-.EEETSIDVAGKPNEVTK.-	sp|P53985|MOT1_HUMAN
2017dec27_overlap_dia_6b_rep1_604to616.dia:2283.8662:TMAQHEELMK+2	1	52767	4.401654	0.32910582	0.91891915	0.62536407	0.43009907	0.5123793	0.4786252	8.0	2.0	2.9050064	0.0	10.0	1.0	0.0	6.9929066	4.0	-2.167323	0.83932257	0.0	0.0	0.0	3.0	8.0567665	10.0	1.8247756	0	10	0	1	0	0	609.2862918086647	1216.5580306837037	38.064438	-.TMAQHEELMK.-	sp|P12270|TPR_HUMAN
2017dec27_overlap_dia_6b_rep1_604to616.dia:2283.8662:VIPC[+57.0214635]PPFYESDHPVR+3	1	52767	6.479289	0.58224356	1.1365956	0.83085567	0.6242971	1.5917038	0.22612423	10.0	1.0	0.28878194	0.0	10.0	1.0	0.0	6.4317145	4.0	-2.2926996	0.8665473	0.0	0.0	0.0	4.0	17.664814	10.0	0.7914489	0	15	0	0	1	0	604.9627705280475	1811.8664821837037	38.064438	-.VIPC[+57.0214635]PPFYESDHPVR.-	sp|P35658-2|NU214_HUMAN;sp|P35658-3|NU214_HUMAN;sp|P35658-4|NU214_HUMAN;sp|P35658-5|NU214_HUMAN;sp|P35658|NU214_HUMAN
2017dec27_overlap_dia_6b_rep1_604to616.dia:2283.8662:decoyLPPPSSTATAGVK+2	-1	52767	3.4724512	0.39695144	0.96980625	0.58887154	0.40085524	0.35930234	0.7792384	7.0	0.0	1.0300694	0.0	10.0	1.0	0.0	6.3247395	4.0	-2.6616025	-0.0015958342	0.0	1.0	0.0	4.0	6.488434	10.0	0.05016148	0	13	0	1	0	0	613.3429783086647	1224.6714036837036	38.064438	-.LPPPSSTATAGVK.-	DECOY_sp|Q96QD9-4|UIF_HUMAN;DECOY_sp|Q96QD9|UIF_HUMAN
2017dec27_overlap_dia_6b_rep1_604to616.dia:2283.8662:decoyVDLAEQPVNPK+2	-1	52767	5.4126544	0.51791364	1.1625152	0.7126742	0.5050324	0.90840757	0.49035743	9.0	0.0	1.1006076	0.0	10.0	1.0	0.0	6.9084272	6.0	-1.5895548	0.84041667	0.2407397	0.0	1.0	4.0	6.665165	10.0	0.020376801	0	11	0	1	0	0	605.3273278086646	1208.6401026837034	38.064438	-.VDLAEQPVNPK.-	DECOY_sp|A3KMH1-2|VWA8_HUMAN;DECOY_sp|A3KMH1-3|VWA8_HUMAN;DECOY_sp|A3KMH1|VWA8_HUMAN
2017dec27_overlap_dia_6b_rep1_604to616.dia:2285.9097:LQHLAESWGGK+2	1	52819	6.4996147	0.85966593	1.1730841	0.8706653	0.67262274	1.9068542	0.14814267	10.0	1.0	-0.49477255	0.0	10.0	1.0	0.0	7.927017	7.0	0.8063841	0.0	0.0	0.0	0.0	0.0	0.25613403	10.0	1.571325	0	11	0	1	0	0	613.3198373086648	1224.6251216837038	38.098495	-.LQHLAESWGGK.-	sp|Q7Z6Z7-2|HUWE1_HUMAN;sp|Q7Z6Z7-3|HUWE1_HUMAN;sp|Q7Z6Z7|HUWE1_HUMAN
2017dec27_overlap_dia_6b_rep1_604to616.dia:2285.9097:QLEKDFSSMK+2	1	52819	4.320758	0.43483242	0.99768615	0.51908344	0.34745324	0.07637082	0.7837671	8.0	0.0	-0.26813036	0.45381323	4.3902307	1.0	1.0	7.5081253	5.0	-1.4196162	0.0	0.0	0.0	0.0	0.0	2.6287994	2.6642947	1.3446827	1	10	0	1	0	0	606.8000883086646	1211.5856236837035	38.098495	-.QLEKDFSSMK.-	sp|P39023|RL3_HUMAN
2017dec27_overlap_dia_6b_rep1_604to616.dia:2285.9097:decoyGSSLSDLSDTSR+2	-1	52819	2.7320313	0.3531723	0.8763324	0.7493742	0.53929114	1.0952775	0.26157472	6.0	0.0	0.688989	0.0	10.0	1.0	0.0	6.3193192	4.0	-2.0177915	0.0	0.0	0.0	0.0	0.0	1.3663902	10.0	0.3875634	0	12	0	1	0	0	612.7887628086645	1223.5629726837033	38.098495	-.GSSLSDLSDTSR.-	DECOY_sp|Q9ULJ8-3|NEB1_HUMAN;DECOY_sp|Q9ULJ8-4|NEB1_HUMAN;DECOY_sp|Q9ULJ8-5|NEB1_HUMAN;DECOY_sp|Q9ULJ8|NEB1_HUMAN
2017dec27_overlap_dia_6b_rep1_604to616.dia:2285.9097:decoyKHNDHSEGDTVIVMVR+3	-1	52819	3.6626563	0.56442904	0.91348165	0.9124849	0.7316781	2.34436	0.11173635	7.0	2.0	-0.44425416	0.0	10.0	1.0	0.0	6.3540525	2.0	0.56063795	0.0	0.0	0.0	0.0	0.0	7.442642	10.0	1.5208066	1	16	0	0	1	0	612.9722200280474	1835.8948306837035	38.098495	-.KHNDHSEGDTVIVMVR.-	DECOY_sp|P56199|ITA1_HUMAN
2017dec27_overlap_dia_6b_rep1_604to616.dia:2285.9097:decoyLPVINGSPTYR+2	-1	52819	4.524152	0.5509586	0.8961839	0.8291458	0.62234545	1.5795854	0.2525167	8.0	0.0	0.8409788	0.0	10.0	1.0	0.0	7.2651443	6.0	-0.3191185	0.88733983	0.0	1.0	0.0	3.0	13.4816475	10.0	0.23557359	0	11	0	1	0	0	608.8378583086646	1215.6611636837035	38.098495	-.LPVINGSPTYR.-	DECOY_sp|Q53S58|TM177_HUMAN
2017dec27_overlap_dia_6b_rep1_604to616.dia:2285.9097:decoyRGGFSFSAGVPK+2	-1	52819	4.4369507	0.69257766	1.1908958	0.6783128	0.47457707	0.7460288	0.34901386	8.0	1.0	-0.85969913	0.0	10.0	1.0	0.0	7.078595	5.0	-1.2730718	0.19278179	-0.046278104	0.0	1.0	0.0	5.1240616	10.0	1.9362515	1	12	0	1	0	0	605.3223798086644	1208.6302066837031	38.098495	-.RGGFSFSAGVPK.-	DECOY_sp|O94979-10|SC31A_HUMAN;DECOY_sp|O94979-2|SC31A_HUMAN;DECOY_sp|O94979-3|SC31A_HUMAN;DECOY_sp|O94979-4|SC31A_HUMAN;DECOY_sp|O94979-5|SC31A_HUMAN;DECOY_sp|O94979-6|SC31A_HUMAN;DECOY_sp|O94979-7|SC31A_HUMAN;DECOY_sp|O94979-8|SC31A_HUMAN;DECOY_sp|O94979-9|SC31A_HUMAN;DECOY_sp|O94979|SC31A_HUMAN
2017dec27_overlap_dia_6b_rep1_604to616.dia:2285.9097:decoyTVTVTGDKNDVIEPTAR+3	-1	52819	6.1814327	0.6173436	0.88296914	0.41847456	0.27487016	-0.32903862	0.5767976	10.0	4.0	-0.38804162	0.0	10.0	1.0	0.0	6.630588	4.0	-0.81671333	0.0	0.0	0.0	0.0	0.0	2.222206	10.0	1.464594	1	17	0	0	1	0	605.9864126947141	1814.9374086837036	38.098495	-.TVTVTGDKNDVIEPTAR.-	DECOY_sp|O75369-2|FLNB_HUMAN;DECOY_sp|O75369-3|FLNB_HUMAN;DECOY_sp|O75369-4|FLNB_HUMAN;DECOY_sp|O75369-5|FLNB_HUMAN;DECOY_sp|O75369-6|FLNB_HUMAN;DECOY_sp|O75369-7|FLNB_HUMAN;DECOY_sp|O75369-8|FLNB_HUMAN;DECOY_sp|O75369-9|FLNB_HUMAN;DECOY_sp|O75369|FLNB_HUMAN
2017dec27_overlap_dia_6b_rep1_604to616.dia:2285.9097:decoyVKVNEPNQAAPGDEPIR+3	-1	52819	7.304302	0.5193589	0.8779341	0.5048309	0.33689034	0.019324137	0.35780555	11.0	1.0	3.6983743	0.0	10.0	1.0	0.0	6.244334	6.0	-0.47100067	0.0	0.0	0.0	0.0	0.0	2.4067726	10.0	2.6218219	1	17	0	0	1	0	611.9866350280475	1832.9380756837038	38.098495	-.VKVNEPNQAAPGDEPIR.-	DECOY_sp|Q02218-2|ODO1_HUMAN;DECOY_sp|Q02218|ODO1_HUMAN
2017dec27_overlap_dia_6b_rep1_604to616.dia:2285.9097:decoyVPYFPTTEKQPIEQR+3	-1	52819	5.337859	0.55191666	0.7986254	0.599923	0.40960425	0.4051444	0.31316915	9.0	2.0	-0.23483455	0.0	10.0	1.0	0.0	6.453966	5.0	-0.14369917	0.0	0.0	0.0	0.0	0.0	9.877258	10.0	1.311387	1	15	0	0	1	0	611.6562240280474	1831.9468426837036	38.098495	-.VPYFPTTEKQPIEQR.-	DECOY_sp|O60547-2|GMDS_HUMAN;DECOY_sp|O60547|GMDS_HUMAN
2017dec27_overlap_dia_6b_rep1_604to616.dia:2288.0447:TTPNSGDVQVTEDAVRR+3	1	52871	8.564161	0.5166952	0.5647767	0.7652856	0.55480456	1.1818798	0.35119578	12.0	2.0	-2.4540904	0.72077185	-7.4346743	1.0	2.0	6.6869626	5.0	0.98805285	0.70040864	0.16274378	0.0	1.0	6.0	0.13654327	9.16061	3.5306427	1	17	0	0	1	0	615.6414163613808	1843.9024196837038	38.13408	-.TTPNSGDVQVTEDAVRR.-	sp|P35269|T2FA_HUMAN
2017dec27_overlap_dia_6b_rep1_604to616.dia:2290.0999:decoyLKIDNVEMQK+2	-1	52923	4.5160666	0.54670954	0.90823704	0.8138526	0.6052674	1.4752405	0.3049359	8.0	1.0	-0.9609272	0.0	10.0	1.0	0.0	7.498168	6.0	-2.2199843	0.8777875	0.0	0.0	0.0	2.0	0.7637596	10.0	2.0374796	1	10	0	1	0	0	609.3315558086646	1216.6485586837034	38.16833	-.LKIDNVEMQK.-	DECOY_sp|Q96B97-2|SH3K1_HUMAN;DECOY_sp|Q96B97-3|SH3K1_HUMAN;DECOY_sp|Q96B97|SH3K1_HUMAN
2017dec27_overlap_dia_6b_rep1_604to616.dia:2292.2117:MENQVLQEAR+2	1	52975	3.5961988	0.4339585	0.69253886	0.7830113	0.5726347	1.283302	0.11734569	7.0	0.0	0.4777286	0.8382852	-4.797891	0.0	2.0	6.809574	5.0	-1.5831923	0.88715774	0.9186491	1.0	1.0	4.0	0.16709137	6.5436273	0.5988238	0	10	0	1	0	0	609.3007873086648	1216.5870216837038	38.20353	-.MENQVLQEAR.-	sp|Q9Y6D5|BIG2_HUMAN
2017dec27_overlap_dia_6b_rep1_604to616.dia:2294.2617:IEPADAHVLQK+2	1	53027	5.2524376	0.6070206	0.94799495	0.49280375	0.32805598	-0.028786978	0.4266253	9.0	1.0	0.80297387	0.0	10.0	1.0	0.0	7.6163945	5.0	-1.0372767	0.8356805	0.0	0.0	0.0	3.0	1.7673874	10.0	0.27357852	0	11	0	1	0	0	610.8353203086647	1219.6560876837036	38.237694	-.IEPADAHVLQK.-	sp|Q9GZZ1-2|NAA50_HUMAN;sp|Q9GZZ1|NAA50_HUMAN
2017dec27_overlap_dia_6b_rep1_604to616.dia:2294.2617:NVDLDLAASHR+2	1	53027	4.5069404	0.31991976	0.92514336	0.79692894	0.58708704	1.3672096	0.20691405	8.0	1.0	1.6733913	0.0	10.0	1.0	0.0	6.916864	4.0	-1.3023353	0.0	0.0	0.0	0.0	0.0	4.9848633	10.0	0.59683895	0	11	0	1	0	0	605.8123758086647	1209.6101986837036	38.237694	-.NVDLDLAASHR.-	sp|Q15751|HERC1_HUMAN
2017dec27_overlap_dia_6b_rep1_604to616.dia:2294.2617:QGPEGLEVSFR+2	1	53027	5.291972	0.4125205	0.9870399	0.53976995	0.36297756	0.15941657	0.46689394	9.0	0.0	-1.6488578	0.28211275	4.809216	1.0	2.0	7.333149	5.0	-1.0110435	0.0	0.0	0.0	0.0	0.0	17.223782	3.06348	2.7254102	0	11	0	1	0	0	609.8093023086647	1217.6040516837036	38.237694	-.QGPEGLEVSFR.-	sp|Q8TDP1-2|RNH2C_HUMAN;sp|Q8TDP1|RNH2C_HUMAN
2017dec27_overlap_dia_6b_rep1_604to616.dia:2294.2617:YYPPDFDPSK+2	1	53027	2.6411645	0.4528495	0.6582047	0.6078994	0.41597527	0.43849105	0.54751325	6.0	0.0	-1.6224245	0.21664768	0.60306007	1.0	1.0	6.987944	5.0	-1.8531084	0.0	0.0	0.0	0.0	0.0	11.307266	1.1426761	2.698977	0	10	0	1	0	0	614.7796703086647	1227.5447876837036	38.237694	-.YYPPDFDPSK.-	sp|Q9BW85|CCD94_HUMAN
2017dec27_overlap_dia_6b_rep1_604to616.dia:2294.2617:decoyDNASDIHAELK+2	-1	53027	3.3999574	0.33698195	0.5108666	0.498341	0.33211446	-0.006636119	0.5082806	7.0	1.0	2.0610783	0.19291358	0.40581143	1.0	1.0	7.096473	6.0	-1.7939181	0.0	0.0	0.0	0.0	0.0	5.307823	1.3399247	0.9845259	0	11	0	1	0	0	606.7963913086646	1211.5782296837035	38.237694	-.DNASDIHAELK.-	DECOY_sp|P35579-2|MYH9_HUMAN;DECOY_sp|P35579|MYH9_HUMAN
2017dec27_overlap_dia_6b_rep1_604to616.dia:2294.2617:decoyEAAEVIASEFR+2	-1	53027	7.2603273	0.45774332	0.7289102	0.45621648	0.30159146	-0.17558381	0.7522313	11.0	0.0	-0.8789476	0.5345416	-0.81328243	1.0	1.0	7.6082883	7.0	-0.72149754	0.4888246	0.0	0.0	0.0	0.0	15.306931	2.5590186	1.9555	0	11	0	1	0	0	611.3091348086646	1220.6037166837034	38.237694	-.EAAEVIASEFR.-	DECOY_sp|Q15020-2|SART3_HUMAN;DECOY_sp|Q15020-4|SART3_HUMAN;DECOY_sp|Q15020|SART3_HUMAN
2017dec27_overlap_dia_6b_rep1_604to616.dia:2294.2617:decoyIESGALDVLHR+2	-1	53027	2.675843	0.33330724	0.5053396	0.6584309	0.45755905	0.6563095	0.4211933	6.0	0.0	2.6459537	0.0	10.0	1.0	0.0	6.6057377	3.0	-2.4247925	0.72505873	0.015360581	1.0	1.0	3.0	11.964283	10.0	1.5694013	0	11	0	1	0	0	605.3329443086647	1208.6513356837036	38.237694	-.IESGALDVLHR.-	DECOY_sp|Q96L93-2|KI16B_HUMAN;DECOY_sp|Q96L93-4|KI16B_HUMAN;DECOY_sp|Q96L93-5|KI16B_HUMAN;DECOY_sp|Q96L93-6|KI16B_HUMAN;DECOY_sp|Q96L93|KI16B_HUMAN
2017dec27_overlap_dia_6b_rep1_604to616.dia:2294.2617:decoyLESGALDVLHR+2	-1	53027	2.675843	0.33330724	0.5053396	0.6584309	0.45755905	0.6563095	0.4211933	6.0	0.0	2.6459537	0.0	10.0	1.0	0.0	6.6057377	3.0	-2.4247925	0.72505873	0.015360581	1.0	1.0	3.0	11.964283	10.0	1.5694013	0	11	0	1	0	0	605.3329443086647	1208.6513356837036	38.237694	-.LESGALDVLHR.-	DECOY_sp|O95239-2|KIF4A_HUMAN;DECOY_sp|O95239|KIF4A_HUMAN;DECOY_sp|Q2VIQ3|KIF4B_HUMAN;DECOY_sp|Q6ZMV9-3|KIF6_HUMAN;DECOY_sp|Q6ZMV9|KIF6_HUMAN;DECOY_sp|Q9Y496|KIF3A_HUMAN
2017dec27_overlap_dia_6b_rep1_604to616.dia:2294.2617:decoyQAHHLGGAWNVAIDTQK+3	-1	53027	5.3794475	0.7818389	1.4456321	0.6602131	0.45906812	0.66424406	0.24143182	9.0	3.0	1.0523182	0.34074703	1.9811069	1.0	1.0	6.52431	5.0	-1.1782255	0.0	0.0	0.0	0.0	0.0	9.382557	0.23537076	0.024234176	0	17	0	0	1	0	615.9833370280473	1844.9281816837033	38.237694	-.QAHHLGGAWNVAIDTQK.-	DECOY_sp|Q13547|HDAC1_HUMAN
2017dec27_overlap_dia_6b_rep1_604to616.dia:2294.2617:decoySSIPGPLSDTSR+2	-1	53027	7.3119526	0.5590137	0.9677052	0.5138026	0.34352726	0.05522439	0.878999	11.0	1.0	-2.9286253	0.23611993	9.572626	1.0	1.0	7.4960628	6.0	-0.44344425	0.0	0.0	0.0	0.0	0.0	6.124893	7.82689	4.0051775	0	12	0	1	0	0	608.8120413086644	1215.6095296837032	38.237694	-.SSIPGPLSDTSR.-	DECOY_sp|Q9HCD5|NCOA5_HUMAN
2017dec27_overlap_dia_6b_rep1_604to616.dia:2296.3516:EQVPSGAELER+2	1	53079	7.5680747	1.1369438	1.6931406	0.9266563	0.7546606	2.5364263	0.14105484	11.0	1.0	-2.35436	0.9811915	1.1814375	0.0	2.0	8.541946	8.0	0.53518486	0.89907974	0.9417225	1.0	1.0	8.0	0.19776917	0.5642986	3.4309125	0	11	0	1	0	0	607.8042168086647	1213.5938806837037	38.272526	-.EQVPSGAELER.-	sp|Q8WWI1-2|LMO7_HUMAN;sp|Q8WWI1-3|LMO7_HUMAN;sp|Q8WWI1-4|LMO7_HUMAN;sp|Q8WWI1-5|LMO7_HUMAN;sp|Q8WWI1|LMO7_HUMAN
2017dec27_overlap_dia_6b_rep1_604to616.dia:2296.3516:HHSQQAPQAEAPC[+57.0214635]LLR+3	1	53079	9.594498	0.51151806	0.7227445	0.6312727	0.43493426	0.53768045	0.43325356	13.0	1.0	-0.45615986	0.0	10.0	1.0	0.0	6.9288087	4.0	0.0317173	0.5527702	0.0	1.0	0.0	2.0	0.36954498	10.0	1.5327122	0	16	0	0	1	0	614.9724435280474	1841.8955011837036	38.272526	-.HHSQQAPQAEAPC[+57.0214635]LLR.-	sp|Q9C0I1-2|MTMRC_HUMAN;sp|Q9C0I1-3|MTMRC_HUMAN;sp|Q9C0I1|MTMRC_HUMAN
2017dec27_overlap_dia_6b_rep1_604to616.dia:2296.3516:HPTTGQILGYK+2	1	53079	3.5745208	0.35157242	0.76037306	0.74488664	0.53499293	1.071524	0.23494187	7.0	1.0	0.3578121	0.0	10.0	1.0	0.0	7.1453085	4.0	-2.9116435	0.44225124	0.0	0.0	0.0	0.0	0.35697556	10.0	0.7187403	0	11	0	1	0	0	607.8300343086648	1213.645515683704	38.272526	-.HPTTGQILGYK.-	sp|Q15477|SKIV2_HUMAN
2017dec27_overlap_dia_6b_rep1_604to616.dia:2296.3516:LVGATATSSPPPK+2	1	53079	9.423655	0.41933712	0.81892914	0.42596447	0.28013033	-0.29833537	1.1367967	13.0	1.0	0.14806017	0.0	10.0	1.0	0.0	8.024556	7.0	1.5266323	0.0	0.0	0.0	0.0	0.0	6.6965218	10.0	0.9284922	0	13	0	1	0	0	613.3429783086647	1224.6714036837036	38.272526	-.LVGATATSSPPPK.-	sp|Q96QD9-4|UIF_HUMAN;sp|Q96QD9|UIF_HUMAN
2017dec27_overlap_dia_6b_rep1_604to616.dia:2296.3516:decoyHVHVVDFSGPK+2	-1	53079	5.1522613	0.43157783	0.8348881	0.39128932	0.2559417	-0.4418958	0.89234746	9.0	1.0	-2.0405626	0.43578026	8.5734415	1.0	1.0	7.60396	5.0	-0.6610346	0.0	0.0	0.0	0.0	0.0	0.84571457	6.8277054	3.117115	0	11	0	1	0	0	611.3223798086646	1220.6302066837034	38.272526	-.HVHVVDFSGPK.-	DECOY_sp|P22090|RS4Y1_HUMAN;DECOY_sp|P62701|RS4X_HUMAN
2017dec27_overlap_dia_6b_rep1_604to616.dia:2296.3516:decoyIDGTQIYGAER+2	-1	53079	5.423253	0.6799612	0.83142966	0.73028064	0.5212214	0.9960469	0.24132796	9.0	1.0	-0.40870765	0.8236175	-5.5979366	0.0	1.0	7.593871	5.0	-1.0669084	0.46187332	-0.030234683	0.0	1.0	0.0	1.5135612	7.3436728	1.48526	0	11	0	1	0	0	611.8067558086645	1221.5989586837034	38.272526	-.IDGTQIYGAER.-	DECOY_sp|Q9Y450-4|HBS1L_HUMAN;DECOY_sp|Q9Y450|HBS1L_HUMAN
2017dec27_overlap_dia_6b_rep1_604to616.dia:2296.3516:decoyQVDENLVDKR+2	-1	53079	4.2324243	0.30719423	0.7140105	0.42354873	0.27843153	-0.30822232	0.9865837	8.0	0.0	-1.4247402	0.0	10.0	1.0	0.0	7.257672	4.0	-0.5104842	0.6828411	0.0	0.0	0.0	1.0	7.9436245	10.0	2.5012927	1	10	0	1	0	0	608.3200338086646	1214.6255146837034	38.272526	-.QVDENLVDKR.-	DECOY_sp|O75116|ROCK2_HUMAN
2017dec27_overlap_dia_6b_rep1_604to616.dia:2296.3516:decoySDILEPNATLR+2	-1	53079	4.2299385	0.52001834	0.6952868	0.42113155	0.27673393	-0.31813002	0.7355801	8.0	1.0	-2.6561604	0.2006952	-1.0381768	1.0	1.0	7.1186237	5.0	-0.8394079	0.6561469	-0.04110346	0.0	1.0	0.0	11.657673	2.783913	3.7327127	0	11	0	1	0	0	614.8302343086646	1227.6459156837034	38.272526	-.SDILEPNATLR.-	DECOY_sp|Q9Y2L1-2|RRP44_HUMAN;DECOY_sp|Q9Y2L1|RRP44_HUMAN
2017dec27_overlap_dia_6b_rep1_604to616.dia:2296.3516:decoyTTEC[+57.0214635]FIAINR+2	-1	53079	2.5861301	0.32709557	0.5831903	0.5355469	0.359789	0.14242792	0.50044596	6.0	0.0	0.7235606	0.0	10.0	1.0	0.0	6.855857	4.0	-2.230128	0.6214337	0.5751023	1.0	1.0	3.0	17.756474	10.0	0.35299182	0	10	0	1	0	0	612.8057055586646	1223.5968581837035	38.272526	-.TTEC[+57.0214635]FIAINR.-	DECOY_sp|O95573|ACSL3_HUMAN
2017dec27_overlap_dia_6b_rep1_604to616.dia:2296.3516:decoyVMHYLYQDR+2	-1	53079	4.3052	0.33825785	0.6404453	0.50081724	0.33393425	0.0032689727	0.65654755	8.0	0.0	-1.1305748	0.0	10.0	1.0	0.0	7.4483347	4.0	-0.6761513	0.38240737	0.0	0.0	0.0	4.0	3.2250671	10.0	2.207127	0	9	0	1	0	0	612.7951323086646	1223.5757116837035	38.272526	-.VMHYLYQDR.-	DECOY_sp|P52789|HXK2_HUMAN
2017dec27_overlap_dia_6b_rep1_604to616.dia:2296.3516:decoyYTNAAPRGLEK+2	-1	53079	6.243456	0.38022372	0.79014075	0.4827167	0.3206998	-0.069160774	0.53113925	10.0	1.0	-2.0884254	0.0	10.0	1.0	0.0	7.4894214	6.0	-0.27455378	0.50528246	0.0	0.0	0.0	0.0	8.264854	10.0	3.1649778	1	11	0	1	0	0	610.3251153086647	1218.6356776837038	38.272526	-.YTNAAPRGLEK.-	DECOY_sp|P62241|RS8_HUMAN
2017dec27_overlap_dia_6b_rep1_604to616.dia:2298.422:GKEGAIIVDPAR+2	1	53131	7.327764	0.530437	0.9280005	0.5328534	0.3577606	0.13160332	0.73317105	11.0	1.0	2.6746519	0.0	10.0	1.0	0.0	7.559413	7.0	2.083086	0.92064595	0.0	1.0	0.0	7.0	0.25028992	10.0	1.5980995	1	12	0	1	0	0	613.3485948086648	1224.6826366837038	38.307034	-.GKEGAIIVDPAR.-	sp|Q9H3U1-2|UN45A_HUMAN;sp|Q9H3U1|UN45A_HUMAN
2017dec27_overlap_dia_6b_rep1_604to616.dia:2298.422:decoyNASIDYYQLK+2	-1	53131	6.2464895	0.3555115	0.71177363	0.48610058	0.32316226	-0.055612035	0.8225372	10.0	1.0	-0.6055828	0.9744082	5.5278935	0.0	2.0	7.7802286	6.0	-0.18651724	0.82070225	0.62589276	0.0	1.0	2.0	10.392376	3.7623572	1.6821351	0	10	0	1	0	0	607.8062193086646	1213.5978856837035	38.307034	-.NASIDYYQLK.-	DECOY_sp|P62826|RAN_HUMAN
2017dec27_overlap_dia_6b_rep1_604to616.dia:2300.5496:AYIC[+57.0214635]AHPLDR+2	1	53183	6.4753923	0.5460787	0.6435782	0.8234346	0.61589	1.5397927	0.3238783	10.0	0.0	0.16010651	0.99412394	-0.7261863	0.0	3.0	8.121908	8.0	2.3932934	0.9284926	0.8948749	1.0	1.0	7.0	0.13123322	2.4917226	0.91644585	0	10	0	1	0	0	608.3005860586647	1214.5866191837038	38.34249	-.AYIC[+57.0214635]AHPLDR.-	sp|Q9H845|ACAD9_HUMAN
2017dec27_overlap_dia_6b_rep1_604to616.dia:2300.5496:decoyGTGNELSTQLHVTVVQR+3	-1	53183	3.4089267	0.3981123	0.7660929	0.50874025	0.3397773	0.034964573	0.5095799	7.0	2.0	-1.0705867	0.0	10.0	1.0	0.0	6.1093445	3.0	-2.84769	0.93358064	0.0	1.0	0.0	7.0	12.03933	10.0	2.147139	0	17	0	0	1	0	613.6621520280474	1837.9646266837037	38.34249	-.GTGNELSTQLHVTVVQR.-	DECOY_sp|Q14318-2|FKBP8_HUMAN;DECOY_sp|Q14318|FKBP8_HUMAN
2017dec27_overlap_dia_6b_rep1_604to616.dia:2300.5496:decoyIEKTENDLQEELQAR+3	-1	53183	6.3135314	0.5472628	0.6254918	0.5672413	0.38397866	0.2706045	0.35160792	10.0	3.0	-0.44948316	0.0	10.0	1.0	0.0	6.566199	5.0	-0.46367598	0.8425457	0.0	0.0	0.0	4.0	7.208786	10.0	1.5260355	1	15	0	0	1	0	605.974283694714	1814.9010216837034	38.34249	-.IEKTENDLQEELQAR.-	DECOY_sp|P35579-2|MYH9_HUMAN;DECOY_sp|P35579|MYH9_HUMAN
2017dec27_overlap_dia_6b_rep1_604to616.dia:2300.5496:decoyLEAQLQQLER+2	-1	53183	3.4273355	0.46958077	0.71484536	0.5307681	0.356193	0.12322807	0.4243607	7.0	0.0	-0.45087406	0.0	10.0	1.0	0.0	7.0828424	5.0	-2.1892557	0.89364135	-0.07624963	1.0	1.0	3.0	11.900658	10.0	1.5274265	0	10	0	1	0	0	614.3382273086645	1226.6619016837033	38.34249	-.LEAQLQQLER.-	DECOY_sp|P48681|NEST_HUMAN
2017dec27_overlap_dia_6b_rep1_604to616.dia:2300.5496:decoyNHSAALDLDVR+2	-1	53183	3.6031752	0.42082798	0.6296741	0.7956911	0.5857842	1.3595778	0.1710686	7.0	1.0	0.81624126	0.0	10.0	1.0	0.0	7.004237	5.0	-2.3781412	0.8734782	0.0	1.0	0.0	3.0	4.880066	10.0	0.26031113	0	11	0	1	0	0	605.8123758086646	1209.6101986837034	38.34249	-.NHSAALDLDVR.-	DECOY_sp|Q15751|HERC1_HUMAN
2017dec27_overlap_dia_6b_rep1_604to616.dia:2300.5496:decoyNNSNNPSQPHLVNC[+57.0214635]SR+3	-1	53183	6.3205953	0.70931494	0.8359381	0.5765429	0.39119726	0.30859756	0.69663835	10.0	2.0	-0.1421786	0.0	10.0	1.0	0.0	6.8480353	4.0	0.43406105	0.88292736	0.0	1.0	0.0	5.0	8.33482	10.0	1.2187309	0	16	0	0	1	0	613.2834561947142	1836.8285391837037	38.34249	-.NNSNNPSQPHLVNC[+57.0214635]SR.-	DECOY_sp|Q7Z333-3|SETX_HUMAN;DECOY_sp|Q7Z333-4|SETX_HUMAN;DECOY_sp|Q7Z333|SETX_HUMAN
2017dec27_overlap_dia_6b_rep1_604to616.dia:2302.592:NTEKENATVAHLVGALR+3	1	53235	8.33783	0.4334561	0.6237766	0.4544559	0.3003326	-0.18268271	0.49955457	12.0	4.0	-1.604011	0.0	10.0	1.0	0.0	6.7068725	4.0	-0.18850899	0.32341394	0.0	0.0	0.0	0.0	13.8348465	10.0	2.6808653	1	17	0	0	1	0	608.3305133613807	1821.9697106837032	38.376534	-.NTEKENATVAHLVGALR.-	sp|Q13158|FADD_HUMAN
2017dec27_overlap_dia_6b_rep1_604to616.dia:2302.592:QDLAKEEIQR+2	1	53235	7.564277	0.81748545	1.2180834	0.91858846	0.7413399	2.4233212	0.069027156	11.0	1.0	-0.5164254	0.0	10.0	1.0	0.0	8.168356	6.0	0.13122463	0.95408124	0.0	1.0	0.0	5.0	8.368862	10.0	1.5932795	1	10	0	1	0	0	615.3278593086648	1228.6411656837038	38.376534	-.QDLAKEEIQR.-	sp|Q99567|NUP88_HUMAN
2017dec27_overlap_dia_6b_rep1_604to616.dia:2302.592:YQDLGAYSSAR+2	1	53235	10.897058	1.2835661	1.6195818	0.9050008	0.7202599	2.2540674	0.18795839	14.0	1.0	-1.521708	0.81897134	-0.15901789	0.0	1.0	9.015755	10.0	0.101166725	0.91537416	0.9639012	1.0	1.0	10.0	0.17982483	1.9245542	2.5985622	0	11	0	1	0	0	615.7911008086646	1229.5676486837035	38.376534	-.YQDLGAYSSAR.-	sp|O96000|NDUBA_HUMAN
2017dec27_overlap_dia_6b_rep1_604to616.dia:2302.592:decoyAYGQLAAAYAGR+2	-1	53235	4.411711	0.7005487	0.97443146	0.6400158	0.44214445	0.5754326	0.19139247	8.0	1.0	1.1763735	0.0	10.0	1.0	0.0	7.492625	4.0	-2.5126424	0.86015946	0.0	1.0	0.0	3.0	8.96431	10.0	0.09951937	0	12	0	1	0	0	606.3120043086644	1210.6094556837031	38.376534	-.AYGQLAAAYAGR.-	DECOY_sp|Q9NRS6|SNX15_HUMAN
2017dec27_overlap_dia_6b_rep1_604to616.dia:2302.592:decoyIQMESMQAMR+2	-1	53235	2.7153971	0.51410943	0.7682078	0.7212143	0.51283145	0.95049286	0.09680868	6.0	0.0	2.0224977	0.0	10.0	1.0	0.0	6.734541	4.0	-2.2093923	0.91606784	-0.056618214	1.0	1.0	6.0	3.5244484	10.0	0.94564354	0	10	0	1	0	0	612.7803193086646	1223.5460856837035	38.376534	-.IQMESMQAMR.-	DECOY_sp|Q8IWV8-4|UBR2_HUMAN;DECOY_sp|Q8IWV8|UBR2_HUMAN
2017dec27_overlap_dia_6b_rep1_604to616.dia:2302.592:decoyLINC[+57.0214635]NFEC[+57.0214635]R+2	-1	53235	3.5077615	0.5082586	0.6819475	0.6387497	0.44109613	0.5699417	0.17566606	7.0	0.0	-2.1627738	0.5449111	6.3299246	1.0	2.0	7.588074	4.0	-0.6412029	0.956889	0.0	1.0	0.0	6.0	5.680523	4.5643883	3.2396278	0	9	0	1	0	0	613.2762573086645	1224.5379616837033	38.376534	-.LINC[+57.0214635]NFEC[+57.0214635]R.-	DECOY_sp|Q9H269-2|VPS16_HUMAN;DECOY_sp|Q9H269|VPS16_HUMAN
2017dec27_overlap_dia_6b_rep1_604to616.dia:2302.592:decoySGMDTLTSSYR+2	-1	53235	3.521833	0.56403625	0.67756236	0.6597848	0.45870513	0.66233534	0.3177027	7.0	0.0	-2.914557	0.0	10.0	1.0	0.0	7.1910825	4.0	-1.9109764	0.9298378	0.0	1.0	0.0	5.0	5.748314	10.0	3.9914112	0	11	0	1	0	0	609.2769733086647	1216.5393936837036	38.376534	-.SGMDTLTSSYR.-	DECOY_sp|O94875-10|SRBS2_HUMAN;DECOY_sp|O94875-11|SRBS2_HUMAN;DECOY_sp|O94875-12|SRBS2_HUMAN;DECOY_sp|O94875-2|SRBS2_HUMAN;DECOY_sp|O94875-3|SRBS2_HUMAN;DECOY_sp|O94875-4|SRBS2_HUMAN;DECOY_sp|O94875-5|SRBS2_HUMAN;DECOY_sp|O94875-7|SRBS2_HUMAN;DECOY_sp|O94875-8|SRBS2_HUMAN;DECOY_sp|O94875-9|SRBS2_HUMAN;DECOY_sp|O94875|SRBS2_HUMAN
2017dec27_overlap_dia_6b_rep1_604to616.dia:2302.592:decoyVQAHEIMHVLNENYK+3	-1	53235	7.4644637	0.40534914	0.57883954	0.7299739	0.52093565	0.9944902	0.17654614	11.0	1.0	-1.0926281	0.6520279	9.859836	1.0	1.0	6.5657067	5.0	-1.1758671	0.0	0.0	0.0	0.0	0.0	14.792301	8.094299	2.1694822	0	15	0	0	1	0	608.9735580280475	1823.8988446837036	38.376534	-.VQAHEIMHVLNENYK.-	DECOY_sp|O75934|SPF27_HUMAN
2017dec27_overlap_dia_6b_rep1_604to616.dia:2306.7192:C[+57.0214635]TSAEEFVQR+2	1	53339	6.3663187	0.53357327	0.6733405	0.64055336	0.44258994	0.57776666	0.5660752	10.0	0.0	-0.76019514	0.9586059	-3.3072388	0.0	2.0	7.6357136	8.0	1.309103	0.68386155	0.9512629	1.0	1.0	10.0	0.20529938	5.072775	1.848679	0	10	0	1	0	0	613.7771450586646	1225.5397371837034	38.44532	-.C[+57.0214635]TSAEEFVQR.-	sp|O60231|DHX16_HUMAN
2017dec27_overlap_dia_6b_rep1_604to616.dia:2306.7192:EVEVIGGADKYHSVC[+57.0214635]R+3	1	53339	14.401432	1.0062162	1.1325307	0.7085393	0.50129104	0.88830036	0.4608836	17.0	8.0	1.3495476	0.89601105	-4.464457	0.0	2.0	7.7521796	8.0	6.016127	0.82246983	0.77986234	1.0	1.0	10.0	0.199749	6.2299933	0.2610638	1	16	0	0	1	0	606.9649511947142	1817.873024183704	38.44532	-.EVEVIGGADKYHSVC[+57.0214635]R.-	sp|P04183|KITH_HUMAN
2017dec27_overlap_dia_6b_rep1_604to616.dia:2306.7192:ISEQTYQLSR+2	1	53339	8.623979	1.1137099	1.5826147	0.87829465	0.682637	1.9763792	0.24287918	12.0	1.0	-0.8326582	0.82348776	5.685435	0.0	1.0	8.442232	9.0	3.8959093	0.89977646	0.92703766	1.0	1.0	8.0	0.08293915	3.9198985	1.921142	0	10	0	1	0	0	612.8145803086647	1223.6146076837038	38.44532	-.ISEQTYQLSR.-	sp|P61764-2|STXB1_HUMAN;sp|P61764|STXB1_HUMAN
2017dec27_overlap_dia_6b_rep1_604to616.dia:2306.7192:SDSILLTHDGR+2	1	53339	6.3144116	0.5649761	0.7338917	0.5683926	0.38486904	0.27529588	0.81840974	10.0	1.0	-0.0021012723	0.0	10.0	1.0	0.0	7.3952837	6.0	0.57185984	0.734311	0.46038407	1.0	1.0	6.0	0.0044898987	10.0	1.0905851	0	11	0	1	0	0	607.3122088086646	1212.6098646837036	38.44532	-.SDSILLTHDGR.-	sp|O96013-2|PAK4_HUMAN;sp|O96013-3|PAK4_HUMAN;sp|O96013-4|PAK4_HUMAN;sp|O96013|PAK4_HUMAN
2017dec27_overlap_dia_6b_rep1_604to616.dia:2306.7192:decoyVTDSSYQVVGR+2	-1	53339	4.4355025	0.5485052	0.8770553	0.67605484	0.47262353	0.73569995	0.27494726	8.0	1.0	-0.8766225	0.0	10.0	1.0	0.0	7.229296	4.0	-0.5969286	0.7717009	0.0	0.0	0.0	1.0	1.9777718	10.0	1.9651062	0	11	0	1	0	0	605.8067553086646	1209.5989576837035	38.44532	-.VTDSSYQVVGR.-	DECOY_sp|Q99715-4|COCA1_HUMAN;DECOY_sp|Q99715|COCA1_HUMAN
2017dec27_overlap_dia_6b_rep1_604to616.dia:2308.8481:AYSPEDLEER+2	1	53391	4.227363	0.40947968	0.8500201	0.41864142	0.27498722	-0.32835296	0.9525667	8.0	0.0	-1.2253425	0.0	10.0	1.0	0.0	7.340631	5.0	-1.6909938	0.9107951	0.055046536	1.0	1.0	4.0	2.7855797	10.0	2.3138263	0	10	0	1	0	0	604.7751203086647	1207.5356876837036	38.4808	-.AYSPEDLEER.-	sp|Q8WXD5|GEMI6_HUMAN
2017dec27_overlap_dia_6b_rep1_604to616.dia:2308.8481:NDHQEDFWK+2	1	53391	8.598262	0.8567626	1.1218702	0.827797	0.6208122	1.570094	0.27980775	12.0	0.0	-0.21849972	0.9204749	6.4009686	0.0	3.0	8.363178	6.0	8.4224615	0.735905	0.97287184	1.0	1.0	10.0	0.029624939	4.6354322	1.3069835	0	9	0	1	0	0	609.7623518086647	1217.5101506837036	38.4808	-.NDHQEDFWK.-	sp|Q9H4A4|AMPB_HUMAN
2017dec27_overlap_dia_6b_rep1_604to616.dia:2308.8481:NPVHNGHALLMQDTHK+3	1	53391	6.23847	0.53829294	1.0234191	0.477207	0.31670165	-0.0912352	0.5529807	10.0	3.0	-1.7904365	0.9276743	0.3784299	0.0	2.0	6.6748924	4.0	-0.8526678	0.0	0.0	0.0	0.0	0.0	8.473129	1.3871064	2.8789203	0	16	0	0	1	0	604.6371720280474	1810.8896866837035	38.4808	-.NPVHNGHALLMQDTHK.-	sp|O43252|PAPS1_HUMAN
2017dec27_overlap_dia_6b_rep1_604to616.dia:2308.8481:decoyGGTGPPGYLLC[+57.0214635]K+2	-1	53391	6.2192483	0.43993026	0.9474656	0.45654616	0.3018273	-0.17425494	0.5215915	10.0	0.0	1.3209475	0.0	10.0	1.0	0.0	7.323571	5.0	-0.8000126	0.0	0.0	0.0	0.0	0.0	10.536709	10.0	0.23246372	0	12	0	1	0	0	610.3106200586647	1218.6066871837036	38.4808	-.GGTGPPGYLLC[+57.0214635]K.-	DECOY_sp|P62333|PRS10_HUMAN
2017dec27_overlap_dia_6b_rep1_604to616.dia:2308.8481:decoyLLNNSNVLQSK+2	-1	53391	3.4435139	0.6214089	0.9879889	0.5509133	0.371441	0.20436141	0.48694143	7.0	0.0	-1.3496065	0.0	10.0	1.0	0.0	6.8482385	4.0	-1.3841023	0.371284	0.0	1.0	0.0	3.0	4.4910927	10.0	2.4380903	0	11	0	1	0	0	615.3460508086647	1228.6775486837037	38.4808	-.LLNNSNVLQSK.-	DECOY_sp|Q9UI42-2|CBPA4_HUMAN;DECOY_sp|Q9UI42|CBPA4_HUMAN
2017dec27_overlap_dia_6b_rep1_604to616.dia:2308.8481:decoySVAAEHIQSLR+2	-1	53391	6.057575	0.7994606	1.4042529	0.31463844	0.20376652	-0.7785224	0.7883913	10.0	1.0	-1.417933	0.0	10.0	1.0	0.0	7.898532	5.0	-1.2840981	0.27426282	0.0	0.0	0.0	4.0	5.051277	10.0	2.5064168	0	11	0	1	0	0	605.8305688086645	1209.6465846837032	38.4808	-.SVAAEHIQSLR.-	DECOY_sp|Q9NZM1-2|MYOF_HUMAN;DECOY_sp|Q9NZM1-3|MYOF_HUMAN;DECOY_sp|Q9NZM1-5|MYOF_HUMAN;DECOY_sp|Q9NZM1-6|MYOF_HUMAN;DECOY_sp|Q9NZM1|MYOF_HUMAN
2017dec27_overlap_dia_6b_rep1_604to616.dia:2308.8481:decoyVILEMTDENR+2	-1	53391	3.5775635	0.38061514	0.5929096	0.7501236	0.5400121	1.0992717	0.21113074	7.0	0.0	0.7807237	0.0	10.0	1.0	0.0	7.1073055	5.0	-0.38403797	0.8783449	0.3202036	1.0	1.0	3.0	13.928299	10.0	0.30776012	0	10	0	1	0	0	610.3029953086647	1218.5914376837036	38.4808	-.VILEMTDENR.-	DECOY_sp|Q6P1M0|S27A4_HUMAN
2017dec27_overlap_dia_6b_rep1_604to616.dia:2308.8481:decoyVLLEMTDENR+2	-1	53391	3.5775635	0.38061514	0.5929096	0.7501236	0.5400121	1.0992717	0.21113074	7.0	0.0	0.7807237	0.0	10.0	1.0	0.0	7.1073055	5.0	-0.38403797	0.8783449	0.3202036	1.0	1.0	3.0	13.928299	10.0	0.30776012	0	10	0	1	0	0	610.3029953086647	1218.5914376837036	38.4808	-.VLLEMTDENR.-	DECOY_sp|Q6PCB7-2|S27A1_HUMAN;DECOY_sp|Q6PCB7|S27A1_HUMAN
2017dec27_overlap_dia_6b_rep1_604to616.dia:2308.8481:decoyWAASNALLQSR+2	-1	53391	6.1771626	0.68854743	1.0128587	0.41438043	0.2720034	-0.34588593	0.68963563	10.0	1.0	0.7478635	0.0	10.0	1.0	0.0	7.5267763	6.0	0.47577286	0.87629414	0.0	0.0	0.0	3.0	10.615292	10.0	0.34062034	0	11	0	1	0	0	608.8252863086647	1215.6360196837036	38.4808	-.WAASNALLQSR.-	DECOY_sp|Q13813-2|SPTN1_HUMAN;DECOY_sp|Q13813-3|SPTN1_HUMAN;DECOY_sp|Q13813|SPTN1_HUMAN
2017dec27_overlap_dia_6b_rep1_604to616.dia:2308.8481:decoyYEPLNEEDSK+2	-1	53391	2.6630273	0.3662514	0.7213902	0.63928515	0.4415393	0.5722628	0.46945828	6.0	0.0	0.29445964	0.0	10.0	1.0	0.0	6.633828	4.0	0.3152361	0.0	0.0	0.0	0.0	0.0	6.663641	10.0	0.79402417	0	10	0	1	0	0	612.2749528086646	1222.5353526837034	38.4808	-.YEPLNEEDSK.-	DECOY_sp|Q9BQI0-2|AIF1L_HUMAN;DECOY_sp|Q9BQI0-3|AIF1L_HUMAN;DECOY_sp|Q9BQI0-4|AIF1L_HUMAN;DECOY_sp|Q9BQI0|AIF1L_HUMAN
2017dec27_overlap_dia_6b_rep1_604to616.dia:2310.8762:decoyALC[+57.0214635]HDC[+57.0214635]AVQANPSPASK+3	-1	53443	7.2408566	0.5970172	0.9634603	0.43621492	0.28736252	-0.25653803	0.62230855	11.0	4.0	0.90157807	0.6949382	-9.697602	0.0	1.0	6.472545	4.0	-0.37259483	0.0	0.0	0.0	0.0	0.0	3.8321419	11.463139	0.19083405	0	17	0	0	1	0	609.2821773613808	1824.8247026837037	38.514603	-.ALC[+57.0214635]HDC[+57.0214635]AVQANPSPASK.-	DECOY_sp|Q14258|TRI25_HUMAN
2017dec27_overlap_dia_6b_rep1_604to616.dia:2310.8762:decoyGTLPPKTSISTK+2	-1	53443	3.4218974	0.52429616	0.9255183	0.5241635	0.35124385	0.0967293	0.2684701	7.0	1.0	1.4810762	0.0	10.0	1.0	0.0	6.554831	4.0	-1.4206529	0.0	0.0	0.0	0.0	0.0	4.0700073	10.0	0.38866413	1	12	0	1	0	0	615.3586283086646	1228.7027036837035	38.514603	-.GTLPPKTSISTK.-	DECOY_sp|P35249-2|RFC4_HUMAN;DECOY_sp|P35249|RFC4_HUMAN
2017dec27_overlap_dia_6b_rep1_604to616.dia:2310.8762:decoyLITQEEIQKK+2	-1	53443	2.65104	0.54771507	0.7424738	0.62188107	0.4272626	0.49754006	0.5266907	6.0	0.0	-2.4632206	0.0	10.0	1.0	0.0	6.632893	5.0	-1.518734	0.1299651	0.0	0.0	0.0	4.0	7.0174522	10.0	3.5556326	1	10	0	1	0	0	615.3586283086647	1228.7027036837037	38.514603	-.LITQEEIQKK.-	DECOY_sp|P35241-2|RADI_HUMAN;DECOY_sp|P35241-4|RADI_HUMAN;DECOY_sp|P35241-5|RADI_HUMAN;DECOY_sp|P35241|RADI_HUMAN
2017dec27_overlap_dia_6b_rep1_604to616.dia:2310.8762:decoyYASSYAGLDQR+2	-1	53443	4.1717157	0.44510967	0.89826894	0.36829418	0.24011618	-0.5395418	0.5564962	8.0	1.0	-3.0090125	0.81897134	4.499465	0.0	1.0	6.9515076	4.0	-1.6529517	0.32385394	-0.023255814	0.0	1.0	0.0	0.3055992	2.7339287	4.1014247	0	11	0	1	0	0	615.7911008086646	1229.5676486837035	38.514603	-.YASSYAGLDQR.-	DECOY_sp|O96000|NDUBA_HUMAN
2017dec27_overlap_dia_6b_rep1_604to616.dia:2312.9736:decoyIDTIGGGPMVVR+2	-1	53495	4.3370705	0.428389	0.8975411	0.5389513	0.3623587	0.15612148	0.2821698	8.0	1.0	1.1295621	0.0	10.0	1.0	0.0	6.7601666	6.0	-0.9150791	0.5397498	0.0	0.0	0.0	0.0	15.490921	10.0	0.029147387	0	12	0	1	0	0	607.8317238086647	1213.6488946837037	38.54956	-.IDTIGGGPMVVR.-	DECOY_sp|Q9NTM9|CUTC_HUMAN
2017dec27_overlap_dia_6b_rep1_604to616.dia:2315.0432:QDEVNAAWQR+2	1	53547	7.498398	1.3230382	1.797639	0.7892994	0.5791121	1.3207077	0.3748854	11.0	0.0	-0.98183066	0.98013926	7.702442	0.0	2.0	8.030731	8.0	-1.130717	0.9197806	0.90435266	1.0	1.0	9.0	0.13529587	5.936906	2.0822453	0	10	0	1	0	0	608.7889013086648	1215.5632496837038	38.584053	-.QDEVNAAWQR.-	sp|Q13813-2|SPTN1_HUMAN;sp|Q13813-3|SPTN1_HUMAN;sp|Q13813|SPTN1_HUMAN
2017dec27_overlap_dia_6b_rep1_604to616.dia:2315.0432:decoyILGDVNWSC[+57.0214635]R+2	-1	53547	4.1997457	0.443814	0.7332323	0.39284846	0.2570206	-0.4353544	0.5489649	8.0	0.0	-2.9422297	0.8256492	2.2204957	0.0	1.0	6.616827	4.0	-1.6358032	0.51415175	0.5217328	0.0	1.0	0.0	17.262413	0.4549594	4.0426445	0	10	0	1	0	0	610.2980470586645	1218.5815411837032	38.584053	-.ILGDVNWSC[+57.0214635]R.-	DECOY_sp|P27695|APEX1_HUMAN
2017dec27_overlap_dia_6b_rep1_604to616.dia:2317.1736:LFQSNDQTLR+2	1	53599	4.2548428	0.8427629	1.0039626	0.44598705	0.29429454	-0.21689819	0.52886635	8.0	1.0	-0.56944484	0.0	10.0	1.0	0.0	7.342203	6.0	-1.1447072	0.0	0.0	0.0	0.0	0.0	2.3642845	10.0	1.6698596	0	10	0	1	0	0	611.3147518086646	1220.6149506837035	38.61956	-.LFQSNDQTLR.-	sp|Q9UBF2-2|COPG2_HUMAN;sp|Q9UBF2|COPG2_HUMAN
2017dec27_overlap_dia_6b_rep1_604to616.dia:2317.1736:NAAGNFYINDK+2	1	53599	2.3950312	0.5708925	1.0398561	0.34490424	0.2241773	-0.6415146	0.7569649	6.0	0.0	0.22064641	0.0	10.0	1.0	0.0	6.7927465	3.0	-3.0	0.76339716	0.0	0.0	0.0	3.0	4.389614	10.0	0.8797684	0	11	0	1	0	0	613.7936473086647	1225.5727416837037	38.61956	-.NAAGNFYINDK.-	sp|P30038-2|AL4A1_HUMAN;sp|P30038-3|AL4A1_HUMAN;sp|P30038|AL4A1_HUMAN
2017dec27_overlap_dia_6b_rep1_604to616.dia:2317.1736:decoyAIGIATSSNEVR+2	-1	53599	6.2917356	1.0779192	1.4190933	0.5394763	0.36275554	0.15823448	0.6731509	10.0	1.0	-0.08111864	0.0	10.0	1.0	0.0	7.5533977	7.0	-0.85488033	0.6866969	0.0	1.0	0.0	4.0	1.0954704	10.0	1.1815333	0	12	0	1	0	0	609.3278588086645	1216.6411646837032	38.61956	-.AIGIATSSNEVR.-	DECOY_sp|P25788-2|PSA3_HUMAN;DECOY_sp|P25788|PSA3_HUMAN
2017dec27_overlap_dia_6b_rep1_604to616.dia:2317.1736:decoyMAEQLVQNER+2	-1	53599	3.4626002	0.46279967	0.6080077	0.5756645	0.39051318	0.30500066	0.45609087	7.0	0.0	-1.4592123	0.0	10.0	1.0	0.0	6.7500343	4.0	-1.7632496	0.4755456	0.0	1.0	0.0	5.0	0.57705307	10.0	2.559627	0	10	0	1	0	0	609.3007873086644	1216.5870216837031	38.61956	-.MAEQLVQNER.-	DECOY_sp|Q9Y6D5|BIG2_HUMAN
2017dec27_overlap_dia_6b_rep1_604to616.dia:2317.1736:decoySC[+57.0214635]SIPTYIHGC[+57.0214635]YNLK+3	-1	53599	7.4346595	0.72475725	1.1165544	0.6815587	0.47739524	0.76094437	0.33327743	11.0	2.0	-1.9586366	0.0	10.0	1.0	0.0	6.619701	4.0	-0.09194231	0.0	0.0	0.0	0.0	0.0	12.373325	10.0	3.0590515	0	15	0	0	1	0	604.9517626947141	1811.8334586837038	38.61956	-.SC[+57.0214635]SIPTYIHGC[+57.0214635]YNLK.-	DECOY_sp|Q93009-3|UBP7_HUMAN;DECOY_sp|Q93009|UBP7_HUMAN
2017dec27_overlap_dia_6b_rep1_604to616.dia:2319.2454:EVGYLEFTGPPQKPPR+3	1	53651	6.3578653	0.6267512	1.1025612	0.6282058	0.43242085	0.52452725	0.7374812	10.0	3.0	-3.4035351	0.0	10.0	1.0	0.0	6.90737	4.0	0.44190598	0.0	0.0	0.0	0.0	0.0	17.228172	10.0	4.50395	0	16	0	0	1	0	605.6527023613809	1813.936277683704	38.65409	-.EVGYLEFTGPPQKPPR.-	sp|Q14289-2|FAK2_HUMAN;sp|Q14289|FAK2_HUMAN
2017dec27_overlap_dia_6b_rep1_604to616.dia:2319.2454:LTWHAYPEDAENKEK+3	1	53651	16.992788	1.6769689	1.5969192	0.8085246	0.59946704	1.4404519	0.23157254	19.0	9.0	-1.7181203	0.99778306	-0.20171094	0.0	3.0	8.268487	10.0	10.7217455	0.88405985	0.9459455	1.0	1.0	9.0	0.28635788	1.9672472	2.818535	1	15	0	0	1	0	610.9600830280475	1829.858419683704	38.65409	-.LTWHAYPEDAENKEK.-	sp|P45973|CBX5_HUMAN
2017dec27_overlap_dia_6b_rep1_604to616.dia:2319.2454:RPEIPTEQSR+2	1	53651	4.249125	0.43773305	0.680071	0.4401536	0.29015207	-0.2405387	0.7550375	8.0	0.0	-1.0368563	0.0	10.0	1.0	0.0	7.1397443	5.0	-0.22218227	0.8339545	0.0	0.0	0.0	1.0	8.64642	10.0	2.137271	0	10	0	1	0	0	606.8202013086648	1211.6258496837038	38.65409	-.RPEIPTEQSR.-	sp|Q8N766-2|EMC1_HUMAN;sp|Q8N766-3|EMC1_HUMAN;sp|Q8N766-4|EMC1_HUMAN;sp|Q8N766|EMC1_HUMAN
2017dec27_overlap_dia_6b_rep1_604to616.dia:2319.2454:decoyDVIIENQQQK+2	-1	53651	3.5779757	0.47428438	0.68606824	0.7508358	0.5406981	1.1030748	0.32078317	7.0	0.0	-0.5500397	0.0	10.0	1.0	0.0	6.8367777	5.0	-1.5778222	0.32593647	0.6943368	0.0	1.0	0.0	0.36969376	10.0	1.6504545	0	10	0	1	0	0	607.8224098086646	1213.6302666837034	38.65409	-.DVIIENQQQK.-	DECOY_sp|O60524-3|NEMF_HUMAN;DECOY_sp|O60524-4|NEMF_HUMAN;DECOY_sp|O60524-5|NEMF_HUMAN;DECOY_sp|O60524|NEMF_HUMAN
2017dec27_overlap_dia_6b_rep1_604to616.dia:2319.2454:decoyGSHGEGASTPPGTGEQSLR+3	-1	53651	6.1502724	0.42714462	0.47550976	0.38950145	0.25470543	-0.4494083	0.71285135	10.0	2.0	-0.004119754	0.6384293	8.021436	1.0	1.0	6.317333	5.0	0.029109001	0.5102263	0.0	0.0	0.0	0.0	8.64642	6.2558994	1.1045345	0	19	0	0	1	0	608.9538830280475	1823.8398196837036	38.65409	-.GSHGEGASTPPGTGEQSLR.-	DECOY_sp|Q63HN8-4|RN213_HUMAN;DECOY_sp|Q63HN8-5|RN213_HUMAN;DECOY_sp|Q63HN8|RN213_HUMAN
2017dec27_overlap_dia_6b_rep1_604to616.dia:2319.2454:decoyHAALEVAGPQPK+2	-1	53651	4.3567114	0.58567566	0.9276755	0.5638851	0.38138783	0.25694472	0.33704892	8.0	2.0	0.30555677	0.97094053	-1.3413719	0.0	2.0	7.232965	4.0	-1.9096355	0.0	0.0	0.0	0.0	0.0	5.2231865	3.1069083	0.794858	0	12	0	1	0	0	609.3354878086645	1216.6564226837033	38.65409	-.HAALEVAGPQPK.-	DECOY_sp|P27708|PYR1_HUMAN
2017dec27_overlap_dia_6b_rep1_604to616.dia:2319.2454:decoyTNMVFVTGPDK+2	-1	53651	5.255012	1.0908599	1.2988664	0.49573386	0.3302017	-0.01706499	0.5006434	9.0	1.0	-0.36328113	0.0	10.0	1.0	0.0	7.725807	5.0	-1.517232	0.8227728	0.0	1.0	0.0	3.0	14.203201	10.0	1.4636959	0	11	0	1	0	0	604.8026318086646	1207.5907106837035	38.65409	-.TNMVFVTGPDK.-	DECOY_sp|Q9NYK5-2|RM39_HUMAN;DECOY_sp|Q9NYK5|RM39_HUMAN
2017dec27_overlap_dia_6b_rep1_604to616.dia:2321.4824:DNFDEMDTSR+2	1	53704	4.4481335	0.8221053	0.99218816	0.6960057	0.49008238	0.8283489	0.5375526	8.0	0.0	2.3497698	0.83412325	3.1603048	0.0	1.0	7.365277	7.0	3.0003157	0.9151666	0.5729475	1.0	1.0	5.0	0.690361	1.3947685	1.2493551	0	10	0	1	0	0	615.2405918086647	1228.4666306837037	38.691372	-.DNFDEMDTSR.-	sp|P23258|TBG1_HUMAN
2017dec27_overlap_dia_6b_rep1_604to616.dia:2323.5647:GPEATGVMPEAR+2	1	53756	6.3977146	0.8002785	1.2115822	0.6885752	0.483527	0.7934667	0.5373886	10.0	1.0	0.29603636	0.8239352	0.28347212	0.0	1.0	7.727021	7.0	-0.25842094	0.89565146	0.1613825	1.0	1.0	7.0	0.07593918	1.4943745	0.8043784	0	12	0	1	0	0	607.7953383086648	1213.5761236837038	38.726078	-.GPEATGVMPEAR.-	sp|Q8N3D4|EH1L1_HUMAN
2017dec27_overlap_dia_6b_rep1_604to616.dia:2323.5647:LAQQNAVTSLSEEC[+57.0214635]KR+3	1	53756	8.507763	0.7411979	1.0081471	0.67208564	0.4692027	0.7176333	0.37545782	12.0	2.0	-1.5868396	0.69224334	8.051088	0.0	1.0	6.6500993	5.0	0.121421814	0.74117076	0.8086136	0.0	1.0	4.0	0.08719635	6.273242	2.6872544	1	16	0	0	1	0	611.9756301947141	1832.9050611837035	38.726078	-.LAQQNAVTSLSEEC[+57.0214635]KR.-	sp|Q14289-2|FAK2_HUMAN;sp|Q14289|FAK2_HUMAN
2017dec27_overlap_dia_6b_rep1_604to616.dia:2325.7197:KVTQLDLDGPK+2	1	53808	13.29757	1.8940039	2.5161695	0.94831014	0.7944173	2.90942	0.079606995	16.0	3.0	0.42150667	0.56961894	5.553686	1.0	2.0	9.135924	10.0	2.2371225	0.93237084	0.0	1.0	0.0	12.0	0.13357544	3.7815413	0.69083905	1	11	0	1	0	0	607.3429783086647	1212.6714036837036	38.761997	-.KVTQLDLDGPK.-	sp|Q13442|HAP28_HUMAN
2017dec27_overlap_dia_6b_rep1_604to616.dia:2325.7197:LQMEVNDIKK+2	1	53808	5.5364313	0.6427884	1.1088444	0.9476937	0.7931843	2.8969147	0.08087566	9.0	0.0	2.0414228	0.5292773	6.725018	1.0	1.0	7.484769	7.0	-0.7061949	0.87299806	0.7489718	1.0	1.0	6.0	0.17591476	4.952873	0.92907715	1	10	0	1	0	0	609.3315558086647	1216.6485586837036	38.761997	-.LQMEVNDIKK.-	sp|Q96B97-2|SH3K1_HUMAN;sp|Q96B97-3|SH3K1_HUMAN;sp|Q96B97|SH3K1_HUMAN
2017dec27_overlap_dia_6b_rep1_604to616.dia:2325.7197:decoyEVLPENLMQR+2	-1	53808	3.5202963	0.61584735	0.9776119	0.65745443	0.45673358	0.65197074	0.23645927	7.0	1.0	0.814455	0.0	10.0	1.0	0.0	7.3743634	4.0	-2.3642662	0.01967071	0.0	0.0	0.0	3.0	12.861118	10.0	0.29789072	0	10	0	1	0	0	614.8213553086647	1227.6281576837036	38.761997	-.EVLPENLMQR.-	DECOY_sp|Q9H2C0|GAN_HUMAN
2017dec27_overlap_dia_6b_rep1_604to616.dia:2325.7197:decoyIADPYWNPPR+2	-1	53808	5.410065	0.5194088	0.91697204	0.70843774	0.5011994	0.88780856	0.3231978	9.0	1.0	0.12522146	0.5636088	4.9885097	1.0	1.0	7.7875443	5.0	-0.6407871	0.75830007	0.0	0.0	0.0	5.0	13.854404	3.2163649	0.9871242	0	10	0	1	0	0	614.8091008086647	1227.6036486837036	38.761997	-.IADPYWNPPR.-	DECOY_sp|Q8IYB8|SUV3_HUMAN
2017dec27_overlap_dia_6b_rep1_604to616.dia:2325.7197:decoyKFQAFSAAHGEIPQSVK+3	-1	53808	9.627078	0.79273057	1.0248175	0.68045145	0.47643256	0.75584733	0.24365717	13.0	9.0	-0.10014486	0.0	10.0	1.0	0.0	7.429965	5.0	0.03874588	0.0	0.0	0.0	0.0	0.0	5.443039	10.0	1.2124906	1	17	0	0	1	0	615.6599710280473	1843.958083683703	38.761997	-.KFQAFSAAHGEIPQSVK.-	DECOY_sp|Q00610-2|CLH1_HUMAN;DECOY_sp|Q00610|CLH1_HUMAN
2017dec27_overlap_dia_6b_rep1_604to616.dia:2327.7937:C[+57.0214635]C[+57.0214635]AVYEEAVK+2	1	53860	7.5880737	0.8357624	0.97220916	0.9703252	0.84452194	3.487332	0.048621945	11.0	0.0	2.0005016	0.8359753	-1.8488797	0.0	1.0	7.865691	8.0	2.9414186	0.8096557	0.7267279	1.0	1.0	7.0	0.017971039	3.6144161	0.88815594	0	10	0	1	0	0	614.7704698086648	1227.5263866837038	38.796562	-.C[+57.0214635]C[+57.0214635]AVYEEAVK.-	sp|Q9NYH9|UTP6_HUMAN
2017dec27_overlap_dia_6b_rep1_604to616.dia:2327.7937:KVDDIIC[+57.0214635]DSR+2	1	53860	5.529573	0.85279036	1.2587652	0.93284476	0.7653633	2.6312318	0.09805192	9.0	2.0	2.075947	0.0	10.0	1.0	0.0	8.018913	5.0	-0.107420444	0.88898396	0.0	0.0	0.0	6.0	2.8955116	10.0	0.96360135	1	10	0	1	0	0	610.8006195586647	1219.5866861837037	38.796562	-.KVDDIIC[+57.0214635]DSR.-	sp|P07942|LAMB1_HUMAN
2017dec27_overlap_dia_6b_rep1_604to616.dia:2327.7937:SFTNYSGGYSADHPVIK+3	1	53860	7.311856	0.6062838	0.6493165	0.513688	0.34344226	0.054765847	0.6510758	11.0	2.0	-0.683732	0.0	10.0	1.0	0.0	6.7148504	5.0	-1.4519615	0.66879123	0.0	1.0	0.0	3.0	7.782879	10.0	1.7960777	0	17	0	0	1	0	614.9600800280475	1841.8584106837038	38.796562	-.SFTNYSGGYSADHPVIK.-	sp|Q15386|UBE3C_HUMAN
2017dec27_overlap_dia_6b_rep1_604to616.dia:2327.7937:decoyEEGVQLPRDGLESEKR+3	-1	53860	7.3202953	0.4708606	0.60881424	0.52376837	0.35094857	0.095145136	0.48074275	11.0	1.0	0.21538427	0.9382195	-4.9657607	0.0	2.0	6.4512773	4.0	-0.09536028	0.32238474	0.5672503	0.0	1.0	0.0	1.9818306	6.731297	0.89696145	2	16	0	0	1	0	614.6499113613806	1840.9279046837032	38.796562	-.EEGVQLPRDGLESEKR.-	DECOY_sp|A6NHR9-2|SMHD1_HUMAN;DECOY_sp|A6NHR9|SMHD1_HUMAN
2017dec27_overlap_dia_6b_rep1_604to616.dia:2334.1577:AHVVPC[+57.0214635]FDASK+2	1	54016	8.641338	1.5591475	1.812308	0.9141134	0.7342237	2.3649268	0.062557064	12.0	3.0	-0.7601133	0.9618473	8.333996	0.0	2.0	8.360011	7.0	5.4575768	0.92018133	0.91019523	1.0	1.0	10.0	0.17119598	6.5882597	1.8843899	0	11	0	1	0	0	615.8004230586647	1229.5862931837037	38.90263	-.AHVVPC[+57.0214635]FDASK.-	sp|P21333-2|FLNA_HUMAN;sp|P21333|FLNA_HUMAN
2017dec27_overlap_dia_6b_rep1_604to616.dia:2336.2288:DLYDDKDGLR+2	1	54068	4.4582396	0.6511499	0.84536123	0.71239185	0.50477624	0.9070292	0.5392459	8.0	0.0	-1.1109929	0.89450204	-5.6365533	0.0	3.0	7.561064	7.0	-0.38619852	0.86964923	0.8267312	1.0	1.0	3.0	0.2556305	7.3822894	2.2352695	1	10	0	1	0	0	605.2909378086647	1208.5673226837037	38.937145	-.DLYDDKDGLR.-	sp|Q12874|SF3A3_HUMAN
2017dec27_overlap_dia_6b_rep1_604to616.dia:2336.2288:LAQGEYIAPEK+2	1	54068	8.618829	1.0860537	1.6822318	0.8679421	0.66911525	1.8828845	0.23783034	12.0	1.0	-0.22018456	0.5442305	-8.143172	1.0	1.0	8.414087	9.0	0.45572138	0.8024654	0.41998905	1.0	1.0	7.0	0.03534317	9.888908	1.3444612	0	11	0	1	0	0	609.8218743086647	1217.6291956837038	38.937145	-.LAQGEYIAPEK.-	sp|P33121-2|ACSL1_HUMAN;sp|P33121-3|ACSL1_HUMAN;sp|P33121|ACSL1_HUMAN;sp|Q9ULC5-3|ACSL5_HUMAN;sp|Q9ULC5-4|ACSL5_HUMAN;sp|Q9ULC5|ACSL5_HUMAN
2017dec27_overlap_dia_6b_rep1_604to616.dia:2336.2288:LKLEQIDGHIAEHNSK+3	1	54068	7.3241367	0.7357041	0.7518896	0.5284218	0.3544321	0.11380999	0.47451457	11.0	5.0	-0.13432893	0.998455	-1.3400015	0.0	3.0	6.7922325	7.0	0.40168047	0.0	0.0	0.0	0.0	0.0	0.34508896	3.0857377	1.2586056	1	16	0	0	1	0	611.3268800280474	1830.9588106837034	38.937145	-.LKLEQIDGHIAEHNSK.-	sp|Q9NTJ3|SMC4_HUMAN
2017dec27_overlap_dia_6b_rep1_604to616.dia:2336.2288:LTDEEVEMTR+2	1	54068	8.567702	0.9464157	1.1193908	0.7715503	0.56103677	1.2170858	0.4451761	12.0	1.0	-0.59190047	0.9904529	-0.15622807	0.0	3.0	8.474889	9.0	5.49719	0.24738131	0.9341234	1.0	1.0	8.0	0.0872612	1.9019642	1.7161771	0	10	0	1	0	0	611.7846358086647	1221.5547186837036	38.937145	-.LTDEEVEMTR.-	sp|Q10713|MPPA_HUMAN
2017dec27_overlap_dia_6b_rep1_604to616.dia:2336.2288:decoyAIYVNTFEKK+2	-1	54068	4.4241652	0.5282145	0.8383072	0.6586347	0.4577315	0.65721595	0.43222848	8.0	1.0	1.1405905	0.0	10.0	1.0	0.0	7.3651295	5.0	-0.96012115	0.0	0.0	0.0	0.0	0.0	2.8057137	10.0	0.01631391	1	10	0	1	0	0	606.8347843086646	1211.6550156837034	38.937145	-.AIYVNTFEKK.-	DECOY_sp|P11940-2|PABP1_HUMAN;DECOY_sp|P11940|PABP1_HUMAN;DECOY_sp|Q13310-2|PABP4_HUMAN;DECOY_sp|Q13310-3|PABP4_HUMAN;DECOY_sp|Q13310|PABP4_HUMAN
2017dec27_overlap_dia_6b_rep1_604to616.dia:2336.2288:decoyILYDQGEPSAK+2	-1	54068	3.4526136	0.5488992	0.7233883	0.562578	0.3803808	0.25163147	0.56095785	7.0	1.0	0.30451748	0.0	10.0	1.0	0.0	7.0017076	6.0	-1.63446	0.0	0.0	0.0	0.0	0.0	4.2867928	10.0	0.81975913	0	11	0	1	0	0	610.8115063086647	1219.6084596837036	38.937145	-.ILYDQGEPSAK.-	DECOY_sp|Q9Y3I0|RTCB_HUMAN
2017dec27_overlap_dia_6b_rep1_604to616.dia:2344.634:LNQDQLDAVSK+2	1	54276	14.547868	2.5254173	2.9888134	0.99265724	0.9228047	4.906671	0.014539861	17.0	8.0	-0.7881892	0.99989694	3.4317715	0.0	3.0	9.585196	10.0	6.288739	0.9046376	0.9826078	1.0	1.0	16.0	0.18795395	1.745436	1.8886039	0	11	0	1	0	0	615.8198668086646	1229.6251806837035	39.077232	-.LNQDQLDAVSK.-	sp|Q14444-2|CAPR1_HUMAN;sp|Q14444|CAPR1_HUMAN
2017dec27_overlap_dia_6b_rep1_604to616.dia:2344.634:QSVDNVTNPEK+2	1	54276	4.369493	0.58831555	0.8407484	0.58072716	0.39446336	0.32575917	0.540017	8.0	0.0	1.7199042	0.0	10.0	1.0	0.0	7.273402	5.0	-1.8641763	0.68600214	0.0	0.0	0.0	1.0	9.069561	10.0	0.61948943	0	11	0	1	0	0	615.8016738086648	1229.5887946837038	39.077232	-.QSVDNVTNPEK.-	sp|Q9UPN6-2|SCAF8_HUMAN;sp|Q9UPN6|SCAF8_HUMAN
2017dec27_overlap_dia_6b_rep1_604to616.dia:2344.634:decoyDQVVYNAYQK+2	-1	54276	4.4978085	0.70812625	0.8775375	0.78034717	0.5699153	1.2676907	0.22032543	8.0	0.0	-0.49576226	0.0	10.0	1.0	0.0	7.6118646	6.0	-1.2697234	0.0	0.0	0.0	0.0	0.0	2.136551	10.0	1.596177	0	10	0	1	0	0	614.3038443086647	1226.5931356837036	39.077232	-.DQVVYNAYQK.-	DECOY_sp|Q14671-2|PUM1_HUMAN;DECOY_sp|Q14671-3|PUM1_HUMAN;DECOY_sp|Q14671-4|PUM1_HUMAN;DECOY_sp|Q14671|PUM1_HUMAN;DECOY_sp|Q8TB72-2|PUM2_HUMAN;DECOY_sp|Q8TB72-3|PUM2_HUMAN;DECOY_sp|Q8TB72-4|PUM2_HUMAN;DECOY_sp|Q8TB72|PUM2_HUMAN
2017dec27_overlap_dia_6b_rep1_604to616.dia:2344.634:decoyGAEPMVGTAEPR+2	-1	54276	4.469977	0.5570535	1.1112107	0.73190784	0.52273977	1.0043238	0.23639174	8.0	0.0	-0.69680667	0.9713246	7.157772	0.0	2.0	7.2393994	5.0	-1.3146081	0.0	0.0	0.0	0.0	0.0	0.39759827	5.4714365	1.7972214	0	12	0	1	0	0	607.7953383086646	1213.5761236837034	39.077232	-.GAEPMVGTAEPR.-	DECOY_sp|Q8N3D4|EH1L1_HUMAN
2017dec27_overlap_dia_6b_rep1_604to616.dia:2348.8523:GHAAFTSDPKPTIEVSGK+3	1	54380	20.942474	1.5272498	1.7666683	0.77930707	0.56885755	1.2616329	0.38103962	22.0	15.0	-2.6068103	0.99309677	1.26688	0.0	3.0	8.433324	7.0	9.789728	0.914944	0.95362157	1.0	1.0	16.0	0.25556946	0.41945553	3.6952941	0	18	0	0	1	0	614.6512526947141	1840.9319286837037	39.147537	-.GHAAFTSDPKPTIEVSGK.-	sp|P00390-2|GSHR_HUMAN;sp|P00390-3|GSHR_HUMAN;sp|P00390-4|GSHR_HUMAN;sp|P00390-5|GSHR_HUMAN;sp|P00390|GSHR_HUMAN
2017dec27_overlap_dia_6b_rep1_604to616.dia:2348.8523:SDSFYFVDNK+2	1	54380	3.6573024	0.48583815	0.6903075	0.9013048	0.714779	2.211807	0.10863618	7.0	1.0	-2.0716772	0.21366325	-8.715898	1.0	1.0	7.498848	4.0	-1.5777974	0.8317393	0.16706897	1.0	1.0	2.0	15.664471	10.402233	3.160161	0	10	0	1	0	0	611.2747558086646	1220.5349586837035	39.147537	-.SDSFYFVDNK.-	sp|A6NIH7|U119B_HUMAN
2017dec27_overlap_dia_6b_rep1_604to616.dia:2351.0066:GSNLDAPEPYR+2	1	54432	7.5523868	1.0666599	1.3285722	0.89378023	0.7039131	2.1299496	0.18785708	11.0	0.0	-3.6512191	0.82387704	-3.5571477	0.0	1.0	8.326037	8.0	2.9853678	0.7562171	0.9834063	1.0	1.0	9.0	0.21095657	5.2434835	4.739703	0	11	0	1	0	0	609.7911048086647	1217.5676566837037	39.183445	-.GSNLDAPEPYR.-	sp|P26358-2|DNMT1_HUMAN;sp|P26358-3|DNMT1_HUMAN;sp|P26358|DNMT1_HUMAN
2017dec27_overlap_dia_6b_rep1_604to616.dia:2351.0066:QLQLAQEAAQK+2	1	54432	7.506373	0.97835886	1.5051075	0.8039271	0.5945196	1.4110222	0.23951916	11.0	1.0	-2.8273559	0.97685647	-0.49682498	0.08416611	2.0	8.165015	7.0	-0.54968786	0.7332761	0.823941	1.0	1.0	7.0	0.059612274	2.1831605	3.9158397	0	11	0	1	0	0	614.3382278086648	1226.6619026837038	39.183445	-.QLQLAQEAAQK.-	sp|Q15149-2|PLEC_HUMAN;sp|Q15149-3|PLEC_HUMAN;sp|Q15149-4|PLEC_HUMAN;sp|Q15149-5|PLEC_HUMAN;sp|Q15149-6|PLEC_HUMAN;sp|Q15149-7|PLEC_HUMAN;sp|Q15149-8|PLEC_HUMAN;sp|Q15149-9|PLEC_HUMAN;sp|Q15149|PLEC_HUMAN
2017dec27_overlap_dia_6b_rep1_604to616.dia:2351.0066:decoyGQTVIVAC[+57.0214635]DKK+2	-1	54432	4.354307	0.56377405	0.8091197	0.56077194	0.37899113	0.24429554	0.38302964	8.0	1.0	0.17976746	0.0	10.0	1.0	0.0	7.241556	5.0	-1.7765412	0.849809	-0.048829515	1.0	1.0	7.0	9.175774	10.0	0.9087163	1	11	0	1	0	0	609.8291810586646	1217.6438091837035	39.183445	-.GQTVIVAC[+57.0214635]DKK.-	DECOY_sp|P60900-2|PSA6_HUMAN;DECOY_sp|P60900|PSA6_HUMAN
2017dec27_overlap_dia_6b_rep1_604to616.dia:2351.0066:decoyKSDC[+57.0214635]IIDDVR+2	-1	54432	4.528385	0.53834987	0.91465247	0.83726823	0.6316974	1.6380413	0.20941392	8.0	1.0	-2.4079282	0.0	10.0	1.0	0.0	7.805297	5.0	-1.09407	0.8980718	0.2491432	0.0	1.0	3.0	3.2823944	10.0	3.496412	1	10	0	1	0	0	610.8006195586645	1219.5866861837033	39.183445	-.KSDC[+57.0214635]IIDDVR.-	DECOY_sp|P07942|LAMB1_HUMAN
2017dec27_overlap_dia_6b_rep1_604to616.dia:2351.0066:decoyQGEISSLVYGR+2	-1	54432	5.2009516	0.45644668	1.1295273	0.43771178	0.28842193	-0.25045395	0.48545328	9.0	0.0	-1.1187563	0.0	10.0	1.0	0.0	7.4824095	6.0	-1.0589571	0.0	0.0	0.0	0.0	0.0	12.5951	10.0	2.20724	0	11	0	1	0	0	604.8171228086646	1207.6196926837035	39.183445	-.QGEISSLVYGR.-	DECOY_sp|O43684-2|BUB3_HUMAN;DECOY_sp|O43684|BUB3_HUMAN
2017dec27_overlap_dia_6b_rep1_604to616.dia:2351.0066:decoyQPSPQGTYAHVSYSVGR+3	-1	54432	6.128407	0.3473603	0.8511741	0.3703767	0.24154282	-0.530601	0.6504808	10.0	3.0	-2.6962452	0.0	10.0	1.0	0.0	6.5699797	6.0	-1.2045541	0.3213803	0.0	0.0	0.0	0.0	1.3650856	10.0	3.784729	0	17	0	0	1	0	611.9674580280475	1832.8805446837039	39.183445	-.QPSPQGTYAHVSYSVGR.-	DECOY_sp|Q8IVT2|MISP_HUMAN
2017dec27_overlap_dia_6b_rep1_604to616.dia:2351.0066:decoySGTVSEPSAFIK+2	-1	54432	3.2283647	0.2595726	0.8378462	0.3356866	0.21793664	-0.6825761	0.78382355	7.0	1.0	-3.712685	0.0	10.0	1.0	0.0	7.1202745	4.0	-2.4605978	0.87926024	0.0	1.0	0.0	4.0	12.317913	10.0	4.801169	0	12	0	1	0	0	611.8193353086646	1221.6241176837034	39.183445	-.SGTVSEPSAFIK.-	DECOY_sp|O75940|SPF30_HUMAN
2017dec27_overlap_dia_6b_rep1_604to616.dia:2353.088:GGSDDSSKDPIDVNYEK+3	1	54484	22.371784	2.642571	2.6288354	0.91051835	0.72863424	2.3199804	0.1365764	23.0	17.0	-2.6248894	0.99984175	0.63451767	0.0	3.0	8.590038	9.0	17.50484	0.89389765	0.9828723	1.0	1.0	23.0	0.16583633	1.0518179	3.7133732	1	17	0	0	1	0	609.2743953613809	1824.8013566837042	39.218132	-.GGSDDSSKDPIDVNYEK.-	sp|P09874|PARP1_HUMAN
2017dec27_overlap_dia_6b_rep1_604to616.dia:2353.088:LKPTMAFMSGK+2	1	54484	4.143837	0.58128875	0.8099562	0.34539518	0.22451031	-0.6393424	0.8605614	8.0	0.0	-0.7636465	0.0	10.0	1.0	0.0	7.4680805	6.0	-1.3608708	0.65419227	0.0	1.0	0.0	6.0	8.716328	10.0	1.8521303	0	11	0	1	0	0	605.8197703086647	1209.6249876837037	39.218132	-.LKPTMAFMSGK.-	sp|Q6YN16-2|HSDL2_HUMAN;sp|Q6YN16|HSDL2_HUMAN
2017dec27_overlap_dia_6b_rep1_604to616.dia:2353.088:QQIGSSAMPYK+2	1	54484	6.428258	0.81453276	1.2944444	0.73874456	0.52916205	1.0394536	0.4701406	10.0	1.0	-2.6659873	0.96756876	-0.06916377	0.0	2.0	8.027445	7.0	-0.22549486	0.92309433	0.84452295	1.0	1.0	2.0	0.02160263	1.7554994	3.754471	0	11	0	1	0	0	605.3002518086647	1208.5859506837037	39.218132	-.QQIGSSAMPYK.-	sp|P30566-2|PUR8_HUMAN;sp|P30566|PUR8_HUMAN
2017dec27_overlap_dia_6b_rep1_604to616.dia:2355.2576:APSDSSLGTPSDGRPELR+3	1	54536	13.2198105	1.666199	1.1121047	0.79284984	0.58280706	1.3421899	0.30900937	16.0	9.0	-1.4295378	0.0	10.0	1.0	0.0	7.4554534	9.0	1.939105	0.8645335	-0.01258053	1.0	1.0	11.0	0.050746918	10.0	2.5180216	0	18	0	0	1	0	614.6377826947141	1840.8915186837037	39.25429	-.APSDSSLGTPSDGRPELR.-	sp|Q15642-2|CIP4_HUMAN;sp|Q15642-3|CIP4_HUMAN;sp|Q15642-4|CIP4_HUMAN;sp|Q15642-5|CIP4_HUMAN;sp|Q15642|CIP4_HUMAN
2017dec27_overlap_dia_6b_rep1_604to616.dia:2370.078:AIEAVHNTAMR+2	1	54900	3.6181083	0.3679086	0.52592576	0.82352626	0.6159929	1.5404234	0.2897755	7.0	0.0	3.0124555	0.0	10.0	1.0	0.0	6.9793124	4.0	-0.86133385	0.7226859	0.0	1.0	0.0	3.0	9.493626	10.0	1.9001098	0	11	0	1	0	0	606.8113223086647	1211.6080916837036	39.501297	-.AIEAVHNTAMR.-	sp|Q9NZQ3-2|SPN90_HUMAN;sp|Q9NZQ3-3|SPN90_HUMAN;sp|Q9NZQ3-4|SPN90_HUMAN;sp|Q9NZQ3-5|SPN90_HUMAN;sp|Q9NZQ3|SPN90_HUMAN
2017dec27_overlap_dia_6b_rep1_604to616.dia:2370.078:KIEEQLTLEK+2	1	54900	10.891661	1.063634	1.4137665	0.8938234	0.70397437	2.1304045	0.15883116	14.0	2.0	2.321979	0.9669339	4.883351	0.0	2.0	8.840907	8.0	2.2023988	0.9237665	0.9815109	1.0	1.0	11.0	0.14384079	3.1970153	1.2096334	1	10	0	1	0	0	615.8506358086648	1229.686718683704	39.501297	-.KIEEQLTLEK.-	sp|P30740-2|ILEU_HUMAN;sp|P30740|ILEU_HUMAN
2017dec27_overlap_dia_6b_rep1_604to616.dia:2370.078:LLQGPMDISEK+2	1	54900	4.2599196	0.41886744	0.7612714	0.45123106	0.29802996	-0.19569795	0.61207694	8.0	1.0	4.2159233	0.0	10.0	1.0	0.0	7.305911	5.0	-2.0661116	0.72258735	0.011919456	0.0	1.0	3.0	13.668922	10.0	3.1035776	0	11	0	1	0	0	615.8235638086647	1229.6325746837038	39.501297	-.LLQGPMDISEK.-	sp|Q9H8Y5|ANKZ1_HUMAN
2017dec27_overlap_dia_6b_rep1_604to616.dia:2370.078:decoyAYKEDNGDLIEEVESK+3	-1	54900	3.631128	0.5906881	0.8063019	0.84858906	0.6450949	1.7235775	0.054226004	7.0	1.0	0.72568285	0.0	10.0	1.0	0.0	5.973767	4.0	-2.1686394	0.68967086	0.0	1.0	0.0	3.0	14.893467	10.0	0.38666284	1	16	0	0	1	0	613.6266576947143	1837.8581436837042	39.501297	-.AYKEDNGDLIEEVESK.-	DECOY_sp|Q12824-2|SNF5_HUMAN;DECOY_sp|Q12824|SNF5_HUMAN
2017dec27_overlap_dia_6b_rep1_604to616.dia:2370.078:decoyKELTLQEEIK+2	-1	54900	7.5100975	0.8473214	1.2794824	0.8108514	0.6019911	1.4555519	0.13431558	11.0	2.0	2.5427234	0.9669339	4.883351	0.0	2.0	8.333048	6.0	-1.0315666	0.93070716	0.95769125	1.0	1.0	5.0	0.14384079	3.1970153	1.4303777	1	10	0	1	0	0	615.8506358086646	1229.6867186837035	39.501297	-.KELTLQEEIK.-	DECOY_sp|P30740-2|ILEU_HUMAN;DECOY_sp|P30740|ILEU_HUMAN
2017dec27_overlap_dia_6b_rep1_604to616.dia:2372.2268:ELAAQLNEEAK+2	1	54952	12.1082735	1.5901822	1.9192365	0.9812359	0.87647915	3.9568686	0.03752801	15.0	0.0	2.4529634	0.95979923	6.4078627	0.0	2.0	9.233098	9.0	6.612528	0.91001165	0.9744808	1.0	1.0	13.0	0.13671494	4.701727	1.3406177	0	11	0	1	0	0	608.3144173086647	1214.6142816837037	39.537113	-.ELAAQLNEEAK.-	sp|Q9Y5B9|SP16H_HUMAN
2017dec27_overlap_dia_6b_rep1_604to616.dia:2372.2268:SFEEKVENLK+2	1	54952	9.676441	0.7320232	0.79852	0.76235974	0.55191857	1.1656605	0.41865718	13.0	1.0	-0.9871026	0.96718836	-1.4990114	0.0	2.0	8.503402	8.0	0.48110533	0.7643927	0.8051754	1.0	1.0	10.0	0.02386856	3.2051473	2.0994482	1	10	0	1	0	0	611.8193348086646	1221.6241166837035	39.537113	-.SFEEKVENLK.-	sp|P55327-2|TPD52_HUMAN;sp|P55327-3|TPD52_HUMAN;sp|P55327-4|TPD52_HUMAN;sp|P55327-5|TPD52_HUMAN;sp|P55327-6|TPD52_HUMAN;sp|P55327-7|TPD52_HUMAN;sp|P55327|TPD52_HUMAN
2017dec27_overlap_dia_6b_rep1_604to616.dia:2374.3403:AAEIVPSDMYK+2	1	55004	3.5094593	0.5930482	0.71230537	0.6412517	0.44316912	0.58080095	0.20860766	7.0	0.0	5.361046	0.0	10.0	1.0	0.0	7.684815	4.0	-1.6405635	0.9251823	0.0	1.0	0.0	5.0	10.975021	10.0	4.2487	0	11	0	1	0	0	612.3024598086647	1222.5903666837037	39.57234	-.AAEIVPSDMYK.-	sp|P49917|DNLI4_HUMAN
2017dec27_overlap_dia_6b_rep1_604to616.dia:2374.3403:ELQSVEQEVR+2	1	55004	8.663061	1.2705258	1.6527164	0.96099955	0.8216177	3.2044008	0.058297947	12.0	2.0	2.3182085	0.7099121	4.4524217	1.0	3.0	8.875045	8.0	0.2881937	0.92235315	0.9642181	1.0	1.0	8.0	0.21067047	2.746286	1.2058628	0	10	0	1	0	0	608.8120418086647	1215.6095306837037	39.57234	-.ELQSVEQEVR.-	sp|Q969Z0-2|TBRG4_HUMAN;sp|Q969Z0|TBRG4_HUMAN
2017dec27_overlap_dia_6b_rep1_604to616.dia:2374.3403:GLHQSIEEFR+2	1	55004	8.630713	0.81150115	1.0122608	0.89202213	0.70142734	2.1115646	0.11523368	12.0	0.0	1.7407095	0.9822075	1.734203	0.0	3.0	8.61542	8.0	2.3757076	0.7118637	0.7632803	1.0	1.0	11.0	0.23122787	0.028067231	0.62836385	0	10	0	1	0	0	608.3094693086647	1214.6043856837036	39.57234	-.GLHQSIEEFR.-	sp|Q15149-2|PLEC_HUMAN;sp|Q15149-3|PLEC_HUMAN;sp|Q15149-4|PLEC_HUMAN;sp|Q15149-5|PLEC_HUMAN;sp|Q15149-6|PLEC_HUMAN;sp|Q15149-7|PLEC_HUMAN;sp|Q15149-8|PLEC_HUMAN;sp|Q15149-9|PLEC_HUMAN;sp|Q15149|PLEC_HUMAN
2017dec27_overlap_dia_6b_rep1_604to616.dia:2374.3403:ILTHVAEMQGK+2	1	55004	3.6317043	0.31977805	0.375453	0.84971565	0.64645284	1.7323726	0.09605497	7.0	0.0	3.5958424	0.5644743	5.192385	1.0	3.0	7.2290072	6.0	-2.5058587	0.8849672	0.89799154	0.0	1.0	3.0	4.56958	3.4862494	2.4834967	0	11	0	1	0	0	613.8317238086647	1225.6488946837037	39.57234	-.ILTHVAEMQGK.-	sp|Q9UH99-2|SUN2_HUMAN;sp|Q9UH99-3|SUN2_HUMAN;sp|Q9UH99|SUN2_HUMAN
2017dec27_overlap_dia_6b_rep1_604to616.dia:2374.3403:IVQAEGEAEAAK+2	1	55004	4.1547894	0.3444251	0.5042969	0.3542166	0.23050493	-0.6005556	0.6696199	8.0	1.0	4.6730623	0.8294962	3.9553392	0.0	1.0	7.162077	4.0	-2.492299	0.8739589	0.8503726	1.0	1.0	5.0	9.564667	2.2492034	3.5607166	0	12	0	1	0	0	608.3144178086648	1214.6142826837038	39.57234	-.IVQAEGEAEAAK.-	sp|Q99623|PHB2_HUMAN
2017dec27_overlap_dia_6b_rep1_604to616.dia:2374.3403:KGPQSLFNAPR+2	1	55004	4.5383	0.39407295	0.6398137	0.85660243	0.654858	1.7873529	0.13515544	8.0	1.0	0.4107375	0.0	10.0	1.0	0.0	7.770507	4.0	-1.7849159	0.8383755	0.3438567	1.0	1.0	4.0	1.9022026	10.0	0.7016082	1	11	0	1	0	0	607.8356543086646	1213.6567556837035	39.57234	-.KGPQSLFNAPR.-	sp|P46087-2|NOP2_HUMAN;sp|P46087-3|NOP2_HUMAN;sp|P46087-4|NOP2_HUMAN;sp|P46087|NOP2_HUMAN
2017dec27_overlap_dia_6b_rep1_604to616.dia:2374.3403:KVLPLEEAYR+2	1	55004	5.4773483	0.54388684	0.76400983	0.82715124	0.62008	1.5655706	0.19372444	9.0	0.0	2.5117712	0.0	10.0	1.0	0.0	8.12426	7.0	-0.82017326	0.82569975	0.0	0.0	0.0	1.0	6.263443	10.0	1.3994255	1	10	0	1	0	0	609.3480588086647	1216.6815646837038	39.57234	-.KVLPLEEAYR.-	sp|Q9H223|EHD4_HUMAN
2017dec27_overlap_dia_6b_rep1_604to616.dia:2374.3403:LQAAQFMQQR+2	1	55004	3.5979986	0.5651336	0.8532124	0.786263	0.57597375	1.302545	0.08815227	7.0	0.0	-0.10391247	0.2295468	7.1171865	1.0	1.0	7.5728254	4.0	-1.6125884	0.0	0.0	0.0	0.0	0.0	8.086273	5.411051	1.2162582	0	10	0	1	0	0	610.8138658086647	1219.6131786837036	39.57234	-.LQAAQFMQQR.-	sp|O75030-12|MITF_HUMAN;sp|O75030-2|MITF_HUMAN;sp|O75030-3|MITF_HUMAN;sp|O75030-4|MITF_HUMAN;sp|O75030-5|MITF_HUMAN;sp|O75030-6|MITF_HUMAN;sp|O75030-7|MITF_HUMAN;sp|O75030-8|MITF_HUMAN;sp|O75030|MITF_HUMAN
2017dec27_overlap_dia_6b_rep1_604to616.dia:2374.3403:NVELVEGEEGR+2	1	55004	9.752644	0.8916325	1.1857831	0.9085796	0.7256644	2.2964137	0.17658134	13.0	2.0	3.269692	0.69736916	6.0087137	0.6519205	1.0	8.656657	9.0	1.9359322	0.94055694	0.81175	1.0	1.0	11.0	0.20928955	4.302578	2.1573462	0	11	0	1	0	0	615.8016738086648	1229.5887946837038	39.57234	-.NVELVEGEEGR.-	sp|P52789|HXK2_HUMAN
2017dec27_overlap_dia_6b_rep1_604to616.dia:2374.3403:QAAVQQQIPTK+2	1	55004	3.1900098	0.23493518	0.86783123	0.30731168	0.1988588	-0.8127177	0.63771564	7.0	0.0	5.2986465	0.0	10.0	1.0	0.0	7.126766	4.0	-2.4954011	0.91173625	0.0	1.0	0.0	5.0	7.0001945	10.0	4.1863008	0	11	0	1	0	0	606.3407708086647	1210.6669886837037	39.57234	-.QAAVQQQIPTK.-	sp|Q6ZSZ5-2|ARHGI_HUMAN;sp|Q6ZSZ5|ARHGI_HUMAN
2017dec27_overlap_dia_6b_rep1_604to616.dia:2374.3403:decoyAQEAIEPTSER+2	-1	55004	5.433231	0.5473681	1.0201646	0.7472523	0.5372547	1.0840111	0.3225436	9.0	0.0	2.7376053	0.69736916	6.0095253	0.6519205	1.0	7.8568716	6.0	-0.96266985	0.8923459	0.74891883	1.0	1.0	5.0	7.3412056	4.3033895	1.6252596	0	11	0	1	0	0	615.8016743086647	1229.5887956837037	39.57234	-.AQEAIEPTSER.-	DECOY_sp|Q13098-5|CSN1_HUMAN;DECOY_sp|Q13098-6|CSN1_HUMAN;DECOY_sp|Q13098-7|CSN1_HUMAN;DECOY_sp|Q13098|CSN1_HUMAN
2017dec27_overlap_dia_6b_rep1_604to616.dia:2374.3403:decoyIATVQDLQTTK+2	-1	55004	2.7069695	0.41423765	0.60751927	0.70735383	0.50022244	0.88256675	0.35864538	6.0	0.0	1.0231702	0.0	10.0	1.0	0.0	6.759133	4.0	-2.0860147	0.79805833	0.0	0.0	0.0	1.0	3.038395	10.0	0.08917546	0	11	0	1	0	0	609.3404363086646	1216.6663196837035	39.57234	-.IATVQDLQTTK.-	DECOY_sp|Q15075|EEA1_HUMAN
2017dec27_overlap_dia_6b_rep1_604to616.dia:2374.3403:decoyLAQYTQELEK+2	-1	55004	4.28226	0.4109145	0.76949877	0.47504964	0.31513983	-0.09988445	0.6575008	8.0	1.0	3.5920599	0.97559184	-0.2560076	0.0	2.0	7.460446	4.0	-2.1094036	0.82366526	0.79524314	1.0	1.0	3.0	3.198906	1.9621434	2.4797142	0	10	0	1	0	0	611.8193318086647	1221.6241106837037	39.57234	-.LAQYTQELEK.-	DECOY_sp|Q03252|LMNB2_HUMAN
2017dec27_overlap_dia_6b_rep1_604to616.dia:2378.5566:SGQGDALASGPVETGPMKK+3	1	55108	7.4978166	0.43047506	0.6315091	0.7882437	0.5780188	1.3143713	0.15170133	11.0	1.0	2.1779897	0.90239525	7.559043	0.0	2.0	6.231592	5.0	-0.6893482	0.38927498	-0.008712336	0.0	1.0	0.0	0.047599792	5.833107	1.065644	1	19	0	0	1	0	610.6402480280475	1828.8989146837037	39.642612	-.SGQGDALASGPVETGPMKK.-	sp|P42345|MTOR_HUMAN
2017dec27_overlap_dia_6b_rep1_604to616.dia:2378.5566:TEEGPTLSYGR+2	1	55108	9.751191	1.4767144	1.879658	0.90554464	0.7210749	2.260409	0.1851536	13.0	2.0	1.8658376	0.97980356	4.708991	0.0	2.0	8.899781	9.0	3.8864326	0.7051293	0.9755168	1.0	1.0	11.0	0.23938751	2.983055	0.7534919	0	11	0	1	0	0	605.2909383086646	1208.5673236837035	39.642612	-.TEEGPTLSYGR.-	sp|P43243|MATR3_HUMAN
2017dec27_overlap_dia_6b_rep1_604to616.dia:2378.5566:decoyLPVAELAEQVR+2	-1	55108	3.558949	1.0381387	1.1459554	0.71865153	0.5104807	0.93778265	0.26973578	7.0	2.0	1.2879901	0.0	10.0	1.0	0.0	7.508364	6.0	-2.2363205	0.81110287	0.0	1.0	0.0	5.0	15.742416	10.0	0.1756444	0	11	0	1	0	0	612.8509703086646	1223.6873876837035	39.642612	-.LPVAELAEQVR.-	DECOY_sp|Q15269|PWP2_HUMAN
2017dec27_overlap_dia_6b_rep1_604to616.dia:2380.6519:AALEAAAAAAPER+2	1	55160	8.611019	0.940702	1.2185284	0.8524741	0.64979774	1.7541391	0.15034151	12.0	1.0	2.795155	0.0	10.0	1.0	0.0	7.9160295	7.0	-0.3062935	0.91217524	0.0	1.0	0.0	4.0	0.01134491	10.0	1.6828094	0	13	0	1	0	0	606.3225773086647	1210.6306016837036	39.677532	-.AALEAAAAAAPER.-	sp|Q86UK7-2|ZN598_HUMAN;sp|Q86UK7-3|ZN598_HUMAN;sp|Q86UK7|ZN598_HUMAN
2017dec27_overlap_dia_6b_rep1_604to616.dia:2380.6519:VYINLDKETK+2	1	55160	5.4786105	0.7284588	0.89405066	0.8295585	0.62281567	1.5825014	0.086579524	9.0	1.0	1.996026	0.62972826	8.2194	0.8965448	2.0	7.6557894	7.0	0.109428406	0.81133604	0.84261745	1.0	1.0	8.0	0.29888535	6.4736643	0.88368034	1	10	0	1	0	0	611.8375238086647	1221.6604946837037	39.677532	-.VYINLDKETK.-	sp|O75380|NDUS6_HUMAN
2017dec27_overlap_dia_6b_rep1_604to616.dia:2382.723:IHDPQLLTER+2	1	55212	8.59766	1.3837162	1.8987594	0.826651	0.61951375	1.5620756	0.32502782	12.0	5.0	3.6084838	0.9491867	2.3533485	0.2882703	3.0	8.900024	6.0	0.9215374	0.92526835	0.9674172	1.0	1.0	10.0	0.26356125	0.5950587	2.496138	0	10	0	1	0	0	611.3329448086647	1220.6513366837037	39.712048	-.IHDPQLLTER.-	sp|P14868-2|SYDC_HUMAN;sp|P14868|SYDC_HUMAN
2017dec27_overlap_dia_6b_rep1_604to616.dia:2382.723:TTHYTPLAC[+57.0214635]GSNPLKR+3	1	55212	27.93646	1.7696395	1.7567424	0.79337335	0.58335423	1.3453803	0.3600863	27.0	23.0	1.1929259	0.9859164	1.0349396	0.0	3.0	9.103093	9.0	12.993297	0.9401154	0.96396655	1.0	1.0	23.0	0.34261322	0.72335017	0.080580235	1	16	0	0	1	0	605.9771915280475	1814.9097451837035	39.712048	-.TTHYTPLAC[+57.0214635]GSNPLKR.-	sp|O60832-2|DKC1_HUMAN;sp|O60832|DKC1_HUMAN
2017dec27_overlap_dia_6b_rep1_604to616.dia:2382.723:decoyAQVSGASPVAALR+2	-1	55212	4.2872753	0.6794364	1.0107074	0.4805679	0.31913888	-0.07776753	0.49993992	8.0	1.0	3.7215006	0.0	10.0	1.0	0.0	7.2287135	4.0	-1.6236315	0.76550967	0.0	1.0	0.0	5.0	3.148018	10.0	2.609155	0	13	0	1	0	0	613.8462193086644	1225.6778856837032	39.712048	-.AQVSGASPVAALR.-	DECOY_sp|Q14160-2|SCRIB_HUMAN;DECOY_sp|Q14160-3|SCRIB_HUMAN;DECOY_sp|Q14160|SCRIB_HUMAN
2017dec27_overlap_dia_6b_rep1_604to616.dia:2382.723:decoyHDTTITGLVHK+2	-1	55212	3.467973	0.5870802	0.71473706	0.5828304	0.39610964	0.3344035	0.30292696	7.0	2.0	2.7464685	0.9491867	2.3541656	0.2882703	3.0	7.1781487	5.0	-1.4138868	0.8627584	0.8594682	1.0	1.0	6.0	9.704376	0.59587574	1.6341228	0	11	0	1	0	0	611.3329453086646	1220.6513376837036	39.712048	-.HDTTITGLVHK.-	DECOY_sp|P69849|NOMO3_HUMAN;DECOY_sp|Q15155|NOMO1_HUMAN;DECOY_sp|Q5JPE7-2|NOMO2_HUMAN;DECOY_sp|Q5JPE7-3|NOMO2_HUMAN;DECOY_sp|Q5JPE7|NOMO2_HUMAN
2017dec27_overlap_dia_6b_rep1_604to616.dia:2384.8318:GSGEGQGQILQR+2	1	55264	3.5187075	0.48428366	0.66109324	0.65505344	0.4547078	0.64132726	0.654611	7.0	0.0	0.60991025	0.19134931	9.0688505	1.0	1.0	7.236124	4.0	-1.9122362	0.8667619	0.0	1.0	0.0	4.0	8.600357	7.232202	0.50243545	0	12	0	1	0	0	615.3152838086647	1228.6160146837037	39.747196	-.GSGEGQGQILQR.-	sp|O95248-4|MTMR5_HUMAN;sp|O95248|MTMR5_HUMAN
2017dec27_overlap_dia_6b_rep1_604to616.dia:2386.8962:decoyGFEEISQHLR+2	-1	55316	2.5650113	0.27146447	0.30715957	0.51012737	0.3408035	0.04051498	0.57504034	6.0	1.0	3.9190698	0.7413648	5.648491	0.91766334	2.0	7.0581117	4.0	-2.3497677	0.85378456	0.10983266	1.0	1.0	6.0	0.026309967	3.7351327	2.806724	0	10	0	1	0	0	608.3094693086646	1214.6043856837034	39.781605	-.GFEEISQHLR.-	DECOY_sp|Q15149-2|PLEC_HUMAN;DECOY_sp|Q15149-3|PLEC_HUMAN;DECOY_sp|Q15149-4|PLEC_HUMAN;DECOY_sp|Q15149-5|PLEC_HUMAN;DECOY_sp|Q15149-6|PLEC_HUMAN;DECOY_sp|Q15149-7|PLEC_HUMAN;DECOY_sp|Q15149-8|PLEC_HUMAN;DECOY_sp|Q15149-9|PLEC_HUMAN;DECOY_sp|Q15149|PLEC_HUMAN
2017dec27_overlap_dia_6b_rep1_604to616.dia:2389.074:AGTYFSNQAVR+2	1	55368	5.3444986	0.6520267	0.72991496	0.60916525	0.41699076	0.44380477	0.76628315	9.0	1.0	1.5386438	0.20274746	-0.096241966	1.0	1.0	7.883626	7.0	-0.03294611	0.7278158	0.60119957	1.0	1.0	7.0	0.08937454	2.0905106	0.43822908	0	11	0	1	0	0	607.3016403086647	1212.5887276837036	39.817898	-.AGTYFSNQAVR.-	sp|Q14690|RRP5_HUMAN
2017dec27_overlap_dia_6b_rep1_604to616.dia:2389.074:AVENSSTAIGIR+2	1	55368	12.114275	2.3812625	2.6643922	0.99489033	0.9356162	5.271498	0.009030077	15.0	11.0	1.8478615	0.99914855	5.330814	0.0	3.0	9.469771	10.0	6.824744	0.8475092	0.95818734	1.0	1.0	14.0	0.08937454	3.3365455	0.7474468	0	12	0	1	0	0	609.3278588086647	1216.6411646837037	39.817898	-.AVENSSTAIGIR.-	sp|P25788-2|PSA3_HUMAN;sp|P25788|PSA3_HUMAN
2017dec27_overlap_dia_6b_rep1_604to616.dia:2391.1577:GSTDSLDSLSSR+2	1	55420	2.7254512	0.40125555	0.6173229	0.7381056	0.5285588	1.0361456	0.35298958	6.0	1.0	1.2657967	0.1850185	-2.579851	1.0	1.0	6.390696	4.0	-1.4564419	0.45749	0.0	0.0	0.0	1.0	0.3696289	4.622591	0.16538191	0	12	0	1	0	0	612.7887628086647	1223.5629726837037	39.852627	-.GSTDSLDSLSSR.-	sp|Q9ULJ8-3|NEB1_HUMAN;sp|Q9ULJ8-4|NEB1_HUMAN;sp|Q9ULJ8-5|NEB1_HUMAN;sp|Q9ULJ8|NEB1_HUMAN
2017dec27_overlap_dia_6b_rep1_604to616.dia:2391.1577:TTVYVVEDQR+2	1	55420	8.60777	1.5018184	1.9017217	0.8461204	0.6421353	1.7044914	0.30445635	12.0	2.0	1.0187632	0.92203295	4.5458097	0.0	3.0	8.722597	8.0	2.3629289	0.89820665	0.94552267	1.0	1.0	5.0	0.045978546	2.5030699	0.08165157	0	10	0	1	0	0	605.3091313086646	1208.6037096837035	39.852627	-.TTVYVVEDQR.-	sp|Q9H1C7|CYTM1_HUMAN
2017dec27_overlap_dia_6b_rep1_604to616.dia:2391.1577:decoyQNNSELQQIR+2	-1	55420	4.3033085	0.60310394	0.98116475	0.49864078	0.33233464	-0.0054369285	0.5497331	8.0	1.0	2.2897637	0.19134931	4.313741	1.0	1.0	7.1752877	5.0	-2.4146075	0.55665505	0.0	0.0	0.0	3.0	9.844955	2.2710013	1.1893489	0	10	0	1	0	0	615.3152828086645	1228.6160126837033	39.852627	-.QNNSELQQIR.-	DECOY_sp|O75116|ROCK2_HUMAN
2017dec27_overlap_dia_6b_rep1_604to616.dia:2391.1577:decoyRTLYAIYPAR+2	-1	55420	1.9134905	0.4943336	0.84463733	0.6828245	0.47849727	0.7667825	0.18079126	5.0	1.0	0.6617023	0.0	10.0	1.0	0.0	6.6259413	3.0	-3.0	0.5023265	0.0	0.0	0.0	3.0	11.271183	10.0	0.43871248	1	10	0	1	0	0	612.3483893086647	1222.6822256837036	39.852627	-.RTLYAIYPAR.-	DECOY_sp|Q14C86-2|GAPD1_HUMAN;DECOY_sp|Q14C86-3|GAPD1_HUMAN;DECOY_sp|Q14C86-4|GAPD1_HUMAN;DECOY_sp|Q14C86-5|GAPD1_HUMAN;DECOY_sp|Q14C86-6|GAPD1_HUMAN;DECOY_sp|Q14C86|GAPD1_HUMAN
2017dec27_overlap_dia_6b_rep1_604to616.dia:2399.526:IEAGYIQTGDR+2	1	55628	7.491553	1.0987643	1.9411049	0.7769562	0.56647474	1.2480159	0.37092635	11.0	1.0	-0.40917864	0.8236175	4.877089	0.0	1.0	8.000108	7.0	0.70295095	0.7105648	0.7237175	0.0	1.0	0.0	0.17721558	2.8343492	1.5215243	0	11	0	1	0	0	611.8067558086648	1221.5989586837038	39.9921	-.IEAGYIQTGDR.-	sp|Q9Y450-4|HBS1L_HUMAN;sp|Q9Y450|HBS1L_HUMAN
2017dec27_overlap_dia_6b_rep1_604to616.dia:2399.526:SSGTNFQGLPSK+2	1	55628	7.520143	0.93568045	1.3961757	0.82982546	0.6231202	1.5843908	0.27501947	11.0	1.0	1.7264299	0.8236175	4.8828096	0.0	1.0	7.955869	8.0	1.6209483	0.6103482	0.66856855	0.0	1.0	5.0	0.067108154	2.8400698	0.61408424	0	12	0	1	0	0	611.8067593086648	1221.598965683704	39.9921	-.SSGTNFQGLPSK.-	sp|Q68EM7-2|RHG17_HUMAN;sp|Q68EM7-4|RHG17_HUMAN;sp|Q68EM7-5|RHG17_HUMAN;sp|Q68EM7-6|RHG17_HUMAN;sp|Q68EM7|RHG17_HUMAN
2017dec27_overlap_dia_6b_rep1_604to616.dia:2399.526:decoyDEC[+57.0214635]MLSDVEK+2	-1	55628	2.7559226	0.6576918	0.7791355	0.7917534	0.5816631	1.3355271	0.20322117	6.0	0.0	4.9170055	0.0	10.0	1.0	0.0	6.7666607	5.0	-1.8895793	0.44244027	0.0	0.0	0.0	0.0	8.105412	10.0	3.8046598	0	10	0	1	0	0	613.2573960586647	1224.5002391837036	39.9921	-.DEC[+57.0214635]MLSDVEK.-	DECOY_sp|Q16513-2|PKN2_HUMAN;DECOY_sp|Q16513-3|PKN2_HUMAN;DECOY_sp|Q16513-4|PKN2_HUMAN;DECOY_sp|Q16513-5|PKN2_HUMAN;DECOY_sp|Q16513|PKN2_HUMAN
2017dec27_overlap_dia_6b_rep1_604to616.dia:2399.526:decoyGHTFTGSIELR+2	-1	55628	3.3280597	0.44352466	0.7349915	0.4223076	0.27755958	-0.31330755	0.742933	7.0	1.0	2.5843558	0.0	10.0	1.0	0.0	7.092651	4.0	-1.6276875	0.6016651	0.0	0.0	0.0	3.0	6.9796944	10.0	1.4720101	0	11	0	1	0	0	609.3172948086645	1216.6200366837033	39.9921	-.GHTFTGSIELR.-	DECOY_sp|P63010-2|AP2B1_HUMAN;DECOY_sp|P63010-3|AP2B1_HUMAN;DECOY_sp|P63010|AP2B1_HUMAN
2017dec27_overlap_dia_6b_rep1_604to616.dia:2399.526:decoyNIDPDKSTLSK+2	-1	55628	7.4349866	0.6254661	1.1054983	0.6820721	0.47784197	0.7633108	0.38615903	11.0	3.0	2.8261828	0.0	10.0	1.0	0.0	7.6979594	6.0	-0.70998716	0.0	0.0	0.0	0.0	0.0	9.984428	10.0	1.7138371	1	11	0	1	0	0	609.3222418086647	1216.6299306837036	39.9921	-.NIDPDKSTLSK.-	DECOY_sp|Q14974|IMB1_HUMAN
2017dec27_overlap_dia_6b_rep1_604to616.dia:2403.7095:AETEEGPDVLR+2	1	55732	7.5510116	1.5485421	1.7227728	0.89095366	0.6999259	2.1005194	0.215454	11.0	1.0	0.9231657	0.9627446	3.7444005	0.0	2.0	8.5578985	9.0	1.9351425	0.89501286	0.6416489	1.0	1.0	10.0	0.16415024	1.6818604	0.18918002	0	11	0	1	0	0	608.2962248086646	1214.5778966837036	40.061825	-.AETEEGPDVLR.-	sp|Q15436-2|SC23A_HUMAN;sp|Q15436|SC23A_HUMAN
2017dec27_overlap_dia_6b_rep1_604to616.dia:2403.7095:NGYEYEESTK+2	1	55732	3.4712553	0.29449937	0.4258495	0.5872521	0.39958054	0.35261708	0.3407697	7.0	0.0	5.1254644	0.0	10.0	1.0	0.0	6.9903135	4.0	-1.2837081	0.0	0.0	0.0	0.0	0.0	10.054153	10.0	4.0131187	0	10	0	1	0	0	610.2592988086647	1218.5040446837036	40.061825	-.NGYEYEESTK.-	sp|O75717-2|WDHD1_HUMAN;sp|O75717|WDHD1_HUMAN
2017dec27_overlap_dia_6b_rep1_604to616.dia:2403.7095:decoyGGGLELTVPKIK+2	-1	55732	3.9852338	0.4781212	0.81558794	0.23972492	0.15411454	-1.1541883	0.703843	8.0	0.0	2.837831	0.0	10.0	1.0	0.0	7.075472	4.0	-0.5051017	0.32384402	0.0	0.0	0.0	0.0	9.670483	10.0	1.7254853	1	12	0	1	0	0	606.3715388086646	1210.7285246837034	40.061825	-.GGGLELTVPKIK.-	DECOY_sp|P49189-2|AL9A1_HUMAN;DECOY_sp|P49189|AL9A1_HUMAN
2017dec27_overlap_dia_6b_rep1_604to616.dia:2420.4058:ASPQSEFMPSK+2	1	56148	4.454111	0.35934645	0.650602	0.70565176	0.49869138	0.8743583	0.26752374	8.0	0.0	-0.08455081	0.8175111	-9.462585	0.0	1.0	7.3729763	6.0	-2.2806294	0.74980116	0.75586087	0.0	1.0	3.0	1.845974	11.544926	1.1968966	0	11	0	1	0	0	604.7844383086647	1207.5543236837036	40.340096	-.ASPQSEFMPSK.-	sp|Q9NQW6-2|ANLN_HUMAN;sp|Q9NQW6|ANLN_HUMAN
2017dec27_overlap_dia_6b_rep1_604to616.dia:2420.4058:C[+57.0214635]DDFVVNDTK+2	1	56148	3.5986583	0.5537218	0.6897425	0.7874585	0.5772071	1.3096733	0.18526742	7.0	0.0	0.66234154	0.61216867	-3.1140156	0.0	2.0	7.153119	5.0	0.9338546	0.81301403	0.88743174	0.0	1.0	3.0	0.31012344	5.196356	0.45000416	0	10	0	1	0	0	606.7637030586646	1211.5128531837036	40.340096	-.C[+57.0214635]DDFVVNDTK.-	sp|Q9Y6I4-2|UBP3_HUMAN;sp|Q9Y6I4|UBP3_HUMAN
2017dec27_overlap_dia_6b_rep1_604to616.dia:2420.4058:EEPGEDFPAAR+2	1	56148	6.352429	0.88635314	1.359515	0.620391	0.42605215	0.49120823	0.6726011	10.0	0.0	0.12985003	0.91869617	3.591284	0.0	2.0	8.143706	8.0	0.3329649	0.9643362	0.885762	1.0	1.0	6.0	0.22660828	1.5089438	0.98249567	0	11	0	1	0	0	609.2752923086647	1216.5360316837036	40.340096	-.EEPGEDFPAAR.-	sp|P02786|TFR1_HUMAN
2017dec27_overlap_dia_6b_rep1_604to616.dia:2420.4058:ELLEQNPGKFEELER+3	1	56148	6.517015	0.6967031	0.79467976	0.90625703	0.7221458	2.2687664	0.046197027	10.0	1.0	1.0434216	0.0	10.0	1.0	0.0	7.0195627	4.0	-0.879786	0.72181237	0.0	1.0	0.0	6.0	13.574928	10.0	0.06892407	1	15	0	0	1	0	610.9792573613807	1829.9159426837034	40.340096	-.ELLEQNPGKFEELER.-	sp|Q4KMP7|TB10B_HUMAN
2017dec27_overlap_dia_6b_rep1_604to616.dia:2420.4058:NTIAIFC[+57.0214635]ETR+2	1	56148	5.317109	0.47202334	0.92189777	0.5719338	0.38761318	0.28974545	0.42877075	9.0	0.0	-3.855005	0.086290404	2.4506817	1.0	1.0	7.664749	5.0	0.34906816	0.7443862	0.038178205	1.0	1.0	4.0	15.688904	0.36834145	4.967351	0	10	0	1	0	0	612.8057055586646	1223.5968581837035	40.340096	-.NTIAIFC[+57.0214635]ETR.-	sp|O60488-2|ACSL4_HUMAN;sp|O60488|ACSL4_HUMAN
2017dec27_overlap_dia_6b_rep1_604to616.dia:2420.4058:QGVSYSVHAYTGQPSPR+3	1	56148	18.263618	1.1265197	1.2544384	0.75421363	0.54396343	1.121213	0.4638754	20.0	6.0	-0.21714151	0.99938333	4.665707	0.0	3.0	8.285087	9.0	2.834682	0.9021914	0.9345741	1.0	1.0	15.0	0.20843506	2.5833669	1.3294872	0	17	0	0	1	0	611.9674580280474	1832.8805446837034	40.340096	-.QGVSYSVHAYTGQPSPR.-	sp|Q8IVT2|MISP_HUMAN
2017dec27_overlap_dia_6b_rep1_604to616.dia:2420.4058:TATPEIVDNKDGTVTVR+3	1	56148	17.074562	2.0676155	1.9782381	0.9760407	0.86036223	3.7071486	0.045102634	19.0	13.0	-1.9398067	0.72480834	-6.1022787	1.0	2.0	8.618928	10.0	7.578837	0.7953238	0.64632094	1.0	1.0	17.0	0.016525269	8.184619	3.0521524	1	17	0	0	1	0	605.9864126947142	1814.937408683704	40.340096	-.TATPEIVDNKDGTVTVR.-	sp|O75369-2|FLNB_HUMAN;sp|O75369-3|FLNB_HUMAN;sp|O75369-4|FLNB_HUMAN;sp|O75369-5|FLNB_HUMAN;sp|O75369-6|FLNB_HUMAN;sp|O75369-7|FLNB_HUMAN;sp|O75369-8|FLNB_HUMAN;sp|O75369-9|FLNB_HUMAN;sp|O75369|FLNB_HUMAN
2017dec27_overlap_dia_6b_rep1_604to616.dia:2420.4058:TLISASSDTTVK+2	1	56148	7.4489865	0.65461886	1.0303868	0.7044174	0.49758327	0.8684228	0.49185568	11.0	0.0	0.045909464	0.83036023	-2.6848314	0.0	1.0	8.150834	8.0	1.5785985	0.811544	0.8044049	1.0	1.0	6.0	0.10437393	4.767172	1.0664363	0	12	0	1	0	0	611.8299003086647	1221.6452476837037	40.340096	-.TLISASSDTTVK.-	sp|Q8TAF3|WDR48_HUMAN
2017dec27_overlap_dia_6b_rep1_604to616.dia:2420.4058:TNIAIFC[+57.0214635]ETR+2	1	56148	5.3325	0.5211352	0.96655625	0.59256566	0.4037699	0.37458184	0.40663883	9.0	0.0	-2.2299435	0.086290404	2.4506817	1.0	1.0	7.858216	5.0	0.17224646	0.769073	-0.055438	1.0	1.0	5.0	15.688904	0.36834145	3.3422892	0	10	0	1	0	0	612.8057055586646	1223.5968581837035	40.340096	-.TNIAIFC[+57.0214635]ETR.-	sp|O95573|ACSL3_HUMAN
2017dec27_overlap_dia_6b_rep1_604to616.dia:2420.4058:VAQPTITDNKDGTVTVR+3	1	56148	19.703396	2.8757823	2.5646381	0.98867404	0.9040946	4.469268	0.02196554	21.0	19.0	-1.0359015	0.99957424	2.3831894	0.0	3.0	9.17419	11.0	13.930733	0.80044	0.9787585	1.0	1.0	21.0	0.016525269	0.3008492	2.1482472	1	17	0	0	1	0	605.6584076947141	1813.9533936837036	40.340096	-.VAQPTITDNKDGTVTVR.-	sp|P21333-2|FLNA_HUMAN;sp|P21333|FLNA_HUMAN
2017dec27_overlap_dia_6b_rep1_604to616.dia:2420.4058:decoyADVAPILDDQR+2	-1	56148	4.4054503	0.45810932	0.78891116	0.6308554	0.43459177	0.5358882	0.27567446	8.0	0.0	-1.3597618	0.0	10.0	1.0	0.0	7.571428	4.0	-1.5976915	0.79240113	-0.059070956	1.0	1.0	4.0	12.067627	10.0	2.4721074	0	11	0	1	0	0	606.8145848086646	1211.6146166837034	40.340096	-.ADVAPILDDQR.-	DECOY_sp|Q9NUL5-2|CS066_HUMAN;DECOY_sp|Q9NUL5-3|CS066_HUMAN;DECOY_sp|Q9NUL5-4|CS066_HUMAN;DECOY_sp|Q9NUL5|CS066_HUMAN
2017dec27_overlap_dia_6b_rep1_604to616.dia:2420.4058:decoyGEAPEVYFTGR+2	-1	56148	4.3521256	0.45802027	1.036518	0.5579622	0.3768332	0.2328957	0.48622012	8.0	0.0	0.4073	0.2106535	-8.443308	1.0	1.0	7.5353084	4.0	-1.8077745	0.7715589	0.0	1.0	0.0	5.0	5.335438	10.525648	0.7050457	0	11	0	1	0	0	613.2960238086646	1224.5774946837034	40.340096	-.GEAPEVYFTGR.-	DECOY_sp|O14672|ADA10_HUMAN
2017dec27_overlap_dia_6b_rep1_604to616.dia:2420.4058:decoyNLAGVLHAVTANEKETR+3	-1	56148	6.131351	0.46157455	0.9176296	0.3728958	0.24327022	-0.5198136	0.6193241	10.0	4.0	3.5486667	0.6750906	4.3274207	0.0	1.0	6.7840705	4.0	-1.9356546	0.0	0.0	0.0	0.0	0.0	11.8712845	2.2450805	2.436321	1	17	0	0	1	0	608.3305133613808	1821.9697106837036	40.340096	-.NLAGVLHAVTANEKETR.-	DECOY_sp|Q13158|FADD_HUMAN
2017dec27_overlap_dia_6b_rep1_604to616.dia:2420.4058:decoyNTEC[+57.0214635]FIAITR+2	-1	56148	3.4560075	0.54539746	0.7866626	0.5669916	0.38378567	0.26958746	0.32893604	7.0	0.0	-2.8571434	0.086290404	2.4506817	1.0	1.0	7.2905197	4.0	-0.25820875	0.825264	-0.053728487	0.0	1.0	2.0	15.688904	0.36834145	3.969489	0	10	0	1	0	0	612.8057055586646	1223.5968581837035	40.340096	-.NTEC[+57.0214635]FIAITR.-	DECOY_sp|O60488-2|ACSL4_HUMAN;DECOY_sp|O60488|ACSL4_HUMAN
2017dec27_overlap_dia_6b_rep1_604to616.dia:2420.4058:decoyTEEVTDEFVR+2	-1	56148	4.5111732	0.76243925	0.99159217	0.80473465	0.59538484	1.4161532	0.2151177	8.0	0.0	-0.8167114	0.0	10.0	1.0	0.0	7.988188	6.0	-1.1843777	0.80020475	0.0	1.0	0.0	5.0	3.4362068	10.0	1.9290571	0	10	0	1	0	0	612.7907753086645	1223.5669976837032	40.340096	-.TEEVTDEFVR.-	DECOY_sp|Q16576-2|RBBP7_HUMAN
2017dec27_overlap_dia_6b_rep1_604to616.dia:2420.4058:decoyTQDEVVYVTR+2	-1	56148	3.3271728	0.64207894	0.9513796	0.42144603	0.2769546	-0.31684014	0.6802642	7.0	1.0	-1.9177167	0.0	10.0	1.0	0.0	7.5309606	4.0	-1.6653757	0.50712645	-0.038371515	0.0	1.0	4.0	0.5163307	10.0	3.0300624	0	10	0	1	0	0	605.3091313086646	1208.6037096837035	40.340096	-.TQDEVVYVTR.-	DECOY_sp|Q9H1C7|CYTM1_HUMAN
2017dec27_overlap_dia_6b_rep1_604to616.dia:2422.5325:decoyTHATIEQVC[+57.0214635]R+2	-1	56200	2.752435	0.67131364	0.88982546	0.78542036	0.5751064	1.297538	0.21900876	6.0	0.0	-1.1402783	0.0	10.0	1.0	0.0	7.2315364	3.0	-1.7985525	0.91574466	0.0	1.0	0.0	5.0	10.11742	10.0	2.252624	0	10	0	1	0	0	607.8009550586646	1213.5873571837035	40.37554	-.THATIEQVC[+57.0214635]R.-	DECOY_sp|Q13033-2|STRN3_HUMAN;DECOY_sp|Q13033|STRN3_HUMAN;DECOY_sp|Q9NRL3-3|STRN4_HUMAN;DECOY_sp|Q9NRL3|STRN4_HUMAN
2017dec27_overlap_dia_6b_rep1_604to616.dia:2424.6003:IPSTDTQVQPK+2	1	56252	5.415531	0.43597275	0.5969886	0.7174106	0.50934565	0.9316535	0.49228165	9.0	0.0	0.7740232	0.0	10.0	1.0	0.0	7.674241	5.0	-1.7242455	0.9012485	0.5565649	1.0	1.0	6.0	8.392853	10.0	0.33832252	0	11	0	1	0	0	607.3247858086647	1212.6350186837037	40.410007	-.IPSTDTQVQPK.-	sp|Q9ULV3-2|CIZ1_HUMAN;sp|Q9ULV3-3|CIZ1_HUMAN;sp|Q9ULV3-4|CIZ1_HUMAN;sp|Q9ULV3-5|CIZ1_HUMAN;sp|Q9ULV3|CIZ1_HUMAN
2017dec27_overlap_dia_6b_rep1_604to616.dia:2424.6003:KLTGGSNWQPK+2	1	56252	4.559622	0.66155696	1.0549072	0.8997067	0.7124394	2.1939702	0.12643592	8.0	1.0	0.2715164	0.0	10.0	1.0	0.0	7.761122	5.0	-1.9227371	0.0	0.0	0.0	0.0	0.0	10.402336	10.0	0.84082925	1	11	0	1	0	0	608.3276623086647	1214.6407716837036	40.410007	-.KLTGGSNWQPK.-	sp|Q13492-2|PICAL_HUMAN;sp|Q13492-3|PICAL_HUMAN;sp|Q13492-4|PICAL_HUMAN;sp|Q13492-5|PICAL_HUMAN;sp|Q13492|PICAL_HUMAN
2017dec27_overlap_dia_6b_rep1_604to616.dia:2424.6003:SDFQAC[+57.0214635]LNEK+2	1	56252	2.7889853	0.37974516	0.5531838	0.854383	0.6521293	1.7693996	0.09707256	6.0	0.0	-2.763296	0.0	10.0	1.0	0.0	6.982018	4.0	-2.9830637	0.8410284	0.0	1.0	0.0	5.0	0.2180748	10.0	3.8756416	0	10	0	1	0	0	606.2716950586647	1210.5288371837037	40.410007	-.SDFQAC[+57.0214635]LNEK.-	sp|P48200|IREB2_HUMAN
2017dec27_overlap_dia_6b_rep1_604to616.dia:2424.6003:decoyATHTVGYIEAR+2	-1	56252	3.5710735	0.6619428	1.0912341	0.73899704	0.5294006	1.0407622	0.13654903	7.0	0.0	1.7402589	0.53836644	-6.0576997	1.0	1.0	7.615039	5.0	-1.2999129	0.9210554	0.06239574	1.0	1.0	5.0	6.7677994	8.144369	0.62791324	0	11	0	1	0	0	609.3172908086647	1216.6200286837036	40.410007	-.ATHTVGYIEAR.-	DECOY_sp|Q9HCS7|SYF1_HUMAN
2017dec27_overlap_dia_6b_rep1_604to616.dia:2424.6003:decoyEHAGTILIMVK+2	-1	56252	3.300189	0.29640344	0.75490534	0.39605767	0.2592439	-0.4219189	0.47909462	7.0	0.0	-1.7751359	0.0	10.0	1.0	0.0	7.295144	6.0	-2.3966117	0.9358859	0.0	1.0	0.0	4.0	13.748249	10.0	2.8874817	0	11	0	1	0	0	606.3444668086646	1210.6743806837035	40.410007	-.EHAGTILIMVK.-	DECOY_sp|P46926-2|GNPI1_HUMAN;DECOY_sp|P46926|GNPI1_HUMAN;DECOY_sp|Q8TDQ7-2|GNPI2_HUMAN;DECOY_sp|Q8TDQ7-3|GNPI2_HUMAN;DECOY_sp|Q8TDQ7-4|GNPI2_HUMAN;DECOY_sp|Q8TDQ7-5|GNPI2_HUMAN;DECOY_sp|Q8TDQ7|GNPI2_HUMAN
2017dec27_overlap_dia_6b_rep1_604to616.dia:2424.6003:decoyESGSLDLTSGSR+2	-1	56252	3.553399	0.3445022	0.776161	0.70952624	0.502182	0.8930842	0.18347663	7.0	1.0	1.222442	0.57633424	7.338997	1.0	2.0	7.137399	4.0	-2.4670186	0.9156783	0.98313695	1.0	1.0	6.0	3.325798	5.2523274	0.110096335	0	12	0	1	0	0	604.7913058086647	1207.5680586837036	40.410007	-.ESGSLDLTSGSR.-	DECOY_sp|Q9ULU4-10|PKCB1_HUMAN;DECOY_sp|Q9ULU4-11|PKCB1_HUMAN;DECOY_sp|Q9ULU4-12|PKCB1_HUMAN;DECOY_sp|Q9ULU4-13|PKCB1_HUMAN;DECOY_sp|Q9ULU4-14|PKCB1_HUMAN;DECOY_sp|Q9ULU4-15|PKCB1_HUMAN;DECOY_sp|Q9ULU4-16|PKCB1_HUMAN;DECOY_sp|Q9ULU4-17|PKCB1_HUMAN;DECOY_sp|Q9ULU4-18|PKCB1_HUMAN;DECOY_sp|Q9ULU4-19|PKCB1_HUMAN;DECOY_sp|Q9ULU4-20|PKCB1_HUMAN;DECOY_sp|Q9ULU4-21|PKCB1_HUMAN;DECOY_sp|Q9ULU4-22|PKCB1_HUMAN;DECOY_sp|Q9ULU4-23|PKCB1_HUMAN;DECOY_sp|Q9ULU4-2|PKCB1_HUMAN;DECOY_sp|Q9ULU4-3|PKCB1_HUMAN;DECOY_sp|Q9ULU4-4|PKCB1_HUMAN;DECOY_sp|Q9ULU4-5|PKCB1_HUMAN;DECOY_sp|Q9ULU4-6|PKCB1_HUMAN;DECOY_sp|Q9ULU4-7|PKCB1_HUMAN;DECOY_sp|Q9ULU4-8|PKCB1_HUMAN;DECOY_sp|Q9ULU4-9|PKCB1_HUMAN;DECOY_sp|Q9ULU4|PKCB1_HUMAN
2017dec27_overlap_dia_6b_rep1_604to616.dia:2424.6003:decoyFFIDNHVYR+2	-1	56252	2.5153277	0.63745356	1.1370926	0.45498288	0.30070925	-0.18055746	0.51846546	6.0	1.0	2.5456648	0.0	10.0	1.0	0.0	7.995228	4.0	-2.2995036	0.90197206	-0.032480035	1.0	1.0	7.0	12.399204	10.0	1.4333191	0	9	0	1	0	0	605.8038183086646	1209.5930836837035	40.410007	-.FFIDNHVYR.-	DECOY_sp|Q13283|G3BP1_HUMAN
2017dec27_overlap_dia_6b_rep1_604to616.dia:2424.6003:decoyTPVQDMALVTR+2	-1	56252	4.3254647	0.9768022	1.2256392	0.52473974	0.35167474	0.0990398	0.47139657	8.0	2.0	-0.19628866	0.81402	-2.2491586	0.0	1.0	8.081673	4.0	-1.46385	0.89359313	0.7688484	1.0	1.0	9.0	13.096378	4.335828	1.3086344	0	11	0	1	0	0	615.8291813086646	1229.6438096837035	40.410007	-.TPVQDMALVTR.-	DECOY_sp|Q13423|NNTM_HUMAN
2017dec27_overlap_dia_6b_rep1_604to616.dia:2426.825:decoyMNGVAPSFTER+2	-1	56305	3.5696223	0.54456794	0.6066796	0.73653173	0.52707565	1.0280194	0.27433512	7.0	0.0	1.4510976	0.577319	-1.6887703	1.0	1.0	7.439319	6.0	0.16642618	0.86152536	0.749	0.0	1.0	1.0	4.2825203	3.7909107	0.3387519	0	11	0	1	0	0	604.7900553086645	1207.5655576837032	40.447083	-.MNGVAPSFTER.-	DECOY_sp|Q7Z4H7-3|HAUS6_HUMAN;DECOY_sp|Q7Z4H7|HAUS6_HUMAN
2017dec27_overlap_dia_6b_rep1_604to616.dia:2426.825:decoyNIENETLQVR+2	-1	56305	6.228024	0.5412687	0.7422604	0.46586564	0.308514	-0.13675018	0.5975454	10.0	0.0	2.8672564	0.0	10.0	1.0	0.0	8.0432625	5.0	-1.0952353	0.85303736	0.6511665	1.0	1.0	4.0	1.9804955	10.0	1.7549107	0	10	0	1	0	0	608.3200338086647	1214.6255146837036	40.447083	-.NIENETLQVR.-	DECOY_sp|P62136-2|PP1A_HUMAN;DECOY_sp|P62136|PP1A_HUMAN
2017dec27_overlap_dia_6b_rep1_604to616.dia:2426.825:decoyTRVADETVQVDGSNPTR+3	-1	56305	2.4361887	0.55355847	0.9816165	0.37918925	0.24759412	-0.49299082	0.5424886	6.0	1.0	-3.9426055	0.0	10.0	1.0	0.0	5.4168887	3.0	-0.7723384	0.32749778	0.0	0.0	0.0	0.0	2.4181252	10.0	5.054951	1	17	0	0	1	0	615.6414163613807	1843.9024196837033	40.447083	-.TRVADETVQVDGSNPTR.-	DECOY_sp|P35269|T2FA_HUMAN
2017dec27_overlap_dia_6b_rep1_604to616.dia:2428.8674:WEADTLDKEGLSESVR+3	1	56357	5.4575953	0.6763563	0.95116544	0.790373	0.58022654	1.3271754	0.17222303	9.0	2.0	-2.797017	0.0	10.0	1.0	0.0	6.761544	6.0	-0.2998147	0.41141683	0.58411765	0.0	1.0	3.0	11.259247	10.0	3.9093628	1	16	0	0	1	0	612.2987670280476	1833.8744716837039	40.481125	-.WEADTLDKEGLSESVR.-	sp|Q6PHR2-3|ULK3_HUMAN;sp|Q6PHR2-4|ULK3_HUMAN;sp|Q6PHR2|ULK3_HUMAN
2017dec27_overlap_dia_6b_rep1_604to616.dia:2428.8674:decoyEPMDSDYDVR+2	-1	56357	2.0459068	0.4105958	0.59973574	0.92624384	0.753963	2.530373	0.06397932	5.0	0.0	-0.15527108	0.0	10.0	1.0	0.0	6.786446	3.0	-3.0	0.40002352	0.22572556	1.0	1.0	5.0	0.45163727	10.0	1.2676167	0	10	0	1	0	0	613.7533308086646	1225.4921086837035	40.481125	-.EPMDSDYDVR.-	DECOY_sp|Q9BX10-2|GTPB2_HUMAN;DECOY_sp|Q9BX10-4|GTPB2_HUMAN;DECOY_sp|Q9BX10|GTPB2_HUMAN
2017dec27_overlap_dia_6b_rep1_604to616.dia:2428.8674:decoyHMVHLNPVNKDALEPK+3	-1	56357	3.5353234	0.45804176	0.6939063	0.680601	0.4765625	0.7565351	0.33938292	7.0	3.0	0.45566076	0.46080866	0.58249617	0.0	2.0	6.078999	5.0	-1.9679451	0.34878513	-0.035158385	0.0	1.0	0.0	2.4239311	1.5394444	0.65668494	1	16	0	0	1	0	614.661205694714	1840.9617876837033	40.481125	-.HMVHLNPVNKDALEPK.-	DECOY_sp|P46783|RS10_HUMAN;DECOY_sp|Q9NQ39|RS10L_HUMAN
2017dec27_overlap_dia_6b_rep1_604to616.dia:2428.8674:decoyLYQVHSDVVR+2	-1	56357	2.0812895	0.49650893	0.75785285	0.16747761	0.10712439	-1.6036104	0.814919	6.0	0.0	1.1492429	0.0	10.0	1.0	0.0	6.9038897	3.0	-2.8679855	0.5325917	0.39905128	1.0	1.0	4.0	2.6181755	10.0	0.036897182	0	10	0	1	0	0	608.3276578086645	1214.6407626837033	40.481125	-.LYQVHSDVVR.-	DECOY_sp|Q6P2Q9|PRP8_HUMAN
2017dec27_overlap_dia_6b_rep1_604to616.dia:2428.8674:decoyNKADFVTNQPNMAVQR+3	-1	56357	5.341892	0.4901315	0.67085564	0.60551965	0.4140694	0.4285177	0.55243134	9.0	1.0	0.5247656	0.0	10.0	1.0	0.0	6.604281	5.0	-1.8437502	0.6150597	0.0	0.0	0.0	4.0	4.8740463	10.0	0.5875801	1	16	0	0	1	0	611.6405820280474	1831.8999166837036	40.481125	-.NKADFVTNQPNMAVQR.-	DECOY_sp|P34931|HS71L_HUMAN
2017dec27_overlap_dia_6b_rep1_604to616.dia:2435.1074:IHPTSVISGYR+2	1	56513	9.78431	0.96925926	1.3031436	0.97730327	0.8641056	3.762576	0.042084955	13.0	2.0	-1.6606934	0.97749305	1.2430286	0.0	2.0	8.851937	9.0	5.067556	0.9344734	0.97015333	1.0	1.0	8.0	0.2506981	0.878912	2.78497	0	11	0	1	0	0	615.3354828086647	1228.6564126837036	40.585125	-.IHPTSVISGYR.-	sp|P17987|TCPA_HUMAN
2017dec27_overlap_dia_6b_rep1_604to616.dia:2439.262:AADLNGDLTATR+2	1	56617	14.546485	2.4676595	2.7644565	0.9895012	0.9076693	4.545938	0.020858876	17.0	10.0	-0.21060883	0.99911714	4.657802	0.022228917	3.0	9.949085	11.0	0.29814243	0.9012723	0.9822909	1.0	1.0	16.0	0.2165184	2.5358615	1.3348855	0	12	0	1	0	0	609.3096668086647	1216.6047806837037	40.654366	-.AADLNGDLTATR.-	sp|Q15293-2|RCN1_HUMAN;sp|Q15293|RCN1_HUMAN
2017dec27_overlap_dia_6b_rep1_604to616.dia:2439.262:VEKDGLILTSR+2	1	56617	6.443192	0.57599807	0.65629226	0.7645898	0.55411685	1.1780099	0.38453868	10.0	2.0	-0.6361673	0.0	10.0	1.0	0.0	7.8187785	7.0	0.64783907	0.87139356	0.0	1.0	0.0	8.0	0.27140808	10.0	1.7604439	1	11	0	1	0	0	615.8562523086648	1229.6979516837039	40.654366	-.VEKDGLILTSR.-	sp|Q99497|PARK7_HUMAN
2017dec27_overlap_dia_6b_rep1_604to616.dia:2439.262:decoyALNVAHIASC[+57.0214635]R+2	-1	56617	3.4676056	0.33555162	0.598318	0.58233756	0.39572364	0.33237675	0.5131543	7.0	0.0	-0.016771778	0.0	10.0	1.0	0.0	7.075599	4.0	-1.5035815	0.0	0.0	0.0	0.0	0.0	3.1645927	10.0	1.1410484	0	11	0	1	0	0	606.3193140586645	1210.6240751837033	40.654366	-.ALNVAHIASC[+57.0214635]R.-	DECOY_sp|Q13045-2|FLII_HUMAN;DECOY_sp|Q13045-3|FLII_HUMAN;DECOY_sp|Q13045|FLII_HUMAN
2017dec27_overlap_dia_6b_rep1_604to616.dia:2439.262:decoyLALGQTQPKVTPC[+57.0214635]VTTK+3	-1	56617	5.385241	0.49124894	0.5217111	0.6690794	0.46662283	0.70402443	0.19720925	9.0	0.0	-2.1021798	0.0	10.0	1.0	0.0	5.775706	3.0	-1.0266314	0.7598513	0.0	0.0	0.0	4.0	2.846466	10.0	3.2264564	1	17	0	0	1	0	614.6766341947142	1841.008073183704	40.654366	-.LALGQTQPKVTPC[+57.0214635]VTTK.-	DECOY_sp|P07947|YES_HUMAN
2017dec27_overlap_dia_6b_rep1_604to616.dia:2439.262:decoyLLEQNTC[+57.0214635]TPSINGVHR+3	-1	56617	4.289444	0.6262985	0.7596531	0.4829737	0.32088667	-0.06813154	0.53510225	8.0	2.0	1.1560403	0.31729594	5.4945917	1.0	1.0	6.469276	4.0	-1.3332431	0.0	0.0	0.0	0.0	0.0	4.9407654	3.372651	0.031763673	0	16	0	0	1	0	613.6441035280474	1837.9104811837035	40.654366	-.LLEQNTC[+57.0214635]TPSINGVHR.-	DECOY_sp|Q9BQ04|RBM4B_HUMAN
2017dec27_overlap_dia_6b_rep1_604to616.dia:2441.31:QYTEAISVGEK+2	1	56669	3.4421194	0.28680843	0.6188153	0.549147	0.3700946	0.1972249	0.35023713	7.0	0.0	0.19198361	0.24212334	7.3644824	1.0	2.0	7.056126	4.0	-1.9696984	0.8262332	0.6967621	1.0	1.0	3.0	0.050201416	5.242542	0.93229306	0	11	0	1	0	0	612.8089638086648	1223.6033746837038	40.6885	-.QYTEAISVGEK.-	sp|Q9H9A5-2|CNO10_HUMAN;sp|Q9H9A5-3|CNO10_HUMAN;sp|Q9H9A5-4|CNO10_HUMAN;sp|Q9H9A5-6|CNO10_HUMAN;sp|Q9H9A5|CNO10_HUMAN
2017dec27_overlap_dia_6b_rep1_604to616.dia:2441.31:VESQSSFGTLR+2	1	56669	9.747794	0.6620298	0.729455	0.8984899	0.71066976	2.180557	0.19515447	13.0	2.0	-1.2164558	0.83798885	2.2065828	0.76918477	2.0	8.72996	9.0	1.7457519	0.9394008	0.7642178	1.0	1.0	9.0	0.011348724	0.08464217	2.3407326	0	11	0	1	0	0	605.8067593086647	1209.5989656837037	40.6885	-.VESQSSFGTLR.-	sp|O60443|DFNA5_HUMAN
2017dec27_overlap_dia_6b_rep1_604to616.dia:2441.31:decoyFAMAEEWEKSDNYSK+3	-1	56669	4.350257	0.23598816	0.41323286	0.5555667	0.37499732	0.22318876	0.36595467	8.0	1.0	2.3326595	0.0	10.0	1.0	0.0	6.480376	4.0	-1.221045	0.0	0.0	0.0	0.0	0.0	14.035519	10.0	1.2083828	1	15	0	0	1	0	612.2699283613808	1833.7879556837038	40.6885	-.FAMAEEWEKSDNYSK.-	DECOY_sp|Q8WWI1-2|LMO7_HUMAN;DECOY_sp|Q8WWI1-3|LMO7_HUMAN;DECOY_sp|Q8WWI1-4|LMO7_HUMAN;DECOY_sp|Q8WWI1-5|LMO7_HUMAN;DECOY_sp|Q8WWI1|LMO7_HUMAN
2017dec27_overlap_dia_6b_rep1_604to616.dia:2445.4365:DDVSIYYVSR+2	1	56773	2.7247388	0.33317384	0.47826928	0.73689604	0.5274186	1.0298976	0.33457896	6.0	0.0	-0.6395519	0.0	10.0	1.0	0.0	6.5447516	5.0	-1.970645	0.8599736	0.0	1.0	0.0	3.0	12.302509	10.0	1.7638285	0	10	0	1	0	0	608.7958513086646	1215.5771496837035	40.757275	-.DDVSIYYVSR.-	sp|O14975-2|S27A2_HUMAN;sp|O14975|S27A2_HUMAN
2017dec27_overlap_dia_6b_rep1_604to616.dia:2453.7837:QGFNNQPAVSGDEHGSAK+3	1	56981	9.533897	0.4970604	0.8659021	0.5490558	0.37002516	0.19685654	0.3175101	13.0	5.0	0.3615113	0.0	10.0	1.0	0.0	6.8748517	6.0	-1.644819	0.32479283	0.0	0.0	0.0	0.0	10.888725	10.0	0.76276535	0	18	0	0	1	0	614.9503610280475	1841.8292536837037	40.896397	-.QGFNNQPAVSGDEHGSAK.-	sp|Q93074-2|MED12_HUMAN;sp|Q93074-3|MED12_HUMAN;sp|Q93074|MED12_HUMAN
2017dec27_overlap_dia_6b_rep1_604to616.dia:2453.7837:VTVESTPDLEK+2	1	56981	8.586479	0.892591	1.4133905	0.8056404	0.5963572	1.4219275	0.34683925	12.0	0.0	1.2390742	0.9795349	1.8603923	0.0	2.0	7.922927	8.0	2.8951	0.9217044	0.7492195	1.0	1.0	10.0	0.09164047	0.24210525	0.11479759	0	11	0	1	0	0	609.3166258086648	1216.6186986837038	40.896397	-.VTVESTPDLEK.-	sp|Q14244-2|MAP7_HUMAN;sp|Q14244-3|MAP7_HUMAN;sp|Q14244-4|MAP7_HUMAN;sp|Q14244-5|MAP7_HUMAN;sp|Q14244-6|MAP7_HUMAN;sp|Q14244-7|MAP7_HUMAN;sp|Q14244|MAP7_HUMAN
2017dec27_overlap_dia_6b_rep1_604to616.dia:2453.7837:YNAYPSEQEK+2	1	56981	4.490887	0.49712974	0.70605856	0.76800895	0.5575048	1.1971025	0.45028448	8.0	0.0	-0.6525214	0.0	10.0	1.0	0.0	6.9373064	6.0	-0.8042488	0.76381594	0.0	1.0	0.0	3.0	10.888725	10.0	1.776798	0	10	0	1	0	0	614.7776588086648	1227.5407646837039	40.896397	-.YNAYPSEQEK.-	sp|Q15583-2|TGIF1_HUMAN;sp|Q15583-3|TGIF1_HUMAN;sp|Q15583-4|TGIF1_HUMAN;sp|Q15583|TGIF1_HUMAN;sp|Q9GZN2-2|TGIF2_HUMAN;sp|Q9GZN2|TGIF2_HUMAN
2017dec27_overlap_dia_6b_rep1_604to616.dia:2453.7837:decoyDEVAASIQQEK+2	-1	56981	3.393494	0.27233166	0.75345075	0.49097916	0.3267218	-0.036087222	0.39875934	7.0	0.0	3.259185	0.19337772	-6.548612	1.0	1.0	6.310085	4.0	-3.0	0.7843236	-0.03953891	0.0	1.0	4.0	4.386036	8.65111	2.1349084	0	11	0	1	0	0	609.3040498086647	1216.5935466837036	40.896397	-.DEVAASIQQEK.-	DECOY_sp|Q6YN16-2|HSDL2_HUMAN;DECOY_sp|Q6YN16|HSDL2_HUMAN
2017dec27_overlap_dia_6b_rep1_604to616.dia:2457.9443:decoyVYTYPGVEER+2	-1	57085	4.1303935	0.32299602	0.60734165	0.33486742	0.21738309	-0.68625176	1.069466	8.0	0.0	1.0730505	0.5437866	-9.6599	1.0	1.0	6.945206	7.0	-0.9734335	0.0	0.0	0.0	0.0	0.0	2.3357925	11.74224	0.05122614	0	10	0	1	0	0	606.7983948086647	1211.5822366837037	40.96574	-.VYTYPGVEER.-	DECOY_sp|Q14108-2|SCRB2_HUMAN;DECOY_sp|Q14108|SCRB2_HUMAN
2017dec27_overlap_dia_6b_rep1_604to616.dia:2460.0508:LFVSGAC[+57.0214635]DASAK+2	1	57137	12.082431	1.4320695	1.938041	0.9245514	0.75112015	2.5058575	0.15039447	15.0	4.0	-2.768907	0.9845789	2.9857492	0.0	3.0	9.0344515	11.0	5.631352	0.9341788	0.96592355	1.0	1.0	12.0	0.013729095	0.903409	3.8931837	0	12	0	1	0	0	613.2977130586647	1224.5808731837037	41.000847	-.LFVSGAC[+57.0214635]DASAK.-	sp|P62873-2|GBB1_HUMAN;sp|P62873|GBB1_HUMAN
2017dec27_overlap_dia_6b_rep1_604to616.dia:2462.093:FQEAGELYNR+2	1	57189	8.591138	0.96945477	1.121353	0.81432873	0.6057894	1.4783864	0.36229905	12.0	1.0	1.9236207	0.57914966	-0.48720434	1.0	2.0	8.364459	8.0	6.0190153	0.8660574	0.5222746	1.0	1.0	9.0	0.031261444	2.5581646	0.811275	0	10	0	1	0	0	613.7936478086647	1225.5727426837036	41.034885	-.FQEAGELYNR.-	sp|Q14690|RRP5_HUMAN
2017dec27_overlap_dia_6b_rep1_604to616.dia:2462.093:VEEGMHLLITGPNGC[+57.0214635]GK+3	1	57189	7.5160866	0.51264614	0.69114435	0.8221109	0.61440736	1.5307149	0.09133054	11.0	3.0	0.16840073	0.38306454	7.1037836	1.0	1.0	6.581319	4.0	0.30400562	0.0	0.0	0.0	0.0	0.0	13.4344635	5.0328236	0.94394493	0	17	0	0	1	0	604.6308068613807	1810.8705911837035	41.034885	-.VEEGMHLLITGPNGC[+57.0214635]GK.-	sp|P33897|ABCD1_HUMAN;sp|Q9UBJ2|ABCD2_HUMAN
2017dec27_overlap_dia_6b_rep1_604to616.dia:2462.093:decoyVGDQAC[+57.0214635]VPRYAGDC[+57.0214635]TR+3	-1	57189	4.394399	0.27779865	0.49820548	0.6150045	0.4216916	0.4683979	0.37411425	8.0	1.0	1.1522734	0.0	10.0	1.0	0.0	5.740108	3.0	0.24513626	0.76136357	0.0	0.0	0.0	0.0	9.889425	10.0	0.03992772	1	16	0	0	1	0	608.9420413613808	1823.8042946837038	41.034885	-.VGDQAC[+57.0214635]VPRYAGDC[+57.0214635]TR.-	DECOY_sp|O00468-2|AGRIN_HUMAN;DECOY_sp|O00468-3|AGRIN_HUMAN;DECOY_sp|O00468-4|AGRIN_HUMAN;DECOY_sp|O00468-5|AGRIN_HUMAN;DECOY_sp|O00468-6|AGRIN_HUMAN;DECOY_sp|O00468-7|AGRIN_HUMAN;DECOY_sp|O00468|AGRIN_HUMAN
2017dec27_overlap_dia_6b_rep1_604to616.dia:2470.4844:decoyEGAAVLEETHGPTQFLK+3	-1	57397	5.217546	0.22095217	0.6398586	0.45476022	0.3005501	-0.18145542	0.39970753	9.0	1.0	2.0682275	0.018791009	4.165458	1.0	1.0	6.5197773	6.0	-0.621439	0.0	0.0	0.0	0.0	0.0	13.06353	2.1029181	0.95588183	0	17	0	0	1	0	609.6476200280474	1825.9210306837035	41.17474	-.EGAAVLEETHGPTQFLK.-	DECOY_sp|P46013-2|KI67_HUMAN;DECOY_sp|P46013|KI67_HUMAN
2017dec27_overlap_dia_6b_rep1_604to616.dia:2474.6746:AKEFTNVYIK+2	1	57501	13.306067	0.6986649	0.8306103	0.96704817	0.8361167	3.3792014	0.06590355	16.0	0.0	1.0207479	0.99708796	4.3618093	0.0	3.0	9.085309	8.0	7.292536	0.8316274	0.90978473	1.0	1.0	9.0	0.55942535	2.2992692	0.07966685	1	10	0	1	0	0	606.8347843086647	1211.6550156837036	41.244576	-.AKEFTNVYIK.-	sp|P11940-2|PABP1_HUMAN;sp|P11940|PABP1_HUMAN;sp|Q13310-2|PABP4_HUMAN;sp|Q13310-3|PABP4_HUMAN;sp|Q13310|PABP4_HUMAN
2017dec27_overlap_dia_6b_rep1_604to616.dia:2478.8748:LYYDTDYGSK+2	1	57605	5.300179	0.38886437	0.544599	0.5500672	0.37079585	0.20094219	0.818719	9.0	0.0	2.4483743	0.9443992	-2.0675426	0.0	2.0	7.772923	7.0	-0.7257452	0.85519576	0.6206744	1.0	1.0	6.0	0.15381622	4.1102824	1.3598905	0	10	0	1	0	0	612.7745808086647	1223.5346086837037	41.31458	-.LYYDTDYGSK.-	sp|Q9NQZ2|SAS10_HUMAN
2017dec27_overlap_dia_6b_rep1_604to616.dia:2478.8748:NLDAQYEMAR+2	1	57605	6.363863	0.4236167	0.6143287	0.6369416	0.43960154	0.5621143	0.67457175	10.0	0.0	1.5093777	0.9187479	-1.2765207	0.0	3.0	8.064601	6.0	0.6544523	0.79065996	0.767092	1.0	1.0	7.0	0.0039253235	3.3192606	0.4208939	0	10	0	1	0	0	605.7796833086647	1209.5448136837038	41.31458	-.NLDAQYEMAR.-	sp|Q7L4I2-2|RSRC2_HUMAN;sp|Q7L4I2|RSRC2_HUMAN
2017dec27_overlap_dia_6b_rep1_604to616.dia:2478.8748:decoyAEIMANVQQVK+2	-1	57605	5.3739305	0.3970452	0.6189818	0.65187883	0.45203787	0.6273081	0.344375	9.0	1.0	2.0056028	0.81402	8.057525	0.0	1.0	7.6362357	5.0	0.045737743	0.44216055	0.46722853	0.0	1.0	0.0	1.2847672	6.014785	0.917119	0	11	0	1	0	0	615.8291808086645	1229.6438086837034	41.31458	-.AEIMANVQQVK.-	DECOY_sp|P49366-2|DHYS_HUMAN;DECOY_sp|P49366|DHYS_HUMAN
2017dec27_overlap_dia_6b_rep1_604to616.dia:2478.8748:decoyAVGVPPQQFIR+2	-1	57605	4.36135	0.31222242	0.46122223	0.56994015	0.38606727	0.281607	0.26482233	8.0	0.0	1.0772034	0.0	10.0	1.0	0.0	7.5030203	4.0	-2.469307	0.90921897	0.0	1.0	0.0	3.0	13.329266	10.0	0.011280417	0	11	0	1	0	0	606.3483983086645	1210.6822436837033	41.31458	-.AVGVPPQQFIR.-	DECOY_sp|Q7L2E3-2|DHX30_HUMAN;DECOY_sp|Q7L2E3-3|DHX30_HUMAN;DECOY_sp|Q7L2E3|DHX30_HUMAN
2017dec27_overlap_dia_6b_rep1_604to616.dia:2478.8748:decoyNEVKAIEEYK+2	-1	57605	3.5341673	0.3872708	0.51861966	0.67879194	0.47499233	0.74822557	0.16326173	7.0	1.0	2.3409452	0.0	10.0	1.0	0.0	7.45442	4.0	-2.3584988	0.63704425	-0.049190715	1.0	1.0	3.0	6.2523346	10.0	1.2524614	1	10	0	1	0	0	611.8193308086647	1221.6241086837038	41.31458	-.NEVKAIEEYK.-	DECOY_sp|P49755|TMEDA_HUMAN
2017dec27_overlap_dia_6b_rep1_604to616.dia:2480.9653:ALVDGPC[+57.0214635]TQVR+2	1	57657	9.788929	2.0679321	2.4291475	0.9877513	0.9002566	4.3900113	0.024404582	13.0	5.0	1.2700868	0.97624224	5.5116963	0.0	2.0	9.419475	9.0	-0.30181456	0.6166084	0.94254756	1.0	1.0	12.0	0.14847183	3.4689565	0.16967201	0	11	0	1	0	0	608.3111555586647	1214.6077581837037	41.349422	-.ALVDGPC[+57.0214635]TQVR.-	sp|P50914|RL14_HUMAN
2017dec27_overlap_dia_6b_rep1_604to616.dia:2483.006:KLYEDAQMAR+2	1	57709	2.555975	0.37291932	0.6685295	0.4996227	0.33305603	-0.0015091954	0.92595965	6.0	1.0	1.2928141	0.0	10.0	1.0	0.0	7.739339	3.0	-3.0	0.9268503	0.0	1.0	0.0	4.0	10.487032	10.0	0.19239938	1	10	0	1	0	0	612.8057013086647	1223.5968496837036	41.383434	-.KLYEDAQMAR.-	sp|Q8TEU7-2|RPGF6_HUMAN;sp|Q8TEU7-3|RPGF6_HUMAN;sp|Q8TEU7-4|RPGF6_HUMAN;sp|Q8TEU7-5|RPGF6_HUMAN;sp|Q8TEU7|RPGF6_HUMAN;sp|Q9Y4G8|RPGF2_HUMAN
2017dec27_overlap_dia_6b_rep1_604to616.dia:2483.006:decoyGHWTEGYEGGK+2	-1	57709	2.7310312	0.30150047	0.4231351	0.7476502	0.53763604	1.086119	0.27493736	6.0	0.0	2.190923	0.0	10.0	1.0	0.0	7.77278	5.0	-2.0658064	0.91500056	0.0	1.0	0.0	3.0	11.375763	10.0	1.0905082	0	11	0	1	0	0	610.7701733086645	1219.5257936837033	41.383434	-.GHWTEGYEGGK.-	DECOY_sp|P48147|PPCE_HUMAN
2017dec27_overlap_dia_6b_rep1_604to616.dia:2483.006:decoyWYIPNEGTDK+2	-1	57709	2.5880585	0.30669516	0.563151	0.5379301	0.36158717	0.1520123	0.46461046	6.0	0.0	2.2284684	0.9383969	1.3383187	0.0	3.0	7.240622	4.0	-1.5649476	0.0	0.0	0.0	0.0	0.0	6.7127	0.70442116	1.1280537	0	10	0	1	0	0	611.7905738086646	1221.5665946837034	41.383434	-.WYIPNEGTDK.-	DECOY_sp|P05556|ITB1_HUMAN
2017dec27_overlap_dia_6b_rep1_604to616.dia:2485.09:FITDNTVEER+2	1	57761	5.4560714	0.5633457	0.87704474	0.7876041	0.5773575	1.3105435	0.24622992	9.0	0.0	1.9113176	0.9140784	4.979795	0.45470124	2.0	7.4141135	6.0	-0.7188039	0.5146745	0.943253	1.0	1.0	3.0	0.13089752	2.937055	0.81090283	0	10	0	1	0	0	612.2987673086647	1222.5829816837036	41.418167	-.FITDNTVEER.-	sp|O60264|SMCA5_HUMAN
2017dec27_overlap_dia_6b_rep1_604to616.dia:2489.2678:DQYANYVVQK+2	1	57865	4.413855	0.7651383	0.87970877	0.6431829	0.44477302	0.5892057	0.55323124	8.0	1.0	2.5496988	0.8949712	7.5646133	0.39958358	2.0	8.302976	6.0	0.28074312	0.8301557	0.6150298	0.0	1.0	3.0	0.20215988	5.5218735	1.4492841	0	10	0	1	0	0	614.3038443086647	1226.5931356837036	41.487797	-.DQYANYVVQK.-	sp|Q14671-2|PUM1_HUMAN;sp|Q14671-3|PUM1_HUMAN;sp|Q14671-4|PUM1_HUMAN;sp|Q14671|PUM1_HUMAN;sp|Q8TB72-2|PUM2_HUMAN;sp|Q8TB72-3|PUM2_HUMAN;sp|Q8TB72-4|PUM2_HUMAN;sp|Q8TB72|PUM2_HUMAN
2017dec27_overlap_dia_6b_rep1_604to616.dia:2489.2678:VIATFTC[+57.0214635]SGEK+2	1	57865	12.092905	1.1462758	1.5600426	0.94712067	0.7920444	2.885414	0.1029321	15.0	3.0	0.92791826	0.8294233	6.101416	0.0	1.0	9.349887	10.0	5.735739	0.92067456	0.926811	1.0	1.0	12.0	0.11797714	4.0586762	0.1724965	0	11	0	1	0	0	606.8000890586648	1211.5856251837038	41.487797	-.VIATFTC[+57.0214635]SGEK.-	sp|P49189|AL9A1_HUMAN
2017dec27_overlap_dia_6b_rep1_604to616.dia:2493.409:LTTVC[+57.0214635]PTVKPQTQGLAK+3	1	57969	3.4278338	0.90274495	1.2116787	0.5313773	0.3566507	0.12567441	0.2560693	7.0	6.0	2.0570946	0.0	10.0	1.0	0.0	7.3200593	5.0	-2.4565942	0.923878	0.0	1.0	0.0	6.0	1.9440155	10.0	0.9566798	0	17	0	0	1	0	614.676634194714	1841.0080731837031	41.556816	-.LTTVC[+57.0214635]PTVKPQTQGLAK.-	sp|P07947|YES_HUMAN
2017dec27_overlap_dia_6b_rep1_604to616.dia:2499.5544:AEVSPMYGVQK+2	1	58125	4.5753164	0.7520617	1.0609468	0.9328154	0.76531136	2.6307628	0.036099806	8.0	1.0	4.5110297	0.6605116	1.5385703	0.71708965	1.0	8.289859	5.0	-0.7560096	0.74942964	0.71867436	1.0	1.0	1.0	0.024414062	0.73923814	3.398684	0	11	0	1	0	0	604.8026273086647	1207.5907016837036	41.65924	-.AEVSPMYGVQK.-	sp|Q9H3K2|GHITM_HUMAN
2017dec27_overlap_dia_6b_rep1_604to616.dia:2503.8167:LYTPSGNIVPR+2	1	58229	1.2713991	0.34741798	0.7478236	0.77837306	0.5679095	1.2562104	0.26662636	4.0	0.0	3.3826928	0.0	10.0	1.0	0.0	5.7993712	3.0	-3.0	0.2657872	0.0	1.0	0.0	3.0	9.849865	10.0	2.2584162	0	11	0	1	0	0	608.8378583086646	1215.6611636837035	41.730278	-.LYTPSGNIVPR.-	sp|Q53S58|TM177_HUMAN
2017dec27_overlap_dia_6b_rep1_604to616.dia:2503.8167:QIQQLESNNR+2	1	58229	2.5563266	0.5329102	1.1074632	0.5000275	0.33335352	1.09904926E-4	0.51323026	6.0	0.0	3.8893461	0.0	10.0	1.0	0.0	6.672056	4.0	-3.0	0.42170298	0.0	1.0	0.0	5.0	11.722607	10.0	2.7650695	0	10	0	1	0	0	615.3152828086647	1228.6160126837037	41.730278	-.QIQQLESNNR.-	sp|O75116|ROCK2_HUMAN
2017dec27_overlap_dia_6b_rep1_604to616.dia:2503.8167:TANVPQTVPMR+2	1	58229	7.547683	1.1004955	1.5288793	0.8841514	0.6905253	2.032344	0.19446081	11.0	0.0	3.5598357	0.9730945	4.552518	0.0	2.0	8.428253	7.0	2.1318755	0.84058404	0.9550346	1.0	1.0	8.0	0.23228455	2.1163418	2.435559	0	11	0	1	0	0	607.3215233086647	1212.6284936837037	41.730278	-.TANVPQTVPMR.-	sp|P46937-2|YAP1_HUMAN;sp|P46937-3|YAP1_HUMAN;sp|P46937-5|YAP1_HUMAN;sp|P46937-6|YAP1_HUMAN;sp|P46937-7|YAP1_HUMAN;sp|P46937-8|YAP1_HUMAN;sp|P46937-9|YAP1_HUMAN;sp|P46937|YAP1_HUMAN
2017dec27_overlap_dia_6b_rep1_604to616.dia:2503.8167:decoyANIPSANSSHQTIMGAGR+3	-1	58229	9.597694	0.5190719	0.698798	0.63593656	0.43877202	0.5577706	0.28213307	13.0	2.0	2.6963978	0.0	10.0	1.0	0.0	6.8060894	4.0	-0.849267	0.44490156	0.0	0.0	0.0	0.0	5.5827866	10.0	1.5721211	0	18	0	0	1	0	604.6320863613806	1810.8744296837033	41.730278	-.ANIPSANSSHQTIMGAGR.-	DECOY_sp|Q9NWH9-3|SLTM_HUMAN;DECOY_sp|Q9NWH9|SLTM_HUMAN
2017dec27_overlap_dia_6b_rep1_604to616.dia:2503.8167:decoyFYYASTISNR+2	-1	58229	2.639155	0.3795575	0.54342127	0.60509294	0.41372818	0.4267316	0.24558195	6.0	0.0	0.9864673	0.0	10.0	1.0	0.0	6.7015977	3.0	-1.9993029	0.56833094	-0.059883654	1.0	1.0	3.0	6.880871	10.0	0.13780934	0	10	0	1	0	0	611.2985613086645	1220.5825696837032	41.730278	-.FYYASTISNR.-	DECOY_sp|Q6IQ22|RAB12_HUMAN
2017dec27_overlap_dia_6b_rep1_604to616.dia:2505.9614:QQTDIAVNWAGGLHHAK+3	1	58281	5.374589	0.72640437	1.2223537	0.65286857	0.45286924	0.6316724	0.2629376	9.0	5.0	3.864997	0.0	10.0	1.0	0.0	7.1719737	3.0	-2.2958	0.6975628	0.0	0.0	0.0	3.0	5.854225	10.0	2.7287893	0	17	0	0	1	0	615.9833370280473	1844.9281816837033	41.766026	-.QQTDIAVNWAGGLHHAK.-	sp|Q13547|HDAC1_HUMAN
2017dec27_overlap_dia_6b_rep1_604to616.dia:2505.9614:SMEASVDVSAPK+2	1	58281	5.449297	0.5418418	0.6214171	0.775414	0.56491756	1.2391384	0.2045104	9.0	0.0	5.9308825	0.8261251	6.9275684	0.0	1.0	7.7259717	6.0	-1.4909034	0.7170925	0.41039553	1.0	1.0	4.0	5.0735474E-4	4.4690228	4.794675	0	12	0	1	0	0	610.7950028086645	1219.5754526837034	41.766026	-.SMEASVDVSAPK.-	sp|Q8IVF2-3|AHNK2_HUMAN;sp|Q8IVF2|AHNK2_HUMAN
2017dec27_overlap_dia_6b_rep1_604to616.dia:2505.9614:decoyAVAQNSFYTGR+2	-1	58281	3.3138802	0.45648775	0.6571954	0.40874228	0.26806504	-0.36916712	0.38021943	7.0	0.0	4.695466	0.20274746	-0.39724866	1.0	1.0	7.345588	4.0	-1.6867547	0.7034346	0.0	1.0	0.0	3.0	1.9568939	2.8557944	3.5592585	0	11	0	1	0	0	607.3016403086646	1212.5887276837034	41.766026	-.AVAQNSFYTGR.-	DECOY_sp|Q14690|RRP5_HUMAN
2017dec27_overlap_dia_6b_rep1_604to616.dia:2505.9614:decoyFDAQTLDC[+57.0214635]VR+2	-1	58281	2.760663	0.35402232	0.48371005	0.8004428	0.5908046	1.3890643	0.12847827	6.0	0.0	5.157059	0.5104284	0.9550934	1.0	1.0	6.9737844	5.0	-1.8422098	0.7175831	0.0	1.0	0.0	4.0	2.3602066	1.5034523	4.0208516	0	10	0	1	0	0	612.7875130586647	1223.5604731837036	41.766026	-.FDAQTLDC[+57.0214635]VR.-	DECOY_sp|Q6IEG0|SNR48_HUMAN
2017dec27_overlap_dia_6b_rep1_604to616.dia:2505.9614:decoyMLRDDEYDR+2	-1	58281	1.9537971	0.31277865	0.50359607	0.749231	0.53915346	1.0945151	0.23212065	5.0	0.0	3.118164	0.3945223	0.29203033	1.0	2.0	6.548946	3.0	-2.187788	0.90434676	0.71477103	1.0	1.0	3.0	7.7243996	2.1665154	1.9819565	1	9	0	1	0	0	606.7693153086645	1211.5240776837034	41.766026	-.MLRDDEYDR.-	DECOY_sp|P43243|MATR3_HUMAN
2017dec27_overlap_dia_6b_rep1_604to616.dia:2508.0762:DFESHITSYK+2	1	58333	8.635089	0.81228113	1.0846225	0.9010538	0.71441036	2.2089884	0.16301242	12.0	1.0	4.0366387	0.8124192	6.07547	0.0	1.0	9.195439	8.0	6.0906453	0.93147874	0.95239335	1.0	1.0	11.0	0.0052719116	3.6169243	2.8884997	0	10	0	1	0	0	613.7880308086648	1225.5615086837038	41.80127	-.DFESHITSYK.-	sp|B5ME19|EIFCL_HUMAN;sp|Q99613-2|EIF3C_HUMAN;sp|Q99613|EIF3C_HUMAN
2017dec27_overlap_dia_6b_rep1_604to616.dia:2508.0762:QAVFFVGQSAR+2	1	58333	5.1447334	0.71337104	1.1700655	0.3845654	0.25129735	-0.47021478	0.67478335	9.0	2.0	2.1027217	0.80892843	9.566726	0.0	1.0	8.387842	5.0	-1.218822	0.873165	0.69891334	1.0	1.0	3.0	13.048733	7.10818	0.9545827	0	11	0	1	0	0	605.3223803086647	1208.6302076837037	41.80127	-.QAVFFVGQSAR.-	sp|A6NHR9-2|SMHD1_HUMAN;sp|A6NHR9|SMHD1_HUMAN
2017dec27_overlap_dia_6b_rep1_604to616.dia:2508.0762:decoyAWNQSFDEPK+2	-1	58333	2.6008725	0.3822001	0.6176373	0.55403835	0.37382787	0.2170009	0.32912213	6.0	0.0	1.2017922	0.54528826	-0.3307418	1.0	1.0	7.5479274	4.0	-1.9155726	0.883408	0.08421296	1.0	1.0	3.0	3.7127228	2.7892876	0.05365324	0	10	0	1	0	0	611.2803773086647	1220.5462016837037	41.80127	-.AWNQSFDEPK.-	DECOY_sp|Q9GZR2-2|REXO4_HUMAN;DECOY_sp|Q9GZR2|REXO4_HUMAN
2017dec27_overlap_dia_6b_rep1_604to616.dia:2508.0762:decoyEAAPFDEGPER+2	-1	58333	4.9350624	0.2907605	0.64677656	0.23730077	0.15252542	-1.1675354	0.779581	9.0	0.0	2.2937777	0.0	10.0	1.0	0.0	7.65126	5.0	-0.21674347	0.606697	0.0	0.0	0.0	0.0	1.6232834	10.0	1.1456387	0	11	0	1	0	0	609.2752923086646	1216.5360316837034	41.80127	-.EAAPFDEGPER.-	DECOY_sp|P02786|TFR1_HUMAN
2017dec27_overlap_dia_6b_rep1_604to616.dia:2508.0762:decoyEGEEAVQELAR+2	-1	58333	4.4058275	0.3167495	0.50055915	0.6314034	0.43504155	0.5382421	0.61510485	8.0	0.0	5.189042	0.53993684	5.6528473	1.0	2.0	7.560576	6.0	-1.1193371	0.87665236	0.0	1.0	0.0	3.0	1.458664	3.1943016	4.040903	0	11	0	1	0	0	615.8016743086646	1229.5887956837034	41.80127	-.EGEEAVQELAR.-	DECOY_sp|Q8IWB1|IPRI_HUMAN
2017dec27_overlap_dia_6b_rep1_604to616.dia:2508.0762:decoyFDMRDQEVGK+2	-1	58333	1.9015652	0.38426998	0.62347615	0.6643299	0.46256596	0.68264997	0.32073995	5.0	0.0	5.1604404	0.0	10.0	1.0	0.0	7.238276	4.0	-3.0	0.8426742	0.0	1.0	0.0	4.0	9.823128	10.0	4.0123014	1	10	0	1	0	0	612.7875128086645	1223.5604726837032	41.80127	-.FDMRDQEVGK.-	DECOY_sp|Q14247-2|SRC8_HUMAN;DECOY_sp|Q14247-3|SRC8_HUMAN;DECOY_sp|Q14247|SRC8_HUMAN
2017dec27_overlap_dia_6b_rep1_604to616.dia:2508.0762:decoySSITLAPSWQK+2	-1	58333	4.195934	0.79685247	1.2898288	0.38941544	0.25464588	-0.44977	0.62062955	8.0	3.0	5.554286	0.0	10.0	1.0	0.0	8.515643	5.0	-1.369297	0.8629167	0.0	1.0	0.0	7.0	14.26667	10.0	4.406147	0	11	0	1	0	0	609.3298703086646	1216.6451876837034	41.80127	-.SSITLAPSWQK.-	DECOY_sp|P61077-2|UB2D3_HUMAN;DECOY_sp|P61077-3|UB2D3_HUMAN;DECOY_sp|P61077|UB2D3_HUMAN;DECOY_sp|P62837-2|UB2D2_HUMAN;DECOY_sp|P62837|UB2D2_HUMAN
2017dec27_overlap_dia_6b_rep1_604to616.dia:2508.0762:decoyVIYVQELQAR+2	-1	58333	4.3829923	0.352739	0.3893175	0.59906155	0.4089191	0.4015564	0.41427135	8.0	0.0	4.490224	0.0	10.0	1.0	0.0	7.7884994	6.0	-1.2116265	0.81323117	0.0	0.0	0.0	2.0	11.526604	10.0	3.342085	0	10	0	1	0	0	609.8456838086647	1217.6768146837037	41.80127	-.VIYVQELQAR.-	DECOY_sp|P62318-2|SMD3_HUMAN;DECOY_sp|P62318|SMD3_HUMAN
2017dec27_overlap_dia_6b_rep1_604to616.dia:2512.193:DFENSMNQVK+2	1	58437	5.5038276	0.50201607	0.7351762	0.87915194	0.6837803	1.9844238	0.19369808	9.0	0.0	5.411946	0.97225684	4.822736	0.0	2.0	8.16523	7.0	0.3881879	0.8546215	0.9247514	1.0	1.0	6.0	0.46230698	2.293129	4.263807	0	10	0	1	0	0	606.2716948086647	1210.5288366837037	41.869884	-.DFENSMNQVK.-	sp|O75521-2|ECI2_HUMAN;sp|O75521|ECI2_HUMAN
2017dec27_overlap_dia_6b_rep1_604to616.dia:2514.2776:decoyEHLEESVSSAK+2	-1	58489	5.4233913	0.61197066	1.0844692	0.7305133	0.52143824	0.99722826	0.2382839	9.0	0.0	-0.5744577	0.0	10.0	1.0	0.0	8.021937	7.0	-1.7586794	0.70654684	0.0	1.0	0.0	5.0	11.896954	10.0	1.7225966	0	11	0	1	0	0	608.2962238086646	1214.5778946837036	41.904625	-.EHLEESVSSAK.-	DECOY_sp|Q9C0B1|FTO_HUMAN
2017dec27_overlap_dia_6b_rep1_604to616.dia:2516.3225:WPTETDVSSAK+2	1	58541	10.920451	1.3632178	1.8275537	0.9550864	0.8084761	3.0570614	0.079510115	14.0	0.0	-0.32821503	0.999352	5.226428	0.0	3.0	9.088486	10.0	4.8118143	0.91139865	0.945789	1.0	1.0	12.0	0.054489136	2.6886816	1.488285	0	11	0	1	0	0	610.7933178086647	1219.5720826837037	41.93871	-.WPTETDVSSAK.-	sp|P27816-2|MAP4_HUMAN;sp|P27816-6|MAP4_HUMAN;sp|P27816|MAP4_HUMAN
2017dec27_overlap_dia_6b_rep1_604to616.dia:2516.3225:YTAEEIEVLR+2	1	58541	2.8026967	0.44930863	0.7730331	0.8817877	0.6873197	2.0094693	0.094858326	6.0	0.0	0.7588566	0.0	10.0	1.0	0.0	7.115693	5.0	-2.2881515	0.30183056	0.0	0.0	0.0	6.0	13.170048	10.0	0.40121335	0	10	0	1	0	0	611.8193313086647	1221.6241096837036	41.93871	-.YTAEEIEVLR.-	sp|Q9Y6W3|CAN7_HUMAN
2017dec27_overlap_dia_6b_rep1_604to616.dia:2516.3225:decoyAEPAAAAAAELAR+2	-1	58541	5.44858	0.7033029	1.0207714	0.77413416	0.56362885	1.231804	0.10757176	9.0	1.0	-0.60752696	0.19569676	8.750563	1.0	1.0	7.41876	6.0	-1.4866471	0.0	0.0	0.0	0.0	0.0	2.1742096	6.212816	1.767597	0	13	0	1	0	0	606.3225773086644	1210.6306016837032	41.93871	-.AEPAAAAAAELAR.-	DECOY_sp|Q86UK7-2|ZN598_HUMAN;DECOY_sp|Q86UK7-3|ZN598_HUMAN;DECOY_sp|Q86UK7|ZN598_HUMAN
2017dec27_overlap_dia_6b_rep1_604to616.dia:2516.3225:decoyAQVFQFDHPK+2	-1	58541	3.501108	0.59787977	1.1474676	0.6290386	0.4331025	0.5280945	0.5863326	7.0	0.0	-3.1425612	0.5583619	-2.8676214	1.0	1.0	7.603233	4.0	-1.3422236	0.41999552	0.0	1.0	0.0	4.0	0.86481476	5.405368	4.3026314	0	10	0	1	0	0	608.8091058086646	1215.6036586837035	41.93871	-.AQVFQFDHPK.-	DECOY_sp|Q86TI2-2|DPP9_HUMAN;DECOY_sp|Q86TI2-4|DPP9_HUMAN;DECOY_sp|Q86TI2|DPP9_HUMAN
2017dec27_overlap_dia_6b_rep1_604to616.dia:2516.3225:decoyELAQAVLESQK+2	-1	58541	5.3550982	0.88584787	1.2705697	0.6242157	0.42916274	0.50748074	0.49622068	9.0	0.0	1.2361023	0.0	10.0	1.0	0.0	7.89201	6.0	-0.98423433	0.05212494	0.0	1.0	0.0	6.0	7.294239	10.0	0.0760324	0	11	0	1	0	0	608.3326103086645	1214.6506676837032	41.93871	-.ELAQAVLESQK.-	DECOY_sp|O75165|DJC13_HUMAN
2017dec27_overlap_dia_6b_rep1_604to616.dia:2516.3225:decoyLRSPSLITVDK+2	-1	58541	0.98998785	0.43871808	0.76132786	0.40717068	0.26696914	-0.37567413	0.559993	4.0	0.0	2.8573112	0.0	10.0	1.0	0.0	6.049536	3.0	-2.9240391	-0.088835426	0.0	1.0	0.0	4.0	10.314041	10.0	1.6972413	1	11	0	1	0	0	614.8666198086647	1227.7186866837037	41.93871	-.LRSPSLITVDK.-	DECOY_sp|O75369-2|FLNB_HUMAN;DECOY_sp|O75369-3|FLNB_HUMAN;DECOY_sp|O75369-4|FLNB_HUMAN;DECOY_sp|O75369-5|FLNB_HUMAN;DECOY_sp|O75369-6|FLNB_HUMAN;DECOY_sp|O75369-7|FLNB_HUMAN;DECOY_sp|O75369-8|FLNB_HUMAN;DECOY_sp|O75369-9|FLNB_HUMAN;DECOY_sp|O75369|FLNB_HUMAN
2017dec27_overlap_dia_6b_rep1_604to616.dia:2520.5352:decoyDAQSQYQQLK+2	-1	58645	4.338999	0.27169368	0.41857743	0.5413499	0.3641731	0.16577813	0.4280545	8.0	0.0	0.4178556	0.1956448	8.629077	1.0	1.0	7.375185	4.0	-0.98293257	0.0	0.0	0.0	0.0	0.0	11.316927	6.0913305	0.75414526	0	10	0	1	0	0	604.7989308086646	1207.5833086837035	42.00892	-.DAQSQYQQLK.-	DECOY_sp|O75396|SC22B_HUMAN
2017dec27_overlap_dia_6b_rep1_604to616.dia:2520.5352:decoyDILPNPDEC[+57.0214635]R+2	-1	58645	2.576392	0.484958	0.6032691	0.52367175	0.3508764	0.09475779	0.32507047	6.0	2.0	-1.9276763	0.0	10.0	1.0	0.0	7.180991	4.0	-2.0019598	0.53331566	0.0	1.0	0.0	3.0	5.247986	10.0	3.099677	0	10	0	1	0	0	614.7849695586647	1227.5553861837036	42.00892	-.DILPNPDEC[+57.0214635]R.-	DECOY_sp|P63010-2|AP2B1_HUMAN;DECOY_sp|P63010-3|AP2B1_HUMAN;DECOY_sp|P63010|AP2B1_HUMAN;DECOY_sp|Q10567-2|AP1B1_HUMAN;DECOY_sp|Q10567-3|AP1B1_HUMAN;DECOY_sp|Q10567-4|AP1B1_HUMAN;DECOY_sp|Q10567|AP1B1_HUMAN
2017dec27_overlap_dia_6b_rep1_604to616.dia:2526.7876:decoyEELEAGSPVQR+2	-1	58801	4.119664	0.13582182	0.18114047	0.32669574	0.21187049	-0.723168	1.1722642	8.0	0.0	2.8394427	0.0	10.0	1.0	0.0	6.81194	5.0	-0.21751642	-0.019086834	0.0	1.0	0.0	3.0	3.9454422	10.0	1.6316485	0	11	0	1	0	0	607.8042168086645	1213.5938806837032	42.113125	-.EELEAGSPVQR.-	DECOY_sp|Q8WWI1-2|LMO7_HUMAN;DECOY_sp|Q8WWI1-3|LMO7_HUMAN;DECOY_sp|Q8WWI1-4|LMO7_HUMAN;DECOY_sp|Q8WWI1-5|LMO7_HUMAN;DECOY_sp|Q8WWI1|LMO7_HUMAN
2017dec27_overlap_dia_6b_rep1_604to616.dia:2526.7876:decoyLLSEENGSSMR+2	-1	58801	1.7378805	0.16161929	0.19622974	0.455721	0.30123705	-0.17758118	0.7888059	5.0	0.0	-0.48632488	0.9987053	-1.7518398	0.0	3.0	6.49442	4.0	-2.586005	0.80276537	0.39309937	0.0	1.0	2.0	8.070126	4.447503	1.6941191	0	11	0	1	0	0	611.7902513086644	1221.5659496837031	42.113125	-.LLSEENGSSMR.-	DECOY_sp|P23786|CPT2_HUMAN
2017dec27_overlap_dia_6b_rep1_604to616.dia:2528.8635:DITSDTSGDFR+2	1	58853	10.937138	2.2231898	2.4218361	0.99249655	0.9219636	4.8848605	0.015000391	14.0	9.0	-4.9872217	0.9993687	0.9056404	0.0	3.0	9.986477	9.0	-1.2670991	0.90046054	0.99106157	1.0	1.0	12.0	0.66145325	1.8671663	6.2036695	0	11	0	1	0	0	607.2702068086646	1212.5258606837035	42.147724	-.DITSDTSGDFR.-	sp|P04083|ANXA1_HUMAN
2017dec27_overlap_dia_6b_rep1_604to616.dia:2528.8635:decoyYYHEVAHNNGGSGDFR+3	-1	58853	5.3001857	0.94807863	1.0342358	0.55007523	0.370802	0.20097466	0.39379218	9.0	5.0	-4.6743174	0.0	10.0	1.0	0.0	7.687157	6.0	-0.8465576	0.9399086	0.36719647	0.0	1.0	6.0	12.121307	10.0	5.890765	0	16	0	0	1	0	608.2679070280473	1821.781891683703	42.147724	-.YYHEVAHNNGGSGDFR.-	DECOY_sp|P45974-2|UBP5_HUMAN;DECOY_sp|P45974|UBP5_HUMAN
2017dec27_overlap_dia_6b_rep1_604to616.dia:2533.093:QAMLENASDIK+2	1	58958	6.4237885	0.61248916	0.78863335	0.731181	0.52206105	1.0006229	0.34296545	10.0	0.0	-3.935781	0.9670314	1.1246368	0.0	2.0	8.070409	7.0	0.3233409	0.87679374	0.89251447	1.0	1.0	7.0	0.015098572	1.68652	5.155506	0	11	0	1	0	0	610.3029953086647	1218.5914376837036	42.218216	-.QAMLENASDIK.-	sp|Q8NE71-2|ABCF1_HUMAN;sp|Q8NE71|ABCF1_HUMAN
2017dec27_overlap_dia_6b_rep1_604to616.dia:2533.093:decoyGAISSHIAGC[+57.0214635]LK+2	-1	58958	7.4050107	0.6544911	0.88733244	0.63658226	0.43930483	0.56056064	0.4658078	11.0	3.0	-4.5656443	0.0	10.0	1.0	0.0	8.119256	7.0	-0.2147975	0.46552548	0.32868132	0.0	1.0	0.0	4.5016212	10.0	5.7853694	0	12	0	1	0	0	607.3215225586646	1212.6284921837034	42.218216	-.GAISSHIAGC[+57.0214635]LK.-	DECOY_sp|P36542-2|ATPG_HUMAN;DECOY_sp|P36542|ATPG_HUMAN
2017dec27_overlap_dia_6b_rep1_604to616.dia:2535.2327:MDQDSLSSSLK+2	1	59010	6.447885	0.7253259	0.9177164	0.77289724	0.5623864	1.2247435	0.22603816	10.0	0.0	-3.5764356	0.8355336	2.2626004	0.0	1.0	7.779157	8.0	1.2805104	0.91086286	0.807098	1.0	1.0	3.0	0.291317	0.57214975	4.7961607	0	11	0	1	0	0	605.7846348086647	1209.5547166837036	42.25388	-.MDQDSLSSSLK.-	sp|P37268-5|FDFT_HUMAN;sp|P37268|FDFT_HUMAN
2017dec27_overlap_dia_6b_rep1_604to616.dia:2535.2327:NNLSYDC[+57.0214635]IGR+2	1	59010	6.4885116	0.8097921	1.0872035	0.8486885	0.64521456	1.7243515	0.2363431	10.0	0.0	-5.295535	0.97700566	-1.9249531	0.0	2.0	8.031135	7.0	-0.7562666	0.9415958	0.80843407	1.0	1.0	8.0	0.05202484	4.759703	6.51526	0	10	0	1	0	0	606.2773070586646	1210.5400611837035	42.25388	-.NNLSYDC[+57.0214635]IGR.-	sp|Q01581|HMCS1_HUMAN
2017dec27_overlap_dia_6b_rep1_604to616.dia:2535.2327:decoyGPQVLMVDPHVNEQDR+3	-1	59010	5.1837506	0.3459542	0.6790857	0.42071444	0.2764411	-0.3198413	0.4768419	9.0	3.0	-5.0691013	0.0	10.0	1.0	0.0	6.318913	4.0	-2.6878786	0.777385	0.0	1.0	0.0	3.0	8.54266	10.0	6.2888265	0	16	0	0	1	0	611.9685873613806	1832.883932683703	42.25388	-.GPQVLMVDPHVNEQDR.-	DECOY_sp|Q14974-2|IMB1_HUMAN;DECOY_sp|Q14974|IMB1_HUMAN
2017dec27_overlap_dia_6b_rep1_604to616.dia:2535.2327:decoySMATDSELGADK+2	-1	59010	6.166261	0.23534223	0.6234359	0.40410835	0.26483625	-0.38837588	0.7269951	10.0	0.0	-5.6579943	0.0	10.0	1.0	0.0	7.2973385	6.0	-1.3048935	0.59399295	0.0	0.0	0.0	0.0	8.289391	10.0	6.8777194	0	12	0	1	0	0	612.7742678086646	1223.5339826837035	42.25388	-.SMATDSELGADK.-	DECOY_sp|Q9NR30|DDX21_HUMAN
2017dec27_overlap_dia_6b_rep1_604to616.dia:2537.308:ALDGAFTEENR+2	1	59062	8.607428	1.1104279	1.6370196	0.8454539	0.64134	1.6993814	0.29744053	12.0	1.0	-3.794179	0.99400914	1.6451507	0.0	3.0	8.6916895	9.0	3.1547976	0.91583365	0.9661587	1.0	1.0	7.0	0.16510391	1.1895995	4.974451	0	11	0	1	0	0	611.7885668086647	1221.5625806837036	42.288467	-.ALDGAFTEENR.-	sp|Q9Y490|TLN1_HUMAN
2017dec27_overlap_dia_6b_rep1_604to616.dia:2537.308:EATTEFSVDAR+2	1	59062	10.927864	2.1604664	2.5730755	0.9715279	0.8477207	3.5299444	0.054296285	14.0	7.0	-4.574894	0.9799193	-1.4800625	0.0	2.0	9.548233	9.0	-0.8517754	0.8057977	0.9901793	1.0	1.0	13.0	0.045639038	4.3148127	5.755166	0	11	0	1	0	0	613.2883998086646	1224.5622466837035	42.288467	-.EATTEFSVDAR.-	sp|P21333-2|FLNA_HUMAN;sp|P21333|FLNA_HUMAN
2017dec27_overlap_dia_6b_rep1_604to616.dia:2537.308:YKDMGTVVLGK+2	1	59062	3.55569	0.4561796	0.8681472	0.71327883	0.5055814	0.91136223	0.4675025	7.0	0.0	1.6728929	0.53858715	0.35309762	1.0	1.0	7.3173003	4.0	-1.3227363	0.8672915	0.18980871	1.0	1.0	3.0	0.26747894	2.4816525	0.4926206	1	11	0	1	0	0	605.8286453086647	1209.6427376837037	42.288467	-.YKDMGTVVLGK.-	sp|P15170-2|ERF3A_HUMAN;sp|P15170-3|ERF3A_HUMAN;sp|P15170|ERF3A_HUMAN;sp|Q8IYD1|ERF3B_HUMAN
2017dec27_overlap_dia_6b_rep1_604to616.dia:2537.308:decoyLPLSVDVDTKK+2	-1	59062	2.6260614	0.35759556	0.48450726	0.5871227	0.3994788	0.35208333	0.52000564	6.0	0.0	-2.9688015	0.0	10.0	1.0	0.0	6.6778183	5.0	-0.83877325	0.8677738	0.0	1.0	0.0	4.0	10.04084	10.0	4.1490736	1	11	0	1	0	0	607.8531783086645	1213.6918036837033	42.288467	-.LPLSVDVDTKK.-	DECOY_sp|Q09666|AHNK_HUMAN
2017dec27_overlap_dia_6b_rep1_604to616.dia:2539.4346:IGSNMESLLQK+2	1	59114	5.2434053	0.32204905	0.5821689	0.48266044	0.32065892	-0.06938608	0.69670993	9.0	0.0	-3.6382902	0.0	10.0	1.0	0.0	7.6418214	5.0	-0.4686675	0.44101232	0.0	0.0	0.0	0.0	12.52747	10.0	4.774757	0	11	0	1	0	0	610.3211878086647	1218.6278226837037	42.32391	-.IGSNMESLLQK.-	sp|Q9UK61-2|F208A_HUMAN;sp|Q9UK61-3|F208A_HUMAN;sp|Q9UK61-4|F208A_HUMAN;sp|Q9UK61|F208A_HUMAN
2017dec27_overlap_dia_6b_rep1_604to616.dia:2539.4346:QLQFYTEAAR+2	1	59114	4.376191	0.68725085	1.1590246	0.5897536	0.4015503	0.36294696	0.47224092	8.0	2.0	-4.3322177	0.0	10.0	1.0	0.0	8.38603	4.0	-1.9269001	0.78057736	0.0	1.0	0.0	5.0	7.321701	10.0	5.4686847	0	10	0	1	0	0	613.8118413086647	1225.6091296837037	42.32391	-.QLQFYTEAAR.-	sp|Q6P1N0-2|C2D1A_HUMAN;sp|Q6P1N0|C2D1A_HUMAN
2017dec27_overlap_dia_6b_rep1_604to616.dia:2539.4346:TTLTSDESVKDHTTAGR+3	1	59114	6.2553034	0.6137629	0.862892	0.49606636	0.33044547	-0.015734915	0.38797227	10.0	5.0	-4.378056	0.0	10.0	1.0	0.0	7.2762694	6.0	-2.0172217	0.85959536	0.38681722	1.0	1.0	5.0	12.316238	10.0	5.514523	1	17	0	0	1	0	606.9657886947141	1817.8755366837036	42.32391	-.TTLTSDESVKDHTTAGR.-	sp|Q9UBV2-2|SE1L1_HUMAN;sp|Q9UBV2|SE1L1_HUMAN
2017dec27_overlap_dia_6b_rep1_604to616.dia:2539.4346:VQEFEHINGR+2	1	59114	4.524753	0.3798507	0.62409115	0.8302945	0.62365556	1.5877157	0.07823083	8.0	0.0	-5.028295	0.5400521	-0.9514729	1.0	1.0	7.749706	5.0	-0.34990788	0.79204	0.0	0.0	0.0	3.0	9.749062	3.786223	6.164762	0	10	0	1	0	0	614.8070938086647	1227.5996346837037	42.32391	-.VQEFEHINGR.-	sp|Q12873-2|CHD3_HUMAN;sp|Q12873-3|CHD3_HUMAN;sp|Q12873|CHD3_HUMAN
2017dec27_overlap_dia_6b_rep1_604to616.dia:2539.4346:decoyATEELSNELSK+2	-1	59114	7.4213595	0.46725777	0.74027824	0.66100276	0.45973772	0.667766	0.6155391	11.0	0.0	-0.5600202	0.0	10.0	1.0	0.0	8.132576	7.0	1.0537982	0.87679476	-0.09004516	1.0	1.0	5.0	1.5443535	10.0	1.6964871	0	11	0	1	0	0	610.8038818086645	1219.5932106837033	42.32391	-.ATEELSNELSK.-	DECOY_sp|P02533|K1C14_HUMAN;DECOY_sp|P08779|K1C16_HUMAN
2017dec27_overlap_dia_6b_rep1_604to616.dia:2539.4346:decoyGLGVNPPSHVESTSSISR+3	-1	59114	6.3185296	0.39921913	0.6901202	0.5738076	0.3890686	0.29740322	0.62190443	10.0	4.0	-1.3856034	0.0	10.0	1.0	0.0	6.814761	4.0	0.27014923	0.0	0.0	0.0	0.0	0.0	1.372139	10.0	2.5220704	0	18	0	0	1	0	608.6463893613807	1822.9173386837033	42.32391	-.GLGVNPPSHVESTSSISR.-	DECOY_sp|Q8WWQ0|PHIP_HUMAN
2017dec27_overlap_dia_6b_rep1_604to616.dia:2539.4346:decoyGPTGPAGYPSSAR+2	-1	59114	5.1342325	0.7625154	1.15613	0.3753784	0.2449745	-0.5092115	0.526528	9.0	1.0	-3.904039	0.0	10.0	1.0	0.0	8.011643	5.0	-1.7472229	0.83386004	0.0	1.0	0.0	7.0	9.6704445	10.0	5.040506	0	13	0	1	0	0	609.2990978086647	1216.5836426837036	42.32391	-.GPTGPAGYPSSAR.-	DECOY_sp|Q5UIP0-2|RIF1_HUMAN;DECOY_sp|Q5UIP0|RIF1_HUMAN
2017dec27_overlap_dia_6b_rep1_604to616.dia:2539.4346:decoyLTSNGGAVGLGGGR+2	-1	59114	8.164138	0.40300453	0.63722134	0.30464923	0.19707853	-0.82525533	0.6162261	12.0	1.0	-4.323551	0.55600333	6.611602	1.0	2.0	7.7536683	7.0	1.2202873	0.87659913	0.4397155	1.0	1.0	3.0	4.36491	3.7768517	5.460018	0	14	0	1	0	0	608.3256513086646	1214.6367496837036	42.32391	-.LTSNGGAVGLGGGR.-	DECOY_sp|Q9NPJ6|MED4_HUMAN
2017dec27_overlap_dia_6b_rep1_604to616.dia:2539.4346:decoySIVDSGSYLMR+2	-1	59114	2.7085834	0.54348904	0.8088523	0.7099873	0.5025987	0.89532226	0.23029867	6.0	0.0	-6.886121	0.23511977	3.5534785	1.0	1.0	7.492109	3.0	-2.4154983	0.8467906	0.0	0.0	0.0	3.0	9.928841	0.7187283	8.022588	0	11	0	1	0	0	614.3055333086645	1226.5965136837033	42.32391	-.SIVDSGSYLMR.-	DECOY_sp|Q15477|SKIV2_HUMAN
2017dec27_overlap_dia_6b_rep1_604to616.dia:2541.4646:NVQLTENEIR+2	1	59166	7.5757084	1.1102083	1.338243	0.9430879	0.78418624	2.807651	0.0828552	11.0	0.0	-4.965538	0.66797465	0.3751904	1.0	3.0	8.753662	7.0	0.7328553	0.90938884	0.98479533	1.0	1.0	9.0	0.12094498	2.4595597	6.060183	0	10	0	1	0	0	608.3200338086647	1214.6255146837036	42.357742	-.NVQLTENEIR.-	sp|P62136-2|PP1A_HUMAN;sp|P62136|PP1A_HUMAN
2017dec27_overlap_dia_6b_rep1_604to616.dia:2541.4646:TAAFQQDLEAK+2	1	59166	6.446715	0.70399517	1.2551914	0.77081746	0.5603039	1.2129328	0.3298994	10.0	2.0	-4.1864524	0.8202947	6.5777893	0.0	1.0	8.308158	5.0	-1.6877017	0.85016686	0.48560786	1.0	1.0	4.0	0.083278656	3.7430391	5.2810974	0	11	0	1	0	0	611.3091358086647	1220.6037186837036	42.357742	-.TAAFQQDLEAK.-	sp|Q96BQ5|CC127_HUMAN
2017dec27_overlap_dia_6b_rep1_604to616.dia:2541.4646:VTQSNFAVGYK+2	1	59166	10.937943	1.6297448	2.1164749	0.9943401	0.93223524	5.168677	0.01096682	14.0	3.0	-4.1390376	0.9813357	-1.3639083	0.0	3.0	9.875767	10.0	2.6529493	0.8694015	0.989475	1.0	1.0	11.0	0.1993599	4.1986585	5.2336826	0	11	0	1	0	0	607.3142163086646	1212.6138796837035	42.357742	-.VTQSNFAVGYK.-	sp|P21796|VDAC1_HUMAN
2017dec27_overlap_dia_6b_rep1_604to616.dia:2541.4646:decoyQEEELPSGPSQPGPRAR+3	-1	59166	2.662399	0.54418117	0.85638255	0.638361	0.44077456	0.5682574	0.18738733	6.0	2.0	-4.2159	0.0	10.0	1.0	0.0	6.109925	2.0	-2.7185798	0.8866618	0.0	1.0	0.0	5.0	1.1810799	10.0	5.310545	1	17	0	0	1	0	612.3062563613807	1833.8969396837035	42.357742	-.QEEELPSGPSQPGPRAR.-	DECOY_sp|A6NI72|NCF1B_HUMAN;DECOY_sp|A8MVU1|NCF1C_HUMAN;DECOY_sp|P14598|NCF1_HUMAN
2017dec27_overlap_dia_6b_rep1_604to616.dia:2541.4646:decoyQEVAASIESQR+2	-1	59166	4.4148855	0.35471275	0.70060974	0.64471054	0.4460442	0.5958686	0.40239438	8.0	1.0	-4.608728	0.0	10.0	1.0	0.0	7.4076014	5.0	-2.1237924	0.9090623	-0.05243205	1.0	1.0	6.0	6.8368683	10.0	5.703373	0	11	0	1	0	0	609.3096663086645	1216.6047796837033	42.357742	-.QEVAASIESQR.-	DECOY_sp|Q9Y520-2|PRC2C_HUMAN;DECOY_sp|Q9Y520-3|PRC2C_HUMAN;DECOY_sp|Q9Y520-4|PRC2C_HUMAN;DECOY_sp|Q9Y520-5|PRC2C_HUMAN;DECOY_sp|Q9Y520-6|PRC2C_HUMAN;DECOY_sp|Q9Y520-7|PRC2C_HUMAN;DECOY_sp|Q9Y520|PRC2C_HUMAN
2017dec27_overlap_dia_6b_rep1_604to616.dia:2541.4646:decoyTTAGHEMTYDTNEPDR+3	-1	59166	3.526744	0.4365727	0.68986166	0.66728795	0.46508992	0.6959442	0.22767729	7.0	4.0	-5.9417615	0.0	10.0	1.0	0.0	6.802991	4.0	-2.3507586	0.86744094	0.0	1.0	0.0	4.0	10.418457	10.0	7.0364065	0	16	0	0	1	0	613.2600930280474	1836.7584496837037	42.357742	-.TTAGHEMTYDTNEPDR.-	DECOY_sp|Q9BW85|CCD94_HUMAN
2017dec27_overlap_dia_6b_rep1_604to616.dia:2541.4646:decoyVATYENDEIR+2	-1	59166	4.451081	0.47401524	0.56473225	0.7007454	0.49429822	0.8508499	0.3569033	8.0	0.0	-1.2820501	0.0	10.0	1.0	0.0	7.7480984	5.0	-0.99667025	0.87582487	-0.07440989	1.0	1.0	5.0	10.259987	10.0	2.3766952	0	10	0	1	0	0	605.2909378086646	1208.5673226837034	42.357742	-.VATYENDEIR.-	DECOY_sp|P07948-2|LYN_HUMAN;DECOY_sp|P07948|LYN_HUMAN;DECOY_sp|P08631-2|HCK_HUMAN;DECOY_sp|P08631-3|HCK_HUMAN;DECOY_sp|P08631-4|HCK_HUMAN;DECOY_sp|P08631|HCK_HUMAN
2017dec27_overlap_dia_6b_rep1_604to616.dia:2543.5781:ETGANGTSFSVR+2	1	59218	4.494705	0.4221421	0.71215594	0.77479076	0.5642897	1.2355632	0.28096536	8.0	0.0	-3.8240037	0.83148175	5.2908134	0.0	1.0	7.7811327	5.0	-1.6954079	0.87786674	0.9354332	1.0	1.0	6.0	5.8428383	2.4560633	4.8751097	0	12	0	1	0	0	613.2940163086647	1224.5734796837037	42.392967	-.ETGANGTSFSVR.-	sp|P55201-2|BRPF1_HUMAN;sp|P55201-3|BRPF1_HUMAN;sp|P55201-4|BRPF1_HUMAN;sp|P55201|BRPF1_HUMAN
2017dec27_overlap_dia_6b_rep1_604to616.dia:2543.5781:GLEISGTFTHR+2	1	59218	4.3771343	0.39214334	0.6509475	0.5910355	0.40256143	0.3682477	0.34490052	8.0	0.0	-0.2592858	0.53836644	-8.453226	1.0	1.0	7.882479	5.0	-1.432517	0.9131396	-0.07577143	1.0	1.0	8.0	4.578827	11.287976	1.3103918	0	11	0	1	0	0	609.3172948086648	1216.6200366837038	42.392967	-.GLEISGTFTHR.-	sp|P63010-2|AP2B1_HUMAN;sp|P63010-3|AP2B1_HUMAN;sp|P63010|AP2B1_HUMAN
2017dec27_overlap_dia_6b_rep1_604to616.dia:2543.5781:decoyEADVSFETTAR+2	-1	59218	3.4797766	0.7349226	1.159502	0.5988884	0.4087814	0.4008356	0.2626904	7.0	3.0	-4.8626657	0.99979466	3.323446	0.0	3.0	7.9752636	4.0	-2.5997932	0.86472774	0.88328844	1.0	1.0	6.0	0.15013885	0.48869586	5.9137716	0	11	0	1	0	0	613.2883998086646	1224.5622466837035	42.392967	-.EADVSFETTAR.-	DECOY_sp|P21333-2|FLNA_HUMAN;DECOY_sp|P21333|FLNA_HUMAN
2017dec27_overlap_dia_6b_rep1_604to616.dia:2543.5781:decoyGYPEPADLNSR+2	-1	59218	4.2856603	0.35133615	0.51193327	0.47878414	0.31784475	-0.08491441	0.39473066	8.0	0.0	-3.0738955	0.5302765	4.1447988	1.0	1.0	7.599361	5.0	-1.996217	0.9193774	0.0	1.0	0.0	2.0	3.372322	1.3100486	4.1250014	0	11	0	1	0	0	609.7911048086646	1217.5676566837035	42.392967	-.GYPEPADLNSR.-	DECOY_sp|P26358-2|DNMT1_HUMAN;DECOY_sp|P26358-3|DNMT1_HUMAN;DECOY_sp|P26358|DNMT1_HUMAN
2017dec27_overlap_dia_6b_rep1_604to616.dia:2545.607:C[+57.0214635]SVSLSNVEAR+2	1	59270	10.882082	0.96915495	1.3871855	0.87432617	0.67739254	1.9397635	0.24265109	14.0	1.0	-6.1536584	0.9756497	-0.80798566	0.0	2.0	8.961709	10.0	2.9996624	0.82355654	0.91986525	1.0	1.0	11.0	0.092502594	3.642736	7.1629677	0	11	0	1	0	0	611.2982435586647	1220.5819341837037	42.42678	-.C[+57.0214635]SVSLSNVEAR.-	sp|P47712|PA24A_HUMAN
2017dec27_overlap_dia_6b_rep1_604to616.dia:2545.607:DALQQNPGAFR+2	1	59270	6.397234	0.7156288	0.9733293	0.68781304	0.48285824	0.7899148	0.355868	10.0	0.0	-3.0880196	0.19974752	-6.1654987	1.0	1.0	7.888285	6.0	-0.586133	0.8423495	0.0	1.0	0.0	6.0	0.14401627	9.000249	4.097329	0	11	0	1	0	0	608.8070943086647	1215.5996356837036	42.42678	-.DALQQNPGAFR.-	sp|Q96P11-2|NSUN5_HUMAN;sp|Q96P11-4|NSUN5_HUMAN;sp|Q96P11-5|NSUN5_HUMAN;sp|Q96P11|NSUN5_HUMAN
2017dec27_overlap_dia_6b_rep1_604to616.dia:2545.607:VSPTNMQGFTK+2	1	59270	6.3596487	0.44014165	0.80751544	0.6307909	0.43453884	0.5356112	0.28213283	10.0	1.0	-2.713172	0.81614375	-0.8672412	0.0	1.0	8.011962	6.0	-1.4767249	0.76258165	0.48697075	1.0	1.0	10.0	0.02823639	3.7019913	3.7224815	0	11	0	1	0	0	605.3002563086646	1208.5859596837035	42.42678	-.VSPTNMQGFTK.-	sp|O15379-2|HDAC3_HUMAN;sp|O15379|HDAC3_HUMAN
2017dec27_overlap_dia_6b_rep1_604to616.dia:2545.607:decoySKMPGTEVPGSALADGQGK+3	-1	59270	6.449267	0.29796585	0.73432463	0.7753605	0.5648637	1.2388314	0.13416362	10.0	2.0	-4.973335	0.0	10.0	1.0	0.0	6.5140095	4.0	-0.54276943	0.47517565	0.0	0.0	0.0	0.0	2.672371	10.0	5.982644	1	19	0	0	1	0	610.6402480280474	1828.8989146837034	42.42678	-.SKMPGTEVPGSALADGQGK.-	DECOY_sp|P42345|MTOR_HUMAN
2017dec27_overlap_dia_6b_rep1_604to616.dia:2545.607:decoySPASVDVSAEMK+2	-1	59270	6.4102726	0.53120226	0.8221963	0.70877606	0.50150466	0.88944703	0.34053296	10.0	0.0	-4.6928945	0.30316216	0.9771608	1.0	2.0	8.067883	6.0	-1.2139502	0.7586501	0.0	1.0	0.0	5.0	0.6612625	1.8575894	5.7022038	0	12	0	1	0	0	610.7950028086647	1219.5754526837036	42.42678	-.SPASVDVSAEMK.-	DECOY_sp|Q8IVF2-3|AHNK2_HUMAN;DECOY_sp|Q8IVF2|AHNK2_HUMAN
2017dec27_overlap_dia_6b_rep1_604to616.dia:2545.607:decoySRYDGSTDGSIDHYLK+3	-1	59270	6.276865	0.5690206	0.76562375	0.5213165	0.34911782	0.08531785	0.3310072	10.0	7.0	-4.965722	0.0	10.0	1.0	0.0	7.2518296	6.0	0.4403224	0.68797696	0.0	0.0	0.0	0.0	5.9177933	10.0	5.975032	1	16	0	0	1	0	605.283222694714	1812.8278386837035	42.42678	-.SRYDGSTDGSIDHYLK.-	DECOY_sp|P50995-2|ANX11_HUMAN;DECOY_sp|P50995|ANX11_HUMAN
2017dec27_overlap_dia_6b_rep1_604to616.dia:2545.607:decoyTPSPLVEAMQR+2	-1	59270	5.2298117	0.52576613	0.78815275	0.467787	0.30989712	-0.12903066	0.72934604	9.0	0.0	-4.2925997	0.23502465	-8.220261	1.0	1.0	7.8060093	5.0	-1.4391737	0.6963037	0.0	0.0	0.0	1.0	7.426735	11.055011	5.3019094	0	11	0	1	0	0	614.8213558086646	1227.6281586837035	42.42678	-.TPSPLVEAMQR.-	DECOY_sp|P11388-2|TOP2A_HUMAN;DECOY_sp|P11388-3|TOP2A_HUMAN;DECOY_sp|P11388-4|TOP2A_HUMAN;DECOY_sp|P11388|TOP2A_HUMAN
2017dec27_overlap_dia_6b_rep1_604to616.dia:2547.7449:AEEVEYYYR+2	1	59322	3.6548226	0.369271	0.55468565	0.8961731	0.70732796	2.1554086	0.088354126	7.0	0.0	-3.3525496	0.0	10.0	1.0	0.0	7.311504	4.0	-0.30419683	0.9355838	0.0	1.0	0.0	2.0	0.13554764	10.0	4.3178134	0	9	0	1	0	0	611.2747478086646	1220.5349426837035	42.462414	-.AEEVEYYYR.-	sp|Q9H0B6-2|KLC2_HUMAN;sp|Q9H0B6|KLC2_HUMAN
2017dec27_overlap_dia_6b_rep1_604to616.dia:2549.7854:decoyEVSFSTGNAGTR+2	-1	59374	6.4715753	0.87036884	1.470057	0.8162285	0.60787797	1.4910012	0.31019717	10.0	0.0	-3.3557584	0.0	10.0	1.0	0.0	7.817221	7.0	-0.8930421	0.61071897	0.030620443	0.0	1.0	0.0	5.946293	10.0	4.2789855	0	12	0	1	0	0	613.2940163086645	1224.5734796837032	42.49642	-.EVSFSTGNAGTR.-	DECOY_sp|P55201-2|BRPF1_HUMAN;DECOY_sp|P55201-3|BRPF1_HUMAN;DECOY_sp|P55201-4|BRPF1_HUMAN;DECOY_sp|P55201|BRPF1_HUMAN
2017dec27_overlap_dia_6b_rep1_604to616.dia:2553.9287:KILAQDVAQLK+2	1	59478	3.674449	0.56301326	0.6186585	0.9376012	0.7739171	2.7097788	0.036372133	7.0	1.0	-0.07763216	0.0	10.0	1.0	0.0	7.1188884	4.0	-1.8956485	0.0	0.0	0.0	0.0	0.0	1.7984886	10.0	0.9154978	1	11	0	1	0	0	613.8769883086646	1225.7394236837035	42.56548	-.KILAQDVAQLK.-	sp|O95239-2|KIF4A_HUMAN;sp|O95239|KIF4A_HUMAN
2017dec27_overlap_dia_6b_rep1_604to616.dia:2556.027:LGSSSEIEVPAK+2	1	59530	7.5338116	0.71656305	1.2291249	0.856358	0.6545565	1.7853644	0.22394074	11.0	1.0	0.99871963	0.9662108	0.0022981167	0.0	2.0	8.169593	9.0	2.178422	0.6662577	0.78914726	1.0	1.0	9.0	0.15361786	2.832452	0.204081	0	12	0	1	0	0	608.8246173086648	1215.6346816837038	42.600452	-.LGSSSEIEVPAK.-	sp|Q6UXV4|MIC27_HUMAN
2017dec27_overlap_dia_6b_rep1_604to616.dia:2556.027:LTDNGTEFSVK+2	1	59530	4.4009237	0.47507676	0.7442537	0.62431365	0.42924255	0.5078983	0.35640693	8.0	1.0	1.5019023	0.0	10.0	1.0	0.0	7.736559	5.0	-1.6730461	0.9211467	0.0	1.0	0.0	3.0	0.1230278	10.0	0.7072637	0	11	0	1	0	0	605.8011428086647	1209.5877326837037	42.600452	-.LTDNGTEFSVK.-	sp|P52732|KIF11_HUMAN
2017dec27_overlap_dia_6b_rep1_604to616.dia:2556.027:MAKEELLFGGK+2	1	59530	3.6252093	0.46348584	0.8338703	0.8371024	0.6315044	1.6368247	0.15790075	7.0	0.0	0.923412	0.0	10.0	1.0	0.0	7.3551054	5.0	-2.3124006	0.834872	0.17921846	1.0	1.0	3.0	5.3353844	10.0	0.12877339	1	11	0	1	0	0	611.8286493086647	1221.6427456837037	42.600452	-.MAKEELLFGGK.-	sp|P52789|HXK2_HUMAN
2017dec27_overlap_dia_6b_rep1_604to616.dia:2556.027:decoySQTASLQQEPK+2	-1	59530	5.3711834	0.55700004	0.7652727	0.6477684	0.4485951	0.6092442	0.28130668	9.0	1.0	-0.2771049	0.1931548	0.4471056	1.0	1.0	7.5125165	5.0	-0.40579128	0.0	0.0	0.0	0.0	0.0	12.592781	2.3876445	1.0717435	0	11	0	1	0	0	608.8120423086647	1215.6095316837036	42.600452	-.SQTASLQQEPK.-	DECOY_sp|P52294|IMA5_HUMAN
2017dec27_overlap_dia_6b_rep1_604to616.dia:2558.0781:C[+57.0214635]IELC[+57.0214635]C[+57.0214635]GSVK+2	1	59582	9.773912	1.4891338	1.9149162	0.9541825	0.8065436	3.0361888	0.09133349	13.0	0.0	0.9020529	0.9572946	6.693592	0.0	2.0	8.917505	9.0	3.8499513	0.90365666	0.9818746	1.0	1.0	12.0	0.12081909	3.858842	0.14966613	0	10	0	1	0	0	613.2723265586648	1224.5301001837038	42.634636	-.C[+57.0214635]IELC[+57.0214635]C[+57.0214635]GSVK.-	sp|P05023-2|AT1A1_HUMAN;sp|P05023-3|AT1A1_HUMAN;sp|P05023-4|AT1A1_HUMAN;sp|P05023|AT1A1_HUMAN
2017dec27_overlap_dia_6b_rep1_604to616.dia:2558.0781:HFGSVVAQTIR+2	1	59582	5.4338684	0.53161794	0.6684704	0.74835056	0.5383078	1.0898346	0.43979856	9.0	1.0	-2.311946	0.0	10.0	1.0	0.0	7.716667	6.0	2.2681613	0.87162787	0.0	1.0	0.0	5.0	0.26765823	10.0	3.0643327	0	11	0	1	0	0	607.8356548086646	1213.6567566837034	42.634636	-.HFGSVVAQTIR.-	sp|Q9UNN5-2|FAF1_HUMAN;sp|Q9UNN5|FAF1_HUMAN
2017dec27_overlap_dia_6b_rep1_604to616.dia:2558.0781:decoyADYVTVIQSVK+2	-1	59582	1.9193857	0.43491855	0.8277273	0.69215643	0.48667836	0.81022024	0.14331159	5.0	0.0	2.3066614	0.0	10.0	1.0	0.0	6.456522	3.0	-3.0	0.834884	0.0	1.0	0.0	3.0	7.13855	10.0	1.5542746	0	11	0	1	0	0	611.8375243086647	1221.6604956837036	42.634636	-.ADYVTVIQSVK.-	DECOY_sp|Q5VTR2|BRE1A_HUMAN
2017dec27_overlap_dia_6b_rep1_604to616.dia:2558.0781:decoyGEYNVDIPDKSSDDSGK+3	-1	59582	6.2946367	0.5283505	0.6359185	0.54309183	0.36549294	0.17279606	0.35502136	10.0	5.0	1.0271158	0.0	10.0	1.0	0.0	6.5335116	5.0	-0.24482727	0.86882913	0.0	1.0	0.0	5.0	3.537983	10.0	0.27472907	1	17	0	0	1	0	609.2743953613807	1824.8013566837033	42.634636	-.GEYNVDIPDKSSDDSGK.-	DECOY_sp|P09874|PARP1_HUMAN
2017dec27_overlap_dia_6b_rep1_604to616.dia:2562.208:ITTQLDQVTAK+2	1	59686	6.519089	0.9758448	1.2682579	0.9105959	0.7287537	2.3209326	0.11032371	10.0	1.0	-1.9027097	0.5293159	1.7706174	1.0	1.0	8.146129	8.0	3.3948112	0.90577304	0.4060384	1.0	1.0	4.0	0.027275085	1.1719197	2.621331	0	11	0	1	0	0	609.3404363086647	1216.6663196837037	42.70347	-.ITTQLDQVTAK.-	sp|Q15075|EEA1_HUMAN
2017dec27_overlap_dia_6b_rep1_604to616.dia:2562.208:decoyAVSTAGPAC[+57.0214635]HEESVAVTR+3	-1	59686	5.3143806	0.5588532	1.1557235	0.5683518	0.38483745	0.27512968	0.55303586	9.0	4.0	0.59991664	0.0	10.0	1.0	0.0	6.3610144	4.0	-0.99845123	0.441838	0.0	1.0	0.0	1.0	7.8602104	10.0	0.11870462	0	18	0	0	1	0	614.6318638613808	1840.8737621837038	42.70347	-.AVSTAGPAC[+57.0214635]HEESVAVTR.-	DECOY_sp|Q9BY89|K1671_HUMAN
2017dec27_overlap_dia_6b_rep1_604to616.dia:2566.321:GLSPAQADSQFLENAKR+3	1	59790	7.509861	0.7030707	0.9538554	0.81040996	0.6015112	1.4526763	0.14787948	11.0	6.0	0.008595681	0.0	10.0	1.0	0.0	6.9352255	4.0	-0.13424158	0.681942	-0.03393287	0.0	1.0	0.0	7.7359924	10.0	0.6980946	1	17	0	0	1	0	611.3147516947141	1830.9224256837035	42.77202	-.GLSPAQADSQFLENAKR.-	sp|O43491-2|E41L2_HUMAN;sp|O43491-3|E41L2_HUMAN;sp|O43491-4|E41L2_HUMAN;sp|O43491|E41L2_HUMAN
2017dec27_overlap_dia_6b_rep1_604to616.dia:2566.321:LELEQTYQAK+2	1	59790	8.623469	1.1131244	1.2734562	0.87726605	0.6812701	1.9667913	0.24441805	12.0	2.0	-0.29978007	0.98911965	1.152064	0.15202849	3.0	8.729991	9.0	2.447555	0.9099482	0.9358921	1.0	1.0	11.0	0.015415192	1.8014873	1.0064704	0	10	0	1	0	0	611.8193318086647	1221.6241106837037	42.77202	-.LELEQTYQAK.-	sp|Q03252|LMNB2_HUMAN
2017dec27_overlap_dia_6b_rep1_604to616.dia:2566.321:QVC[+57.0214635]GDYLLSR+2	1	59790	3.6217227	0.44843364	0.89684427	0.8304087	0.6237861	1.5885265	0.21312115	7.0	0.0	-0.598411	0.0	10.0	1.0	0.0	7.2716923	5.0	-1.5634017	0.1401265	0.0	0.0	0.0	0.0	6.085888	10.0	1.3051014	0	10	0	1	0	0	605.7978760586647	1209.5811991837036	42.77202	-.QVC[+57.0214635]GDYLLSR.-	sp|Q9Y6Y0|NS1BP_HUMAN
2017dec27_overlap_dia_6b_rep1_604to616.dia:2566.321:RPVGASFSFGGK+2	1	59790	5.458981	0.79917604	1.2553127	0.7928982	0.5828576	1.3424842	0.25854108	9.0	1.0	-0.60564554	0.5495784	3.6121564	1.0	1.0	7.5225663	5.0	-1.453362	0.44050467	0.0	1.0	0.0	1.0	0.45053864	0.6586051	1.3123358	0	12	0	1	0	0	605.3223798086647	1208.6302066837036	42.77202	-.RPVGASFSFGGK.-	sp|O94979-10|SC31A_HUMAN;sp|O94979-2|SC31A_HUMAN;sp|O94979-3|SC31A_HUMAN;sp|O94979-4|SC31A_HUMAN;sp|O94979-5|SC31A_HUMAN;sp|O94979-6|SC31A_HUMAN;sp|O94979-7|SC31A_HUMAN;sp|O94979-8|SC31A_HUMAN;sp|O94979-9|SC31A_HUMAN;sp|O94979|SC31A_HUMAN
2017dec27_overlap_dia_6b_rep1_604to616.dia:2566.321:decoyLNPTVATAQGEK+2	-1	59790	5.2893934	0.718654	1.139518	0.53657466	0.36056405	0.14656043	0.24305812	9.0	1.0	1.0879712	0.0	10.0	1.0	0.0	7.4758368	5.0	-1.337009	0.8940777	0.0	1.0	0.0	5.0	12.764347	10.0	0.3812809	0	12	0	1	0	0	614.8302353086646	1227.6459176837034	42.77202	-.LNPTVATAQGEK.-	DECOY_sp|Q9BXB4|OSB11_HUMAN
2017dec27_overlap_dia_6b_rep1_604to616.dia:2568.4385:GDVENIEVVQK+2	1	59842	12.110927	1.4397635	2.0567043	0.9872483	0.89822483	4.349257	0.020716757	15.0	1.0	-2.9557037	0.97902185	-0.23799825	0.0	2.0	9.020954	9.0	4.125117	0.9506498	0.9642325	1.0	1.0	13.0	0.09087372	3.1915495	3.650463	0	11	0	1	0	0	615.3222423086647	1228.6299316837037	42.80731	-.GDVENIEVVQK.-	sp|P42704|LPPRC_HUMAN
2017dec27_overlap_dia_6b_rep1_604to616.dia:2568.4385:decoyRSQETPIEPR+2	-1	59842	1.8046657	0.44972828	0.81903714	0.5314767	0.35672534	0.1260734	0.28130487	5.0	0.0	-1.1530442	0.0	10.0	1.0	0.0	5.8579736	3.0	-3.0	0.8970517	0.6370607	1.0	1.0	3.0	12.799637	10.0	1.8478036	1	10	0	1	0	0	606.8202013086645	1211.6258496837033	42.80731	-.RSQETPIEPR.-	DECOY_sp|Q8N766-2|EMC1_HUMAN;DECOY_sp|Q8N766-3|EMC1_HUMAN;DECOY_sp|Q8N766-4|EMC1_HUMAN;DECOY_sp|Q8N766|EMC1_HUMAN
2017dec27_overlap_dia_6b_rep1_604to616.dia:2570.5051:ALAAVPSAGSVQR+2	1	59894	5.4912796	0.82354844	1.2495342	0.85411465	0.65180075	1.7672445	0.26113835	9.0	0.0	-1.2954334	0.92803335	2.329253	0.0	2.0	7.495068	5.0	-0.790534	0.7840073	0.5143343	0.0	1.0	4.0	0.023349762	0.6440985	1.9901928	0	13	0	1	0	0	613.8462193086647	1225.6778856837036	42.84175	-.ALAAVPSAGSVQR.-	sp|Q14160-2|SCRIB_HUMAN;sp|Q14160-3|SCRIB_HUMAN;sp|Q14160|SCRIB_HUMAN
2017dec27_overlap_dia_6b_rep1_604to616.dia:2576.832:LSQLVNSNNLK+2	1	60050	7.4642534	0.5836264	0.9757219	0.72962075	0.52060676	0.9926993	0.27533937	11.0	0.0	-0.52363205	0.0	10.0	1.0	0.0	7.3700027	7.0	-0.69346523	0.5821785	0.1255734	0.0	1.0	2.0	0.037540436	10.0	1.2183914	0	11	0	1	0	0	615.3460508086646	1228.6775486837034	42.9472	-.LSQLVNSNNLK.-	sp|Q9UI42-2|CBPA4_HUMAN;sp|Q9UI42|CBPA4_HUMAN
2017dec27_overlap_dia_6b_rep1_604to616.dia:2576.832:decoyAYAAGLSVSPQR+2	-1	60050	7.1141653	0.40913624	0.9255651	0.3258437	0.21129668	-0.7270442	0.5550339	11.0	1.0	-4.3925943	0.0	10.0	1.0	0.0	7.326004	7.0	0.25381136	0.0	0.0	0.0	0.0	0.0	3.0480309	10.0	5.0873537	0	12	0	1	0	0	610.3251153086644	1218.635677683703	42.9472	-.AYAAGLSVSPQR.-	DECOY_sp|Q96PK6|RBM14_HUMAN
2017dec27_overlap_dia_6b_rep1_604to616.dia:2578.9348:FGPYESYDSR+2	1	60102	6.481247	0.9787328	1.0621325	0.8346103	0.62861425	1.6186603	0.30333006	10.0	0.0	-0.35815126	0.99438	6.4623756	0.0	3.0	8.365566	8.0	3.2828083	0.90163934	0.91887355	1.0	1.0	7.0	0.038635254	3.4890242	1.0529106	0	10	0	1	0	0	610.7645513086646	1219.5145496837035	42.982246	-.FGPYESYDSR.-	sp|Q5BKZ1|ZN326_HUMAN
2017dec27_overlap_dia_6b_rep1_604to616.dia:2581.0486:C[+57.0214635]VNNYQGMLK+2	1	60154	8.457271	0.6770618	0.7838838	0.5983194	0.40832925	0.39846748	0.78208625	12.0	0.0	-1.2524593	0.9602909	3.4351375	0.0	3.0	7.812359	8.0	1.9259315	0.54666024	0.66399795	1.0	1.0	1.0	0.1280899	0.44198585	1.9472187	0	10	0	1	0	0	613.7864540586647	1225.5583551837037	43.017475	-.C[+57.0214635]VNNYQGMLK.-	sp|O75663-2|TIPRL_HUMAN;sp|O75663|TIPRL_HUMAN
2017dec27_overlap_dia_6b_rep1_604to616.dia:2581.0486:QISDGEREELNLTANR+3	1	60154	19.69579	2.0684428	1.9316187	0.9715055	0.84766066	3.5291367	0.047518168	21.0	15.0	-0.63247454	0.9406739	3.1989975	0.03204773	2.0	8.126696	8.0	6.8068457	0.8704318	0.97438455	1.0	1.0	17.0	0.049877167	0.20584583	1.3272339	1	16	0	0	1	0	615.641415694714	1843.9024176837036	43.017475	-.QISDGEREELNLTANR.-	sp|O95816-2|BAG2_HUMAN;sp|O95816|BAG2_HUMAN
2017dec27_overlap_dia_6b_rep1_604to616.dia:2585.2263:LVPSQAEIEAR+2	1	60258	6.445805	1.0777447	1.6702092	0.76920456	0.5586946	1.2038251	0.37782344	10.0	0.0	-1.609278	0.9337879	4.493904	0.0	2.0	7.5518565	8.0	-0.32930517	0.71190816	0.8712545	1.0	1.0	3.0	0.019752502	1.5007524	2.3040373	0	11	0	1	0	0	606.8327773086647	1211.6510016837037	43.087105	-.LVPSQAEIEAR.-	sp|Q96K21-2|ANCHR_HUMAN;sp|Q96K21-3|ANCHR_HUMAN;sp|Q96K21-4|ANCHR_HUMAN;sp|Q96K21|ANCHR_HUMAN
2017dec27_overlap_dia_6b_rep1_604to616.dia:2589.399:ETVDQVEELR+2	1	60362	3.5580578	0.7334623	0.9861739	0.7171783	0.50913334	0.9305078	0.22080714	7.0	0.0	0.6892593	0.0	10.0	1.0	0.0	7.043608	4.0	-2.912986	0.6056176	0.10254462	1.0	1.0	3.0	0.6182747	10.0	0.005500078	0	10	0	1	0	0	609.3040498086647	1216.5935466837036	43.15665	-.ETVDQVEELR.-	sp|Q14204|DYHC1_HUMAN
2017dec27_overlap_dia_6b_rep1_604to616.dia:2589.399:IPHEPVINSSNVHVGSR+3	1	60362	8.508533	0.72690886	0.9371418	0.673278	0.47022855	0.72304857	0.22221927	12.0	4.0	0.21585685	0.0	10.0	1.0	0.0	6.752191	4.0	0.031522274	0.48254475	0.0	1.0	0.0	1.0	2.4271698	10.0	0.47890252	0	17	0	0	1	0	614.6587406947141	1840.9543926837034	43.15665	-.IPHEPVINSSNVHVGSR.-	sp|Q14966-2|ZN638_HUMAN;sp|Q14966-3|ZN638_HUMAN;sp|Q14966-4|ZN638_HUMAN;sp|Q14966|ZN638_HUMAN
2017dec27_overlap_dia_6b_rep1_604to616.dia:2589.399:LSNLALVKPEK+2	1	60362	8.539002	1.3116205	1.5410357	0.7222113	0.5137484	0.95545703	0.4648687	12.0	2.0	1.499924	0.98782545	3.5105946	0.0	3.0	8.164441	8.0	2.7358813	0.6481201	0.8571148	1.0	1.0	10.0	0.5380249	0.51744294	0.8051646	0	11	0	1	0	0	606.3715378086648	1210.7285226837039	43.15665	-.LSNLALVKPEK.-	sp|O14737-2|PDCD5_HUMAN;sp|O14737|PDCD5_HUMAN
2017dec27_overlap_dia_6b_rep1_604to616.dia:2589.399:decoyALELQMPSPRVGEGAQR+3	-1	60362	6.223197	0.46822828	0.7308412	0.4607163	0.30481488	-0.1574593	0.5983675	10.0	2.0	1.7500591	0.0	10.0	1.0	0.0	6.114096	4.0	-1.5055285	0.0	0.0	0.0	0.0	0.0	8.78133	10.0	1.0552998	1	17	0	0	1	0	613.6562323613805	1837.9468676837027	43.15665	-.ALELQMPSPRVGEGAQR.-	DECOY_sp|O00764-2|PDXK_HUMAN;DECOY_sp|O00764-3|PDXK_HUMAN;DECOY_sp|O00764|PDXK_HUMAN
2017dec27_overlap_dia_6b_rep1_604to616.dia:2589.399:decoyKIIC[+57.0214635]YPVGMK+2	-1	60362	3.5868163	0.66120905	1.1086998	0.7662767	0.55578566	1.1874055	0.28971398	7.0	2.0	2.0423913	0.0	10.0	1.0	0.0	7.541415	4.0	-2.0487056	0.0	0.0	0.0	0.0	0.0	7.836235	10.0	1.3476319	1	10	0	1	0	0	604.8301335586647	1207.6457141837036	43.15665	-.KIIC[+57.0214635]YPVGMK.-	DECOY_sp|P62424|RL7A_HUMAN
2017dec27_overlap_dia_6b_rep1_604to616.dia:2589.399:decoyYNLSVSPAFTK+2	-1	60362	5.3877573	0.32530743	0.6539116	0.6729671	0.46996093	0.7216355	0.25974444	9.0	1.0	1.4503686	0.0	10.0	1.0	0.0	7.247016	5.0	-0.8176284	0.0	0.0	0.0	0.0	0.0	13.213654	10.0	0.7556093	0	11	0	1	0	0	613.8244163086645	1225.6342796837032	43.15665	-.YNLSVSPAFTK.-	DECOY_sp|Q9NR12-3|PDLI7_HUMAN;DECOY_sp|Q9NR12-4|PDLI7_HUMAN;DECOY_sp|Q9NR12-5|PDLI7_HUMAN;DECOY_sp|Q9NR12-6|PDLI7_HUMAN;DECOY_sp|Q9NR12|PDLI7_HUMAN
2017dec27_overlap_dia_6b_rep1_604to616.dia:2593.5105:VEEVGPYTYR+2	1	60466	7.5682445	1.7044678	1.8977367	0.927018	0.7552738	2.54176	0.14529243	11.0	1.0	-0.07535933	0.97762823	2.9037046	0.0	2.0	8.533952	9.0	1.1771522	0.84129447	0.9494635	1.0	1.0	10.0	0.076358795	0.08944702	0.7701187	0	10	0	1	0	0	606.7983948086647	1211.5822366837037	43.225174	-.VEEVGPYTYR.-	sp|Q14108-2|SCRB2_HUMAN;sp|Q14108|SCRB2_HUMAN
2017dec27_overlap_dia_6b_rep1_604to616.dia:2593.5105:decoyGILDQNGDLKR+2	-1	60466	3.61154	0.51752883	1.0598166	0.81116545	0.60233283	1.4576008	0.10703635	7.0	2.0	-0.4010805	0.0	10.0	1.0	0.0	6.9910984	5.0	-1.3045664	0.8222627	0.0	0.0	0.0	3.0	7.2336082	10.0	1.0958399	1	11	0	1	0	0	614.8358513086646	1227.6571496837034	43.225174	-.GILDQNGDLKR.-	DECOY_sp|P48735-2|IDHP_HUMAN;DECOY_sp|P48735|IDHP_HUMAN
2017dec27_overlap_dia_6b_rep1_604to616.dia:2593.5105:decoyLMSHLQEPTR+2	-1	60466	3.3897958	0.73604894	0.9667894	0.48681635	0.3236838	-0.052746832	0.5010926	7.0	1.0	-0.61090124	0.7350863	-0.03776009	0.4885695	1.0	7.152098	4.0	-0.5190973	0.7142617	0.17667234	0.0	1.0	0.0	6.5883255	3.0309117	1.3056606	0	10	0	1	0	0	606.3136978086646	1210.6128426837035	43.225174	-.LMSHLQEPTR.-	DECOY_sp|Q9Y2R0|COA3_HUMAN
2017dec27_overlap_dia_6b_rep1_604to616.dia:2595.5447:decoyLIEAGTSNPC[+57.0214635]R+2	-1	60518	1.0229943	0.19101894	0.34457543	0.43932202	0.28956258	-0.24391405	0.39533567	4.0	0.0	-0.7334211	0.0	10.0	1.0	0.0	5.9090385	3.0	-3.0	0.87146056	0.14390764	1.0	1.0	3.0	9.21608	10.0	1.4281805	0	11	0	1	0	0	609.3007870586646	1216.5870211837034	43.25908	-.LIEAGTSNPC[+57.0214635]R.-	DECOY_sp|P35998-2|PRS7_HUMAN;DECOY_sp|P35998|PRS7_HUMAN
2017dec27_overlap_dia_6b_rep1_604to616.dia:2599.6814:ASENGHYELEHLSTPK+3	1	60622	6.321951	0.45227006	0.64317966	0.57834554	0.39260292	0.31598535	0.5760144	10.0	4.0	2.4716775	0.3486867	-7.335308	1.0	1.0	6.4682627	4.0	-0.014556885	0.8533321	0.0	1.0	0.0	3.0	5.2546387	10.34826	1.7769182	0	16	0	0	1	0	604.6234706947141	1810.8485826837036	43.328022	-.ASENGHYELEHLSTPK.-	sp|O95149|SPN1_HUMAN
2017dec27_overlap_dia_6b_rep1_604to616.dia:2601.7664:FQVSVAADGAQK+2	1	60674	8.572002	0.9975081	1.7039113	0.779228	0.56877714	1.261173	0.37496653	12.0	1.0	1.5692973	0.81903154	8.775508	0.0	1.0	8.257227	8.0	0.95105505	0.8035706	0.7705364	1.0	1.0	5.0	0.020282745	5.762556	0.87453794	0	12	0	1	0	0	610.8171278086646	1219.6197026837035	43.362774	-.FQVSVAADGAQK.-	sp|Q9H4A3-2|WNK1_HUMAN;sp|Q9H4A3-4|WNK1_HUMAN;sp|Q9H4A3-5|WNK1_HUMAN;sp|Q9H4A3-6|WNK1_HUMAN;sp|Q9H4A3-7|WNK1_HUMAN;sp|Q9H4A3|WNK1_HUMAN
2017dec27_overlap_dia_6b_rep1_604to616.dia:2601.7664:KQLQAIEFNK+2	1	60674	4.5636187	0.7853687	1.1151404	0.9080256	0.7248213	2.2897625	0.09204671	8.0	2.0	1.4701006	0.0	10.0	1.0	0.0	7.8357654	5.0	-1.343092	0.90850097	0.0	1.0	0.0	3.0	3.8414154	10.0	0.7753413	1	10	0	1	0	0	609.8456878086647	1217.6768226837037	43.362774	-.KQLQAIEFNK.-	sp|O76094-2|SRP72_HUMAN;sp|O76094|SRP72_HUMAN
2017dec27_overlap_dia_6b_rep1_604to616.dia:2603.8347:IASPEGQDYLK+2	1	60726	9.757716	1.6123161	2.0998242	0.9192535	0.7424133	2.4322476	0.16000275	13.0	1.0	-1.3746783	0.9954648	2.1990237	0.0	3.0	8.662484	10.0	4.233439	0.62831056	0.9678654	1.0	1.0	11.0	0.17330551	0.8139281	2.0694375	0	11	0	1	0	0	610.8115063086647	1219.6084596837036	43.397243	-.IASPEGQDYLK.-	sp|Q9Y3I0|RTCB_HUMAN
2017dec27_overlap_dia_6b_rep1_604to616.dia:2603.8347:QARPGPQSPGSPLEEER+3	1	60726	9.695044	0.90685564	1.0481502	0.7957242	0.585819	1.3597817	0.26518026	13.0	5.0	-1.922035	0.64772743	-4.9454823	1.0	1.0	6.8580832	7.0	3.254315	0.7758105	0.0	1.0	0.0	3.0	0.14157867	7.958434	2.6167943	0	17	0	0	1	0	612.3062563613809	1833.896939683704	43.397243	-.QARPGPQSPGSPLEEER.-	sp|A6NI72|NCF1B_HUMAN;sp|A8MVU1|NCF1C_HUMAN;sp|P14598|NCF1_HUMAN
2017dec27_overlap_dia_6b_rep1_604to616.dia:2603.8347:decoyAGVNEQFAASAR+2	-1	60726	4.412362	0.5119541	0.91419375	0.6409754	0.44293994	0.5796002	0.31957883	8.0	1.0	0.1289547	0.5637246	-8.059943	1.0	2.0	7.1572423	4.0	-2.1692867	0.8404206	0.0	1.0	0.0	3.0	7.3669434	11.072895	0.56580466	0	12	0	1	0	0	610.8045513086646	1219.5945496837035	43.397243	-.AGVNEQFAASAR.-	DECOY_sp|Q9BTW9-4|TBCD_HUMAN;DECOY_sp|Q9BTW9-5|TBCD_HUMAN;DECOY_sp|Q9BTW9|TBCD_HUMAN
2017dec27_overlap_dia_6b_rep1_604to616.dia:2603.8347:decoyEEYPAFGC[+57.0214635]VR+2	-1	60726	3.2564387	0.40175825	0.9125507	0.35810307	0.23315275	-0.58360696	0.8133615	7.0	0.0	-0.086572975	0.2295513	8.300216	1.0	1.0	6.9180846	5.0	-1.3932042	0.0	0.0	0.0	0.0	0.0	3.418644	5.287264	0.7813324	0	10	0	1	0	0	614.2767765586647	1226.5390001837036	43.397243	-.EEYPAFGC[+57.0214635]VR.-	DECOY_sp|Q9Y3U8|RL36_HUMAN
2017dec27_overlap_dia_6b_rep1_604to616.dia:2603.8347:decoyVEAQEFAEMR+2	-1	60726	6.2482986	0.5682677	1.0430081	0.4881294	0.32464123	-0.047491368	0.6510653	10.0	1.0	-1.6328988	0.0	10.0	1.0	0.0	7.8413506	5.0	1.1611109	0.8394797	0.20340428	0.0	1.0	3.0	0.29743195	10.0	2.3276582	0	10	0	1	0	0	605.2820633086645	1208.5495736837033	43.397243	-.VEAQEFAEMR.-	DECOY_sp|P12694-2|ODBA_HUMAN;DECOY_sp|P12694|ODBA_HUMAN
2017dec27_overlap_dia_6b_rep1_604to616.dia:2605.9285:IYGAGQPFAER+2	1	60778	4.3368206	0.95611924	1.5219287	0.5386417	0.36212468	0.15487555	0.26377168	8.0	0.0	1.6729519	0.81033343	0.26839042	0.0	1.0	7.44067	5.0	-2.7637	0.8413607	0.8162547	0.0	1.0	4.0	1.8804703	2.7445614	0.97819257	0	11	0	1	0	0	604.8065588086647	1207.5985646837037	43.43214	-.IYGAGQPFAER.-	sp|P54098|DPOG1_HUMAN
2017dec27_overlap_dia_6b_rep1_604to616.dia:2605.9285:decoyGVAATPHTTAGLK+2	-1	60778	7.4688306	0.9163877	1.4252653	0.7373514	0.5278476	1.0322477	0.12754418	11.0	2.0	0.99997604	0.0	10.0	1.0	0.0	7.711204	7.0	-1.8132741	0.48391783	0.0	0.0	0.0	0.0	13.424469	10.0	0.30521667	0	13	0	1	0	0	612.3407708086645	1222.6669886837033	43.43214	-.GVAATPHTTAGLK.-	DECOY_sp|P52789|HXK2_HUMAN
2017dec27_overlap_dia_6b_rep1_604to616.dia:2608.0151:EVVVAESELQK+2	1	60830	5.465002	1.0829067	1.4975783	0.8039674	0.59456277	1.4112779	0.35002118	9.0	0.0	1.6774	0.89032274	-1.1507326	0.0	3.0	7.381876	6.0	-1.4693046	0.8478878	0.65789294	1.0	1.0	5.0	0.083660126	4.1834855	0.9826406	0	11	0	1	0	0	615.8324428086647	1229.6503326837037	43.46692	-.EVVVAESELQK.-	sp|Q9BVM2|DPCD_HUMAN
2017dec27_overlap_dia_6b_rep1_604to616.dia:2608.0151:GSISSTSEVHSPPNVGLR+3	1	60830	10.831656	1.1270537	1.3502127	0.7784802	0.56801814	1.2568314	0.2901702	14.0	4.0	-0.6319314	0.0	10.0	1.0	0.0	6.8706064	5.0	2.4008265	0.0	0.0	0.0	0.0	0.0	0.22912979	10.0	1.3266908	0	18	0	0	1	0	608.6463893613808	1822.9173386837035	43.46692	-.GSISSTSEVHSPPNVGLR.-	sp|Q8WWQ0|PHIP_HUMAN
2017dec27_overlap_dia_6b_rep1_604to616.dia:2608.0151:KLSSQLEEER+2	1	60830	4.54223	1.1313285	1.451346	0.8643892	0.6645892	1.852234	0.0764626	8.0	1.0	-1.5364978	0.83266014	9.277041	0.0	1.0	7.698951	6.0	-0.69837	0.6880818	0.18239295	0.0	1.0	3.0	13.459248	6.2442884	2.2312572	1	10	0	1	0	0	609.8198663086647	1217.6251796837037	43.46692	-.KLSSQLEEER.-	sp|Q9P2B4|CT2NL_HUMAN
2017dec27_overlap_dia_6b_rep1_604to616.dia:2608.0151:decoyDYSTIHSEFK+2	-1	60830	3.4993541	0.6845651	1.1019797	0.6265034	0.43102914	0.51724535	0.43009207	7.0	1.0	1.6678967	0.3145533	-8.939988	1.0	1.0	7.167064	6.0	-0.6122532	0.0	0.0	0.0	0.0	0.0	1.6603775	11.972741	0.9731374	0	10	0	1	0	0	613.7880308086645	1225.5615086837033	43.46692	-.DYSTIHSEFK.-	DECOY_sp|B5ME19|EIFCL_HUMAN;DECOY_sp|Q99613-2|EIF3C_HUMAN;DECOY_sp|Q99613|EIF3C_HUMAN
2017dec27_overlap_dia_6b_rep1_604to616.dia:2608.0151:decoyHQVC[+57.0214635]WSELR+2	-1	60830	4.241903	0.948446	1.0558344	0.43289465	0.28501558	-0.27005073	0.92931056	8.0	0.0	-1.576817	0.0	10.0	1.0	0.0	7.590366	6.0	-0.82760334	0.0	0.0	0.0	0.0	0.0	6.544014	10.0	2.2715764	0	9	0	1	0	0	607.7903895586644	1213.566226183703	43.46692	-.HQVC[+57.0214635]WSELR.-	DECOY_sp|Q9Y6M9|NDUB9_HUMAN
2017dec27_overlap_dia_6b_rep1_604to616.dia:2608.0151:decoyNAMEYQADLR+2	-1	60830	5.2288094	0.56913006	0.9179076	0.46670893	0.30912083	-0.13336165	0.6624354	9.0	0.0	-1.8686883	0.0	10.0	1.0	0.0	7.528388	6.0	-0.6845465	0.0	0.0	0.0	0.0	0.0	2.1484146	10.0	2.5634477	0	10	0	1	0	0	605.7796833086645	1209.5448136837033	43.46692	-.NAMEYQADLR.-	DECOY_sp|Q7L4I2-2|RSRC2_HUMAN;DECOY_sp|Q7L4I2|RSRC2_HUMAN
2017dec27_overlap_dia_6b_rep1_604to616.dia:2608.0151:decoyQPQGGATFNAAR+2	-1	60830	5.3891582	0.6207252	1.1771935	0.67514175	0.47183514	0.7315337	0.22364466	9.0	1.0	-1.3058121	0.9325123	-5.288696	0.0	3.0	7.3434033	5.0	-0.943017	0.5985068	0.78162783	1.0	1.0	3.0	13.015387	8.321449	2.0005715	0	12	0	1	0	0	609.3047193086645	1216.5948856837033	43.46692	-.QPQGGATFNAAR.-	DECOY_sp|Q6RFH5-2|WDR74_HUMAN;DECOY_sp|Q6RFH5|WDR74_HUMAN
2017dec27_overlap_dia_6b_rep1_604to616.dia:2612.154:decoyAPEEAPLGPDSK+2	-1	60934	4.426848	0.7123733	1.0946962	0.66271544	0.4611922	0.67541873	0.54116696	8.0	1.0	-0.485977	0.0	10.0	1.0	0.0	7.024606	5.0	-0.8749323	0.0	0.0	0.0	0.0	0.0	6.353321	10.0	1.1807363	0	12	0	1	0	0	605.8011428086646	1209.5877326837035	43.5359	-.APEEAPLGPDSK.-	DECOY_sp|P27708|PYR1_HUMAN
2017dec27_overlap_dia_6b_rep1_604to616.dia:2612.154:decoyDPDQSVYMFK+2	-1	60934	2.622684	0.5336594	0.71764976	0.5825743	0.395909	0.3333502	0.544532	6.0	0.0	-0.21192282	0.80432564	-2.3919787	0.0	1.0	6.912716	3.0	-2.313159	0.5156327	0.46969447	0.0	1.0	0.0	6.7876015	5.4247317	0.9066822	0	10	0	1	0	0	615.2789848086646	1228.5434166837035	43.5359	-.DPDQSVYMFK.-	DECOY_sp|P55084-2|ECHB_HUMAN;DECOY_sp|P55084|ECHB_HUMAN
2017dec27_overlap_dia_6b_rep1_604to616.dia:2612.154:decoyIEAFPQGAGYR+2	-1	60934	5.258363	0.57263607	0.85506123	0.4995735	0.3330199	-0.0017060877	0.51423585	9.0	0.0	-1.2750788	0.0	10.0	1.0	0.0	7.480759	5.0	0.05451107	0.77234393	0.19989167	0.0	1.0	0.0	1.7767105	10.0	1.9698381	0	11	0	1	0	0	604.8065588086646	1207.5985646837034	43.5359	-.IEAFPQGAGYR.-	DECOY_sp|P54098|DPOG1_HUMAN
2017dec27_overlap_dia_6b_rep1_604to616.dia:2612.154:decoyKQTEYEFIR+2	-1	60934	5.4286776	0.6792797	1.1476017	0.7394591	0.52983737	1.0431591	0.36611786	9.0	1.0	-1.526366	0.0	10.0	1.0	0.0	8.102751	5.0	0.19979382	0.49309862	0.0	0.0	0.0	3.0	7.876293	10.0	2.2211254	1	9	0	1	0	0	607.3142163086646	1212.6138796837035	43.5359	-.KQTEYEFIR.-	DECOY_sp|P50402|EMD_HUMAN
2017dec27_overlap_dia_6b_rep1_604to616.dia:2612.154:decoyTIQAEIDEHR+2	-1	60934	4.3982043	0.57051265	0.86568874	0.6204169	0.4260732	0.49131808	0.4625816	8.0	3.0	-2.161725	0.0	10.0	1.0	0.0	7.640371	5.0	-1.555294	0.54233176	-0.031159757	1.0	1.0	2.0	10.347626	10.0	2.8564844	0	10	0	1	0	0	606.3043843086646	1210.5942156837034	43.5359	-.TIQAEIDEHR.-	DECOY_sp|O75533-2|SF3B1_HUMAN;DECOY_sp|O75533|SF3B1_HUMAN
2017dec27_overlap_dia_6b_rep1_604to616.dia:2614.248:EALQEQLDER+2	1	60986	7.3579597	0.53252333	0.87449425	0.57122	0.3870594	0.2868304	0.53134745	11.0	0.0	-2.007972	0.0	10.0	1.0	0.0	7.613321	6.0	0.7207236	0.87506837	0.0	0.0	0.0	3.0	4.367256	10.0	2.7027314	0	10	0	1	0	0	615.8016743086647	1229.5887956837037	43.5708	-.EALQEQLDER.-	sp|Q13439-3|GOGA4_HUMAN;sp|Q13439-4|GOGA4_HUMAN;sp|Q13439-5|GOGA4_HUMAN;sp|Q13439|GOGA4_HUMAN
2017dec27_overlap_dia_6b_rep1_604to616.dia:2614.248:decoyLSVKDHEYDTFVAYR+3	-1	60986	6.354854	0.50940686	0.7968358	0.62386477	0.42887682	0.5059849	0.24026054	10.0	2.0	-0.4113856	0.0	10.0	1.0	0.0	6.719673	4.0	-0.507606	0.7812034	0.17884995	0.0	1.0	2.0	7.4748993	10.0	1.1061449	1	15	0	0	1	0	614.9722086947141	1841.8947966837038	43.5708	-.LSVKDHEYDTFVAYR.-	DECOY_sp|Q8TCS8|PNPT1_HUMAN
2017dec27_overlap_dia_6b_rep1_604to616.dia:2616.3008:AQDSAQLSELR+2	1	61038	5.5370655	0.8050569	0.9556888	0.94907886	0.7959651	2.9252136	0.08505847	9.0	1.0	0.16110884	0.5578048	-2.345909	1.0	3.0	7.710244	6.0	-0.2703948	0.0	0.0	0.0	0.0	0.0	0.14474106	5.3984623	0.5217196	0	11	0	1	0	0	609.3096663086646	1216.6047796837036	43.605015	-.AQDSAQLSELR.-	sp|Q8N3T6|T132C_HUMAN
2017dec27_overlap_dia_6b_rep1_604to616.dia:2616.3008:HFLEAIENNK+2	1	61038	13.26057	0.96457756	1.3502983	0.8708629	0.67287856	1.90861	0.22289826	16.0	0.0	-1.9100804	0.81468964	1.3312547	0.0	1.0	8.589494	8.0	4.5773315	0.85600483	0.8719422	1.0	1.0	7.0	0.028446198	1.7212985	2.5929089	0	10	0	1	0	0	607.8118443086647	1213.6091356837037	43.605015	-.HFLEAIENNK.-	sp|Q8WU90|ZC3HF_HUMAN
2017dec27_overlap_dia_6b_rep1_604to616.dia:2616.3008:LENDQIESLR+2	1	61038	10.924882	1.8318278	2.2702723	0.9648793	0.83077824	3.3132114	0.07011558	14.0	4.0	1.1742444	0.9780357	5.0071363	0.09416587	2.0	9.064231	9.0	3.783546	0.9276425	0.944464	1.0	1.0	12.0	0.14474106	1.9545832	0.49141598	0	10	0	1	0	0	608.8120413086647	1215.6095296837036	43.605015	-.LENDQIESLR.-	sp|P56192|SYMC_HUMAN
2017dec27_overlap_dia_6b_rep1_604to616.dia:2616.3008:METFSPAVGNR+2	1	61038	2.7036219	0.3945703	0.6685891	0.70192236	0.49534935	0.85646874	0.3284187	6.0	0.0	2.1172793	0.5245993	9.806168	1.0	1.0	6.60719	3.0	-1.2063394	0.8492923	0.0	1.0	0.0	4.0	1.124588	6.7536144	1.4344509	0	11	0	1	0	0	604.7900553086647	1207.5655576837037	43.605015	-.METFSPAVGNR.-	sp|Q7Z4H7-3|HAUS6_HUMAN;sp|Q7Z4H7|HAUS6_HUMAN
2017dec27_overlap_dia_6b_rep1_604to616.dia:2616.3008:decoyDSSPIQLAPKGALNESGR+3	-1	61038	7.1224446	0.3296758	0.57555425	0.33211485	0.21552432	-0.69863546	0.8481726	11.0	1.0	0.5913186	0.0	10.0	1.0	0.0	6.029741	5.0	0.30013132	0.0	0.0	0.0	0.0	0.0	6.638134	10.0	0.09150982	1	18	0	0	1	0	613.9901563613806	1838.948639683703	43.605015	-.DSSPIQLAPKGALNESGR.-	DECOY_sp|Q8TF74|WIPF2_HUMAN
2017dec27_overlap_dia_6b_rep1_604to616.dia:2616.3008:decoyEATYGALETVR+2	-1	61038	5.3503695	1.2409245	1.5054084	0.61745596	0.42367327	0.47876394	0.30437648	9.0	1.0	0.93657863	0.0	10.0	1.0	0.0	7.925227	6.0	-0.27374744	0.0	0.0	0.0	0.0	0.0	1.5909958	10.0	0.2537502	0	11	0	1	0	0	605.3091313086645	1208.6037096837033	43.605015	-.EATYGALETVR.-	DECOY_sp|P33897|ABCD1_HUMAN;DECOY_sp|Q9UBJ2|ABCD2_HUMAN
2017dec27_overlap_dia_6b_rep1_604to616.dia:2616.3008:decoyHVEMYEQER+2	-1	61038	3.4110668	0.38174173	0.44226128	0.5112533	0.3416372	0.045020778	0.6835247	7.0	1.0	2.9124312	0.23174731	1.2064266	1.0	1.0	7.204063	4.0	-2.1325002	0.68073195	0.0	0.0	0.0	3.0	13.466152	1.8461266	2.2296028	0	9	0	1	0	0	610.7718583086646	1219.5291636837035	43.605015	-.HVEMYEQER.-	DECOY_sp|Q15363|TMED2_HUMAN
2017dec27_overlap_dia_6b_rep1_604to616.dia:2616.3008:decoyLVVSSQGNYSR+2	-1	61038	4.2592573	0.3604665	0.53579646	0.4505431	0.2975393	-0.19847654	0.4802221	8.0	1.0	3.269391	0.0	10.0	1.0	0.0	6.8514433	4.0	-1.0525126	0.0	0.0	0.0	0.0	0.0	6.563534	10.0	2.5865626	0	11	0	1	0	0	605.3147468086646	1208.6149406837035	43.605015	-.LVVSSQGNYSR.-	DECOY_sp|Q8IZ73-2|RUSD2_HUMAN;DECOY_sp|Q8IZ73|RUSD2_HUMAN
2017dec27_overlap_dia_6b_rep1_604to616.dia:2616.3008:decoyNNWGQLNDQK+2	-1	61038	4.4027505	0.5129772	0.891992	0.6269455	0.4313903	0.51913506	0.40950903	8.0	0.0	1.3659767	0.0	10.0	1.0	0.0	6.909419	5.0	-1.5985961	0.0	0.0	0.0	0.0	0.0	7.375847	10.0	0.68314826	0	10	0	1	0	0	608.7889008086646	1215.5632486837035	43.605015	-.NNWGQLNDQK.-	DECOY_sp|P30085-2|KCY_HUMAN;DECOY_sp|P30085|KCY_HUMAN
2017dec27_overlap_dia_6b_rep1_604to616.dia:2620.5098:decoyTGYSLTPGEER+2	-1	61142	6.1702433	0.31014776	0.8235791	0.40783042	0.26742917	-0.3729416	0.78819305	10.0	1.0	2.6619847	0.19584613	-8.88909	1.0	1.0	7.6254406	5.0	-0.023190022	0.46949604	0.7879149	0.0	1.0	0.0	4.276104	11.961443	1.9791563	0	11	0	1	0	0	605.2909383086647	1208.5673236837038	43.675163	-.TGYSLTPGEER.-	DECOY_sp|P43243|MATR3_HUMAN
2017dec27_overlap_dia_6b_rep1_604to616.dia:2620.5098:decoyVMGTPVSGTFSK+2	-1	61142	5.1832905	0.415929	0.81666833	0.42026892	0.27612853	-0.32166958	0.79033774	9.0	1.0	4.7189865	0.0	10.0	1.0	0.0	7.320037	6.0	-1.5599585	0.0	0.0	0.0	0.0	0.0	7.574497	10.0	4.036158	0	12	0	1	0	0	605.8104568086646	1209.6063606837035	43.675163	-.VMGTPVSGTFSK.-	DECOY_sp|P49189-2|AL9A1_HUMAN;DECOY_sp|P49189|AL9A1_HUMAN
2017dec27_overlap_dia_6b_rep1_604to616.dia:2620.5098:decoyWHNESPLSNK+2	-1	61142	4.259542	0.5845636	0.8459501	0.45083886	0.29775023	-0.19728193	0.8311349	8.0	0.0	-1.3003969	0.0	10.0	1.0	0.0	7.3179536	5.0	-0.66570854	0.36069384	-0.05380785	0.0	1.0	5.0	12.370886	10.0	1.9832253	0	10	0	1	0	0	606.2938183086646	1210.5730836837035	43.675163	-.WHNESPLSNK.-	DECOY_sp|Q15785|TOM34_HUMAN
2017dec27_overlap_dia_6b_rep1_604to616.dia:2624.6538:DEQEHEFYK+2	1	61246	2.6849456	0.5397255	0.7100823	0.6723772	0.4694534	0.7189567	0.28003436	6.0	1.0	3.185576	0.612165	-0.4523255	1.0	3.0	6.9952335	4.0	-2.4331326	0.7044206	0.6480685	0.0	1.0	1.0	13.736557	3.524679	2.5027475	0	9	0	1	0	0	612.7620133086648	1223.5094736837038	43.74423	-.DEQEHEFYK.-	sp|P43686-2|PRS6B_HUMAN;sp|P43686|PRS6B_HUMAN
2017dec27_overlap_dia_6b_rep1_604to616.dia:2624.6538:NDNDSWDYTKPYLGR+3	1	61246	6.500846	0.5493626	0.5317661	0.8731376	0.6758369	1.9289901	0.08385148	10.0	1.0	0.5020226	0.0	10.0	1.0	0.0	6.423563	4.0	-1.2474699	0.48374382	0.0	0.0	0.0	0.0	10.364044	10.0	0.1808058	0	15	0	0	1	0	615.2797010280474	1842.8172736837034	43.74423	-.NDNDSWDYTKPYLGR.-	sp|Q8WVV9-2|HNRLL_HUMAN;sp|Q8WVV9-3|HNRLL_HUMAN;sp|Q8WVV9-4|HNRLL_HUMAN;sp|Q8WVV9-5|HNRLL_HUMAN;sp|Q8WVV9|HNRLL_HUMAN
2017dec27_overlap_dia_6b_rep1_604to616.dia:2624.6538:decoyFSDYSEYPGR+2	-1	61246	3.2300844	0.4873337	0.6738725	0.3370184	0.2188369	-0.6766098	0.8932016	7.0	0.0	2.8827984	0.0	10.0	1.0	0.0	6.9691586	5.0	-0.20876074	0.22468847	0.0	1.0	0.0	5.0	0.8006172	10.0	2.19997	0	10	0	1	0	0	610.7645513086646	1219.5145496837035	43.74423	-.FSDYSEYPGR.-	DECOY_sp|Q5BKZ1|ZN326_HUMAN
2017dec27_overlap_dia_6b_rep1_604to616.dia:2626.7678:C[+57.0214635]TPAC[+57.0214635]ISLGSR+2	1	61298	9.770891	1.2122914	1.4566908	0.94756734	0.7929324	2.8943684	0.103092186	13.0	0.0	-2.2092834	0.0	10.0	1.0	0.0	8.159927	9.0	1.8882184	0.9147348	0.06968938	1.0	1.0	8.0	0.035453796	10.0	2.8921118	0	11	0	1	0	0	611.2893653086647	1220.5641776837037	43.779465	-.C[+57.0214635]TPAC[+57.0214635]ISLGSR.-	sp|O95757|HS74L_HUMAN
2017dec27_overlap_dia_6b_rep1_604to616.dia:2628.857:LKEENFFGPK+2	1	61350	6.4618635	0.8097556	1.2269223	0.79817843	0.5884056	1.3749483	0.2844026	10.0	0.0	-3.671227	0.95156634	-4.1621118	0.0	2.0	8.057321	8.0	0.27023458	0.8892598	0.93411314	1.0	1.0	8.0	0.2400322	7.2542653	4.3540554	1	10	0	1	0	0	604.8191383086647	1207.6237236837037	43.81428	-.LKEENFFGPK.-	sp|Q9NZI8-2|IF2B1_HUMAN;sp|Q9NZI8|IF2B1_HUMAN
2017dec27_overlap_dia_6b_rep1_604to616.dia:2630.9412:IWDPTPSHTPAGAATPGR+3	1	61402	21.024841	2.442596	2.4414139	0.9420532	0.78221416	2.7885363	0.05472726	22.0	17.0	-1.8776163	0.99725264	4.706708	0.0	3.0	8.528417	11.0	10.4765215	0.9389251	0.91985005	1.0	1.0	20.0	0.106781006	1.6145544	2.5604448	0	18	0	0	1	0	611.3077093613807	1830.9012986837035	43.84902	-.IWDPTPSHTPAGAATPGR.-	sp|O75533|SF3B1_HUMAN
2017dec27_overlap_dia_6b_rep1_604to616.dia:2635.2007:KVSQPIEGHAASFAQFK+3	1	61507	18.31638	1.3888093	1.4187723	0.8516404	0.6487838	1.7475253	0.14294654	20.0	11.0	-1.8735135	0.92620975	0.62363946	0.0	2.0	8.113955	8.0	1.2700596	0.8511638	0.800552	0.0	1.0	9.0	0.28502655	2.468514	2.556342	1	17	0	0	1	0	615.6599710280476	1843.9580836837042	43.92001	-.KVSQPIEGHAASFAQFK.-	sp|Q00610-2|CLH1_HUMAN;sp|Q00610|CLH1_HUMAN
2017dec27_overlap_dia_6b_rep1_604to616.dia:2635.2007:MATGIEDSELR+2	1	61507	10.874598	1.1541702	1.3792369	0.85938746	0.6583097	1.8102117	0.21441841	14.0	0.0	-3.0371733	0.0	10.0	1.0	0.0	8.391809	9.0	4.0119424	0.8353435	0.623379	1.0	1.0	7.0	0.105091095	10.0	3.7200017	0	11	0	1	0	0	611.2926278086646	1220.5707026837035	43.92001	-.MATGIEDSELR.-	sp|Q13619-2|CUL4A_HUMAN;sp|Q13619|CUL4A_HUMAN
2017dec27_overlap_dia_6b_rep1_604to616.dia:2635.2007:NGPALQEAYVR+2	1	61507	9.769517	1.5000871	2.0334067	0.94457376	0.7870491	2.8356807	0.03953858	13.0	0.0	-4.5157347	0.99981266	-0.387563	0.0	3.0	8.472773	8.0	2.1712074	0.9084856	0.69603556	1.0	1.0	10.0	0.073970795	3.4797165	5.198563	0	11	0	1	0	0	609.3172903086647	1216.6200276837037	43.92001	-.NGPALQEAYVR.-	sp|Q9UJU6-2|DBNL_HUMAN;sp|Q9UJU6-3|DBNL_HUMAN;sp|Q9UJU6-6|DBNL_HUMAN;sp|Q9UJU6|DBNL_HUMAN
2017dec27_overlap_dia_6b_rep1_604to616.dia:2635.2007:decoyKEEELQSSLR+2	-1	61507	5.5292454	1.0542285	1.5257124	0.93214214	0.7641249	2.62007	0.10531829	9.0	1.0	-0.5507215	0.47341028	-2.065588	1.0	3.0	7.942002	6.0	-1.4647131	0.9001173	0.7455187	1.0	1.0	6.0	13.912338	5.1577415	1.23355	1	10	0	1	0	0	609.8198663086646	1217.6251796837034	43.92001	-.KEEELQSSLR.-	DECOY_sp|Q9P2B4|CT2NL_HUMAN
2017dec27_overlap_dia_6b_rep1_604to616.dia:2637.262:MGELASESQGSK+2	1	61559	2.6837568	0.39207613	0.98173875	0.67053914	0.46787435	0.7106245	0.22381362	6.0	0.0	-1.4108522	0.0	10.0	1.0	0.0	6.666706	5.0	-2.582693	0.0	0.0	0.0	0.0	0.0	13.946693	10.0	2.0936806	0	12	0	1	0	0	612.2822598086648	1222.5499666837038	43.954365	-.MGELASESQGSK.-	sp|Q9UQB8-2|BAIP2_HUMAN;sp|Q9UQB8-3|BAIP2_HUMAN;sp|Q9UQB8-4|BAIP2_HUMAN;sp|Q9UQB8-5|BAIP2_HUMAN;sp|Q9UQB8-6|BAIP2_HUMAN;sp|Q9UQB8|BAIP2_HUMAN
2017dec27_overlap_dia_6b_rep1_604to616.dia:2641.46:EANALAAGHPAQAVAINAR+3	1	61663	6.104031	0.6615255	0.9663618	0.3501609	0.22774619	-0.6183321	0.65929544	10.0	3.0	-0.11511868	0.93564636	-0.5776712	0.0	2.0	6.2773805	4.0	-1.4493589	0.91792977	0.47164872	1.0	1.0	8.0	0.14125061	3.6896248	0.7860157	0	19	0	0	1	0	615.662374694714	1843.9652946837034	44.024334	-.EANALAAGHPAQAVAINAR.-	sp|O15020-2|SPTN2_HUMAN;sp|O15020|SPTN2_HUMAN
2017dec27_overlap_dia_6b_rep1_604to616.dia:2641.46:EGMALEDYQR+2	1	61663	5.4512305	0.8248133	1.0750624	0.77887374	0.56841743	1.2591151	0.15690139	9.0	0.0	-1.8538592	0.22782968	-4.3864336	1.0	1.0	7.8240304	6.0	-1.1017413	0.90612644	0.0	1.0	0.0	4.0	0.17069626	7.4983873	2.5247562	0	10	0	1	0	0	606.2716913086647	1210.5288296837036	44.024334	-.EGMALEDYQR.-	sp|Q53GS7-2|GLE1_HUMAN;sp|Q53GS7|GLE1_HUMAN
2017dec27_overlap_dia_6b_rep1_604to616.dia:2641.46:IQAVIDSGVC[+57.0214635]R+2	1	61663	7.580971	2.0678473	2.3829176	0.95458454	0.8074008	3.0454235	0.07762781	11.0	0.0	-1.2545308	0.9956531	3.9155862	0.0	3.0	8.528587	8.0	2.6761265	0.91708416	0.82030815	1.0	1.0	7.0	0.08921051	0.8036325	1.9254278	0	11	0	1	0	0	609.3189800586647	1216.6234071837036	44.024334	-.IQAVIDSGVC[+57.0214635]R.-	sp|O15131|IMA6_HUMAN;sp|O60684|IMA7_HUMAN
2017dec27_overlap_dia_6b_rep1_604to616.dia:2641.46:KFDQLLAEEK+2	1	61663	12.070327	1.9259603	2.5085688	0.89913994	0.71161383	2.1877046	0.13878919	15.0	2.0	1.3390136	0.93664145	-3.260244	0.3420635	2.0	9.230466	8.0	1.6744299	0.8047958	0.97877616	1.0	1.0	14.0	0.031341553	6.3721976	0.66811657	1	10	0	1	0	0	610.8297033086648	1219.6448536837038	44.024334	-.KFDQLLAEEK.-	sp|P35579-2|MYH9_HUMAN;sp|P35579|MYH9_HUMAN;sp|P35580-2|MYH10_HUMAN;sp|P35580-3|MYH10_HUMAN;sp|P35580-4|MYH10_HUMAN;sp|P35580-5|MYH10_HUMAN;sp|P35580|MYH10_HUMAN;sp|P35749-2|MYH11_HUMAN;sp|P35749-3|MYH11_HUMAN;sp|P35749-4|MYH11_HUMAN;sp|P35749|MYH11_HUMAN;sp|Q7Z406-2|MYH14_HUMAN;sp|Q7Z406-6|MYH14_HUMAN;sp|Q7Z406|MYH14_HUMAN
2017dec27_overlap_dia_6b_rep1_604to616.dia:2641.46:decoyKEEALLQDFK+2	-1	61663	5.4345193	1.234018	1.6552504	0.7494731	0.5393862	1.0958041	0.20910037	9.0	3.0	-1.8749104	0.93664145	-3.260244	0.3420635	2.0	8.119095	5.0	-2.0528355	0.51179403	0.85665756	1.0	1.0	2.0	0.031341553	6.3721976	2.5458074	1	10	0	1	0	0	610.8297033086645	1219.6448536837033	44.024334	-.KEEALLQDFK.-	DECOY_sp|P35579-2|MYH9_HUMAN;DECOY_sp|P35579|MYH9_HUMAN;DECOY_sp|P35580-2|MYH10_HUMAN;DECOY_sp|P35580-3|MYH10_HUMAN;DECOY_sp|P35580-4|MYH10_HUMAN;DECOY_sp|P35580-5|MYH10_HUMAN;DECOY_sp|P35580|MYH10_HUMAN;DECOY_sp|P35749-2|MYH11_HUMAN;DECOY_sp|P35749-3|MYH11_HUMAN;DECOY_sp|P35749-4|MYH11_HUMAN;DECOY_sp|P35749|MYH11_HUMAN;DECOY_sp|Q7Z406-2|MYH14_HUMAN;DECOY_sp|Q7Z406-6|MYH14_HUMAN;DECOY_sp|Q7Z406|MYH14_HUMAN
2017dec27_overlap_dia_6b_rep1_604to616.dia:2645.6467:GAMAATYSALNR+2	1	61767	12.076238	1.5503403	1.9766934	0.9114613	0.7300898	2.3316092	0.17707765	15.0	0.0	-2.2367046	0.96256506	-1.3944513	0.1945388	3.0	8.755306	10.0	2.2766538	0.92055124	0.9598004	1.0	1.0	13.0	0.03705597	4.506405	2.9076016	0	12	0	1	0	0	613.3033258086647	1224.5920986837036	44.094112	-.GAMAATYSALNR.-	sp|P51812|KS6A3_HUMAN
2017dec27_overlap_dia_6b_rep1_604to616.dia:2645.6467:LC[+57.0214635]EFNC[+57.0214635]NIR+2	1	61767	5.4751806	0.68339974	0.8534581	0.8230332	0.61543995	1.5370345	0.29779392	9.0	0.0	-0.20507476	0.0	10.0	1.0	0.0	7.5047174	6.0	-0.60071754	0.6386943	0.0	0.0	0.0	1.0	0.03705597	10.0	0.8759718	0	9	0	1	0	0	613.2762573086646	1224.5379616837035	44.094112	-.LC[+57.0214635]EFNC[+57.0214635]NIR.-	sp|Q9H269-2|VPS16_HUMAN;sp|Q9H269|VPS16_HUMAN
2017dec27_overlap_dia_6b_rep1_604to616.dia:2649.84:AVLEC[+57.0214635]KPLGIK+2	1	61871	7.57324	0.48132607	0.813806	0.9377428	0.7741765	2.712202	0.11905991	11.0	0.0	-0.01881051	0.8135933	-7.8335824	0.0	1.0	7.6102333	7.0	0.7649727	0.26577848	0.30039454	0.0	1.0	0.0	0.19996643	10.945536	0.6897075	0	11	0	1	0	0	614.3601165586647	1226.7056801837036	44.164	-.AVLEC[+57.0214635]KPLGIK.-	sp|Q63HN8-4|RN213_HUMAN;sp|Q63HN8|RN213_HUMAN
2017dec27_overlap_dia_6b_rep1_604to616.dia:2649.84:GITC[+57.0214635]DIGSMEK+2	1	61871	5.364899	0.4262501	1.0473729	0.63846326	0.4408592	0.56870043	0.41353	9.0	0.0	-2.566207	0.0	10.0	1.0	0.0	7.2735085	5.0	-0.5781288	0.5153349	0.0	0.0	0.0	0.0	0.69295883	10.0	3.237104	0	11	0	1	0	0	605.7757565586647	1209.5369601837037	44.164	-.GITC[+57.0214635]DIGSMEK.-	sp|Q92887|MRP2_HUMAN
2017dec27_overlap_dia_6b_rep1_604to616.dia:2649.84:LPYC[+57.0214635]QIATEK+2	1	61871	7.548744	0.7569171	1.2953268	0.88631433	0.69348556	2.0536344	0.1635892	11.0	1.0	-0.68728024	0.97049284	1.738184	0.0	2.0	7.9384317	8.0	3.3171072	0.7481427	0.913836	1.0	1.0	7.0	0.039653778	1.3737698	1.3581772	0	10	0	1	0	0	611.8104525586647	1221.6063521837036	44.164	-.LPYC[+57.0214635]QIATEK.-	sp|O75717-2|WDHD1_HUMAN;sp|O75717|WDHD1_HUMAN
2017dec27_overlap_dia_6b_rep1_604to616.dia:2649.84:TVIVTGANTGIGK+2	1	61871	10.916846	1.7525871	2.3214438	0.94719046	0.7921829	2.8868084	0.10529518	14.0	1.0	-1.7882009	0.99346936	-4.7375603	0.0	3.0	8.82487	10.0	1.3116665	0.9168291	0.9654125	1.0	1.0	11.0	0.077365875	7.849514	2.4590979	0	13	0	1	0	0	615.8562533086647	1229.6979536837036	44.164	-.TVIVTGANTGIGK.-	sp|Q8NBN7|RDH13_HUMAN
2017dec27_overlap_dia_6b_rep1_604to616.dia:2649.84:VSAPGVLTAQDR+2	1	61871	10.813373	1.0300119	1.6788906	0.7463862	0.5364256	1.0794303	0.32865408	14.0	1.0	-0.0943729	0.8269865	-9.515961	0.0	1.0	8.17308	9.0	2.4942188	0.6720096	0.2976035	1.0	1.0	8.0	0.040447235	12.627914	0.7652699	0	12	0	1	0	0	607.3304023086647	1212.6462516837037	44.164	-.VSAPGVLTAQDR.-	sp|Q9C0C2-2|TB182_HUMAN;sp|Q9C0C2|TB182_HUMAN
2017dec27_overlap_dia_6b_rep1_604to616.dia:2649.84:VVVVTGANTGIGK+2	1	61871	12.082049	2.3004966	2.6941414	0.92374027	0.74976844	2.4942858	0.1324368	15.0	4.0	-1.1994053	0.99941343	0.014130831	0.0	3.0	9.070775	10.0	5.86213	0.93230826	0.9889302	1.0	1.0	13.0	0.040447235	3.097823	1.8703023	0	13	0	1	0	0	607.8587958086647	1213.7030386837037	44.164	-.VVVVTGANTGIGK.-	sp|Q8TC12-3|RDH11_HUMAN;sp|Q8TC12|RDH11_HUMAN
2017dec27_overlap_dia_6b_rep1_604to616.dia:2649.84:decoyDAVVGEPIFPPREKDR+3	-1	61871	7.014284	0.6810225	0.9588042	0.25889742	0.1667183	-1.051707	0.66458285	11.0	2.0	1.2638483	0.6596928	9.032915	1.0	1.0	6.407548	5.0	-0.44762182	0.44138438	0.0	0.0	0.0	0.0	12.059822	5.9209614	0.5929513	2	16	0	0	1	0	608.9916090280475	1823.9529976837036	44.164	-.DAVVGEPIFPPREKDR.-	DECOY_sp|Q9BZE4-2|NOG1_HUMAN;DECOY_sp|Q9BZE4-3|NOG1_HUMAN;DECOY_sp|Q9BZE4|NOG1_HUMAN
2017dec27_overlap_dia_6b_rep1_604to616.dia:2649.84:decoyLAQAPATGQQLK+2	-1	61871	5.3796487	0.5170635	0.9464956	0.6605187	0.45932716	0.66560656	0.5872073	9.0	0.0	-0.15004757	0.0	10.0	1.0	0.0	7.1540856	6.0	-0.95075893	0.0	0.0	0.0	0.0	0.0	13.591364	10.0	0.82094455	0	12	0	1	0	0	613.3485958086645	1224.6826386837033	44.164	-.LAQAPATGQQLK.-	DECOY_sp|Q86YP4-2|P66A_HUMAN;DECOY_sp|Q86YP4-3|P66A_HUMAN;DECOY_sp|Q86YP4|P66A_HUMAN
2017dec27_overlap_dia_6b_rep1_604to616.dia:2649.84:decoySSPLGQFNTGSK+2	-1	61871	6.372242	0.5128029	0.9418907	0.6493493	0.44991732	0.61618006	0.569836	10.0	1.0	-1.3688188	0.9764522	-4.295948	0.0	2.0	7.4561334	6.0	-0.63946676	0.5504988	0.7031867	0.0	1.0	0.0	4.1047935	7.407902	2.0397158	0	12	0	1	0	0	611.8067593086646	1221.5989656837035	44.164	-.SSPLGQFNTGSK.-	DECOY_sp|Q68EM7-2|RHG17_HUMAN;DECOY_sp|Q68EM7-4|RHG17_HUMAN;DECOY_sp|Q68EM7-5|RHG17_HUMAN;DECOY_sp|Q68EM7-6|RHG17_HUMAN;DECOY_sp|Q68EM7|RHG17_HUMAN
2017dec27_overlap_dia_6b_rep1_604to616.dia:2649.84:decoyTDTPLGAGPNFK+2	-1	61871	6.3215685	0.5312752	0.9424952	0.57783693	0.39220613	0.31390008	0.67180085	10.0	0.0	-1.3164877	0.5402605	0.3523492	1.0	1.0	7.5335956	7.0	-0.21064043	0.0	0.0	0.0	0.0	0.0	3.8515816	2.7596045	1.9873847	0	12	0	1	0	0	609.3116783086646	1216.6088036837034	44.164	-.TDTPLGAGPNFK.-	DECOY_sp|P09661|RU2A_HUMAN
2017dec27_overlap_dia_6b_rep1_604to616.dia:2654.0212:AHMNSVLMGMK+2	1	61975	3.6280155	0.5027956	0.6838088	0.84252906	0.6378684	1.6771672	0.2184768	7.0	1.0	3.1035428	0.59692633	5.589415	1.0	3.0	6.9505987	6.0	-0.9812579	0.030729035	0.64877504	0.0	1.0	1.0	0.3687973	2.4576612	2.4326458	0	11	0	1	0	0	609.7932293086648	1217.5719056837038	44.23369	-.AHMNSVLMGMK.-	sp|Q9Y3E7-2|CHMP3_HUMAN;sp|Q9Y3E7-3|CHMP3_HUMAN;sp|Q9Y3E7|CHMP3_HUMAN
2017dec27_overlap_dia_6b_rep1_604to616.dia:2654.0212:TFSEAC[+57.0214635]LMVR+2	1	61975	3.1728768	0.45084327	0.8038906	0.29542425	0.19092202	-0.8691834	0.723554	7.0	0.0	-1.1029702	0.0	10.0	1.0	0.0	7.195225	4.0	-2.0236266	0.32505062	0.0	1.0	0.0	6.0	11.646526	10.0	1.7738672	0	10	0	1	0	0	607.2888340586646	1212.5631151837035	44.23369	-.TFSEAC[+57.0214635]LMVR.-	sp|P51398-2|RT29_HUMAN;sp|P51398-3|RT29_HUMAN;sp|P51398|RT29_HUMAN
2017dec27_overlap_dia_6b_rep1_604to616.dia:2654.0212:decoyAPLDVAVDPGEK+2	-1	61975	5.319053	0.5929113	1.0535641	0.5744997	0.3896067	0.30023405	0.41445297	9.0	2.0	-0.5733453	0.0	10.0	1.0	0.0	7.314534	6.0	-0.42001486	0.11589409	0.0	0.0	0.0	0.0	9.37196	10.0	1.2442423	0	12	0	1	0	0	605.8193358086646	1209.6241186837035	44.23369	-.APLDVAVDPGEK.-	DECOY_sp|Q09666|AHNK_HUMAN
2017dec27_overlap_dia_6b_rep1_604to616.dia:2654.0212:decoyLSLMEETDRK+2	-1	61975	5.151922	0.48027274	0.8238232	0.39098403	0.25573045	-0.4431777	0.7457885	9.0	1.0	-0.84477633	0.517288	3.6375701	1.0	1.0	7.4979744	5.0	0.45184183	0.0	0.0	0.0	0.0	0.0	11.381653	0.5058162	1.5156734	1	10	0	1	0	0	611.3108203086646	1220.6070876837034	44.23369	-.LSLMEETDRK.-	DECOY_sp|Q9H444|CHM4B_HUMAN
2017dec27_overlap_dia_6b_rep1_604to616.dia:2654.0212:decoyLTSGGVLVIDHIQSKDR+3	-1	61975	6.048873	0.6158407	0.90449524	0.3083965	0.19958472	-0.8076266	0.66718197	10.0	6.0	-1.6036861	0.0	10.0	1.0	0.0	6.5802374	5.0	-0.96148014	0.5859263	0.0	0.0	0.0	1.0	7.148899	10.0	2.274583	1	17	0	0	1	0	613.3425303613808	1837.0057616837037	44.23369	-.LTSGGVLVIDHIQSKDR.-	DECOY_sp|P11142-2|HSP7C_HUMAN;DECOY_sp|P11142|HSP7C_HUMAN
2017dec27_overlap_dia_6b_rep1_604to616.dia:2654.0212:decoyNEVILSGEVGAK+2	-1	61975	7.3974104	0.92085993	1.2675909	0.6255385	0.4302414	0.513124	0.52478135	11.0	1.0	-1.0622115	0.0	10.0	1.0	0.0	7.8851027	7.0	-1.3167429	0.7245669	0.0	0.0	0.0	1.0	3.012436	10.0	1.7331085	0	12	0	1	0	0	608.3326098086648	1214.6506666837038	44.23369	-.NEVILSGEVGAK.-	DECOY_sp|P10809|CH60_HUMAN
2017dec27_overlap_dia_6b_rep1_604to616.dia:2656.1223:decoyLGSMFAMTPKK+2	-1	62027	1.48544	0.18561888	0.6990987	0.2548347	0.16404217	-1.0729909	0.969444	5.0	0.0	-1.7223232	0.0	10.0	1.0	0.0	6.3300066	3.0	-3.0	0.0	0.0	0.0	0.0	0.0	3.6628723	10.0	2.3932202	1	11	0	1	0	0	605.8197703086646	1209.6249876837035	44.268703	-.LGSMFAMTPKK.-	DECOY_sp|Q6YN16-2|HSDL2_HUMAN;DECOY_sp|Q6YN16|HSDL2_HUMAN
2017dec27_overlap_dia_6b_rep1_604to616.dia:2656.1223:decoyQKAYELHLQDIAELR+3	-1	62027	5.427121	0.48481733	0.8587475	0.7368137	0.5273411	1.0294731	0.42772433	9.0	2.0	-0.6629322	0.0	10.0	1.0	0.0	6.796483	6.0	-1.5023038	0.75448257	0.0	0.0	0.0	3.0	10.939308	10.0	1.3338292	1	15	0	0	1	0	609.6634896947139	1825.968639683703	44.268703	-.QKAYELHLQDIAELR.-	DECOY_sp|O43707-2|ACTN4_HUMAN;DECOY_sp|O43707-3|ACTN4_HUMAN;DECOY_sp|O43707|ACTN4_HUMAN
2017dec27_overlap_dia_6b_rep1_604to616.dia:2656.1223:decoyQYFGGHEVMR+2	-1	62027	2.6644602	0.3512568	0.81220835	0.6413979	0.4432904	0.5814366	0.13548198	6.0	0.0	-1.5621085	0.0	10.0	1.0	0.0	7.168996	4.0	-2.4538958	0.7506388	0.0	1.0	0.0	4.0	11.177425	10.0	2.2330055	0	10	0	1	0	0	612.2849363086646	1222.5553196837034	44.268703	-.QYFGGHEVMR.-	DECOY_sp|Q14204|DYHC1_HUMAN
2017dec27_overlap_dia_6b_rep1_604to616.dia:2658.1633:KEPAVLELEGK+2	1	62079	12.052322	1.063102	1.5595348	0.8626268	0.6623646	1.8372808	0.26170275	15.0	4.0	-1.1118441	0.9775361	-2.0358195	0.0	2.0	8.969547	10.0	4.7663736	0.8842507	0.93655556	1.0	1.0	12.0	0.25808334	5.1675735	1.7827411	1	11	0	1	0	0	606.8453533086647	1211.6761536837037	44.302723	-.KEPAVLELEGK.-	sp|Q01518-2|CAP1_HUMAN;sp|Q01518|CAP1_HUMAN
2017dec27_overlap_dia_6b_rep1_604to616.dia:2662.3188:C[+57.0214635]SGPGLSPGMVR+2	1	62183	15.797473	2.2201645	2.6026342	0.97978723	0.871784	3.8810208	0.040425487	18.0	9.0	-2.1756206	0.9683559	2.9141555	0.0	2.0	10.000929	11.0	11.100817	0.89223146	0.9888465	1.0	1.0	18.0	0.009395599	0.2038343	2.8345866	0	12	0	1	0	0	609.2919080586647	1216.5692631837037	44.371983	-.C[+57.0214635]SGPGLSPGMVR.-	sp|P21333-2|FLNA_HUMAN;sp|P21333|FLNA_HUMAN
2017dec27_overlap_dia_6b_rep1_604to616.dia:2662.3188:FTNTQITEHYSTC[+57.0214635]IK+3	1	62183	6.4662676	0.574112	0.61309737	0.8063141	0.5970818	1.4262357	0.20161927	10.0	2.0	0.75389373	0.9254182	0.79850197	0.0	3.0	7.039044	6.0	-1.1910481	0.7237019	0.78563	1.0	1.0	3.0	0.15156555	2.3194878	0.09492767	0	15	0	0	1	0	614.9612071947141	1841.8617921837038	44.371983	-.FTNTQITEHYSTC[+57.0214635]IK.-	sp|Q15003|CND2_HUMAN
2017dec27_overlap_dia_6b_rep1_604to616.dia:2662.3188:decoyTGLALLEDTKR+2	-1	62183	3.481032	0.6879624	1.0224744	0.60062176	0.41016048	0.40805647	0.22749996	7.0	1.0	-3.264746	0.0	10.0	1.0	0.0	7.2881923	4.0	-2.5342958	0.82811415	0.0	1.0	0.0	5.0	5.090229	10.0	3.923712	1	11	0	1	0	0	608.8484278086647	1215.6823026837037	44.371983	-.TGLALLEDTKR.-	DECOY_sp|P12270-2|TPR_HUMAN;DECOY_sp|P12270|TPR_HUMAN
2017dec27_overlap_dia_6b_rep1_604to616.dia:2666.4644:FLMGTNSPDSR+2	1	62287	6.495869	1.1612786	1.4743499	0.8631886	0.66307235	1.84203	0.20930816	10.0	0.0	-0.40399042	0.9572627	0.30802158	0.0	2.0	8.108661	8.0	0.53482866	0.9009164	0.6237465	1.0	1.0	5.0	0.15669632	2.8237324	1.0629565	0	11	0	1	0	0	612.7875123086646	1223.5604716837036	44.441074	-.FLMGTNSPDSR.-	sp|Q8NBJ7-3|SUMF2_HUMAN;sp|Q8NBJ7-4|SUMF2_HUMAN;sp|Q8NBJ7-5|SUMF2_HUMAN;sp|Q8NBJ7|SUMF2_HUMAN
2017dec27_overlap_dia_6b_rep1_604to616.dia:2670.5808:SSTDSLPGPISR+2	1	62391	9.740076	1.3174403	1.9598514	0.8826631	0.68850327	2.017894	0.19301777	13.0	2.0	-2.5113091	0.9791447	0.39732957	0.0	2.0	8.09779	8.0	6.5573373	0.84707475	0.8018702	1.0	1.0	8.0	0.14709473	2.7146242	3.1702752	0	12	0	1	0	0	608.8120413086648	1215.6095296837038	44.50968	-.SSTDSLPGPISR.-	sp|Q9HCD5|NCOA5_HUMAN
2017dec27_overlap_dia_6b_rep1_604to616.dia:2670.5808:decoyTYC[+57.0214635]VSC[+57.0214635]MGNK+2	-1	62391	2.6665087	0.5794531	0.7432772	0.64443046	0.44581097	0.5946461	0.2755216	6.0	0.0	-0.26590604	0.0	10.0	1.0	0.0	6.682426	4.0	-3.0	0.5692832	0.0	0.0	0.0	3.0	11.278336	10.0	0.9248721	0	10	0	1	0	0	610.2488473086645	1218.4831416837033	44.50968	-.TYC[+57.0214635]VSC[+57.0214635]MGNK.-	DECOY_sp|O76080|ZFAN5_HUMAN;DECOY_sp|Q6FIF0-2|ZFAN6_HUMAN;DECOY_sp|Q6FIF0|ZFAN6_HUMAN
2017dec27_overlap_dia_6b_rep1_604to616.dia:2672.6675:C[+57.0214635]TVVSETISSK+2	1	62443	5.088995	0.4897598	0.9450515	0.33824524	0.21966672	-0.6711238	0.7864493	9.0	1.0	1.1632869	0.0	10.0	1.0	0.0	7.0432463	5.0	-0.7025957	0.0	0.0	0.0	0.0	0.0	7.03957	10.0	0.50432086	0	11	0	1	0	0	605.8028280586648	1209.5911031837038	44.544456	-.C[+57.0214635]TVVSETISSK.-	sp|Q68D10-2|SPT2_HUMAN;sp|Q68D10|SPT2_HUMAN
2017dec27_overlap_dia_6b_rep1_604to616.dia:2672.6675:IISDNLTYC[+57.0214635]K+2	1	62443	9.753763	1.5943806	2.0344665	0.9109236	0.7292589	2.3249645	0.17692961	13.0	0.0	-2.317154	0.9837798	4.3465195	0.0	3.0	8.700626	9.0	0.33532858	0.70645565	0.9685598	1.0	1.0	9.0	0.10071564	1.2345657	2.97612	0	10	0	1	0	0	613.8079090586648	1225.6012651837038	44.544456	-.IISDNLTYC[+57.0214635]K.-	sp|Q9Y2X3|NOP58_HUMAN
2017dec27_overlap_dia_6b_rep1_604to616.dia:2672.6675:decoyEAEENLQAALK+2	-1	62443	4.36888	0.36885178	0.8659108	0.57990766	0.3938228	0.32239434	0.42951143	8.0	0.0	-1.1425763	0.5165814	6.753021	1.0	2.0	6.925158	5.0	-0.48205996	0.0	0.0	0.0	0.0	0.0	5.144058	3.641067	1.8015424	0	11	0	1	0	0	608.3144173086646	1214.6142816837034	44.544456	-.EAEENLQAALK.-	DECOY_sp|Q9Y5B9|SP16H_HUMAN
2017dec27_overlap_dia_6b_rep1_604to616.dia:2672.6675:decoyEELEEFKGPNQELLR+3	-1	62443	5.475285	0.73621964	0.80874246	0.8232307	0.6156613	1.5383909	0.13456446	9.0	1.0	-0.70191604	0.0	10.0	1.0	0.0	6.253986	4.0	-1.1115899	0.49698046	0.0	1.0	0.0	4.0	9.294109	10.0	1.360882	1	15	0	0	1	0	610.9792573613807	1829.9159426837034	44.544456	-.EELEEFKGPNQELLR.-	DECOY_sp|Q4KMP7|TB10B_HUMAN
2017dec27_overlap_dia_6b_rep1_604to616.dia:2672.6675:decoyGDTLDEFNYR+2	-1	62443	2.632565	0.3793973	0.6333256	0.5959809	0.40647322	0.3887464	0.36854723	6.0	0.0	1.9964119	0.0	10.0	1.0	0.0	6.7648115	4.0	-2.2256858	0.4799954	0.0	0.0	0.0	0.0	10.777939	10.0	1.3374459	0	10	0	1	0	0	615.2752878086645	1228.5360226837033	44.544456	-.GDTLDEFNYR.-	DECOY_sp|Q9H7D7-2|WDR26_HUMAN;DECOY_sp|Q9H7D7|WDR26_HUMAN
2017dec27_overlap_dia_6b_rep1_604to616.dia:2672.6675:decoyISSYYFDLGDHIEKK+3	-1	62443	3.6573904	0.43458858	0.88563216	0.9014873	0.71504736	2.2138603	0.0712307	7.0	2.0	-0.15225627	0.0	10.0	1.0	0.0	6.2339306	5.0	-0.4983039	0.0	0.0	0.0	0.0	0.0	6.100086	10.0	0.8112223	1	15	0	0	1	0	605.636825694714	1813.8886476837035	44.544456	-.ISSYYFDLGDHIEKK.-	DECOY_sp|Q96D46|NMD3_HUMAN
2017dec27_overlap_dia_6b_rep1_604to616.dia:2672.6675:decoyLSTVLEHALDDNEQEK+3	-1	62443	6.404993	0.33804756	0.65916896	0.70021224	0.49382263	0.8483087	0.30623364	10.0	3.0	-1.6098146	0.0	10.0	1.0	0.0	6.4723115	4.0	-1.5426998	0.0	0.0	0.0	0.0	0.0	5.190613	10.0	2.2687807	0	16	0	0	1	0	614.302288694714	1839.8850366837032	44.544456	-.LSTVLEHALDDNEQEK.-	DECOY_sp|B7ZAP0|RBG10_HUMAN;DECOY_sp|Q5R372-5|RBG1L_HUMAN;DECOY_sp|Q5R372-6|RBG1L_HUMAN;DECOY_sp|Q5R372-7|RBG1L_HUMAN;DECOY_sp|Q5R372-8|RBG1L_HUMAN;DECOY_sp|Q9Y3P9|RBGP1_HUMAN
2017dec27_overlap_dia_6b_rep1_604to616.dia:2672.6675:decoyVMC[+57.0214635]GVPFHDSVPNKIK+3	-1	62443	3.2797637	0.37715983	0.43550205	0.37786183	0.24668115	-0.49863356	0.43993017	7.0	2.0	0.11568141	0.0	10.0	1.0	0.0	5.9604206	3.0	-0.6230283	0.0	0.0	0.0	0.0	0.0	5.9238663	10.0	0.54328465	1	16	0	0	1	0	609.9796585280476	1826.917146183704	44.544456	-.VMC[+57.0214635]GVPFHDSVPNKIK.-	DECOY_sp|Q92979|NEP1_HUMAN
2017dec27_overlap_dia_6b_rep1_604to616.dia:2674.6672:EPAVLELEGKK+2	1	62495	7.4097705	0.8560358	1.2020855	0.6435976	0.4451179	0.59101325	0.5457436	11.0	1.0	-1.7662809	0.5390315	1.1307212	1.0	1.0	7.8622956	7.0	2.3160381	0.71730006	0.15729968	0.0	1.0	1.0	0.26945877	1.9812325	2.425247	1	11	0	1	0	0	606.8453533086648	1211.676153683704	44.577785	-.EPAVLELEGKK.-	sp|Q01518-2|CAP1_HUMAN;sp|Q01518|CAP1_HUMAN
2017dec27_overlap_dia_6b_rep1_604to616.dia:2674.6672:EVLQQLETQK+2	1	62495	5.475573	0.68975925	1.1101391	0.8237767	0.61627406	1.5421478	0.1725926	9.0	0.0	-0.5254697	0.0	10.0	1.0	0.0	7.6412234	6.0	-1.220118	0.6623081	-0.02725403	1.0	1.0	5.0	0.13669968	10.0	1.1844358	0	10	0	1	0	0	608.3326108086648	1214.6506686837038	44.577785	-.EVLQQLETQK.-	sp|Q92696|PGTA_HUMAN
2017dec27_overlap_dia_6b_rep1_604to616.dia:2674.6672:FHLLELEKGK+2	1	62495	3.5323718	0.6614007	0.8065815	0.6759912	0.47256857	0.73540926	0.5719771	7.0	0.0	-1.6211923	0.8018079	2.6455646	0.0	1.0	7.3935585	6.0	-0.43370152	0.8834602	0.14954604	1.0	1.0	3.0	0.26945877	0.46638918	2.2801585	1	10	0	1	0	0	607.3506058086647	1212.6866586837036	44.577785	-.FHLLELEKGK.-	sp|A6NDR6|ME3L1_HUMAN;sp|A8K0S8|ME3L2_HUMAN;sp|Q99687-3|MEIS3_HUMAN
2017dec27_overlap_dia_6b_rep1_604to616.dia:2674.6672:decoyAPSQDKDILVK+2	-1	62495	3.4793725	0.49873623	0.8580755	0.59833133	0.40833873	0.3985171	0.6180353	7.0	0.0	-0.93257016	0.82022417	-9.914027	0.0	1.0	7.1163692	5.0	-0.05678606	0.0	0.0	0.0	0.0	0.0	14.440298	13.025981	1.5915363	1	11	0	1	0	0	607.3429778086645	1212.6714026837033	44.577785	-.APSQDKDILVK.-	DECOY_sp|Q6NVY1|HIBCH_HUMAN
2017dec27_overlap_dia_6b_rep1_604to616.dia:2674.6672:decoyEHGGEVTFVSR+2	-1	62495	4.288738	0.41171035	0.9485397	0.48218852	0.32031596	-0.071276054	0.3570195	8.0	1.0	-1.8583968	0.532294	-0.25352526	1.0	1.0	7.5176177	4.0	-1.5212283	0.64445037	0.48939818	1.0	1.0	2.0	6.8309593	3.365479	2.5173628	0	11	0	1	0	0	609.2991018086644	1216.5836506837031	44.577785	-.EHGGEVTFVSR.-	DECOY_sp|Q99623-2|PHB2_HUMAN;DECOY_sp|Q99623|PHB2_HUMAN
2017dec27_overlap_dia_6b_rep1_604to616.dia:2674.6672:decoyMGGFLLEEKAK+2	-1	62495	2.7889202	0.49106777	0.72002226	0.8542548	0.6519723	1.7683694	0.04267387	6.0	0.0	-1.8889588	0.0	10.0	1.0	0.0	6.972699	6.0	-0.86135817	0.5508123	0.0	0.0	0.0	0.0	3.3479462	10.0	2.547925	1	11	0	1	0	0	611.8286493086646	1221.6427456837034	44.577785	-.MGGFLLEEKAK.-	DECOY_sp|P52789|HXK2_HUMAN
2017dec27_overlap_dia_6b_rep1_604to616.dia:2678.8025:decoyLLVETEAQHAEGLQQR+3	-1	62599	4.4285293	0.78928053	0.77513236	0.6652861	0.46338087	0.68694115	0.21160042	8.0	2.0	1.8981591	0.0	10.0	1.0	0.0	6.3595057	4.0	-1.0678372	0.6973646	0.0	0.0	0.0	0.0	1.661766	10.0	1.2391931	0	16	0	0	1	0	607.9866356947138	1820.9380776837027	44.64671	-.LLVETEAQHAEGLQQR.-	DECOY_sp|Q14980-2|NUMA1_HUMAN;DECOY_sp|Q14980-3|NUMA1_HUMAN;DECOY_sp|Q14980-4|NUMA1_HUMAN;DECOY_sp|Q14980|NUMA1_HUMAN
2017dec27_overlap_dia_6b_rep1_604to616.dia:2680.8962:ILDMC[+57.0214635]C[+57.0214635]APGGK+2	1	62651	9.756311	1.5059859	1.8971382	0.9162856	0.7376551	2.3929167	0.14559114	13.0	0.0	-1.1373229	0.83347976	-1.5509592	0.0	1.0	8.794704	9.0	4.195419	0.84573716	0.5939552	1.0	1.0	11.0	0.27568817	4.662913	1.796289	0	11	0	1	0	0	611.2748698086647	1220.5351866837036	44.681602	-.ILDMC[+57.0214635]C[+57.0214635]APGGK.-	sp|P46087-2|NOP2_HUMAN;sp|P46087-3|NOP2_HUMAN;sp|P46087-4|NOP2_HUMAN;sp|P46087|NOP2_HUMAN
2017dec27_overlap_dia_6b_rep1_604to616.dia:2682.9165:LVDEYSLNAGK+2	1	62703	9.698003	0.9628044	1.5556359	0.80116504	0.5915722	1.3935919	0.22341846	13.0	1.0	0.6718645	0.82187647	-3.3593755	0.0	1.0	8.314619	9.0	1.7476482	0.864422	0.9243895	1.0	1.0	8.0	0.23149109	6.4911294	0.0042260885	0	11	0	1	0	0	604.8115058086647	1207.6084586837037	44.715275	-.LVDEYSLNAGK.-	sp|P19367-2|HXK1_HUMAN;sp|P19367-3|HXK1_HUMAN;sp|P19367-4|HXK1_HUMAN;sp|P19367|HXK1_HUMAN
2017dec27_overlap_dia_6b_rep1_604to616.dia:2682.9165:decoyDLSNGTEDLKK+2	-1	62703	4.2585726	0.9493055	1.4672374	0.4498337	0.29703355	-0.20134267	0.8098422	8.0	1.0	2.116695	0.0	10.0	1.0	0.0	7.1276436	5.0	-0.79452085	0.67877936	0.06733292	1.0	1.0	5.0	14.707603	10.0	1.4490565	1	11	0	1	0	0	610.3118743086645	1218.6091956837033	44.715275	-.DLSNGTEDLKK.-	DECOY_sp|P11388-2|TOP2A_HUMAN;DECOY_sp|P11388-3|TOP2A_HUMAN;DECOY_sp|P11388-4|TOP2A_HUMAN;DECOY_sp|P11388|TOP2A_HUMAN
2017dec27_overlap_dia_6b_rep1_604to616.dia:2682.9165:decoyDSVYYISVDR+2	-1	62703	4.5077567	0.745873	1.206782	0.7984285	0.5886699	1.3765011	0.18737322	8.0	0.0	0.07820445	0.901039	7.5351987	0.0	3.0	7.234479	6.0	-0.68278694	0.79655373	0.6982976	1.0	1.0	5.0	8.323006	4.403445	0.58943397	0	10	0	1	0	0	608.7958513086646	1215.5771496837035	44.715275	-.DSVYYISVDR.-	DECOY_sp|O14975-2|S27A2_HUMAN;DECOY_sp|O14975|S27A2_HUMAN
2017dec27_overlap_dia_6b_rep1_604to616.dia:2682.9165:decoyELPQVLVSSPR+2	-1	62703	5.3826485	0.746058	1.2162706	0.66509694	0.46321958	0.68609166	0.3194593	9.0	0.0	1.7391708	0.57380056	2.6142466	1.0	2.0	7.2567377	5.0	-0.40301275	0.0	0.0	0.0	0.0	0.0	9.848156	0.5175073	1.0715324	0	11	0	1	0	0	612.8509698086644	1223.6873866837032	44.715275	-.ELPQVLVSSPR.-	DECOY_sp|Q71RC2-2|LARP4_HUMAN;DECOY_sp|Q71RC2-3|LARP4_HUMAN;DECOY_sp|Q71RC2-4|LARP4_HUMAN;DECOY_sp|Q71RC2-5|LARP4_HUMAN;DECOY_sp|Q71RC2-6|LARP4_HUMAN;DECOY_sp|Q71RC2|LARP4_HUMAN
2017dec27_overlap_dia_6b_rep1_604to616.dia:2682.9165:decoyHSGYSAIYDAK+2	-1	62703	3.3153677	0.39653507	0.6393819	0.41014448	0.2690435	-0.36336818	0.632264	7.0	1.0	0.5233539	0.0	10.0	1.0	0.0	7.102388	4.0	-3.0	0.008922785	0.1651314	1.0	1.0	8.0	12.69812	10.0	0.14428455	0	11	0	1	0	0	606.2881938086646	1210.5618346837034	44.715275	-.HSGYSAIYDAK.-	DECOY_sp|P53611|PGTB2_HUMAN
2017dec27_overlap_dia_6b_rep1_604to616.dia:2682.9165:decoyKSTFWAEADR+2	-1	62703	4.4331555	1.0536296	1.5149382	0.6724112	0.46948266	0.71911097	0.2795822	8.0	1.0	-0.42366135	0.81495094	-0.82054967	0.0	1.0	7.591426	4.0	-0.84679794	0.0	0.0	0.0	0.0	0.0	0.13862228	3.9523036	1.0912998	1	10	0	1	0	0	605.7961948086645	1209.5778366837033	44.715275	-.KSTFWAEADR.-	DECOY_sp|P08727|K1C19_HUMAN
2017dec27_overlap_dia_6b_rep1_604to616.dia:2686.9932:KDAEAWFTSR+2	1	62807	7.518133	0.8771145	1.3228126	0.8259943	0.61877143	1.5574999	0.2309344	11.0	0.0	-2.863316	0.81495094	5.426072	0.0	1.0	8.247879	6.0	-0.8109765	0.5479172	0.6953259	0.0	1.0	0.0	0.06908417	2.274518	3.534213	1	10	0	1	0	0	605.7961948086647	1209.5778366837037	44.78322	-.KDAEAWFTSR.-	sp|P08727|K1C19_HUMAN
2017dec27_overlap_dia_6b_rep1_604to616.dia:2686.9932:KLLPDDPYEK+2	1	62807	6.4734817	0.7808323	1.0760871	0.8198197	0.61185277	1.5151263	0.32867688	10.0	2.0	0.06609231	0.8089972	-4.7579412	0.0	1.0	7.988541	6.0	-0.29767132	0.5962135	0.7948733	0.0	1.0	3.0	0.09112549	7.9094954	0.6048047	1	10	0	1	0	0	609.3242493086647	1216.6339456837036	44.78322	-.KLLPDDPYEK.-	sp|P78417-2|GSTO1_HUMAN;sp|P78417-3|GSTO1_HUMAN;sp|P78417|GSTO1_HUMAN
2017dec27_overlap_dia_6b_rep1_604to616.dia:2686.9932:MWDPHNDPNAQGDAFK+3	1	62807	22.394138	2.2920935	2.0043702	0.9586124	0.81620246	3.142505	0.052046314	23.0	18.0	-0.76314414	0.9230415	1.519066	0.0	2.0	9.192372	10.0	10.313322	0.91582274	0.9706005	1.0	1.0	16.0	0.08973694	1.6324881	1.4340411	0	16	0	0	1	0	614.9336540280475	1841.779132683704	44.78322	-.MWDPHNDPNAQGDAFK.-	sp|P08621-2|RU17_HUMAN;sp|P08621-3|RU17_HUMAN;sp|P08621|RU17_HUMAN
2017dec27_overlap_dia_6b_rep1_604to616.dia:2686.9932:decoyVGSFGC[+57.0214635]SQGVSK+2	-1	62807	5.43973	0.67010796	1.0904036	0.7585194	0.5481539	1.1445793	0.19648887	9.0	1.0	0.5985949	0.0	10.0	1.0	0.0	7.7215133	6.0	-1.1793838	0.43559763	-0.026997471	0.0	1.0	3.0	10.421108	10.0	0.0723021	0	12	0	1	0	0	606.7875125586646	1211.5604721837035	44.78322	-.VGSFGC[+57.0214635]SQGVSK.-	DECOY_sp|O75128-2|COBL_HUMAN;DECOY_sp|O75128-3|COBL_HUMAN;DECOY_sp|O75128-6|COBL_HUMAN;DECOY_sp|O75128-7|COBL_HUMAN;DECOY_sp|O75128|COBL_HUMAN
2017dec27_overlap_dia_6b_rep1_604to616.dia:2689.1526:decoyHDATVNGLDGVK+2	-1	62859	5.377918	0.61876994	1.0183958	0.65789133	0.45710284	0.6539113	0.26223898	9.0	3.0	-0.18495235	0.0	10.0	1.0	0.0	8.088146	5.0	-1.5567741	0.67608225	0.0	0.0	0.0	6.0	12.046455	10.0	0.8558494	0	12	0	1	0	0	613.3122093086646	1224.6098656837034	44.81921	-.HDATVNGLDGVK.-	DECOY_sp|P00441|SODC_HUMAN
2017dec27_overlap_dia_6b_rep1_604to616.dia:2689.1526:decoyTQMPSVAAAPPR+2	-1	62859	6.258302	0.38202953	0.650146	0.49950397	0.33296877	-0.0019841194	0.75010455	10.0	0.0	3.3529863	0.5327988	1.5731333	1.0	1.0	8.211068	8.0	0.39799738	0.33016822	0.0	0.0	0.0	0.0	5.765602	1.5784208	2.6820893	0	12	0	1	0	0	613.3215233086646	1224.6284936837035	44.81921	-.TQMPSVAAAPPR.-	DECOY_sp|Q69YQ0-2|CYTSA_HUMAN;DECOY_sp|Q69YQ0|CYTSA_HUMAN
2017dec27_overlap_dia_6b_rep1_604to616.dia:2691.1816:NWQYQETIK+2	1	62911	3.5604239	0.59541464	0.6628697	0.72109604	0.51272273	0.9499048	0.43725365	7.0	0.0	-3.2416863	0.96989065	5.2094593	0.15256415	2.0	8.114736	6.0	-1.424923	0.89447224	0.97394764	1.0	1.0	6.0	0.08692169	2.0579052	3.9125834	0	9	0	1	0	0	605.2985663086647	1208.5825796837037	44.853027	-.NWQYQETIK.-	sp|Q15008-2|PSMD6_HUMAN;sp|Q15008-3|PSMD6_HUMAN;sp|Q15008-4|PSMD6_HUMAN;sp|Q15008|PSMD6_HUMAN
2017dec27_overlap_dia_6b_rep1_604to616.dia:2693.304:LSLEGDHSTPPSAYGSVK+3	1	62963	35.419476	3.0403163	2.8806453	0.99839634	0.96394134	6.43386	0.0021187433	32.0	28.0	-0.33807614	0.9999633	3.715599	0.0	3.0	10.771942	12.0	-0.09535813	0.9032512	0.9747467	1.0	1.0	31.0	0.09593201	0.58384514	0.9970422	0	18	0	0	1	0	615.6390093613808	1843.8951986837035	44.8884	-.LSLEGDHSTPPSAYGSVK.-	sp|A6NMY6|AXA2L_HUMAN;sp|P07355-2|ANXA2_HUMAN;sp|P07355|ANXA2_HUMAN
2017dec27_overlap_dia_6b_rep1_604to616.dia:2695.332:SSPNPFVGSPPK+2	1	63015	6.323936	0.7669031	0.9912131	0.5809951	0.39467293	0.32685962	0.72168785	10.0	1.0	-2.294814	0.9766414	0.7693369	0.0	2.0	8.54756	7.0	-1.3829446	0.9347141	0.64664024	1.0	1.0	9.0	0.09915161	2.362417	2.9537802	0	12	0	1	0	0	607.3142198086647	1212.6138866837036	44.9222	-.SSPNPFVGSPPK.-	sp|P98082-3|DAB2_HUMAN;sp|P98082|DAB2_HUMAN
2017dec27_overlap_dia_6b_rep1_604to616.dia:2695.332:decoyFPKSTMFENK+2	-1	63015	3.4776125	0.4969068	0.7413052	0.5959114	0.40641814	0.3884578	0.5377285	7.0	0.0	3.086783	0.0	10.0	1.0	0.0	7.963088	6.0	-0.3658619	0.87132007	-0.017274216	0.0	1.0	5.0	7.252327	10.0	2.4278169	1	10	0	1	0	0	614.8051738086647	1227.5957946837036	44.9222	-.FPKSTMFENK.-	DECOY_sp|Q96RU3-2|FNBP1_HUMAN;DECOY_sp|Q96RU3-3|FNBP1_HUMAN;DECOY_sp|Q96RU3-5|FNBP1_HUMAN;DECOY_sp|Q96RU3|FNBP1_HUMAN
2017dec27_overlap_dia_6b_rep1_604to616.dia:2695.332:decoyIEVMDMQPQK+2	-1	63015	2.6876924	0.62314385	0.7193491	0.676643	0.4731319	0.73838687	0.49971163	6.0	0.0	0.35897171	0.0	10.0	1.0	0.0	7.7535233	4.0	-2.904356	0.8783173	0.34399137	1.0	1.0	7.0	0.22563171	10.0	0.29999435	0	10	0	1	0	0	609.7964923086646	1217.5784316837035	44.9222	-.IEVMDMQPQK.-	DECOY_sp|Q9HA64|KT3K_HUMAN
2017dec27_overlap_dia_6b_rep1_604to616.dia:2695.332:decoySPPSGVFPNPSK+2	-1	63015	5.017403	0.5397433	0.9719408	0.28683987	0.18520951	-0.9107819	0.60657924	9.0	1.0	-1.2950364	0.9766414	0.7693369	0.0	2.0	8.250965	5.0	-2.1825974	0.90410715	0.7638558	1.0	1.0	6.0	0.09915161	2.362417	1.9540025	0	12	0	1	0	0	607.3142198086646	1212.6138866837034	44.9222	-.SPPSGVFPNPSK.-	DECOY_sp|P98082-3|DAB2_HUMAN;DECOY_sp|P98082|DAB2_HUMAN
2017dec27_overlap_dia_6b_rep1_604to616.dia:2697.4724:AVMSNLSAHGVK+2	1	63067	3.5093944	0.4270728	0.69174236	0.64115596	0.44308966	0.5803849	0.3507269	7.0	3.0	1.4852409	0.8179973	2.1930377	0.0	1.0	7.9055023	4.0	-2.4265697	0.8554903	0.6455386	0.0	1.0	3.0	10.156933	0.9387162	0.8262749	0	12	0	1	0	0	607.3215223086647	1212.6284916837037	44.957874	-.AVMSNLSAHGVK.-	sp|Q92616|GCN1L_HUMAN
2017dec27_overlap_dia_6b_rep1_604to616.dia:2699.5144:decoyAVDEMGYHDEELVAQK+3	-1	63119	6.4712014	0.5098021	0.6495063	0.81552607	0.60710454	1.4863253	0.16260798	10.0	6.0	-4.204845	0.0	10.0	1.0	0.0	7.44689	4.0	-0.2688055	0.90066296	0.0	1.0	0.0	7.0	1.4577103	10.0	4.863811	0	16	0	0	1	0	611.9489670280475	1832.8250716837038	44.991905	-.AVDEMGYHDEELVAQK.-	DECOY_sp|P36776-2|LONM_HUMAN;DECOY_sp|P36776-3|LONM_HUMAN;DECOY_sp|P36776|LONM_HUMAN
2017dec27_overlap_dia_6b_rep1_604to616.dia:2701.6282:MTSGVSQGEWK+2	1	63171	4.4183326	0.36255053	0.73196095	0.6498484	0.45033526	0.6183729	0.22999893	8.0	1.0	0.8646287	0.52256566	0.9378386	1.0	1.0	7.522643	5.0	-2.3578603	0.6306176	-0.082742214	1.0	1.0	3.0	8.390289	2.1939154	0.19373167	0	11	0	1	0	0	605.2820633086648	1208.5495736837038	45.027138	-.MTSGVSQGEWK.-	sp|Q9UPQ9-1|TNR6B_HUMAN;sp|Q9UPQ9|TNR6B_HUMAN
2017dec27_overlap_dia_6b_rep1_604to616.dia:2701.6282:decoyEADLC[+57.0214635]NEIMK+2	-1	63171	3.6041284	0.355661	0.70488846	0.7974395	0.5876254	1.3703675	0.11859859	7.0	0.0	0.76724637	0.2488597	-8.570514	1.0	1.0	7.5698156	6.0	-2.7007105	0.6627656	-0.05416775	1.0	1.0	7.0	1.7632828	11.702268	0.09634936	0	10	0	1	0	0	611.7757560586647	1221.5369591837036	45.027138	-.EADLC[+57.0214635]NEIMK.-	DECOY_sp|P40692|MLH1_HUMAN
2017dec27_overlap_dia_6b_rep1_604to616.dia:2712.0012:DAIKENPEFDLHFEK+3	1	63431	6.3608665	0.75614583	0.93408984	0.6325621	0.43599337	0.5432241	0.5190979	10.0	2.0	1.5946084	0.45191377	1.295223	0.0	2.0	6.3382316	4.0	-1.3548856	0.0	0.0	0.0	0.0	0.0	9.782379	1.8365309	0.89984906	1	15	0	0	1	0	611.3002193613809	1830.878828683704	45.20002	-.DAIKENPEFDLHFEK.-	sp|Q9NV70-2|EXOC1_HUMAN;sp|Q9NV70|EXOC1_HUMAN
2017dec27_overlap_dia_6b_rep1_604to616.dia:2712.0012:LTDISVTDPEK+2	1	63431	4.5546083	1.258233	1.5366485	0.8893807	0.6977281	2.0844307	0.15978903	8.0	1.0	1.8231587	0.19959192	8.456687	1.0	1.0	7.2583694	6.0	-1.2131481	0.0	0.0	0.0	0.0	0.0	0.24501038	5.324933	1.1283994	0	11	0	1	0	0	609.3166258086648	1216.6186986837038	45.20002	-.LTDISVTDPEK.-	sp|Q9Y333|LSM2_HUMAN
2017dec27_overlap_dia_6b_rep1_604to616.dia:2712.0012:decoyQASGHEDGSVAPQNNFGK+3	-1	63431	7.357407	0.89987224	1.3653876	0.57049364	0.3864962	0.28386545	0.5046259	11.0	4.0	1.8965921	0.0	10.0	1.0	0.0	6.649105	7.0	-1.255991	0.0	0.0	0.0	0.0	0.0	15.1923485	10.0	1.2018328	0	18	0	0	1	0	614.9503610280475	1841.8292536837037	45.20002	-.QASGHEDGSVAPQNNFGK.-	DECOY_sp|Q93074-2|MED12_HUMAN;DECOY_sp|Q93074-3|MED12_HUMAN;DECOY_sp|Q93074|MED12_HUMAN
2017dec27_overlap_dia_6b_rep1_604to616.dia:2716.2065:NQLTSNPENTVFDAKR+3	1	63535	23.749771	3.127396	2.9797688	0.90587085	0.72156477	2.264229	0.09184739	24.0	18.0	1.6298845	0.9999552	4.2484074	0.0	3.0	8.765878	10.0	14.339198	0.9310605	0.97394735	1.0	1.0	20.0	0.085063934	1.1364536	0.9326399	1	16	0	0	1	0	611.9745063613808	1832.9016896837036	45.270107	-.NQLTSNPENTVFDAKR.-	sp|P11021|GRP78_HUMAN
2017dec27_overlap_dia_6b_rep1_604to616.dia:2716.2065:NQVAMNPQNTVFDAKR+3	1	63535	14.522848	1.9837426	2.320443	0.93708706	0.7729776	2.7010243	0.12196699	17.0	6.0	1.7508535	0.7253641	6.159252	1.0	2.0	8.089463	8.0	7.94607	0.910404	0.0	1.0	0.0	11.0	0.085063934	3.0472984	1.0536089	1	16	0	0	1	0	611.6405820280476	1831.899916683704	45.270107	-.NQVAMNPQNTVFDAKR.-	sp|P34931|HS71L_HUMAN
2017dec27_overlap_dia_6b_rep1_604to616.dia:2716.2065:decoyKSEELLDAYR+2	-1	63535	5.525517	0.5715977	0.9990039	0.9241731	0.7504889	2.5004466	0.101368256	9.0	2.0	3.6402664	0.0	10.0	1.0	0.0	7.735297	6.0	-0.9366932	0.0	0.0	0.0	0.0	0.0	2.632904	10.0	2.9430218	1	10	0	1	0	0	612.3169553086647	1222.6193576837036	45.270107	-.KSEELLDAYR.-	DECOY_sp|Q9NUQ3|TXLNG_HUMAN
2017dec27_overlap_dia_6b_rep1_604to616.dia:2720.4453:decoyEVGQAVLANYR+2	-1	63639	4.505818	1.1355038	1.685873	0.7948721	0.5849242	1.3545476	0.13004793	8.0	1.0	1.1908808	0.0	10.0	1.0	0.0	7.283162	4.0	-1.3210149	0.0	0.0	0.0	0.0	0.0	0.91122437	10.0	0.48419046	0	11	0	1	0	0	610.3251153086645	1218.6356776837033	45.340755	-.EVGQAVLANYR.-	DECOY_sp|Q9H7C9|AAMDC_HUMAN
2017dec27_overlap_dia_6b_rep1_604to616.dia:2722.5713:IAQETFDAAVR+2	1	63691	9.742012	1.0373343	1.5276577	0.8866062	0.6938871	2.0565343	0.18156363	13.0	1.0	-0.15383375	0.74485916	3.0798523	0.45724624	1.0	8.31322	9.0	0.22960615	0.8095082	0.9161235	1.0	1.0	7.0	0.021015167	0.012301207	0.872455	0	11	0	1	0	0	610.8171278086646	1219.6197026837035	45.376186	-.IAQETFDAAVR.-	sp|Q6NXE6-2|ARMC6_HUMAN;sp|Q6NXE6|ARMC6_HUMAN
2017dec27_overlap_dia_6b_rep1_604to616.dia:2722.5713:QLPAQPPEHAVDGEGFK+3	1	63691	15.752101	1.553374	2.226332	0.8825908	0.6884054	2.0171962	0.19760208	18.0	4.0	0.9015798	0.92827845	2.559676	0.0	2.0	8.022656	10.0	5.5001845	0.785776	0.8942527	1.0	1.0	10.0	0.096473694	0.5324776	0.18295854	0	17	0	0	1	0	607.3039646947142	1818.890064683704	45.376186	-.QLPAQPPEHAVDGEGFK.-	sp|Q14151|SAFB2_HUMAN
2017dec27_overlap_dia_6b_rep1_604to616.dia:2722.5713:decoyETVENPKGAVDISTEEK+3	-1	63691	6.307533	0.88480246	1.1659502	0.5594606	0.3779834	0.23897314	0.49784437	10.0	4.0	4.0930862	0.65570605	-2.2454698	1.0	2.0	6.377055	5.0	0.828074	0.0	0.0	0.0	0.0	0.0	7.3786507	5.3376236	3.374465	1	17	0	0	1	0	615.9740606947142	1844.9003526837039	45.376186	-.ETVENPKGAVDISTEEK.-	DECOY_sp|P53985|MOT1_HUMAN
2017dec27_overlap_dia_6b_rep1_604to616.dia:2722.5713:decoyGAPDVIIAGEKR+2	-1	63691	5.2160063	0.5710316	1.0130991	0.453151	0.29940033	-0.18794735	0.39810154	9.0	1.0	0.92818433	0.0	10.0	1.0	0.0	7.313164	5.0	-1.7999749	0.9153945	0.0	1.0	0.0	3.0	6.805298	10.0	0.20956308	1	12	0	1	0	0	613.3485948086645	1224.6826366837033	45.376186	-.GAPDVIIAGEKR.-	DECOY_sp|Q9H3U1-2|UN45A_HUMAN;DECOY_sp|Q9H3U1|UN45A_HUMAN
2017dec27_overlap_dia_6b_rep1_604to616.dia:2722.5713:decoyQLMIC[+57.0214635]SHEGTLDNPTK+3	-1	63691	5.3363976	0.62640953	0.90935177	0.5979075	0.40800196	0.39675385	0.3573437	9.0	3.0	2.0989413	0.0	10.0	1.0	0.0	6.426999	4.0	-1.2435441	0.0	0.0	0.0	0.0	0.0	2.9210358	10.0	1.3803201	0	16	0	0	1	0	615.2940831947142	1842.8604201837038	45.376186	-.QLMIC[+57.0214635]SHEGTLDNPTK.-	DECOY_sp|Q9H0A0-2|NAT10_HUMAN;DECOY_sp|Q9H0A0|NAT10_HUMAN
2017dec27_overlap_dia_6b_rep1_604to616.dia:2724.6108:ASIHEAWTDGKEAMLR+3	1	63743	5.4686885	0.66264045	1.0775522	0.8108213	0.6019584	1.4553556	0.15365644	9.0	1.0	0.8587549	0.59995514	-7.6799335	1.0	2.0	6.4667997	5.0	-0.72859144	0.0	0.0	0.0	0.0	0.0	1.6769524	10.772087	0.14013362	1	16	0	0	1	0	605.6333160280475	1813.8781186837039	45.41018	-.ASIHEAWTDGKEAMLR.-	sp|P12814-2|ACTN1_HUMAN;sp|P12814-3|ACTN1_HUMAN;sp|P12814-4|ACTN1_HUMAN;sp|P12814|ACTN1_HUMAN
2017dec27_overlap_dia_6b_rep1_604to616.dia:2724.6108:C[+57.0214635]PSTHSEELHDC[+57.0214635]IQK+3	1	63743	4.351436	0.69174665	0.8192406	0.55707735	0.37615466	0.229309	0.28527936	8.0	2.0	-0.5672574	0.0	10.0	1.0	0.0	6.1017346	5.0	-0.21465635	0.0	0.0	0.0	0.0	0.0	15.402508	10.0	1.2858787	0	15	0	0	1	0	614.2699373613808	1839.7879826837036	45.41018	-.C[+57.0214635]PSTHSEELHDC[+57.0214635]IQK.-	sp|P48507|GSH0_HUMAN
2017dec27_overlap_dia_6b_rep1_604to616.dia:2724.6108:GKDC[+57.0214635]AVIVTQK+2	1	63743	3.4170337	0.5474299	1.1446095	0.5183258	0.34688908	0.07333607	0.3689604	7.0	1.0	1.6267984	0.0	10.0	1.0	0.0	6.930864	4.0	-2.0656826	0.73615617	0.0	0.0	0.0	3.0	15.402508	10.0	0.90817714	1	11	0	1	0	0	609.8291810586646	1217.6438091837035	45.41018	-.GKDC[+57.0214635]AVIVTQK.-	sp|P60900-2|PSA6_HUMAN;sp|P60900|PSA6_HUMAN
2017dec27_overlap_dia_6b_rep1_604to616.dia:2724.6108:IQAEVEAQLAR+2	1	63743	6.429071	1.0994388	1.6254097	0.74012923	0.53047144	1.0466404	0.19832003	10.0	1.0	0.31340384	0.8219674	5.813649	0.0	1.0	7.5833035	6.0	0.032319546	0.8565753	0.732149	1.0	1.0	3.0	0.015285492	2.7214956	0.4052174	0	11	0	1	0	0	614.3382273086647	1226.6619016837037	45.41018	-.IQAEVEAQLAR.-	sp|Q9UM54-1|MYO6_HUMAN;sp|Q9UM54-2|MYO6_HUMAN;sp|Q9UM54-4|MYO6_HUMAN;sp|Q9UM54-5|MYO6_HUMAN;sp|Q9UM54-6|MYO6_HUMAN;sp|Q9UM54|MYO6_HUMAN
2017dec27_overlap_dia_6b_rep1_604to616.dia:2724.6108:decoyANEETFAGDLR+2	-1	63743	4.2874036	0.89352214	1.262306	0.48070985	0.31924194	-0.077198945	0.58957267	8.0	1.0	-0.75093734	0.0	10.0	1.0	0.0	7.2638726	6.0	-1.734931	0.44131842	0.0	1.0	0.0	1.0	3.2868156	10.0	1.4695586	0	11	0	1	0	0	611.7885668086645	1221.5625806837033	45.41018	-.ANEETFAGDLR.-	DECOY_sp|Q9Y490|TLN1_HUMAN
2017dec27_overlap_dia_6b_rep1_604to616.dia:2724.6108:decoyIALQAEVEAQR+2	-1	63743	5.4040504	0.611822	1.144863	0.69869405	0.49247026	0.8410867	0.25237015	9.0	1.0	-0.56423545	0.8219674	5.813649	0.0	1.0	7.1147494	5.0	-0.77990484	0.47134385	0.4504661	0.0	1.0	4.0	0.015285492	2.7214956	1.2828567	0	11	0	1	0	0	614.3382273086645	1226.6619016837033	45.41018	-.IALQAEVEAQR.-	DECOY_sp|Q9UM54-1|MYO6_HUMAN;DECOY_sp|Q9UM54-2|MYO6_HUMAN;DECOY_sp|Q9UM54-4|MYO6_HUMAN;DECOY_sp|Q9UM54-5|MYO6_HUMAN;DECOY_sp|Q9UM54-6|MYO6_HUMAN;DECOY_sp|Q9UM54|MYO6_HUMAN
2017dec27_overlap_dia_6b_rep1_604to616.dia:2724.6108:decoyLASEEVVNPPR+2	-1	63743	4.4764	0.44746917	1.0566331	0.74281216	0.5330169	1.0606364	0.13378385	8.0	1.0	0.26925218	0.0	10.0	1.0	0.0	6.975046	5.0	-0.19059563	0.32020465	-0.04363116	1.0	1.0	1.0	2.6975403	10.0	0.44936907	0	11	0	1	0	0	605.8249518086647	1209.6353506837036	45.41018	-.LASEEVVNPPR.-	DECOY_sp|P01023|A2MG_HUMAN
2017dec27_overlap_dia_6b_rep1_604to616.dia:2724.6108:decoyLIAPHEQDQIC[+57.0214635]QDLR+3	-1	63743	6.3763895	0.6635765	0.8513474	0.65558076	0.45515227	0.64366186	0.31721663	10.0	3.0	0.0699656	0.3699764	-2.0110297	1.0	2.0	6.5840073	6.0	-0.3553729	0.0	0.0	0.0	0.0	0.0	0.9208679	5.1031833	0.64865565	0	15	0	0	1	0	612.6404708613807	1834.8995831837033	45.41018	-.LIAPHEQDQIC[+57.0214635]QDLR.-	DECOY_sp|O60518|RNBP6_HUMAN
2017dec27_overlap_dia_6b_rep1_604to616.dia:2724.6108:decoyLVSGYASPPTSHDGELSK+3	-1	63743	7.182305	0.56794876	1.1959709	0.3811963	0.24897563	-0.48447368	0.50475997	11.0	5.0	1.5753692	0.7111821	-2.6067564	0.0	2.0	6.514312	4.0	-1.6758406	0.0	0.0	0.0	0.0	0.0	0.41833878	5.6989098	0.856748	0	18	0	0	1	0	615.6390093613808	1843.8951986837035	45.41018	-.LVSGYASPPTSHDGELSK.-	DECOY_sp|A6NMY6|AXA2L_HUMAN;DECOY_sp|P07355-2|ANXA2_HUMAN;DECOY_sp|P07355|ANXA2_HUMAN
2017dec27_overlap_dia_6b_rep1_604to616.dia:2724.6108:decoyVSDFHESC[+57.0214635]IHLLQQK+3	-1	63743	4.3821673	0.50684595	0.5925656	0.59792495	0.40801585	0.39682648	0.267767	8.0	3.0	1.5519829	0.0	10.0	1.0	0.0	6.261994	4.0	-1.040123	0.0	0.0	0.0	0.0	0.0	2.131504	10.0	0.8333616	0	15	0	0	1	0	614.305199194714	1839.893768183703	45.41018	-.VSDFHESC[+57.0214635]IHLLQQK.-	DECOY_sp|Q13200-2|PSMD2_HUMAN;DECOY_sp|Q13200-3|PSMD2_HUMAN;DECOY_sp|Q13200|PSMD2_HUMAN
2017dec27_overlap_dia_6b_rep1_604to616.dia:2726.6958:LHVGNISPTC[+57.0214635]TNQELR+3	1	63795	14.474174	1.4519483	1.6362814	0.8377314	0.6322371	1.6414447	0.076941706	17.0	1.0	-1.5676727	0.9017329	4.654533	0.0	2.0	7.3733377	9.0	5.318767	0.9143029	0.75808436	1.0	1.0	10.0	0.15019989	1.5623794	2.286294	0	16	0	0	1	0	613.6441035280474	1837.9104811837035	45.44493	-.LHVGNISPTC[+57.0214635]TNQELR.-	sp|Q9BQ04|RBM4B_HUMAN
2017dec27_overlap_dia_6b_rep1_604to616.dia:2728.745:NYGFVHIEDK+2	1	63847	8.581859	0.99849993	1.4204731	0.79711497	0.58728313	1.3683594	0.31013563	12.0	1.0	2.004023	0.96085435	3.4619098	0.0	2.0	8.240069	8.0	3.2771754	0.8802994	0.8468839	1.0	1.0	8.0	0.2758484	0.36975622	1.2854018	0	10	0	1	0	0	611.2985658086646	1220.5825786837036	45.479084	-.NYGFVHIEDK.-	sp|Q9BQ04|RBM4B_HUMAN;sp|Q9BWF3-2|RBM4_HUMAN;sp|Q9BWF3-3|RBM4_HUMAN;sp|Q9BWF3-4|RBM4_HUMAN;sp|Q9BWF3|RBM4_HUMAN
2017dec27_overlap_dia_6b_rep1_604to616.dia:2728.745:decoyNKADFVTNQPNLAVQR+3	-1	63847	9.329075	0.66170037	1.1020955	0.34260532	0.2226187	-0.6517054	0.5025069	13.0	3.0	0.9936576	0.0	10.0	1.0	0.0	6.6085567	4.0	0.3560834	0.73545563	0.0	0.0	0.0	0.0	4.370407	10.0	0.27503633	1	16	0	0	1	0	605.6551083613807	1813.9434956837033	45.479084	-.NKADFVTNQPNLAVQR.-	DECOY_sp|P0DMV8-2|HS71A_HUMAN;DECOY_sp|P0DMV8|HS71A_HUMAN;DECOY_sp|P0DMV9|HS71B_HUMAN
2017dec27_overlap_dia_6b_rep1_604to616.dia:2728.745:decoyYIAYDATELR+2	-1	63847	4.433328	0.65763474	0.9578051	0.67267853	0.46971262	0.7203247	0.44788188	8.0	0.0	-0.17494747	0.8515644	8.089977	0.7329668	2.0	7.2062926	7.0	-1.2069445	0.39962387	0.8664673	0.0	1.0	3.0	4.449871	4.9978237	0.89356875	0	10	0	1	0	0	607.8062198086644	1213.597886683703	45.479084	-.YIAYDATELR.-	DECOY_sp|O95782-2|AP2A1_HUMAN;DECOY_sp|O95782|AP2A1_HUMAN
2017dec27_overlap_dia_6b_rep1_604to616.dia:2732.8193:IAQLEEQLDNETKER+3	1	63951	22.364237	2.1591966	1.80751	0.8948345	0.7054131	2.1411037	0.20869389	23.0	10.0	-0.26658654	0.99876744	0.53382236	0.0	3.0	8.57241	9.0	10.328384	0.9154644	0.9494448	1.0	1.0	18.0	0.0042877197	2.5781314	0.9852078	1	15	0	0	1	0	605.9742836947141	1814.9010216837037	45.54699	-.IAQLEEQLDNETKER.-	sp|P35579-2|MYH9_HUMAN;sp|P35579|MYH9_HUMAN
2017dec27_overlap_dia_6b_rep1_604to616.dia:2732.8193:decoyASADFC[+57.0214635]PVVHK+2	-1	63951	3.522888	0.3367523	0.53948057	0.6613893	0.46006572	0.6694915	0.38530758	7.0	1.0	-0.2536738	0.0	10.0	1.0	0.0	7.0769367	4.0	-0.45261002	0.0	0.0	0.0	0.0	0.0	6.456421	10.0	0.97229505	0	11	0	1	0	0	615.8004230586645	1229.5862931837032	45.54699	-.ASADFC[+57.0214635]PVVHK.-	DECOY_sp|P21333-2|FLNA_HUMAN;DECOY_sp|P21333|FLNA_HUMAN
2017dec27_overlap_dia_6b_rep1_604to616.dia:2734.9407:DSTTDEQLFR+2	1	64003	3.665524	0.32563108	0.7054376	0.9185298	0.7412454	2.422537	0.048736386	7.0	0.0	-2.672202	0.0636361	-0.61270946	1.0	1.0	7.199275	6.0	-0.7247	0.86933124	0.0	1.0	0.0	4.0	1.3476257	3.7246633	3.3908234	0	10	0	1	0	0	606.2805748086647	1210.5465966837037	45.582344	-.DSTTDEQLFR.-	sp|Q92696|PGTA_HUMAN
2017dec27_overlap_dia_6b_rep1_604to616.dia:2734.9407:GGTFYVEPAER+2	1	64003	6.4172726	0.70208484	0.97800803	0.7202929	0.51198524	0.9459151	0.5370008	10.0	0.0	3.1406934	0.0	10.0	1.0	0.0	7.9438424	6.0	-1.1225238	0.77794707	0.4449584	1.0	1.0	4.0	0.09318924	10.0	2.4220722	0	11	0	1	0	0	613.2960238086647	1224.5774946837037	45.582344	-.GGTFYVEPAER.-	sp|O14672|ADA10_HUMAN
2017dec27_overlap_dia_6b_rep1_604to616.dia:2734.9407:YDESDNAFIR+2	1	64003	4.558017	0.2765456	0.46247837	0.89638805	0.7076365	2.1577208	0.0763076	8.0	0.0	-0.6063826	0.53394634	-4.8280373	1.0	1.0	7.4964557	7.0	8.149147E-4	0.8259898	0.0	1.0	0.0	3.0	0.18611145	7.939991	1.3250039	0	10	0	1	0	0	615.2752873086646	1228.5360216837034	45.582344	-.YDESDNAFIR.-	sp|O43615|TIM44_HUMAN
2017dec27_overlap_dia_6b_rep1_604to616.dia:2734.9407:YVMTTTTLER+2	1	64003	9.776151	1.6347892	2.3019931	0.9591132	0.8173256	3.1552014	0.08177359	13.0	2.0	-0.7846956	0.99989724	3.01871	0.0	3.0	9.342821	9.0	0.034089565	0.8230357	0.9825632	1.0	1.0	11.0	0.050201416	0.09324384	1.5033169	0	10	0	1	0	0	607.8079103086646	1213.6012676837036	45.582344	-.YVMTTTTLER.-	sp|P05198|IF2A_HUMAN
2017dec27_overlap_dia_6b_rep1_604to616.dia:2734.9407:decoyLDVEEGLHTDEC[+57.0214635]EKR+3	-1	64003	4.353342	0.6390123	0.9602422	0.55952764	0.3780349	0.23924524	0.22774376	8.0	3.0	-0.6574408	0.0	10.0	1.0	0.0	6.3018627	4.0	-1.9043202	0.54479444	0.0	0.0	0.0	1.0	13.190632	10.0	1.376062	1	15	0	0	1	0	610.6159905280475	1828.826142183704	45.582344	-.LDVEEGLHTDEC[+57.0214635]EKR.-	DECOY_sp|O43847-2|NRDC_HUMAN;DECOY_sp|O43847|NRDC_HUMAN
2017dec27_overlap_dia_6b_rep1_604to616.dia:2734.9407:decoyLISEELSNC[+57.0214635]R+2	-1	64003	2.610648	0.30049124	0.69724995	0.56665045	0.38352203	0.26819798	0.32021633	6.0	0.0	2.1831732	0.0	10.0	1.0	0.0	6.549117	3.0	-2.5997727	0.72079647	0.0	0.0	0.0	4.0	0.46364975	10.0	1.4645519	0	10	0	1	0	0	610.8006190586647	1219.5866851837036	45.582344	-.LISEELSNC[+57.0214635]R.-	DECOY_sp|Q9HAU5|RENT2_HUMAN
2017dec27_overlap_dia_6b_rep1_604to616.dia:2734.9407:decoyNKADFVTNEPNSTLQR+3	-1	64003	9.474883	0.5441756	0.85525936	0.47929388	0.31821442	-0.08287184	0.50087106	13.0	6.0	-2.2744944	0.0	10.0	1.0	0.0	6.9406657	5.0	-0.29968357	0.83329594	-0.061037958	0.0	1.0	4.0	0.22717285	10.0	2.9931157	1	16	0	0	1	0	611.9745063613808	1832.9016896837036	45.582344	-.NKADFVTNEPNSTLQR.-	DECOY_sp|P11021|GRP78_HUMAN
2017dec27_overlap_dia_6b_rep1_604to616.dia:2734.9407:decoyQAAETYFQLR+2	-1	64003	6.4206414	0.43311587	0.835292	0.7259017	0.5171546	0.9739279	0.2641113	10.0	1.0	0.4543841	0.0	10.0	1.0	0.0	7.8913827	6.0	-1.7239983	0.0	0.0	0.0	0.0	0.0	4.0632668	10.0	0.26423717	0	10	0	1	0	0	613.8118413086645	1225.6091296837033	45.582344	-.QAAETYFQLR.-	DECOY_sp|Q6P1N0-2|C2D1A_HUMAN;DECOY_sp|Q6P1N0|C2D1A_HUMAN
2017dec27_overlap_dia_6b_rep1_604to616.dia:2736.9858:decoyKAMQADEYLR+2	-1	64055	2.7597907	0.47430068	0.7839612	0.7988364	0.5891015	1.3790377	0.13326313	6.0	0.0	0.18440032	0.1296892	0.25616893	1.0	1.0	7.4241858	5.0	-2.0120912	0.0	0.0	0.0	0.0	0.0	14.72003	2.875585	0.53422093	1	10	0	1	0	0	612.8057013086645	1223.5968496837033	45.616432	-.KAMQADEYLR.-	DECOY_sp|Q8TEU7-2|RPGF6_HUMAN;DECOY_sp|Q8TEU7-3|RPGF6_HUMAN;DECOY_sp|Q8TEU7-4|RPGF6_HUMAN;DECOY_sp|Q8TEU7-5|RPGF6_HUMAN;DECOY_sp|Q8TEU7|RPGF6_HUMAN;DECOY_sp|Q9Y4G8|RPGF2_HUMAN
2017dec27_overlap_dia_6b_rep1_604to616.dia:2736.9858:decoyKSHNQGESSASFLTYR+3	-1	64055	4.5755568	0.4373455	0.49398935	0.93333125	0.76622444	2.6390238	0.034626562	8.0	2.0	-2.4142282	0.0	10.0	1.0	0.0	6.633029	3.0	0.5902152	0.88861704	0.0	1.0	0.0	6.0	10.497623	10.0	3.1328495	1	16	0	0	1	0	604.6272150280474	1810.8598156837036	45.616432	-.KSHNQGESSASFLTYR.-	DECOY_sp|Q8TEQ6|GEMI5_HUMAN
2017dec27_overlap_dia_6b_rep1_604to616.dia:2741.267:decoyNGLYPKTYDWSDNDR+3	-1	64160	3.6482553	0.22852373	0.44861856	0.8827234	0.68858504	2.0184765	0.1418022	7.0	2.0	-2.1255126	0.0	10.0	1.0	0.0	6.2354155	4.0	-0.91816854	0.6005014	0.0	0.0	0.0	0.0	8.364998	10.0	2.808341	1	15	0	0	1	0	615.2797010280475	1842.817273683704	45.687786	-.NGLYPKTYDWSDNDR.-	DECOY_sp|Q8WVV9-2|HNRLL_HUMAN;DECOY_sp|Q8WVV9-3|HNRLL_HUMAN;DECOY_sp|Q8WVV9-4|HNRLL_HUMAN;DECOY_sp|Q8WVV9-5|HNRLL_HUMAN;DECOY_sp|Q8WVV9|HNRLL_HUMAN
2017dec27_overlap_dia_6b_rep1_604to616.dia:2747.5686:VLQSFTVDSSK+2	1	64316	10.934279	1.4056848	1.9319469	0.9859852	0.89329207	4.253529	0.027715834	14.0	5.0	-1.4081869	0.9998364	2.545266	0.0	3.0	9.406961	10.0	4.649075	0.846502	0.9758566	1.0	1.0	12.0	0.20043564	0.586488	2.079084	0	11	0	1	0	0	605.8193353086647	1209.6241176837036	45.79281	-.VLQSFTVDSSK.-	sp|O75369-2|FLNB_HUMAN;sp|O75369-3|FLNB_HUMAN;sp|O75369-4|FLNB_HUMAN;sp|O75369-5|FLNB_HUMAN;sp|O75369-6|FLNB_HUMAN;sp|O75369-7|FLNB_HUMAN;sp|O75369-8|FLNB_HUMAN;sp|O75369-9|FLNB_HUMAN;sp|O75369|FLNB_HUMAN
2017dec27_overlap_dia_6b_rep1_604to616.dia:2747.5686:decoyKSWWHSDDR+2	-1	64316	2.8038273	0.5831806	0.6603118	0.884086	0.6904362	2.0317059	0.11613189	6.0	1.0	-0.765607	0.0	10.0	1.0	0.0	7.632568	3.0	-0.991961	0.57604796	0.0	0.0	0.0	1.0	11.470661	10.0	1.436504	1	9	0	1	0	0	608.7783358086647	1215.5421186837036	45.79281	-.KSWWHSDDR.-	DECOY_sp|Q9Y4W6|AFG32_HUMAN
2017dec27_overlap_dia_6b_rep1_604to616.dia:2747.5686:decoyLDSTPC[+57.0214635]VDSSK+2	-1	64316	4.3893948	0.7749052	1.0045352	0.6079583	0.41602248	0.43873817	0.3173215	8.0	1.0	-0.18254147	0.0	10.0	1.0	0.0	7.9089646	6.0	-1.3152142	0.86566895	0.0	1.0	0.0	7.0	15.785137	10.0	0.8534385	0	11	0	1	0	0	604.7768100586645	1207.5390671837033	45.79281	-.LDSTPC[+57.0214635]VDSSK.-	DECOY_sp|P11717|MPRI_HUMAN
2017dec27_overlap_dia_6b_rep1_604to616.dia:2749.6257:WIDNPTVDDR+2	1	64368	9.782446	1.4312555	1.8090758	0.9731176	0.85205275	3.589033	0.052565984	13.0	0.0	-1.39984	0.97719765	2.379328	0.0	2.0	8.973007	9.0	-0.9590688	0.8581906	0.9741283	1.0	1.0	10.0	0.3517456	0.7524259	2.070737	0	10	0	1	0	0	615.7911093086647	1229.5676656837036	45.827095	-.WIDNPTVDDR.-	sp|P18206-2|VINC_HUMAN;sp|P18206|VINC_HUMAN
2017dec27_overlap_dia_6b_rep1_604to616.dia:2749.6257:decoyTVTTDSSASILK+2	-1	64368	6.395113	0.612064	1.1146458	0.6844627	0.47992635	0.77435744	0.3923665	10.0	3.0	-1.603581	0.0	10.0	1.0	0.0	7.903369	5.0	-0.18865156	0.44115293	-0.023255814	0.0	1.0	1.0	5.598629	10.0	2.274478	0	12	0	1	0	0	611.8299003086645	1221.6452476837032	45.827095	-.TVTTDSSASILK.-	DECOY_sp|Q8TAF3|WDR48_HUMAN
2017dec27_overlap_dia_6b_rep1_604to616.dia:2751.8042:APEDFSQNWK+2	1	64420	7.5295286	0.5560366	0.6914976	0.84795403	0.64433146	1.7186435	0.291152	11.0	0.0	0.5553987	0.41454837	1.3688146	1.0	2.0	7.83604	8.0	2.2646656	0.6484381	0.84667736	0.0	1.0	4.0	0.349411	1.7629393	0.13547957	0	10	0	1	0	0	611.2803773086647	1220.5462016837037	45.863403	-.APEDFSQNWK.-	sp|Q9GZR2-2|REXO4_HUMAN;sp|Q9GZR2|REXO4_HUMAN
2017dec27_overlap_dia_6b_rep1_604to616.dia:2751.8042:EDSEWQASLR+2	1	64420	5.485899	0.6124025	0.74859387	0.8435984	0.63913417	1.6852497	0.28124422	9.0	0.0	1.8837053	0.48949602	3.7639134	1.0	1.0	7.449248	7.0	-2.2574902	0.8570411	0.24392311	0.0	1.0	3.0	0.30947495	0.6321595	1.192827	0	10	0	1	0	0	610.7807413086647	1219.5469296837036	45.863403	-.EDSEWQASLR.-	sp|Q9H788-2|SH24A_HUMAN;sp|Q9H788|SH24A_HUMAN
2017dec27_overlap_dia_6b_rep1_604to616.dia:2753.8613:decoyIPQVQTDTSPK+2	-1	64472	5.536616	0.6092968	1.0453367	0.9480966	0.79398936	2.9050715	0.045506965	9.0	0.0	1.7834495	0.0	10.0	1.0	0.0	7.1067424	5.0	-0.6828122	0.012563853	0.65125775	0.0	1.0	2.0	13.880535	10.0	1.0648283	0	11	0	1	0	0	607.3247858086646	1212.6350186837035	45.89769	-.IPQVQTDTSPK.-	DECOY_sp|Q9ULV3-2|CIZ1_HUMAN;DECOY_sp|Q9ULV3-3|CIZ1_HUMAN;DECOY_sp|Q9ULV3-4|CIZ1_HUMAN;DECOY_sp|Q9ULV3-5|CIZ1_HUMAN;DECOY_sp|Q9ULV3|CIZ1_HUMAN
2017dec27_overlap_dia_6b_rep1_604to616.dia:2753.8613:decoyLIAADVPSASLR+2	-1	64472	3.5172434	0.5920016	1.0484811	0.6528487	0.45285255	0.63158476	0.34286347	7.0	0.0	2.3114161	0.0	10.0	1.0	0.0	6.700826	5.0	-2.80101	0.70434326	0.0	1.0	0.0	3.0	9.787075	10.0	1.5927949	0	12	0	1	0	0	606.8509698086646	1211.6873866837034	45.89769	-.LIAADVPSASLR.-	DECOY_sp|Q9NRG9-2|AAAS_HUMAN;DECOY_sp|Q9NRG9|AAAS_HUMAN
2017dec27_overlap_dia_6b_rep1_604to616.dia:2753.8613:decoyLMVVESEKDVPKLEPK+3	-1	64472	4.4303885	0.5596931	0.65435356	0.6681405	0.465819	0.6997866	0.17701977	8.0	2.0	2.0425642	0.0	10.0	1.0	0.0	5.8233843	3.0	0.4189062	0.35822642	0.0	0.0	0.0	0.0	3.3773842	10.0	1.3239429	2	16	0	0	1	0	614.3411386947142	1840.001586683704	45.89769	-.LMVVESEKDVPKLEPK.-	DECOY_sp|Q9NUQ8-2|ABCF3_HUMAN;DECOY_sp|Q9NUQ8|ABCF3_HUMAN
2017dec27_overlap_dia_6b_rep1_604to616.dia:2753.8613:decoyLPSSWGSLSGTK+2	-1	64472	4.088842	0.4361951	0.795025	0.30431342	0.196854	-0.82684106	0.72779006	8.0	1.0	2.288351	0.15166533	-3.0259776	1.0	1.0	6.8970485	5.0	-2.1907506	0.044772394	0.41025198	1.0	1.0	5.0	3.6666298	6.1577315	1.5697298	0	12	0	1	0	0	610.3195023086646	1218.6244516837035	45.89769	-.LPSSWGSLSGTK.-	DECOY_sp|Q99798|ACON_HUMAN
2017dec27_overlap_dia_6b_rep1_604to616.dia:2753.8613:decoyQFGQSGDPGLPK+2	-1	64472	5.355672	0.62418604	1.0667505	0.6250407	0.42983532	0.5109993	0.27672225	9.0	0.0	1.7212493	0.0	10.0	1.0	0.0	7.310734	6.0	-1.192769	0.0	0.0	0.0	0.0	0.0	6.206211	10.0	1.0026281	0	12	0	1	0	0	615.8093028086647	1229.6040526837037	45.89769	-.QFGQSGDPGLPK.-	DECOY_sp|Q7Z422-2|SZRD1_HUMAN;DECOY_sp|Q7Z422-3|SZRD1_HUMAN;DECOY_sp|Q7Z422-4|SZRD1_HUMAN;DECOY_sp|Q7Z422-5|SZRD1_HUMAN;DECOY_sp|Q7Z422|SZRD1_HUMAN
2017dec27_overlap_dia_6b_rep1_604to616.dia:2753.8613:decoyVVTVTTGDPLAR+2	-1	64472	5.188059	0.47026104	1.1155436	0.42490867	0.2793876	-0.3026547	0.86687684	9.0	1.0	-3.1162932	0.0	10.0	1.0	0.0	7.027424	5.0	-0.44984865	0.5936725	0.0	0.0	0.0	2.0	7.266876	10.0	3.8349144	0	12	0	1	0	0	614.8484283086647	1227.6823036837036	45.89769	-.VVTVTTGDPLAR.-	DECOY_sp|Q96L92-2|SNX27_HUMAN;DECOY_sp|Q96L92-3|SNX27_HUMAN;DECOY_sp|Q96L92|SNX27_HUMAN
2017dec27_overlap_dia_6b_rep1_604to616.dia:2758.0295:AQPSVSLGAAYR+2	1	64576	12.045456	1.787992	2.4840617	0.84909433	0.6457033	1.7275153	0.3003879	15.0	3.0	-2.1299882	0.99799967	3.7950528	0.0	3.0	8.942457	10.0	5.069781	0.90132254	0.97766274	1.0	1.0	10.0	0.028072357	0.66329885	2.8486094	0	12	0	1	0	0	610.3251153086647	1218.6356776837038	45.96716	-.AQPSVSLGAAYR.-	sp|Q96PK6|RBM14_HUMAN
2017dec27_overlap_dia_6b_rep1_604to616.dia:2758.0295:EVFGDDSEISKESSGVK+3	1	64576	5.264158	0.6207458	0.9031615	0.50628436	0.33796275	0.02513874	0.6566084	9.0	1.0	1.4789141	0.34076238	-3.59004	1.0	1.0	6.247705	4.0	-0.8556795	0.0	0.0	0.0	0.0	0.0	2.9454308	6.721794	0.7602929	1	17	0	0	1	0	604.9547770280475	1811.8425016837039	45.96716	-.EVFGDDSEISKESSGVK.-	sp|O43395|PRPF3_HUMAN
2017dec27_overlap_dia_6b_rep1_604to616.dia:2758.0295:KLISC[+57.0214635]PGMPSK+2	1	64576	6.4625807	0.5792613	1.1610737	0.7994979	0.589802	1.3831592	0.12670238	10.0	2.0	2.1004372	0.25572997	8.770163	1.0	1.0	7.86111	5.0	-1.5004101	0.37215152	0.24269353	1.0	1.0	5.0	1.2750664	5.6384087	1.3818159	1	11	0	1	0	0	609.3226765586647	1216.6308001837037	45.96716	-.KLISC[+57.0214635]PGMPSK.-	sp|Q9NQI0-2|DDX4_HUMAN;sp|Q9NQI0-3|DDX4_HUMAN;sp|Q9NQI0-4|DDX4_HUMAN;sp|Q9NQI0|DDX4_HUMAN
2017dec27_overlap_dia_6b_rep1_604to616.dia:2758.0295:RNTIQFTHTQIEAIR+3	1	64576	14.302027	0.8031623	0.98091906	0.56358415	0.3811559	0.25572106	0.48166928	17.0	3.0	2.4989357	0.46765894	0.94089025	1.0	1.0	7.429378	5.0	2.4307885	0.9368922	0.9529733	1.0	1.0	9.0	0.39065933	2.1908636	1.7803144	1	15	0	0	1	0	609.9989870280473	1826.975131683703	45.96716	-.RNTIQFTHTQIEAIR.-	sp|O60306|AQR_HUMAN
2017dec27_overlap_dia_6b_rep1_604to616.dia:2758.0295:decoyEENELTQSFK+2	-1	64576	3.341651	0.48988307	0.7935004	0.43573284	0.28702152	-0.25849852	0.56922626	7.0	0.0	1.8823925	0.2006971	-9.046849	1.0	1.0	7.06239	5.0	-1.8719878	0.6394732	0.029890783	1.0	1.0	3.0	9.366211	12.178603	1.1637713	0	10	0	1	0	0	612.7907748086647	1223.5669966837036	45.96716	-.EENELTQSFK.-	DECOY_sp|Q14789-2|GOGB1_HUMAN;DECOY_sp|Q14789-3|GOGB1_HUMAN;DECOY_sp|Q14789-4|GOGB1_HUMAN;DECOY_sp|Q14789|GOGB1_HUMAN
2017dec27_overlap_dia_6b_rep1_604to616.dia:2758.0295:decoyLAAEVGVTNGER+2	-1	64576	5.0855536	0.55269	1.2313073	0.3355754	0.21786147	-0.6830747	0.53035694	9.0	1.0	2.3034883	0.0	10.0	1.0	0.0	7.1916347	6.0	-2.4105074	0.7124644	0.0	0.0	0.0	3.0	10.397743	10.0	1.584867	0	12	0	1	0	0	608.3200343086646	1214.6255156837035	45.96716	-.LAAEVGVTNGER.-	DECOY_sp|P46060|RAGP1_HUMAN
2017dec27_overlap_dia_6b_rep1_604to616.dia:2758.0295:decoyNAPLGHGASVAAGAVELPGK+3	-1	64576	8.382934	0.5593646	1.1172532	0.5041921	0.33641934	0.01676881	0.382598	12.0	7.0	0.74866825	0.0	10.0	1.0	0.0	6.5800133	7.0	-1.5618832	0.0	0.0	0.0	0.0	0.0	10.293236	10.0	0.030047	0	20	0	0	1	0	605.9952423613806	1814.9638976837032	45.96716	-.NAPLGHGASVAAGAVELPGK.-	DECOY_sp|O75367-2|H2AY_HUMAN;DECOY_sp|O75367-3|H2AY_HUMAN;DECOY_sp|O75367|H2AY_HUMAN
2017dec27_overlap_dia_6b_rep1_604to616.dia:2758.0295:decoySAPSPDLQQMR+2	-1	64576	5.1216297	0.7076096	1.1385504	0.36464158	0.23761696	-0.5552745	0.9493318	9.0	1.0	-0.36089206	0.0	10.0	1.0	0.0	7.499839	5.0	-1.8170176	0.3286339	0.0	0.0	0.0	3.0	8.74041	10.0	1.0795133	0	11	0	1	0	0	615.3007873086646	1228.5870216837034	45.96716	-.SAPSPDLQQMR.-	DECOY_sp|Q9H410-2|DSN1_HUMAN;DECOY_sp|Q9H410-3|DSN1_HUMAN;DECOY_sp|Q9H410-4|DSN1_HUMAN;DECOY_sp|Q9H410|DSN1_HUMAN
2017dec27_overlap_dia_6b_rep1_604to616.dia:2760.1135:decoyDFAGPNQQLAR+2	-1	64628	4.484776	0.3926321	0.73630613	0.7572783	0.5469427	1.1378155	0.14398907	8.0	0.0	0.812359	0.0	10.0	1.0	0.0	6.701761	5.0	-2.3390787	0.8648693	0.0	1.0	0.0	5.0	3.7191277	10.0	0.09373772	0	11	0	1	0	0	608.8070943086647	1215.5996356837036	46.001892	-.DFAGPNQQLAR.-	DECOY_sp|Q96P11-2|NSUN5_HUMAN;DECOY_sp|Q96P11-4|NSUN5_HUMAN;DECOY_sp|Q96P11-5|NSUN5_HUMAN;DECOY_sp|Q96P11|NSUN5_HUMAN
2017dec27_overlap_dia_6b_rep1_604to616.dia:2762.142:ATVAVSEEHC[+57.0214635]APGATSVR+3	1	64680	5.327133	0.45285866	0.8203989	0.5852881	0.3980372	0.34452018	0.23740444	9.0	1.0	1.0523698	0.0	10.0	1.0	0.0	6.156195	4.0	-1.0285568	0.5895263	-0.031121543	0.0	1.0	0.0	11.192444	10.0	0.33374858	0	18	0	0	1	0	614.6318638613808	1840.8737621837038	46.0357	-.ATVAVSEEHC[+57.0214635]APGATSVR.-	sp|Q9BY89|K1671_HUMAN
2017dec27_overlap_dia_6b_rep1_604to616.dia:2762.142:DDPIISTHLAK+2	1	64680	3.5607011	0.39290008	0.6419726	0.7215568	0.5131463	0.95219696	0.44919565	7.0	0.0	2.274426	0.0	10.0	1.0	0.0	6.9142714	4.0	-1.318407	0.8640942	0.07515819	1.0	1.0	5.0	0.0035858154	10.0	1.5558047	0	11	0	1	0	0	605.3273278086647	1208.6401026837036	46.0357	-.DDPIISTHLAK.-	sp|O00231-2|PSD11_HUMAN;sp|O00231|PSD11_HUMAN
2017dec27_overlap_dia_6b_rep1_604to616.dia:2762.142:decoyEKSHTDVLPLSDLNTR+3	-1	64680	6.011237	0.4226079	0.6111195	0.2827962	0.18252403	-0.93063354	0.7438743	10.0	3.0	0.2558055	0.34633726	-6.7567263	1.0	1.0	6.3350506	3.0	-1.3615174	0.48105565	0.0	0.0	0.0	0.0	5.008621	9.86868	0.46281576	1	16	0	0	1	0	608.9865233613807	1823.9377406837034	46.0357	-.EKSHTDVLPLSDLNTR.-	DECOY_sp|P08670|VIME_HUMAN
2017dec27_overlap_dia_6b_rep1_604to616.dia:2762.142:decoyEVDEETFMVK+2	-1	64680	3.5079951	0.47578707	0.6489485	0.6390936	0.44138068	0.5714322	0.43247643	7.0	0.0	1.6678665	0.0	10.0	1.0	0.0	7.38011	4.0	-2.1375768	0.48105565	0.0	0.0	0.0	0.0	2.8633652	10.0	0.9492452	0	10	0	1	0	0	613.7841043086647	1225.5536556837037	46.0357	-.EVDEETFMVK.-	DECOY_sp|P51812|KS6A3_HUMAN;DECOY_sp|Q15349-2|KS6A2_HUMAN;DECOY_sp|Q15349-3|KS6A2_HUMAN;DECOY_sp|Q15349|KS6A2_HUMAN;DECOY_sp|Q15418-2|KS6A1_HUMAN;DECOY_sp|Q15418-3|KS6A1_HUMAN;DECOY_sp|Q15418-4|KS6A1_HUMAN;DECOY_sp|Q15418|KS6A1_HUMAN
2017dec27_overlap_dia_6b_rep1_604to616.dia:2762.142:decoyFGLEQTNSTVK+2	-1	64680	4.524977	0.50891256	1.058023	0.83072376	0.6241462	1.5907654	0.123245545	8.0	0.0	-0.8173547	0.20354821	3.0893147	1.0	1.0	7.403633	5.0	0.82662773	0.66350704	-0.056320094	1.0	1.0	4.0	8.729759	0.022639036	1.5359759	0	11	0	1	0	0	612.3169603086645	1222.6193676837033	46.0357	-.FGLEQTNSTVK.-	DECOY_sp|Q9BXP5-2|SRRT_HUMAN;DECOY_sp|Q9BXP5-3|SRRT_HUMAN;DECOY_sp|Q9BXP5-4|SRRT_HUMAN;DECOY_sp|Q9BXP5-5|SRRT_HUMAN;DECOY_sp|Q9BXP5|SRRT_HUMAN
2017dec27_overlap_dia_6b_rep1_604to616.dia:2762.142:decoyKDQSGLYTFR+2	-1	64680	5.491017	0.6236053	0.913899	0.85359764	0.65116835	1.7631012	0.13693295	9.0	1.0	-0.3865962	0.0	10.0	1.0	0.0	8.031921	5.0	-0.94292164	0.8249849	0.53848577	1.0	1.0	4.0	10.466286	10.0	1.1052175	1	10	0	1	0	0	607.8118408086647	1213.6091286837036	46.0357	-.KDQSGLYTFR.-	DECOY_sp|Q7Z2W4-2|ZCCHV_HUMAN;DECOY_sp|Q7Z2W4-3|ZCCHV_HUMAN;DECOY_sp|Q7Z2W4|ZCCHV_HUMAN
2017dec27_overlap_dia_6b_rep1_604to616.dia:2762.142:decoyKLVDLVAQPNK+2	-1	64680	4.413552	0.5681475	0.8998003	0.64273405	0.44439995	0.5872506	0.3314409	8.0	2.0	1.0607523	0.0	10.0	1.0	0.0	7.526095	5.0	-1.8839481	0.9012809	0.0	1.0	0.0	4.0	5.783924	10.0	0.34213102	1	11	0	1	0	0	612.8691628086646	1223.7237726837034	46.0357	-.KLVDLVAQPNK.-	DECOY_sp|O75914-2|PAK3_HUMAN;DECOY_sp|O75914-3|PAK3_HUMAN;DECOY_sp|O75914-4|PAK3_HUMAN;DECOY_sp|O75914|PAK3_HUMAN;DECOY_sp|Q13177|PAK2_HUMAN
2017dec27_overlap_dia_6b_rep1_604to616.dia:2762.142:decoyLHVQMC[+57.0214635]HIALGPGTYK+3	-1	64680	6.361852	0.7468839	0.90030646	0.6339991	0.43717545	0.5494118	0.2229316	10.0	3.0	-0.01476109	0.0	10.0	1.0	0.0	6.8220954	5.0	-1.1312318	0.0	0.0	0.0	0.0	0.0	4.344734	10.0	0.73338234	0	16	0	0	1	0	608.9797678613808	1823.9174741837035	46.0357	-.LHVQMC[+57.0214635]HIALGPGTYK.-	DECOY_sp|O43670-2|ZN207_HUMAN;DECOY_sp|O43670-4|ZN207_HUMAN;DECOY_sp|O43670|ZN207_HUMAN
2017dec27_overlap_dia_6b_rep1_604to616.dia:2762.142:decoyLKC[+57.0214635]EESLSTVANQQAR+3	-1	64680	5.3756003	0.32325745	0.6705367	0.65439016	0.4541492	0.6383932	0.27632862	9.0	1.0	2.8014712	0.0	10.0	1.0	0.0	5.937808	4.0	-0.39082766	0.0	0.0	0.0	0.0	0.0	7.2224274	10.0	2.08285	1	16	0	0	1	0	611.9756301947142	1832.905061183704	46.0357	-.LKC[+57.0214635]EESLSTVANQQAR.-	DECOY_sp|Q14289-2|FAK2_HUMAN;DECOY_sp|Q14289|FAK2_HUMAN
2017dec27_overlap_dia_6b_rep1_604to616.dia:2762.142:decoyQVYSPDC[+57.0214635]ILK+2	-1	64680	6.2804084	0.67615527	1.2199872	0.52558744	0.35230887	0.10243924	0.43153846	10.0	1.0	1.3879678	0.0	10.0	1.0	0.0	7.948211	6.0	-0.6108031	0.4647512	-0.04458761	0.0	1.0	3.0	1.3692856	10.0	0.6693466	0	10	0	1	0	0	611.8104520586645	1221.6063511837033	46.0357	-.QVYSPDC[+57.0214635]ILK.-	DECOY_sp|P50395-2|GDIB_HUMAN;DECOY_sp|P50395|GDIB_HUMAN
2017dec27_overlap_dia_6b_rep1_604to616.dia:2762.142:decoyQYPMASSGIQK+2	-1	64680	5.301819	0.38141295	0.9508028	0.55214775	0.37238318	0.20935231	0.6205609	9.0	1.0	2.563521	0.0	10.0	1.0	0.0	7.4943132	5.0	-0.8605609	0.6488067	0.0	1.0	0.0	4.0	6.795967	10.0	1.8448997	0	11	0	1	0	0	605.3002518086647	1208.5859506837037	46.0357	-.QYPMASSGIQK.-	DECOY_sp|P30566-2|PUR8_HUMAN;DECOY_sp|P30566|PUR8_HUMAN
2017dec27_overlap_dia_6b_rep1_604to616.dia:2764.2263:ADPSLNPEQLK+2	1	64732	7.526028	0.606839	0.8087759	0.8411475	0.6362388	1.6667908	0.30200565	11.0	1.0	-1.5565608	0.985336	0.90711766	0.0	3.0	8.290123	9.0	0.69742346	0.8920219	0.4895594	1.0	1.0	8.0	0.19721222	2.2048361	2.275182	0	11	0	1	0	0	606.3169598086647	1210.6193666837037	46.07044	-.ADPSLNPEQLK.-	sp|Q9UNF0-2|PACN2_HUMAN;sp|Q9UNF0|PACN2_HUMAN
2017dec27_overlap_dia_6b_rep1_604to616.dia:2764.2263:FNTSDVSAIEK+2	1	64732	7.5215282	0.45644927	0.61819375	0.8324763	0.62615514	1.6032801	0.24887621	11.0	1.0	4.6029215	0.0	10.0	1.0	0.0	7.954996	8.0	0.54588604	0.9356143	0.37281093	1.0	1.0	6.0	0.15613174	10.0	3.8843002	0	11	0	1	0	0	605.8011423086647	1209.5877316837036	46.07044	-.FNTSDVSAIEK.-	sp|P19367-2|HXK1_HUMAN;sp|P19367-3|HXK1_HUMAN;sp|P19367-4|HXK1_HUMAN;sp|P19367|HXK1_HUMAN
2017dec27_overlap_dia_6b_rep1_604to616.dia:2764.2263:decoyELSAQWESDR+2	-1	64732	3.5255384	0.24433008	0.535042	0.665438	0.4635104	0.6876232	0.2739553	7.0	0.0	2.384475	0.19719388	-0.7351099	1.0	1.0	7.099171	4.0	-0.9202595	0.0	0.0	0.0	0.0	0.0	0.51651	3.8470635	1.6658537	0	10	0	1	0	0	610.7807413086646	1219.5469296837034	46.07044	-.ELSAQWESDR.-	DECOY_sp|Q9H788-2|SH24A_HUMAN;DECOY_sp|Q9H788|SH24A_HUMAN
2017dec27_overlap_dia_6b_rep1_604to616.dia:2764.2263:decoyLLIDNQITGTK+2	-1	64732	3.5763998	0.42640087	0.5456428	0.74811625	0.53808296	1.0885907	0.20081332	7.0	1.0	2.1584969	0.0	10.0	1.0	0.0	7.189039	5.0	-1.3505535	0.89492327	0.0	1.0	0.0	5.0	7.6507797	10.0	1.4398756	0	11	0	1	0	0	608.3508033086646	1214.6870536837034	46.07044	-.LLIDNQITGTK.-	DECOY_sp|P22033|MUTA_HUMAN
2017dec27_overlap_dia_6b_rep1_604to616.dia:2764.2263:decoySFVQAETGELK+2	-1	64732	5.380682	0.6056887	0.8526567	0.6620925	0.46066284	0.6726331	0.37570828	9.0	0.0	-1.1126264	0.53267246	8.648967	1.0	1.0	7.7656517	5.0	-1.0769372	0.8272163	0.0	1.0	0.0	4.0	2.4595299	5.537013	1.8312477	0	11	0	1	0	0	604.8115108086647	1207.6084686837037	46.07044	-.SFVQAETGELK.-	DECOY_sp|Q13045-2|FLII_HUMAN;DECOY_sp|Q13045-3|FLII_HUMAN;DECOY_sp|Q13045|FLII_HUMAN
2017dec27_overlap_dia_6b_rep1_604to616.dia:2764.2263:decoyTAELDQQFAAK+2	-1	64732	5.212991	0.29707697	0.98943514	0.45001578	0.2971633	-0.20060696	0.8584463	9.0	1.0	-1.1073136	0.0	10.0	1.0	0.0	7.7733717	5.0	-1.4298611	0.63636565	0.0	1.0	0.0	3.0	3.6294174	10.0	1.8259349	0	11	0	1	0	0	611.3091358086647	1220.6037186837036	46.07044	-.TAELDQQFAAK.-	DECOY_sp|Q96BQ5|CC127_HUMAN
2017dec27_overlap_dia_6b_rep1_604to616.dia:2764.2263:decoyTQQILQQLEK+2	-1	64732	4.4428234	0.59969383	0.7973761	0.68754727	0.4826252	0.78867733	0.5096906	8.0	1.0	2.154195	0.0	10.0	1.0	0.0	7.5151887	5.0	-1.1927915	0.9266813	-0.054084126	1.0	1.0	4.0	8.371716	10.0	1.4355738	0	10	0	1	0	0	614.8484283086646	1227.6823036837034	46.07044	-.TQQILQQLEK.-	DECOY_sp|Q99570|PI3R4_HUMAN
2017dec27_overlap_dia_6b_rep1_604to616.dia:2766.2417:AEEVELYLEK+2	1	64784	2.7936728	0.2767935	0.477265	0.8636547	0.6636604	1.8459822	0.08960374	6.0	0.0	0.9242575	0.0	10.0	1.0	0.0	6.9265995	4.0	-2.1997752	0.8730269	-0.0525911	1.0	1.0	4.0	9.140141	10.0	0.20563626	0	10	0	1	0	0	611.8137143086648	1221.6128756837038	46.104027	-.AEEVELYLEK.-	sp|Q8NBN3-2|TM87A_HUMAN;sp|Q8NBN3-3|TM87A_HUMAN;sp|Q8NBN3|TM87A_HUMAN
2017dec27_overlap_dia_6b_rep1_604to616.dia:2766.2417:ATEVQFPVKPVVSSEAK+3	1	64784	6.4279685	0.21422231	0.46553165	0.738253	0.5286979	1.0369083	0.4538187	10.0	2.0	3.0978374	0.0	10.0	1.0	0.0	6.3742795	5.0	0.11100626	0.7639014	0.0	0.0	0.0	4.0	7.61499	10.0	2.3792162	0	17	0	0	1	0	605.9998816947142	1814.977815683704	46.104027	-.ATEVQFPVKPVVSSEAK.-	sp|Q9UKI8-2|TLK1_HUMAN;sp|Q9UKI8-3|TLK1_HUMAN;sp|Q9UKI8-4|TLK1_HUMAN;sp|Q9UKI8-5|TLK1_HUMAN;sp|Q9UKI8|TLK1_HUMAN
2017dec27_overlap_dia_6b_rep1_604to616.dia:2766.2417:FGDPVVQSDMK+2	1	64784	14.547853	2.0880017	2.3593328	0.992625	0.9226352	4.902257	0.014571014	17.0	9.0	1.0291297	0.97127944	4.4308553	0.0	2.0	10.314583	10.0	-0.1235261	0.89160514	0.9891387	1.0	1.0	16.0	0.06939697	1.3189015	0.3105085	0	11	0	1	0	0	611.7922638086646	1221.5699746837035	46.104027	-.FGDPVVQSDMK.-	sp|P0DMV8-2|HS71A_HUMAN;sp|P0DMV8|HS71A_HUMAN;sp|P0DMV9|HS71B_HUMAN
2017dec27_overlap_dia_6b_rep1_604to616.dia:2770.4072:EYNALVAQGVR+2	1	64888	7.567357	0.37411413	0.7215725	0.92512596	0.75208175	2.5141227	0.12038212	11.0	0.0	0.59157145	0.932456	1.0628384	0.4286278	3.0	7.682865	7.0	3.3990502	0.78466815	0.25019148	1.0	1.0	7.0	0.06685257	2.0491152	0.1270498	0	11	0	1	0	0	610.3251153086647	1218.6356776837038	46.173454	-.EYNALVAQGVR.-	sp|Q9H7C9|AAMDC_HUMAN
2017dec27_overlap_dia_6b_rep1_604to616.dia:2776.6687:decoyC[+57.0214635]LLEDMSTQK+2	-1	65044	4.428729	0.57708377	0.9707259	0.6655923	0.46364206	0.6883165	0.2802063	8.0	0.0	-2.43596	0.0	10.0	1.0	0.0	6.743855	4.0	-1.3595371	0.48449576	-0.024899593	0.0	1.0	0.0	5.2649727	10.0	3.1665123	0	10	0	1	0	0	612.7835815586647	1223.5526101837036	46.277813	-.C[+57.0214635]LLEDMSTQK.-	DECOY_sp|O95747|OXSR1_HUMAN;DECOY_sp|Q9UEW8-2|STK39_HUMAN;DECOY_sp|Q9UEW8|STK39_HUMAN
2017dec27_overlap_dia_6b_rep1_604to616.dia:2776.6687:decoyVMIQYTDQVK+2	-1	65044	3.5040562	0.77766746	1.1405635	0.63332343	0.4366194	0.54650104	0.3786805	7.0	0.0	0.67827886	0.0	10.0	1.0	0.0	6.927366	6.0	-2.730187	0.0	0.0	0.0	0.0	0.0	0.71123505	10.0	0.052273333	0	10	0	1	0	0	612.8182778086647	1223.6220026837036	46.277813	-.VMIQYTDQVK.-	DECOY_sp|O14964-2|HGS_HUMAN;DECOY_sp|O14964|HGS_HUMAN
2017dec27_overlap_dia_6b_rep1_604to616.dia:2778.767:GIPALIENDHHMNSIR+3	1	65096	7.480701	0.6590522	1.0777714	0.75778276	0.5474347	1.1405617	0.33765233	11.0	2.0	0.47217417	0.0	10.0	1.0	0.0	6.5453224	4.0	0.5308819	0.0	0.0	0.0	0.0	0.0	3.9684334	10.0	0.27030945	0	16	0	0	1	0	606.3089433613808	1815.9050006837035	46.312786	-.GIPALIENDHHMNSIR.-	sp|P35573-2|GDE_HUMAN;sp|P35573-3|GDE_HUMAN;sp|P35573|GDE_HUMAN
2017dec27_overlap_dia_6b_rep1_604to616.dia:2778.767:KVMVIVTDGESHDNHR+3	1	65096	2.8197782	0.54077655	0.8572273	0.91716063	0.7390495	2.4043791	0.08150018	6.0	2.0	0.25916737	0.8764649	-2.2041638	0.88915354	3.0	5.899936	2.0	-0.28003883	0.0	0.0	0.0	0.0	0.0	15.656933	5.3359175	0.48331624	1	16	0	0	1	0	612.9722200280474	1835.8948306837035	46.312786	-.KVMVIVTDGESHDNHR.-	sp|P56199|ITA1_HUMAN
2017dec27_overlap_dia_6b_rep1_604to616.dia:2778.767:LLDQC[+57.0214635]IQDQEHPAIR+3	1	65096	10.826233	1.2025448	1.2811968	0.7688198	0.5583114	1.2016592	0.2774275	14.0	5.0	0.5204813	0.38073295	3.2173066	1.0	2.0	7.148674	7.0	2.423606	0.84211296	0.8356333	1.0	1.0	9.0	0.018260956	0.08555269	0.22200233	0	15	0	0	1	0	612.6404708613808	1834.8995831837035	46.312786	-.LLDQC[+57.0214635]IQDQEHPAIR.-	sp|O60518|RNBP6_HUMAN
2017dec27_overlap_dia_6b_rep1_604to616.dia:2778.767:LQQLGEAHQAETEVLR+3	1	65096	12.01747	1.7698357	1.8422347	0.79610586	0.5862204	1.3621312	0.231776	15.0	3.0	0.4278612	0.9960522	1.2727032	0.0	3.0	7.280744	6.0	6.5181184	0.85599655	0.90685624	1.0	1.0	10.0	0.01550293	1.8590508	0.3146224	0	16	0	0	1	0	607.9866356947142	1820.938077683704	46.312786	-.LQQLGEAHQAETEVLR.-	sp|Q14980-2|NUMA1_HUMAN;sp|Q14980-3|NUMA1_HUMAN;sp|Q14980-4|NUMA1_HUMAN;sp|Q14980|NUMA1_HUMAN
2017dec27_overlap_dia_6b_rep1_604to616.dia:2778.767:VAIQPVNDHAPVQTISR+3	1	65096	7.5004554	0.84860677	1.1313096	0.7930474	0.58301353	1.3433934	0.22509387	11.0	3.0	-1.4826666	0.0	10.0	1.0	0.0	6.441211	5.0	0.6204443	0.4133551	0.7836353	1.0	1.0	6.0	0.22260666	10.0	2.22515	0	17	0	0	1	0	615.6707586947142	1843.990446683704	46.312786	-.VAIQPVNDHAPVQTISR.-	sp|Q6UVK1|CSPG4_HUMAN
2017dec27_overlap_dia_6b_rep1_604to616.dia:2778.767:decoyC[+57.0214635]DLVDAVVAEK+2	-1	65096	5.3247843	0.6629277	0.9922238	0.5821311	0.39556193	0.3315279	0.6198064	9.0	1.0	1.7567136	0.0	10.0	1.0	0.0	7.095897	6.0	-0.23261023	0.0	0.0	0.0	0.0	0.0	9.225113	10.0	1.01423	0	11	0	1	0	0	609.8053710586645	1217.5961891837032	46.312786	-.C[+57.0214635]DLVDAVVAEK.-	DECOY_sp|P51659-2|DHB4_HUMAN;DECOY_sp|P51659-3|DHB4_HUMAN;DECOY_sp|P51659|DHB4_HUMAN
2017dec27_overlap_dia_6b_rep1_604to616.dia:2778.767:decoyHDDGAVEVIQK+2	-1	65096	3.618799	0.688548	0.98125017	0.82483715	0.6174665	1.5494698	0.21389183	7.0	1.0	-0.3657372	0.0	10.0	1.0	0.0	6.8750687	5.0	-1.5700626	0.0	0.0	0.0	0.0	0.0	16.05604	10.0	1.1082208	0	11	0	1	0	0	605.8067598086647	1209.5989666837036	46.312786	-.HDDGAVEVIQK.-	DECOY_sp|Q07960|RHG01_HUMAN
2017dec27_overlap_dia_6b_rep1_604to616.dia:2780.8767:GASFEELC[+57.0214635]HNYTQDR+3	1	65148	9.7133045	1.2390813	1.1544758	0.8298961	0.6232008	1.5848911	0.24594492	13.0	0.0	-1.0175332	0.9584422	3.6055572	0.0	3.0	6.8333044	7.0	2.5033073	0.9009258	0.7663436	1.0	1.0	6.0	0.018283844	0.47380328	1.7600168	0	15	0	0	1	0	609.5969275280476	1825.7689531837038	46.347946	-.GASFEELC[+57.0214635]HNYTQDR.-	sp|Q92614-2|MY18A_HUMAN;sp|Q92614-3|MY18A_HUMAN;sp|Q92614-4|MY18A_HUMAN;sp|Q92614-5|MY18A_HUMAN;sp|Q92614|MY18A_HUMAN
2017dec27_overlap_dia_6b_rep1_604to616.dia:2782.8774:LENYYMVC[+57.0214635]K+2	1	65200	3.5226433	1.0506728	1.2514249	0.661017	0.45974982	0.6678296	0.58546996	7.0	0.0	1.1249673	0.0	10.0	1.0	0.0	7.4540987	6.0	0.4075384	0.86623996	0.15624082	1.0	1.0	5.0	0.028282166	10.0	0.38248372	0	9	0	1	0	0	610.2779260586648	1218.5412991837038	46.38129	-.LENYYMVC[+57.0214635]K.-	sp|Q8NHQ9|DDX55_HUMAN
2017dec27_overlap_dia_6b_rep1_604to616.dia:2782.8774:decoyFSC[+57.0214635]LAAMQGAR+2	-1	65200	4.333246	0.77715	1.2652771	0.53422636	0.35879397	0.13711986	0.6977116	8.0	1.0	2.460968	0.0	10.0	1.0	0.0	7.3417687	7.0	-0.47223473	0.58705616	0.0	0.0	0.0	1.0	0.3518219	10.0	1.7184844	0	11	0	1	0	0	606.2866260586646	1210.5586991837035	46.38129	-.FSC[+57.0214635]LAAMQGAR.-	DECOY_sp|Q9NXE4-10|NSMA3_HUMAN;DECOY_sp|Q9NXE4-2|NSMA3_HUMAN;DECOY_sp|Q9NXE4-3|NSMA3_HUMAN;DECOY_sp|Q9NXE4-4|NSMA3_HUMAN;DECOY_sp|Q9NXE4-5|NSMA3_HUMAN;DECOY_sp|Q9NXE4-6|NSMA3_HUMAN;DECOY_sp|Q9NXE4-7|NSMA3_HUMAN;DECOY_sp|Q9NXE4-8|NSMA3_HUMAN;DECOY_sp|Q9NXE4-9|NSMA3_HUMAN;DECOY_sp|Q9NXE4|NSMA3_HUMAN
2017dec27_overlap_dia_6b_rep1_604to616.dia:2784.9707:AQAVLEEDHYGMEDVK+3	1	65252	14.495482	1.8058128	1.7225773	0.8798614	0.68472946	1.9911184	0.16491789	17.0	7.0	1.0482173	0.984347	4.4388423	0.0	3.0	7.724447	7.0	1.7926188	0.8602059	0.78193414	1.0	1.0	9.0	0.03343582	1.3070884	0.30573368	0	16	0	0	1	0	611.9489670280475	1832.8250716837038	46.41618	-.AQAVLEEDHYGMEDVK.-	sp|P36776-2|LONM_HUMAN;sp|P36776-3|LONM_HUMAN;sp|P36776|LONM_HUMAN
2017dec27_overlap_dia_6b_rep1_604to616.dia:2784.9707:decoyVDQATLVGPASR+2	-1	65252	6.3892655	1.0014764	1.5488678	0.67530817	0.47197872	0.73229265	0.33053073	10.0	0.0	-3.878635	0.0	10.0	1.0	0.0	6.7064815	5.0	-0.5397072	0.0	0.0	0.0	0.0	0.0	2.287159	10.0	4.6211185	0	12	0	1	0	0	607.3304023086647	1212.6462516837037	46.41618	-.VDQATLVGPASR.-	DECOY_sp|Q9C0C2-2|TB182_HUMAN;DECOY_sp|Q9C0C2|TB182_HUMAN
2017dec27_overlap_dia_6b_rep1_604to616.dia:2789.1177:decoySDFWVESSPR+2	-1	65356	3.5942173	0.4928955	0.77665794	0.779447	0.5689997	1.2624468	0.099376515	7.0	0.0	-2.0130937	0.0	10.0	1.0	0.0	7.3548636	6.0	-2.0858822	0.80577505	0.0	0.0	0.0	3.0	7.0468674	10.0	2.7555773	0	10	0	1	0	0	605.2803768086645	1208.5462006837033	46.485294	-.SDFWVESSPR.-	DECOY_sp|P42345|MTOR_HUMAN
2017dec27_overlap_dia_6b_rep1_604to616.dia:2793.308:C[+57.0214635]GVQSFYTPR+2	1	65460	7.547165	0.617721	0.9509665	0.88309747	0.68909216	2.022095	0.1779571	11.0	0.0	1.0352023	0.9895618	1.938054	0.0	3.0	8.022559	7.0	0.82836103	0.8630479	0.80538124	1.0	1.0	6.0	0.06269455	1.2135001	0.30465007	0	10	0	1	0	0	607.7847690586647	1213.5549851837036	46.555134	-.C[+57.0214635]GVQSFYTPR.-	sp|Q7Z7K6-2|CENPV_HUMAN;sp|Q7Z7K6-3|CENPV_HUMAN;sp|Q7Z7K6|CENPV_HUMAN
2017dec27_overlap_dia_6b_rep1_604to616.dia:2793.308:TNVNGGAIALGHPLGGSGSR+3	1	65460	23.772106	2.8001919	2.2817333	0.95367426	0.8054652	3.0246243	0.047349885	24.0	20.0	-1.3856797	0.99330544	2.9301014	0.0	3.0	8.881686	12.0	9.553326	0.9107623	0.9689277	1.0	1.0	22.0	0.29920578	0.22145271	2.116232	0	20	0	0	1	0	612.3221293613807	1833.9445586837035	46.555134	-.TNVNGGAIALGHPLGGSGSR.-	sp|P42765|THIM_HUMAN
2017dec27_overlap_dia_6b_rep1_604to616.dia:2795.3364:SFAGAVSPQEEEEFRR+3	1	65512	14.545827	1.8086867	1.4205335	0.9880045	0.90129495	4.411156	0.01894053	17.0	10.0	0.9422548	0.99991953	5.4174995	0.0	3.0	8.588336	7.0	7.7951727	0.9510111	0.9850529	1.0	1.0	13.0	0.06938934	2.2659454	0.19977117	1	16	0	0	1	0	613.6271066947143	1837.859490683704	46.58894	-.SFAGAVSPQEEEEFRR.-	sp|P33992|MCM5_HUMAN
2017dec27_overlap_dia_6b_rep1_604to616.dia:2799.4758:DAWASPC[+57.0214635]HSYPLVATR+3	1	65616	3.4130325	0.35302263	0.45474818	0.5135726	0.34335655	0.05430359	0.32591972	7.0	3.0	-1.8196181	0.0	10.0	1.0	0.0	6.27205	3.0	-2.0177362	0.76162267	0.0	1.0	0.0	3.0	8.642796	10.0	2.5621018	0	16	0	0	1	0	610.9579081947142	1829.8518951837038	46.657932	-.DAWASPC[+57.0214635]HSYPLVATR.-	sp|Q13425|SNTB2_HUMAN
2017dec27_overlap_dia_6b_rep1_604to616.dia:2799.4758:decoyEPQVSVWPQR+2	-1	65616	5.1623344	0.39140826	0.72617185	0.40047115	0.2623071	-0.40350237	0.83110315	9.0	1.0	-0.09566921	0.8084753	6.788433	0.0	1.0	7.7534184	5.0	-0.77507687	0.83191633	0.34297	0.0	1.0	2.0	3.3802795	3.6170788	0.8381528	0	10	0	1	0	0	613.3198373086647	1224.6251216837036	46.657932	-.EPQVSVWPQR.-	DECOY_sp|Q14204|DYHC1_HUMAN
2017dec27_overlap_dia_6b_rep1_604to616.dia:2799.4758:decoyLGQNVDAGSELK+2	-1	65616	4.3573523	0.52767533	0.99399954	0.5647177	0.38202995	0.2603312	0.47746196	8.0	0.0	-0.40314505	0.72208875	-3.3998802	0.0	2.0	7.527927	6.0	-1.379272	0.7367745	0.1564928	1.0	1.0	2.0	13.883793	6.5712347	1.1456287	0	12	0	1	0	0	615.8198668086646	1229.6251806837035	46.657932	-.LGQNVDAGSELK.-	DECOY_sp|Q96DX5-2|ASB9_HUMAN;DECOY_sp|Q96DX5-3|ASB9_HUMAN;DECOY_sp|Q96DX5|ASB9_HUMAN
2017dec27_overlap_dia_6b_rep1_604to616.dia:2803.6692:DTSNDPGQLLR+2	1	65720	7.541727	0.84796506	1.0104482	0.87210906	0.67449623	1.9197366	0.23282167	11.0	0.0	2.0452912	0.9067193	0.8054622	0.0	3.0	8.243407	8.0	6.2948213	0.953765	0.94583917	1.0	1.0	9.0	0.60100174	2.3658922	1.2908766	0	11	0	1	0	0	608.3018413086647	1214.5891296837037	46.72782	-.DTSNDPGQLLR.-	sp|Q96BN8|OTUL_HUMAN
2017dec27_overlap_dia_6b_rep1_604to616.dia:2803.6692:TSSQYVASAIAK+2	1	65720	5.2861166	0.7969689	1.0132095	0.5325409	0.3575256	0.1303479	0.71852475	9.0	2.0	1.0371208	0.82003427	6.588781	0.0	1.0	7.9614472	7.0	1.0509095	0.8615596	0.24201724	0.0	1.0	4.0	6.288582	3.4174266	0.28270626	0	12	0	1	0	0	613.3247808086646	1224.6350086837035	46.72782	-.TSSQYVASAIAK.-	sp|O75128-2|COBL_HUMAN;sp|O75128-3|COBL_HUMAN;sp|O75128-6|COBL_HUMAN;sp|O75128-7|COBL_HUMAN;sp|O75128|COBL_HUMAN
2017dec27_overlap_dia_6b_rep1_604to616.dia:2803.6692:decoyGTESPRDVLLK+2	-1	65720	2.6462286	0.5903381	0.7744975	0.6150295	0.42171186	0.46850362	0.22665194	6.0	1.0	1.9358318	0.0	10.0	1.0	0.0	7.207014	4.0	-1.7251282	0.8085255	0.0	1.0	0.0	3.0	11.037476	10.0	1.1814172	1	11	0	1	0	0	607.8406023086645	1213.6666516837033	46.72782	-.GTESPRDVLLK.-	DECOY_sp|Q9UKV3-2|ACINU_HUMAN;DECOY_sp|Q9UKV3-3|ACINU_HUMAN;DECOY_sp|Q9UKV3-5|ACINU_HUMAN;DECOY_sp|Q9UKV3|ACINU_HUMAN
2017dec27_overlap_dia_6b_rep1_604to616.dia:2803.6692:decoyLEKNEADEPYAHWTK+3	-1	65720	6.2968	0.555268	0.69169	0.5458037	0.36755115	0.18373005	0.32381022	10.0	5.0	1.5716143	0.0	10.0	1.0	0.0	7.1117277	5.0	-0.2601099	0.5698395	0.0	0.0	0.0	1.0	7.755333	10.0	0.8171997	1	15	0	0	1	0	610.9600830280474	1829.8584196837035	46.72782	-.LEKNEADEPYAHWTK.-	DECOY_sp|P45973|CBX5_HUMAN
2017dec27_overlap_dia_6b_rep1_604to616.dia:2805.7866:AEELIQEIQR+2	1	65772	4.4784145	0.4615081	0.80594337	0.7462664	0.53631103	1.0787979	0.14754815	8.0	0.0	2.6915047	0.0	10.0	1.0	0.0	7.3612723	5.0	-0.89223003	0.8112067	0.0	1.0	0.0	3.0	5.6473656	10.0	1.9370902	0	10	0	1	0	0	614.8302348086647	1227.6459166837037	46.76311	-.AEELIQEIQR.-	sp|Q9H5N1-2|RABE2_HUMAN;sp|Q9H5N1|RABE2_HUMAN
2017dec27_overlap_dia_6b_rep1_604to616.dia:2805.7866:FAGQMAALC[+57.0214635]SR+2	1	65772	6.3732967	0.74616534	1.0926214	0.6509282	0.45124024	0.6231217	0.49119148	10.0	0.0	3.0141606	0.9593872	1.0786473	0.0	3.0	8.099271	7.0	1.6664853	0.9274463	0.6992905	1.0	1.0	6.0	0.028411865	2.1031299	2.259746	0	11	0	1	0	0	606.2866260586646	1210.5586991837035	46.76311	-.FAGQMAALC[+57.0214635]SR.-	sp|Q9NXE4-10|NSMA3_HUMAN;sp|Q9NXE4-2|NSMA3_HUMAN;sp|Q9NXE4-3|NSMA3_HUMAN;sp|Q9NXE4-4|NSMA3_HUMAN;sp|Q9NXE4-5|NSMA3_HUMAN;sp|Q9NXE4-6|NSMA3_HUMAN;sp|Q9NXE4-7|NSMA3_HUMAN;sp|Q9NXE4-8|NSMA3_HUMAN;sp|Q9NXE4-9|NSMA3_HUMAN;sp|Q9NXE4|NSMA3_HUMAN
2017dec27_overlap_dia_6b_rep1_604to616.dia:2805.7866:HVFLTGPPGVGK+2	1	65772	6.428936	0.6321567	0.9528469	0.7398991	0.5302535	1.0454441	0.1930719	10.0	1.0	0.7600433	0.80079263	-4.4528604	0.0	1.0	7.91254	6.0	1.9848871	0.92586505	0.9177916	1.0	1.0	9.0	0.3240204	7.634638	0.0056287646	0	12	0	1	0	0	604.8429488086648	1207.6713446837039	46.76311	-.HVFLTGPPGVGK.-	sp|Q9BSD7|NTPCR_HUMAN
2017dec27_overlap_dia_6b_rep1_604to616.dia:2805.7866:INQDPLGIQGR+2	1	65772	6.508142	0.5931702	0.90039843	0.8879295	0.69571346	2.0697641	0.15339807	10.0	1.0	0.47476512	0.8258573	-6.039984	0.0	1.0	7.7854366	7.0	1.0881681	0.6551062	0.7218727	0.0	1.0	1.0	0.186203	9.221762	0.27964944	0	11	0	1	0	0	605.8305693086647	1209.6465856837037	46.76311	-.INQDPLGIQGR.-	sp|P17050|NAGAB_HUMAN
2017dec27_overlap_dia_6b_rep1_604to616.dia:2805.7866:KYDIYFADGK+2	1	65772	5.5383887	0.6269262	1.0341573	0.9519742	0.8018993	2.9868	0.0578302	9.0	0.0	1.8905181	0.21990788	-2.8512096	1.0	1.0	8.18123	7.0	-0.044914246	0.72893053	0.43759903	1.0	1.0	3.0	0.1682396	6.0329866	1.1361035	1	10	0	1	0	0	610.3033128086646	1218.5920726837035	46.76311	-.KYDIYFADGK.-	sp|Q86UK7-2|ZN598_HUMAN;sp|Q86UK7-3|ZN598_HUMAN;sp|Q86UK7|ZN598_HUMAN
2017dec27_overlap_dia_6b_rep1_604to616.dia:2805.7866:YSLATEEIER+2	1	65772	4.5092344	0.5465244	0.81819785	0.80114937	0.5915556	1.3934934	0.29780284	8.0	0.0	1.1101489	0.0	10.0	1.0	0.0	7.632118	6.0	-0.76209736	0.3620527	0.52993137	0.0	1.0	0.0	0.10721207	10.0	0.35573435	0	10	0	1	0	0	605.8011383086647	1209.5877236837036	46.76311	-.YSLATEEIER.-	sp|Q66K14-2|TBC9B_HUMAN;sp|Q66K14|TBC9B_HUMAN
2017dec27_overlap_dia_6b_rep1_604to616.dia:2805.7866:decoyIQVDAADGPGGGR+2	-1	65772	4.3835325	0.7339948	1.1155927	0.59980756	0.4095124	0.4046633	0.29539588	8.0	1.0	0.84571564	0.0	10.0	1.0	0.0	7.3160095	5.0	-1.5793886	0.71935827	0.0	1.0	0.0	4.0	15.458834	10.0	0.09130108	0	13	0	1	0	0	606.8020093086647	1211.5894656837036	46.76311	-.IQVDAADGPGGGR.-	DECOY_sp|Q9UBS0|KS6B2_HUMAN
2017dec27_overlap_dia_6b_rep1_604to616.dia:2805.7866:decoyQNATLNLEEREGDSIR+3	-1	65772	7.2475343	0.69968826	1.108331	0.4429736	0.292153	-0.22910242	0.7197963	11.0	5.0	0.037192702	0.0	10.0	1.0	0.0	6.7906747	5.0	-0.6074443	0.7683697	0.0	0.0	0.0	4.0	3.6957588	10.0	0.71722186	1	16	0	0	1	0	615.6414156947142	1843.9024176837038	46.76311	-.QNATLNLEEREGDSIR.-	DECOY_sp|O95816-2|BAG2_HUMAN;DECOY_sp|O95816|BAG2_HUMAN
2017dec27_overlap_dia_6b_rep1_604to616.dia:2805.7866:decoyTKLPNSGC[+57.0214635]ALPTYHTR+3	-1	65772	7.2588787	0.57448554	0.8926225	0.45469722	0.3005051	-0.18170936	0.6100235	11.0	4.0	-0.66243273	0.0	10.0	1.0	0.0	6.974242	6.0	1.8146253	0.7306265	0.0	1.0	0.0	7.0	6.7066536	10.0	1.4168472	1	16	0	0	1	0	605.9771915280475	1814.9097451837035	46.76311	-.TKLPNSGC[+57.0214635]ALPTYHTR.-	DECOY_sp|O60832-2|DKC1_HUMAN;DECOY_sp|O60832|DKC1_HUMAN
2017dec27_overlap_dia_6b_rep1_604to616.dia:2807.836:C[+57.0214635]EDLEC[+57.0214635]YVK+2	1	65824	4.471583	0.39803433	0.46863174	0.7346194	0.52527845	1.0181874	0.28864366	8.0	0.0	0.09388304	0.8421061	2.4306934	0.0	1.0	7.5091157	5.0	0.9448428	0.70319265	0.9161598	1.0	1.0	4.0	0.06256485	0.7604611	0.6605315	0	9	0	1	0	0	608.2546523086647	1214.4947516837037	46.797264	-.C[+57.0214635]EDLEC[+57.0214635]YVK.-	sp|Q9H089|LSG1_HUMAN
2017dec27_overlap_dia_6b_rep1_604to616.dia:2807.836:EVC[+57.0214635]GFAPYER+2	1	65824	9.787005	1.7980938	2.049964	0.98338675	0.88379484	4.0808024	0.031436723	13.0	5.0	-1.9734118	0.9998407	3.904719	0.0	3.0	9.766739	8.0	-0.540787	0.68422306	0.98600364	1.0	1.0	11.0	0.018623352	0.71356463	2.7278264	0	10	0	1	0	0	614.2767765586647	1226.5390001837036	46.797264	-.EVC[+57.0214635]GFAPYER.-	sp|Q9Y3U8|RL36_HUMAN
2017dec27_overlap_dia_6b_rep1_604to616.dia:2807.836:decoyGNLASYTAAMAR+2	-1	65824	5.2585216	0.5367849	0.6848774	0.49975622	0.33315414	-9.751304E-4	0.5796925	9.0	1.0	-0.2748856	0.0	10.0	1.0	0.0	7.7727294	6.0	-0.9842391	0.0	0.0	0.0	0.0	0.0	2.7402077	10.0	1.0293002	0	12	0	1	0	0	613.3033258086645	1224.5920986837032	46.797264	-.GNLASYTAAMAR.-	DECOY_sp|P51812|KS6A3_HUMAN
2017dec27_overlap_dia_6b_rep1_604to616.dia:2809.92:decoyVSTLILGDKER+2	-1	65876	5.425276	0.46356645	0.64364314	0.73368955	0.5244067	1.0134232	0.18854403	9.0	1.0	-0.039934635	0.0	10.0	1.0	0.0	7.8605375	5.0	0.7187538	0.9109813	0.18254514	1.0	1.0	5.0	5.844879	10.0	0.7943492	1	11	0	1	0	0	615.8562523086646	1229.6979516837034	46.831997	-.VSTLILGDKER.-	DECOY_sp|Q99497|PARK7_HUMAN
2017dec27_overlap_dia_6b_rep1_604to616.dia:2820.2437:AVEFLASNESR+2	1	66136	7.5371656	0.6804485	0.90427226	0.862997	0.6628308	1.8404083	0.2515365	11.0	0.0	1.7032094	0.8236175	2.6872253	0.0	1.0	8.331521	8.0	2.385346	0.8198822	0.8026388	1.0	1.0	5.0	0.07155609	0.5237293	0.94879484	0	11	0	1	0	0	611.8067588086647	1221.5989646837036	47.004063	-.AVEFLASNESR.-	sp|Q8NC56-2|LEMD2_HUMAN;sp|Q8NC56|LEMD2_HUMAN
2017dec27_overlap_dia_6b_rep1_604to616.dia:2820.2437:QGDFYVPEMK+2	1	66136	4.302425	0.32228187	0.59211093	0.49762747	0.33159065	-0.009490139	0.8796883	8.0	0.0	2.1318135	0.0	10.0	1.0	0.0	7.6272683	5.0	-1.9179409	0.51110214	0.0	0.0	0.0	1.0	8.910618	10.0	1.377399	0	10	0	1	0	0	607.2815278086647	1212.5485026837036	47.004063	-.QGDFYVPEMK.-	sp|Q9Y6I9|TX264_HUMAN
2017dec27_overlap_dia_6b_rep1_604to616.dia:2822.3337:EVITAQDTVIK+2	1	66188	9.734233	0.85357577	1.1066706	0.8708662	0.6728828	1.9086391	0.2577577	13.0	0.0	-0.72309613	0.0	10.0	1.0	0.0	8.584404	9.0	3.8224397	0.95145285	0.5275477	1.0	1.0	7.0	0.107543945	10.0	1.4775107	0	11	0	1	0	0	608.8428113086647	1215.6710696837038	47.038895	-.EVITAQDTVIK.-	sp|O95347-2|SMC2_HUMAN;sp|O95347|SMC2_HUMAN
2017dec27_overlap_dia_6b_rep1_604to616.dia:2822.3337:LAASIAPEIYGHEDVKK+3	1	66188	10.89545	1.0408976	0.9698355	0.9016556	0.715295	2.2157571	0.08179537	14.0	3.0	0.37102482	0.98248017	-1.9137636	0.0	3.0	7.7036443	8.0	4.9522085	0.89388275	0.90153015	1.0	1.0	14.0	0.4139862	5.124718	0.38338974	1	17	0	0	1	0	614.3316283613809	1839.9730556837042	47.038895	-.LAASIAPEIYGHEDVKK.-	sp|P33993-3|MCM7_HUMAN;sp|P33993|MCM7_HUMAN
2017dec27_overlap_dia_6b_rep1_604to616.dia:2822.3337:decoyEIVTDQATIVK+2	-1	66188	7.4606905	0.5994549	0.9176907	0.7236598	0.5150831	0.96268874	0.3092281	11.0	0.0	-0.89223075	0.0	10.0	1.0	0.0	7.9269757	6.0	1.8509378	0.4553917	-0.030368265	0.0	1.0	0.0	0.107543945	10.0	1.6466453	0	11	0	1	0	0	608.8428113086646	1215.6710696837035	47.038895	-.EIVTDQATIVK.-	DECOY_sp|O95347-2|SMC2_HUMAN;DECOY_sp|O95347|SMC2_HUMAN
2017dec27_overlap_dia_6b_rep1_604to616.dia:2822.3337:decoyKLQAVDQALIK+2	-1	66188	2.826493	0.4567705	0.69159406	0.93145144	0.76291347	2.6092017	0.016069205	6.0	1.0	0.8954059	0.0	10.0	1.0	0.0	7.1776447	3.0	-2.963501	0.13311732	0.0	1.0	0.0	5.0	2.6685486	10.0	0.14099133	1	11	0	1	0	0	613.8769883086646	1225.7394236837035	47.038895	-.KLQAVDQALIK.-	DECOY_sp|O95239-2|KIF4A_HUMAN;DECOY_sp|O95239|KIF4A_HUMAN
2017dec27_overlap_dia_6b_rep1_604to616.dia:2822.3337:decoyTYHTQSDIVR+2	-1	66188	3.5259156	0.8303339	0.94190174	0.6660162	0.46400374	0.6902216	0.41608337	7.0	0.0	-0.3319947	0.53244853	-1.7380621	1.0	1.0	7.9559064	5.0	-2.2736173	0.7218642	0.0	0.0	0.0	0.0	17.031223	4.9490166	1.0864093	0	10	0	1	0	0	610.3069228086646	1218.5992926837034	47.038895	-.TYHTQSDIVR.-	DECOY_sp|Q9Y3Q3|TMED3_HUMAN
2017dec27_overlap_dia_6b_rep1_604to616.dia:2824.407:LNGTDPEDVIR+2	1	66240	13.3176985	2.0970287	2.627478	0.99329746	0.9262507	4.9985433	0.013383909	16.0	4.0	0.1353161	0.99965024	1.4333452	0.0	3.0	9.423701	10.0	6.844016	0.9091987	0.82449806	1.0	1.0	13.0	0.2967987	1.7974097	0.6190984	0	11	0	1	0	0	614.8120418086646	1227.6095306837035	47.07345	-.LNGTDPEDVIR.-	sp|O14950|ML12B_HUMAN;sp|P19105|ML12A_HUMAN;sp|P24844|MYL9_HUMAN
2017dec27_overlap_dia_6b_rep1_604to616.dia:2824.407:TPPEAIALC[+57.0214635]SR+2	1	66240	7.526326	0.60022146	0.9719382	0.84172404	0.63691807	1.6711122	0.29531896	11.0	1.0	0.4737814	0.8313803	-2.4216025	0.0	1.0	8.23041	7.0	1.3676281	0.90413696	0.7374593	0.0	1.0	6.0	0.053913116	5.652357	0.28063315	0	11	0	1	0	0	607.8135305586646	1213.6125081837035	47.07345	-.TPPEAIALC[+57.0214635]SR.-	sp|P49841-2|GSK3B_HUMAN;sp|P49841|GSK3B_HUMAN
2017dec27_overlap_dia_6b_rep1_604to616.dia:2824.407:decoyASGSLSPGPPTQK+2	-1	66240	6.482689	0.7425477	1.1256939	0.8373852	0.63183355	1.6388998	0.18214951	10.0	1.0	-1.1758263	0.0	10.0	1.0	0.0	7.3535795	5.0	1.2700768	0.62456757	0.0	0.0	0.0	0.0	13.269508	10.0	1.9302409	0	13	0	1	0	0	613.8224098086646	1225.6302666837034	47.07345	-.ASGSLSPGPPTQK.-	DECOY_sp|Q9UQ35-2|SRRM2_HUMAN;DECOY_sp|Q9UQ35|SRRM2_HUMAN
2017dec27_overlap_dia_6b_rep1_604to616.dia:2824.407:decoyKEEIWSLPSK+2	-1	66240	4.5008535	0.81181633	1.2064828	0.7858376	0.5755357	1.3000154	0.23469457	8.0	1.0	0.5498328	0.64348716	2.584273	1.0	3.0	7.9346747	4.0	-2.4980292	0.5680989	0.43390796	0.0	1.0	0.0	8.614658	0.64648175	0.20458174	1	10	0	1	0	0	608.8322453086647	1215.6499376837037	47.07345	-.KEEIWSLPSK.-	DECOY_sp|P53004|BIEA_HUMAN
2017dec27_overlap_dia_6b_rep1_604to616.dia:2826.5051:VQQLLHIC[+57.0214635]SEHFDSK+3	1	66292	9.660234	0.59589154	0.7313426	0.7344355	0.52510595	1.0172445	0.44762623	13.0	3.0	0.7140114	0.0	10.0	1.0	0.0	7.478416	7.0	4.3223	0.7156376	0.65217626	1.0	1.0	9.0	0.42367935	10.0	0.040403187	0	15	0	0	1	0	614.3051991947142	1839.893768183704	47.108418	-.VQQLLHIC[+57.0214635]SEHFDSK.-	sp|Q13200-2|PSMD2_HUMAN;sp|Q13200-3|PSMD2_HUMAN;sp|Q13200|PSMD2_HUMAN
2017dec27_overlap_dia_6b_rep1_604to616.dia:2826.5051:decoyALIPEESLVEK+2	-1	66292	5.2826867	0.7477217	0.9691465	0.5283521	0.35437977	0.11353015	0.55846137	9.0	2.0	0.91951627	0.0	10.0	1.0	0.0	8.041623	6.0	-0.4620862	0.6437332	0.0	1.0	0.0	7.0	8.806263	10.0	0.1651017	0	11	0	1	0	0	614.3451858086647	1226.6758186837037	47.108418	-.ALIPEESLVEK.-	DECOY_sp|Q7L1Q6-2|BZW1_HUMAN;DECOY_sp|Q7L1Q6-3|BZW1_HUMAN;DECOY_sp|Q7L1Q6-4|BZW1_HUMAN;DECOY_sp|Q7L1Q6|BZW1_HUMAN
2017dec27_overlap_dia_6b_rep1_604to616.dia:2828.547:LTGTIQNDILK+2	1	66344	5.325025	0.5430209	0.9671963	0.5824538	0.3958146	0.33285457	0.37383822	9.0	1.0	0.62666637	0.0	10.0	1.0	0.0	8.287866	5.0	-0.7312536	0.8710327	0.0	0.0	0.0	1.0	6.5832405	10.0	0.12774819	0	11	0	1	0	0	608.3508033086647	1214.6870536837037	47.142452	-.LTGTIQNDILK.-	sp|P22033|MUTA_HUMAN
2017dec27_overlap_dia_6b_rep1_604to616.dia:2828.547:QVDYEINAHK+2	1	66344	6.500613	0.41145787	0.75483423	0.87266916	0.67522573	1.9247679	0.23528183	10.0	0.0	-0.9178991	0.0	10.0	1.0	0.0	8.473581	7.0	0.360703	0.7685795	0.0	1.0	0.0	4.0	15.878103	10.0	1.6723137	0	10	0	1	0	0	608.8014728086647	1215.5883926837037	47.142452	-.QVDYEINAHK.-	sp|Q6P1Q9|MET2B_HUMAN;sp|Q96IZ6|MET2A_HUMAN
2017dec27_overlap_dia_6b_rep1_604to616.dia:2828.547:decoyGNLTFEDTGIR+2	-1	66344	6.2385135	0.246479	0.30847582	0.47725427	0.31673592	-0.09104572	0.5167333	10.0	0.0	0.11209777	0.37938514	4.5843406	1.0	1.0	7.678478	6.0	-0.061074734	0.65209144	0.4359304	1.0	1.0	3.0	6.704296	1.3337855	0.6423168	0	11	0	1	0	0	611.8067598086647	1221.5989666837036	47.142452	-.GNLTFEDTGIR.-	DECOY_sp|P12429|ANXA3_HUMAN
2017dec27_overlap_dia_6b_rep1_604to616.dia:2828.547:decoyVVPHDSEYFPPC[+57.0214635]PIR+3	-1	66344	5.3773513	0.14958839	0.38433638	0.6570337	0.45637816	0.65010303	0.12853578	9.0	1.0	0.7087717	0.0	10.0	1.0	0.0	6.6161876	5.0	-1.775629	0.67077994	0.039255776	0.0	1.0	0.0	8.580856	10.0	0.045642853	0	15	0	0	1	0	604.9627705280474	1811.8664821837035	47.142452	-.VVPHDSEYFPPC[+57.0214635]PIR.-	DECOY_sp|P35658-2|NU214_HUMAN;DECOY_sp|P35658-3|NU214_HUMAN;DECOY_sp|P35658-4|NU214_HUMAN;DECOY_sp|P35658-5|NU214_HUMAN;DECOY_sp|P35658|NU214_HUMAN
2017dec27_overlap_dia_6b_rep1_604to616.dia:2832.669:NAGVEGSLIVEK+2	1	66448	14.543536	2.152231	2.6166375	0.982806	0.8817755	4.0458527	0.034163114	17.0	13.0	-2.7132308	0.9799052	2.8040383	0.0	2.0	10.583424	11.0	-0.3877349	0.9226602	0.9891759	1.0	1.0	18.0	0.043117523	0.46631694	3.4676454	0	12	0	1	0	0	608.3326098086646	1214.6506666837035	47.211147	-.NAGVEGSLIVEK.-	sp|P10809|CH60_HUMAN
2017dec27_overlap_dia_6b_rep1_604to616.dia:2832.669:decoyTAMTC[+57.0214635]YSC[+57.0214635]SK+2	-1	66448	2.7797084	0.22335903	0.32281798	0.836326	0.6306018	1.6311419	0.099706255	6.0	0.0	-2.6986568	0.0	10.0	1.0	0.0	7.633831	4.0	-2.4513514	0.9247821	0.0	1.0	0.0	4.0	17.203476	10.0	3.4530714	0	10	0	1	0	0	604.7408553086647	1207.4671576837036	47.211147	-.TAMTC[+57.0214635]YSC[+57.0214635]SK.-	DECOY_sp|Q9NS18-2|GLRX2_HUMAN;DECOY_sp|Q9NS18|GLRX2_HUMAN
2017dec27_overlap_dia_6b_rep1_604to616.dia:2836.8071:decoyKEDPLPFEIK+2	-1	66552	4.4856863	0.49548033	0.71849513	0.7588671	0.5484936	1.1464783	0.28460884	8.0	4.0	-0.6183845	0.97523624	6.0090623	0.0	2.0	8.471837	6.0	-1.7642105	0.74985886	0.97738415	1.0	1.0	8.0	7.329891	2.6595054	1.38473	1	10	0	1	0	0	608.3346213086645	1214.6546896837033	47.280117	-.KEDPLPFEIK.-	DECOY_sp|P62191-2|PRS4_HUMAN;DECOY_sp|P62191|PRS4_HUMAN
2017dec27_overlap_dia_6b_rep1_604to616.dia:2838.891:AGAYAAALQGYR+2	1	66604	4.5103354	0.3589982	0.6757245	0.8031834	0.5937242	1.4063106	0.2990721	8.0	0.0	-0.40326595	0.0	10.0	1.0	0.0	7.320743	6.0	-1.2451534	0.44138214	-0.023255814	0.0	1.0	1.0	0.016719818	10.0	1.1696115	0	12	0	1	0	0	606.3120043086648	1210.6094556837038	47.314854	-.AGAYAAALQGYR.-	sp|Q9NRS6|SNX15_HUMAN
2017dec27_overlap_dia_6b_rep1_604to616.dia:2838.891:LDEDLAAYC[+57.0214635]R+2	1	66604	5.541673	0.48400953	0.56377214	0.9592015	0.8175244	3.1574562	0.031870786	9.0	0.0	1.0992727	0.0	10.0	1.0	0.0	7.838885	8.0	2.9431038	0.5968384	0.88746625	1.0	1.0	7.0	0.3399315	10.0	0.33292723	0	10	0	1	0	0	613.2795160586646	1224.5444791837035	47.314854	-.LDEDLAAYC[+57.0214635]R.-	sp|P09543-2|CN37_HUMAN;sp|P09543|CN37_HUMAN
2017dec27_overlap_dia_6b_rep1_604to616.dia:2838.891:VLEAVC[+57.0214635]EFSR+2	1	66604	4.546709	0.3669687	0.5242553	0.87335026	0.6761148	1.9309114	0.1321642	8.0	0.0	0.29173088	0.0	10.0	1.0	0.0	7.527523	6.0	-1.8129396	0.84887207	-0.05059731	0.0	1.0	4.0	6.217594	10.0	0.47461462	0	10	0	1	0	0	605.3002555586647	1208.5859581837037	47.314854	-.VLEAVC[+57.0214635]EFSR.-	sp|Q6ZS17-2|FA65A_HUMAN;sp|Q6ZS17-3|FA65A_HUMAN;sp|Q6ZS17-4|FA65A_HUMAN;sp|Q6ZS17|FA65A_HUMAN
2017dec27_overlap_dia_6b_rep1_604to616.dia:2838.891:decoySHC[+57.0214635]LESFSSR+2	-1	66604	3.5554428	0.6047193	0.76861507	0.7128729	0.5052128	0.9093783	0.23936436	7.0	0.0	-3.5751204	0.0	10.0	1.0	0.0	7.5383506	4.0	-0.87895775	0.6824454	0.0	1.0	0.0	3.0	13.88533	10.0	4.341466	0	10	0	1	0	0	605.2694860586645	1208.5244191837032	47.314854	-.SHC[+57.0214635]LESFSSR.-	DECOY_sp|Q5T8I3-2|F102B_HUMAN;DECOY_sp|Q5T8I3|F102B_HUMAN
2017dec27_overlap_dia_6b_rep1_604to616.dia:2840.92:decoyALVDPGEETER+2	-1	66656	3.4244041	0.42670494	0.75021285	0.52719754	0.35351443	0.108897604	0.27540413	7.0	0.0	-2.5196524	0.0	10.0	1.0	0.0	6.944027	4.0	-2.0725732	0.0	0.0	0.0	0.0	0.0	7.4509926	10.0	3.2859979	0	11	0	1	0	0	608.2962248086648	1214.5778966837038	47.348667	-.ALVDPGEETER.-	DECOY_sp|Q15436-2|SC23A_HUMAN;DECOY_sp|Q15436|SC23A_HUMAN
2017dec27_overlap_dia_6b_rep1_604to616.dia:2843.0999:decoyC[+57.0214635]EGPPRGADAAL+2	-1	66709	2.5990267	0.2799774	0.5832831	0.5516887	0.3720327	0.20749594	0.38573107	6.0	0.0	-4.5618367	0.0	10.0	1.0	0.0	5.5098	4.0	-1.8216844	0.0	0.0	0.0	0.0	0.0	10.201042	10.0	5.328182	1	12	0	1	0	0	607.2851375586645	1212.5557221837032	47.385	-.C[+57.0214635]EGPPRGADAAL.-	DECOY_sp|Q8NBJ7-2|SUMF2_HUMAN;DECOY_sp|Q8NBJ7-5|SUMF2_HUMAN;DECOY_sp|Q8NBJ7|SUMF2_HUMAN
2017dec27_overlap_dia_6b_rep1_604to616.dia:2843.0999:decoySRLPQLTLEC[+57.0214635]C[+57.0214635]AEPR+3	-1	66709	0.711405	0.51427555	0.89801073	0.21438462	0.13754922	-1.2986957	0.7376914	4.0	1.0	-0.18154657	0.0	10.0	1.0	0.0	4.118585	2.0	-3.0	0.7314395	0.0	0.0	0.0	3.0	4.4346275	10.0	0.94789207	1	15	0	0	1	0	610.6380726947141	1828.8923886837035	47.385	-.SRLPQLTLEC[+57.0214635]C[+57.0214635]AEPR.-	DECOY_sp|P06132|DCUP_HUMAN
2017dec27_overlap_dia_6b_rep1_604to616.dia:2849.2588:QLIC[+57.0214635]DPSYVK+2	1	66865	10.91978	2.072595	2.632928	0.9536098	0.8053289	3.023167	0.08187856	14.0	4.0	-1.0657341	0.99293864	3.7281353	0.0	3.0	9.25824	9.0	3.2033486	0.8825998	0.9783331	1.0	1.0	12.0	0.06579971	0.35877824	1.8320796	0	10	0	1	0	0	611.8104520586647	1221.6063511837037	47.487648	-.QLIC[+57.0214635]DPSYVK.-	sp|P50395-2|GDIB_HUMAN;sp|P50395|GDIB_HUMAN
2017dec27_overlap_dia_6b_rep1_604to616.dia:2853.3765:WNGWGYNDSK+2	1	66969	3.5781844	0.4417808	0.60745054	0.75119656	0.5410459	1.1050042	0.3054979	7.0	0.0	-0.7627281	0.8055787	4.9676814	0.0	1.0	7.3323064	6.0	0.62015915	0.0	0.0	0.0	0.0	0.0	0.014591217	1.5983243	1.5283759	0	10	0	1	0	0	613.7648898086647	1225.5152266837038	47.556274	-.WNGWGYNDSK.-	sp|O00116|ADAS_HUMAN
2017dec27_overlap_dia_6b_rep1_604to616.dia:2857.5286:ALSQLAEVEEK+2	1	67073	10.928724	1.7210131	2.11627	0.9734534	0.85298383	3.6019485	0.052799918	14.0	1.0	-1.5797924	0.999333	1.3861738	0.0	3.0	8.957046	9.0	6.0315785	0.89897996	0.91519946	1.0	1.0	11.0	0.0066108704	1.9831833	2.331487	0	11	0	1	0	0	608.8246178086647	1215.6346826837037	47.625477	-.ALSQLAEVEEK.-	sp|O60749-2|SNX2_HUMAN;sp|O60749|SNX2_HUMAN;sp|Q13596-2|SNX1_HUMAN;sp|Q13596-3|SNX1_HUMAN;sp|Q13596|SNX1_HUMAN
2017dec27_overlap_dia_6b_rep1_604to616.dia:2857.5286:EDAGWYTVSAK+2	1	67073	4.547606	0.4842858	0.7539978	0.87515557	0.6784822	1.9473332	0.15313424	8.0	0.0	1.1865504	0.8124192	-2.4755657	0.0	1.0	7.4662976	6.0	-1.806499	0.9109081	0.562631	1.0	1.0	6.0	0.20362854	5.844923	0.43485576	0	11	0	1	0	0	613.7880313086647	1225.5615096837037	47.625477	-.EDAGWYTVSAK.-	sp|Q8WX93-2|PALLD_HUMAN;sp|Q8WX93-3|PALLD_HUMAN;sp|Q8WX93-4|PALLD_HUMAN;sp|Q8WX93-5|PALLD_HUMAN;sp|Q8WX93-7|PALLD_HUMAN;sp|Q8WX93-8|PALLD_HUMAN;sp|Q8WX93-9|PALLD_HUMAN;sp|Q8WX93|PALLD_HUMAN
2017dec27_overlap_dia_6b_rep1_604to616.dia:2857.5286:FIIQSEKPPHYLESR+3	1	67073	5.3767166	0.5194841	0.8055675	0.65607464	0.45556873	0.64584994	0.51284397	9.0	1.0	0.7560679	0.64223194	-8.081687	0.0	1.0	6.363657	4.0	0.035109997	0.0	0.0	0.0	0.0	0.0	0.31174088	11.451044	0.0043732524	0	15	0	0	1	0	615.3282180280474	1842.9628246837035	47.625477	-.FIIQSEKPPHYLESR.-	sp|P14735-2|IDE_HUMAN;sp|P14735|IDE_HUMAN
2017dec27_overlap_dia_6b_rep1_604to616.dia:2857.5286:LVQAFQYTDK+2	1	67073	8.666056	1.9708744	2.315495	0.96764886	0.8376255	3.39822	0.06460246	12.0	0.0	-0.09010869	0.9771995	1.3603292	0.0	2.0	9.196903	9.0	-0.56639767	0.9512895	0.92501485	1.0	1.0	11.0	0.03175354	2.009028	0.8418033	0	10	0	1	0	0	606.8165923086647	1211.6186316837036	47.625477	-.LVQAFQYTDK.-	sp|Q13162|PRDX4_HUMAN
2017dec27_overlap_dia_6b_rep1_604to616.dia:2857.5286:decoySNASFLLHVSHDEVDR+3	-1	67073	4.3236256	0.53580725	0.75377554	0.5225222	0.35001767	0.09014989	0.7031097	8.0	2.0	-3.4039369	0.0	10.0	1.0	0.0	6.1567483	4.0	-1.5557127	0.0	0.0	0.0	0.0	0.0	4.8620033	10.0	4.1556315	0	16	0	0	1	0	609.2991010280474	1824.8754736837034	47.625477	-.SNASFLLHVSHDEVDR.-	DECOY_sp|P23919-2|KTHY_HUMAN;DECOY_sp|P23919|KTHY_HUMAN
2017dec27_overlap_dia_6b_rep1_604to616.dia:2857.5286:decoyTSSADC[+57.0214635]AGSVFK+2	-1	67073	3.2032137	0.3137694	0.7495718	0.31679845	0.20521575	-0.76852417	0.79060704	7.0	0.0	0.2932961	0.21790011	0.6899226	1.0	1.0	6.949226	4.0	-1.9858398	0.0	0.0	0.0	0.0	0.0	16.889412	2.6794345	0.45839852	0	12	0	1	0	0	615.2769775586646	1228.5394021837035	47.625477	-.TSSADC[+57.0214635]AGSVFK.-	DECOY_sp|Q9HAV0|GBB4_HUMAN
2017dec27_overlap_dia_6b_rep1_604to616.dia:2865.8083:C[+57.0214635]EFFNAGGSVK+2	1	67281	8.642212	1.055386	1.4797186	0.9159549	0.73713005	2.3886135	0.16809031	12.0	0.0	3.287363	0.51018715	7.742081	1.0	2.0	8.163569	10.0	6.21916	0.8815915	0.25942603	1.0	1.0	8.0	0.027435303	4.352924	2.551135	0	11	0	1	0	0	608.2767805586647	1214.5390081837036	47.763474	-.C[+57.0214635]EFFNAGGSVK.-	sp|P35520-2|CBS_HUMAN;sp|P35520|CBS_HUMAN
2017dec27_overlap_dia_6b_rep1_604to616.dia:2865.8083:DC[+57.0214635]EDPNPLIR+2	1	67281	8.629812	1.441409	1.5254681	0.890172	0.6988319	2.0924993	0.21781744	12.0	1.0	1.7116559	0.83567506	5.454505	0.0	1.0	8.087528	8.0	0.22008705	0.37650162	0.9176494	1.0	1.0	11.0	0.5065689	2.0653477	0.97542787	0	10	0	1	0	0	614.7849695586647	1227.5553861837036	47.763474	-.DC[+57.0214635]EDPNPLIR.-	sp|P63010-2|AP2B1_HUMAN;sp|P63010-3|AP2B1_HUMAN;sp|P63010|AP2B1_HUMAN;sp|Q10567-2|AP1B1_HUMAN;sp|Q10567-3|AP1B1_HUMAN;sp|Q10567-4|AP1B1_HUMAN;sp|Q10567|AP1B1_HUMAN
2017dec27_overlap_dia_6b_rep1_604to616.dia:2865.8083:VQEIPQKETTPFYPR+3	1	67281	9.649541	0.7481412	1.0394309	0.71657246	0.5085802	0.9275229	0.3929017	13.0	2.0	-0.23176563	0.6482099	1.055192	0.0	1.0	6.868901	4.0	-0.4777665	0.0	0.0	0.0	0.0	0.0	0.21228027	2.3339653	0.9679936	1	15	0	0	1	0	611.6562240280475	1831.9468426837038	47.763474	-.VQEIPQKETTPFYPR.-	sp|O60547-2|GMDS_HUMAN;sp|O60547|GMDS_HUMAN
2017dec27_overlap_dia_6b_rep1_604to616.dia:2869.982:decoyGYMLEGVVSGSK+2	-1	67385	4.4854264	0.5521787	1.0423301	0.7584126	0.5480495	1.1439962	0.11909895	8.0	0.0	1.6252487	0.81215787	9.822985	0.0	1.0	6.9593425	5.0	-0.31465292	0.8733326	0.45875084	1.0	1.0	4.0	8.314148	6.4338274	0.8946965	0	12	0	1	0	0	613.8079093086646	1225.6012656837036	47.83303	-.GYMLEGVVSGSK.-	DECOY_sp|O75746-2|CMC1_HUMAN;DECOY_sp|O75746|CMC1_HUMAN
2017dec27_overlap_dia_6b_rep1_604to616.dia:2869.982:decoyVPAC[+57.0214635]AAQANLGR+2	-1	67385	6.404873	0.68994725	1.1270491	0.70001864	0.49365002	0.8473866	0.36238855	10.0	0.0	2.25601	0.0	10.0	1.0	0.0	7.242575	7.0	-1.1258268	0.0	0.0	0.0	0.0	0.0	10.364456	10.0	1.5254579	0	12	0	1	0	0	614.3167720586645	1226.6189911837032	47.83303	-.VPAC[+57.0214635]AAQANLGR.-	DECOY_sp|P48681|NEST_HUMAN
2017dec27_overlap_dia_6b_rep1_604to616.dia:2878.2417:decoyVATEVVGTIEAK+2	-1	67593	7.3678775	0.8951668	1.4442506	0.584415	0.39735198	0.3409243	0.43701744	11.0	3.0	-1.219688	0.9720902	-1.1065668	0.0	3.0	7.7047076	6.0	-0.123416424	0.0	0.0	0.0	0.0	0.0	0.034858704	4.495724	1.9383093	0	12	0	1	0	0	608.8428113086647	1215.6710696837038	47.970695	-.VATEVVGTIEAK.-	DECOY_sp|Q92541|RTF1_HUMAN
2017dec27_overlap_dia_6b_rep1_604to616.dia:2878.2417:decoyYLTIDTLHDGPQLHSK+3	-1	67593	7.3763237	0.52972806	0.8121066	0.59589165	0.40640247	0.38837582	0.22647487	11.0	6.0	3.7214108	0.0	10.0	1.0	0.0	6.71915	5.0	-0.86270714	0.67665017	0.0	0.0	0.0	1.0	1.9905777	10.0	3.0027895	0	16	0	0	1	0	613.3196116947141	1836.9370056837035	47.970695	-.YLTIDTLHDGPQLHSK.-	DECOY_sp|Q15046-2|SYK_HUMAN;DECOY_sp|Q15046|SYK_HUMAN
2017dec27_overlap_dia_6b_rep1_604to616.dia:2880.3247:QEAVALLQGQR+2	1	67645	7.4842124	1.195177	1.5043932	0.76393443	0.5534699	1.1743723	0.4629267	11.0	0.0	1.1801753	0.82572794	-6.209688	0.0	1.0	7.9291673	8.0	1.6673994	0.6194781	0.9213302	1.0	1.0	7.0	0.089344025	9.5988455	0.46155405	0	11	0	1	0	0	606.8383948086647	1211.6622366837037	48.005413	-.QEAVALLQGQR.-	sp|P46108-2|CRK_HUMAN;sp|P46108|CRK_HUMAN
2017dec27_overlap_dia_6b_rep1_604to616.dia:2880.3247:VAEITGVVETAK+2	1	67645	13.247334	1.739207	2.4429128	0.84472185	0.6404683	1.6937894	0.3095599	16.0	3.0	2.1272545	0.0	10.0	1.0	0.0	8.923564	11.0	10.664991	0.91763806	0.6502751	1.0	1.0	12.0	0.06957626	10.0	1.4086332	0	12	0	1	0	0	608.8428113086647	1215.6710696837038	48.005413	-.VAEITGVVETAK.-	sp|Q92541|RTF1_HUMAN
2017dec27_overlap_dia_6b_rep1_604to616.dia:2880.3247:decoyAALADAGASAIYK+2	-1	67645	7.5316453	0.6764362	1.11889	0.85209703	0.64933884	1.7511439	0.18730743	11.0	1.0	3.5277705	0.0	10.0	1.0	0.0	7.5003796	6.0	-0.8106661	0.0	0.0	0.0	0.0	0.0	1.7848511	10.0	2.8091493	0	13	0	1	0	0	611.3273238086647	1220.6400946837036	48.005413	-.AALADAGASAIYK.-	DECOY_sp|Q13033-2|STRN3_HUMAN;DECOY_sp|Q13033|STRN3_HUMAN
2017dec27_overlap_dia_6b_rep1_604to616.dia:2880.3247:decoyGC[+57.0214635]PSDEAEPLR+2	-1	67645	3.5430377	0.3771749	0.6488212	0.69279855	0.48724502	0.8132356	0.49884412	7.0	0.0	1.0145679	0.0	10.0	1.0	0.0	6.4612026	5.0	0.057795525	0.0	0.0	0.0	0.0	0.0	14.001083	10.0	0.2959466	0	11	0	1	0	0	615.7746020586646	1229.5346511837035	48.005413	-.GC[+57.0214635]PSDEAEPLR.-	DECOY_sp|Q7Z5J4-2|RAI1_HUMAN;DECOY_sp|Q7Z5J4-3|RAI1_HUMAN;DECOY_sp|Q7Z5J4|RAI1_HUMAN
2017dec27_overlap_dia_6b_rep1_604to616.dia:2880.3247:decoyLLTQDNSQFR+2	-1	67645	5.252318	0.50827587	0.7868833	0.4926682	0.32795674	-0.029329233	0.4061852	9.0	0.0	0.23456317	0.0	10.0	1.0	0.0	7.3176875	5.0	0.21965218	0.60343176	0.0	0.0	0.0	1.0	6.940647	10.0	0.48405808	0	10	0	1	0	0	611.3147518086646	1220.6149506837035	48.005413	-.LLTQDNSQFR.-	DECOY_sp|Q9UBF2-2|COPG2_HUMAN;DECOY_sp|Q9UBF2|COPG2_HUMAN
2017dec27_overlap_dia_6b_rep1_604to616.dia:2880.3247:decoyQYFTALGEHR+2	-1	67645	3.6543732	0.39400342	0.8816369	0.8952462	0.7060008	2.145486	0.13299417	7.0	0.0	3.1439197	0.0	10.0	1.0	0.0	7.3271933	4.0	-1.6351757	0.43939847	0.0	0.0	0.0	0.0	5.4861298	10.0	2.4252985	0	10	0	1	0	0	611.3041833086646	1220.5938136837035	48.005413	-.QYFTALGEHR.-	DECOY_sp|Q6L8Q7-2|PDE12_HUMAN;DECOY_sp|Q6L8Q7|PDE12_HUMAN
2017dec27_overlap_dia_6b_rep1_604to616.dia:2882.3477:EMIENC[+57.0214635]LDAK+2	1	67697	4.5039563	0.8354087	1.027055	0.7914717	0.5813695	1.3338195	0.22710434	8.0	0.0	2.4889297	0.0	10.0	1.0	0.0	7.7250776	5.0	-1.5058727	0.7349752	0.0	1.0	0.0	4.0	4.7752724	10.0	1.795156	0	10	0	1	0	0	611.7757560586647	1221.5369591837036	48.039127	-.EMIENC[+57.0214635]LDAK.-	sp|P40692|MLH1_HUMAN
2017dec27_overlap_dia_6b_rep1_604to616.dia:2882.3477:decoyEALIDELYHK+2	-1	67697	4.3896146	0.52924275	0.8785033	0.60826653	0.41626966	0.44003147	0.44702616	8.0	1.0	2.4706254	0.80739903	-0.53713775	0.0	1.0	7.413773	5.0	-1.0408726	0.0	0.0	0.0	0.0	0.0	7.991253	3.9460952	1.7768517	0	10	0	1	0	0	615.8218738086646	1229.6291946837034	48.039127	-.EALIDELYHK.-	DECOY_sp|Q7L2E3-2|DHX30_HUMAN;DECOY_sp|Q7L2E3-3|DHX30_HUMAN;DECOY_sp|Q7L2E3|DHX30_HUMAN
2017dec27_overlap_dia_6b_rep1_604to616.dia:2882.3477:decoyHYGLIQGTTPK+2	-1	67697	3.6094975	0.75934124	1.207078	0.80735946	0.5982082	1.432943	0.06447717	7.0	2.0	1.7471185	0.8642748	4.292971	0.0	2.0	7.466741	4.0	-1.709929	0.38494492	0.36542064	0.0	1.0	5.0	10.123577	0.88401365	1.0533447	0	11	0	1	0	0	607.8300343086646	1213.6455156837035	48.039127	-.HYGLIQGTTPK.-	DECOY_sp|Q15477|SKIV2_HUMAN
2017dec27_overlap_dia_6b_rep1_604to616.dia:2886.4631:EHYLEDILAK+2	1	67801	4.4134254	1.0420287	1.1915178	0.6425469	0.44424444	0.5864356	0.300639	8.0	2.0	0.43223596	0.0	10.0	1.0	0.0	8.049357	4.0	-1.7754207	0.8905014	0.12854266	0.0	1.0	6.0	7.922661	10.0	0.23866105	0	10	0	1	0	0	615.8218738086647	1229.6291946837036	48.10772	-.EHYLEDILAK.-	sp|Q7L2E3-2|DHX30_HUMAN;sp|Q7L2E3-3|DHX30_HUMAN;sp|Q7L2E3|DHX30_HUMAN
2017dec27_overlap_dia_6b_rep1_604to616.dia:2886.4631:HYEVEILDAK+2	1	67801	15.802262	2.7142134	3.2344904	0.9906524	0.9128867	4.6632423	0.018695222	18.0	6.0	1.8083293	0.9534704	6.2484283	0.0	2.0	10.087276	9.0	-0.9589987	0.93665105	0.9802494	1.0	1.0	18.0	0.18674088	2.8196707	1.1374323	0	10	0	1	0	0	608.8140488086648	1215.6135446837038	48.10772	-.HYEVEILDAK.-	sp|Q9NZ01-2|TECR_HUMAN;sp|Q9NZ01|TECR_HUMAN
2017dec27_overlap_dia_6b_rep1_604to616.dia:2886.4631:TFNPGAGLPTDK+2	1	67801	12.097184	1.4785633	2.208044	0.95649946	0.81153554	3.0905068	0.08671064	15.0	3.0	1.1868551	0.76698744	-0.61469734	0.944845	3.0	9.163027	10.0	1.2941427	0.90818757	0.9703915	1.0	1.0	10.0	0.09213638	4.043455	0.5159581	0	12	0	1	0	0	609.3116783086648	1216.6088036837039	48.10772	-.TFNPGAGLPTDK.-	sp|P09661|RU2A_HUMAN
2017dec27_overlap_dia_6b_rep1_604to616.dia:2886.4631:decoyFSDPSNTGMLR+2	-1	67801	4.3540606	0.34554332	0.54482746	0.56045413	0.3787468	0.24300534	0.54295635	8.0	0.0	0.57454336	0.0	10.0	1.0	0.0	7.168141	6.0	-1.4063144	0.0	0.0	0.0	0.0	0.0	3.8233414	10.0	0.09635365	0	11	0	1	0	0	612.7875123086645	1223.5604716837033	48.10772	-.FSDPSNTGMLR.-	DECOY_sp|Q8NBJ7-3|SUMF2_HUMAN;DECOY_sp|Q8NBJ7-4|SUMF2_HUMAN;DECOY_sp|Q8NBJ7-5|SUMF2_HUMAN;DECOY_sp|Q8NBJ7|SUMF2_HUMAN
2017dec27_overlap_dia_6b_rep1_604to616.dia:2886.4631:decoyLEVNEGNVEVK+2	-1	67801	3.383734	0.49452978	0.8372127	0.48006848	0.31877637	-0.07976844	0.895339	7.0	1.0	2.9673517	0.0	10.0	1.0	0.0	7.04853	5.0	-2.2889667	0.84266984	0.0	0.0	0.0	4.0	11.102486	10.0	2.2964547	0	11	0	1	0	0	615.3222418086647	1228.6299306837036	48.10772	-.LEVNEGNVEVK.-	DECOY_sp|O14745|NHRF1_HUMAN
2017dec27_overlap_dia_6b_rep1_604to616.dia:2886.4631:decoyTGLETVQFNGR+2	-1	67801	5.186333	0.42327276	0.8744046	0.42322353	0.278203	-0.30955437	0.51675034	9.0	1.0	0.22340064	0.20015687	-5.296109	1.0	1.0	7.4832563	6.0	-1.0109725	0.20657705	0.0	0.0	0.0	0.0	1.7444115	8.724867	0.44749635	0	11	0	1	0	0	611.3147523086645	1220.6149516837033	48.10772	-.TGLETVQFNGR.-	DECOY_sp|O75643|U520_HUMAN
2017dec27_overlap_dia_6b_rep1_604to616.dia:2886.4631:decoyVELDPTSEVTK+2	-1	67801	4.2445645	0.6362963	0.874971	0.43555602	0.28689647	-0.25921762	0.6804155	8.0	1.0	2.8161597	0.6179713	6.013961	0.944845	2.0	7.423474	5.0	-1.3563995	0.90516186	0.9393048	1.0	1.0	4.0	7.3394737	2.5852032	2.1452627	0	11	0	1	0	0	609.3166258086646	1216.6186986837035	48.10772	-.VELDPTSEVTK.-	DECOY_sp|Q14244-2|MAP7_HUMAN;DECOY_sp|Q14244-3|MAP7_HUMAN;DECOY_sp|Q14244-4|MAP7_HUMAN;DECOY_sp|Q14244-5|MAP7_HUMAN;DECOY_sp|Q14244-6|MAP7_HUMAN;DECOY_sp|Q14244-7|MAP7_HUMAN;DECOY_sp|Q14244|MAP7_HUMAN
2017dec27_overlap_dia_6b_rep1_604to616.dia:2886.4631:decoyVNDLLEEYAR+2	-1	67801	5.370761	0.34034932	0.7061823	0.6471391	0.44806945	0.6064872	0.55325186	9.0	0.0	2.835692	0.0	10.0	1.0	0.0	7.414621	5.0	-1.1772156	0.69185996	0.0	1.0	0.0	5.0	7.4971848	10.0	2.164795	0	10	0	1	0	0	611.3091303086645	1220.6037076837033	48.10772	-.VNDLLEEYAR.-	DECOY_sp|Q6UXD5-3|SE6L2_HUMAN;DECOY_sp|Q6UXD5-5|SE6L2_HUMAN;DECOY_sp|Q6UXD5-6|SE6L2_HUMAN
2017dec27_overlap_dia_6b_rep1_604to616.dia:2886.4631:decoyYVVVVESIQGK+2	-1	67801	5.261319	0.43079537	0.6738982	0.50298595	0.33553052	0.011943967	0.5692536	9.0	1.0	0.9779302	0.0	10.0	1.0	0.0	7.37897	5.0	-0.45117664	0.84883946	0.0	1.0	0.0	3.0	5.9364853	10.0	0.30703318	0	11	0	1	0	0	610.8478918086646	1219.6812306837035	48.10772	-.YVVVVESIQGK.-	DECOY_sp|Q14011-2|CIRBP_HUMAN;DECOY_sp|Q14011|CIRBP_HUMAN
2017dec27_overlap_dia_6b_rep1_604to616.dia:2888.5923:decoyEVMQLGEPTVK+2	-1	67853	5.3252892	0.6870309	1.2372644	0.5828083	0.39609236	0.33431253	0.27561435	9.0	1.0	1.9448551	0.8118943	-1.6573777	0.0	1.0	7.7147794	5.0	-0.87909746	0.3234934	0.38753104	0.0	1.0	0.0	3.7556152	5.0861354	1.285889	0	11	0	1	0	0	615.8235643086646	1229.6325756837034	48.143204	-.EVMQLGEPTVK.-	DECOY_sp|P22234-2|PUR6_HUMAN;DECOY_sp|P22234|PUR6_HUMAN
2017dec27_overlap_dia_6b_rep1_604to616.dia:2888.5923:decoyGEKTDDEPVLK+2	-1	67853	3.30762	0.4720271	0.7434626	0.40289274	0.26399052	-0.39342642	0.5705796	7.0	0.0	2.3537621	0.0	10.0	1.0	0.0	6.9876785	4.0	-1.8948507	0.9156817	0.051052675	1.0	1.0	6.0	18.033318	10.0	1.6947961	1	11	0	1	0	0	615.8142503086646	1229.6139476837034	48.143204	-.GEKTDDEPVLK.-	DECOY_sp|Q15459-2|SF3A1_HUMAN;DECOY_sp|Q15459|SF3A1_HUMAN
2017dec27_overlap_dia_6b_rep1_604to616.dia:2888.5923:decoyGPEPAPEPNALK+2	-1	67853	3.4452007	0.44739237	0.64645344	0.5530572	0.3730778	0.21303076	0.45957217	7.0	1.0	0.472538	0.24785087	-6.071251	1.0	2.0	6.9012876	6.0	-2.8776972	0.8664124	0.6261739	1.0	1.0	4.0	11.952797	9.500009	0.18642807	0	12	0	1	0	0	610.3195028086645	1218.6244526837033	48.143204	-.GPEPAPEPNALK.-	DECOY_sp|O15027-2|SC16A_HUMAN;DECOY_sp|O15027-3|SC16A_HUMAN;DECOY_sp|O15027-4|SC16A_HUMAN;DECOY_sp|O15027-5|SC16A_HUMAN;DECOY_sp|O15027|SC16A_HUMAN
2017dec27_overlap_dia_6b_rep1_604to616.dia:2888.5923:decoyLRPPPLGSGPTPIGPPC[+57.0214635]K+3	-1	67853	2.6907885	0.32646942	0.48024526	0.6814841	0.47733033	0.7606005	0.11484913	6.0	1.0	3.3232565	0.0	10.0	1.0	0.0	5.191027	3.0	-0.8043227	0.0	0.0	0.0	0.0	0.0	7.4620514	10.0	2.6642904	0	18	0	0	1	0	614.3415851947142	1840.0029261837037	48.143204	-.LRPPPLGSGPTPIGPPC[+57.0214635]K.-	DECOY_sp|P27708|PYR1_HUMAN
2017dec27_overlap_dia_6b_rep1_604to616.dia:2888.5923:decoyVELSEYDMIK+2	-1	67853	4.293954	0.49029317	0.9015772	0.48801497	0.32455778	-0.047949374	0.37616688	8.0	0.0	1.9444022	0.0	10.0	1.0	0.0	7.72529	4.0	-1.6848187	0.93316853	0.07984957	1.0	1.0	7.0	5.7806206	10.0	1.2854362	0	10	0	1	0	0	613.8022923086646	1225.5900316837035	48.143204	-.VELSEYDMIK.-	DECOY_sp|P00491|PNPH_HUMAN
2017dec27_overlap_dia_6b_rep1_604to616.dia:2890.62:LC[+57.0214635]NSLEESIR+2	1	67905	4.418119	0.43178603	0.67122865	0.6495285	0.4500674	0.6169674	0.52166355	8.0	0.0	0.5399084	0.0	10.0	1.0	0.0	7.104697	5.0	-1.0721502	0.4225187	0.45205164	1.0	1.0	4.0	3.0583076	10.0	0.119057655	0	10	0	1	0	0	610.8006190586647	1219.5866851837036	48.177002	-.LC[+57.0214635]NSLEESIR.-	sp|Q9HAU5|RENT2_HUMAN
2017dec27_overlap_dia_6b_rep1_604to616.dia:2890.62:QTPNDLTGEHSC[+57.0214635]IMLK+3	1	67905	15.746181	1.2764368	1.2442272	0.8706414	0.6725918	1.9066418	0.22272444	18.0	5.0	0.59725153	0.9975489	4.980474	0.0	3.0	8.209563	8.0	5.1341915	0.912234	0.9598883	1.0	1.0	15.0	0.120220184	1.5517163	0.06171453	0	16	0	0	1	0	615.2940831947141	1842.8604201837036	48.177002	-.QTPNDLTGEHSC[+57.0214635]IMLK.-	sp|Q9H0A0-2|NAT10_HUMAN;sp|Q9H0A0|NAT10_HUMAN
2017dec27_overlap_dia_6b_rep1_604to616.dia:2892.7651:FNEFMTSKPK+2	1	67957	3.5627298	0.60187006	1.0904889	0.72493523	0.5162607	0.9690757	0.42178354	7.0	0.0	1.826085	0.0	10.0	1.0	0.0	7.169363	6.0	-1.760108	0.8641122	0.0	0.0	0.0	3.0	10.542881	10.0	1.1671189	0	10	0	1	0	0	614.8051738086647	1227.5957946837036	48.212753	-.FNEFMTSKPK.-	sp|Q96RU3-2|FNBP1_HUMAN;sp|Q96RU3-3|FNBP1_HUMAN;sp|Q96RU3-5|FNBP1_HUMAN;sp|Q96RU3|FNBP1_HUMAN
2017dec27_overlap_dia_6b_rep1_604to616.dia:2892.7651:IMESLPQIQR+2	1	67957	3.6030703	0.3510982	0.6184701	0.7954986	0.58558196	1.3583944	0.19825162	7.0	0.0	-1.5927538	0.0	10.0	1.0	0.0	6.764589	5.0	-0.7722726	0.3294753	0.5905095	0.0	1.0	0.0	5.7067413	10.0	2.25172	0	10	0	1	0	0	607.8317233086647	1213.6488936837036	48.212753	-.IMESLPQIQR.-	sp|Q8WXH0-2|SYNE2_HUMAN;sp|Q8WXH0-7|SYNE2_HUMAN;sp|Q8WXH0|SYNE2_HUMAN
2017dec27_overlap_dia_6b_rep1_604to616.dia:2892.7651:NVLGHMQQGGSPTPFDR+3	1	67957	17.00105	1.4325793	1.7410986	0.82405686	0.6165888	1.5440786	0.098651715	19.0	9.0	-0.8732015	0.99466544	0.03444008	0.0	3.0	8.054983	8.0	2.149712	0.9083994	0.91817105	1.0	1.0	12.0	0.044338226	3.3943176	1.5321676	0	17	0	0	1	0	614.2968156947142	1839.8686176837039	48.212753	-.NVLGHMQQGGSPTPFDR.-	sp|P08237-2|PFKAM_HUMAN;sp|P08237-3|PFKAM_HUMAN;sp|P08237|PFKAM_HUMAN
2017dec27_overlap_dia_6b_rep1_604to616.dia:2894.8162:YITASTFAQAR+2	1	68009	5.502878	0.8725164	1.3776948	0.8772326	0.6812258	1.9664807	0.09947141	9.0	1.0	-2.7146964	0.8096169	-5.518323	0.0	1.0	7.7791605	6.0	-0.52206373	0.93365955	0.89659727	1.0	1.0	7.0	0.09021759	8.966881	3.3736625	0	11	0	1	0	0	614.8196663086646	1227.6247796837035	48.246937	-.YITASTFAQAR.-	sp|Q99575|POP1_HUMAN
2017dec27_overlap_dia_6b_rep1_604to616.dia:2894.8162:decoyVEFSLSNNALK+2	-1	68009	3.4036038	0.8999608	1.3298835	0.50254273	0.33520412	0.010171011	0.43584046	7.0	1.0	1.3384869	0.8155652	-2.1043923	0.0	1.0	7.240971	4.0	-2.4970202	0.78092897	0.67265373	0.0	1.0	4.0	0.16719055	5.55295	0.67952085	0	11	0	1	0	0	611.3273268086646	1220.6401006837034	48.246937	-.VEFSLSNNALK.-	DECOY_sp|O76094-2|SRP72_HUMAN;DECOY_sp|O76094|SRP72_HUMAN
2017dec27_overlap_dia_6b_rep1_604to616.dia:2898.9363:DKDNFWMTR+2	1	68113	6.4428425	0.8946013	1.2299918	0.7639744	0.55350935	1.1745942	0.4657559	10.0	0.0	0.51841575	0.8104659	-1.0548884	0.0	1.0	8.257473	7.0	0.124270916	0.9487419	0.9302105	1.0	1.0	8.0	0.021144867	4.5232463	0.14055032	1	9	0	1	0	0	606.7769478086648	1211.5393426837038	48.315605	-.DKDNFWMTR.-	sp|P61160-2|ARP2_HUMAN;sp|P61160|ARP2_HUMAN
2017dec27_overlap_dia_6b_rep1_604to616.dia:2898.9363:QYYYSADGSR+2	1	68113	2.4351273	0.30643392	0.98071975	0.3782637	0.24695754	-0.4969244	0.5278436	6.0	0.0	-2.4235349	0.0	10.0	1.0	0.0	6.843257	4.0	-2.790819	0.9208495	0.0	1.0	0.0	4.0	16.340214	10.0	3.082501	0	10	0	1	0	0	605.2621718086647	1208.5097906837036	48.315605	-.QYYYSADGSR.-	sp|Q8IWW6-2|RHG12_HUMAN;sp|Q8IWW6-3|RHG12_HUMAN;sp|Q8IWW6-4|RHG12_HUMAN;sp|Q8IWW6|RHG12_HUMAN
2017dec27_overlap_dia_6b_rep1_604to616.dia:2898.9363:VDGIAWSPETR+2	1	68113	4.285034	0.48278558	0.69629645	0.4780944	0.31734473	-0.08767852	0.50984734	8.0	1.0	0.5082119	0.0	10.0	1.0	0.0	7.1705294	5.0	-2.3344533	0.8442181	0.0	1.0	0.0	4.0	5.124897	10.0	0.15075415	0	11	0	1	0	0	615.8093023086648	1229.6040516837038	48.315605	-.VDGIAWSPETR.-	sp|Q8NFH4|NUP37_HUMAN
2017dec27_overlap_dia_6b_rep1_604to616.dia:2898.9363:WDTGENPIYK+2	1	68113	7.5815363	1.6144987	2.1390615	0.95582896	0.81007785	3.0745099	0.074256204	11.0	0.0	-1.3687885	0.9768787	6.6555605	0.0	2.0	8.850036	8.0	1.3892021	0.92994624	0.9641735	1.0	1.0	10.0	0.21947098	3.1872025	2.0277545	0	10	0	1	0	0	611.7905738086648	1221.566594683704	48.315605	-.WDTGENPIYK.-	sp|P05556|ITB1_HUMAN
2017dec27_overlap_dia_6b_rep1_604to616.dia:2898.9363:decoyDVQNMSNEFK+2	-1	68113	1.9222199	0.4616044	0.7800856	0.69668823	0.4906878	0.8315768	0.18321288	5.0	0.0	-0.78090495	0.5164994	-2.5719936	1.0	1.0	6.6830654	3.0	-3.0	0.47881588	0.0	0.0	0.0	3.0	6.9080276	6.040352	1.4398711	0	10	0	1	0	0	606.2716948086646	1210.5288366837035	48.315605	-.DVQNMSNEFK.-	DECOY_sp|O75521-2|ECI2_HUMAN;DECOY_sp|O75521|ECI2_HUMAN
2017dec27_overlap_dia_6b_rep1_604to616.dia:2898.9363:decoyNGQLDHGSAWK+2	-1	68113	3.5577536	0.65331876	0.9099376	0.7166759	0.5086746	0.9280321	0.24911541	7.0	0.0	-0.92736673	0.0	10.0	1.0	0.0	7.3385215	5.0	-0.8013115	0.34478495	-0.033277526	0.0	1.0	0.0	18.017351	10.0	1.5863328	0	11	0	1	0	0	606.7914438086647	1211.5683346837036	48.315605	-.NGQLDHGSAWK.-	DECOY_sp|O95182|NDUA7_HUMAN
2017dec27_overlap_dia_6b_rep1_604to616.dia:2898.9363:decoyWKNTEGLSSTC[+57.0214635]FTER+3	-1	68113	2.012935	0.24727605	0.87887263	0.14308766	0.091406226	-1.7898782	0.79039514	6.0	3.0	-1.2437694	0.63648045	5.3582673	1.0	1.0	5.8402705	3.0	-2.3336272	0.8717066	0.019749124	1.0	1.0	5.0	0.99541473	1.8899093	1.9027355	1	15	0	0	1	0	605.9491925280474	1814.8257481837036	48.315605	-.WKNTEGLSSTC[+57.0214635]FTER.-	DECOY_sp|Q5H9R7-2|PP6R3_HUMAN;DECOY_sp|Q5H9R7-3|PP6R3_HUMAN;DECOY_sp|Q5H9R7-4|PP6R3_HUMAN;DECOY_sp|Q5H9R7-5|PP6R3_HUMAN;DECOY_sp|Q5H9R7-6|PP6R3_HUMAN;DECOY_sp|Q5H9R7|PP6R3_HUMAN
2017dec27_overlap_dia_6b_rep1_604to616.dia:2901.0493:FTATVETTIAR+2	1	68165	8.594331	0.89137405	1.5704429	0.82033753	0.61242884	1.518636	0.33896223	12.0	0.0	-4.827463	0.92398685	-1.1637	0.0	2.0	7.890737	9.0	4.5966525	0.8620531	0.8070087	1.0	1.0	5.0	0.062042236	4.6518583	5.486429	0	11	0	1	0	0	605.3273288086647	1208.6401046837036	48.350822	-.FTATVETTIAR.-	sp|Q9UPQ0-10|LIMC1_HUMAN;sp|Q9UPQ0-2|LIMC1_HUMAN;sp|Q9UPQ0-3|LIMC1_HUMAN;sp|Q9UPQ0-4|LIMC1_HUMAN;sp|Q9UPQ0-5|LIMC1_HUMAN;sp|Q9UPQ0-6|LIMC1_HUMAN;sp|Q9UPQ0-8|LIMC1_HUMAN;sp|Q9UPQ0-9|LIMC1_HUMAN;sp|Q9UPQ0|LIMC1_HUMAN
2017dec27_overlap_dia_6b_rep1_604to616.dia:2901.0493:IVYGHLDDPASQEIER+3	1	68165	18.35383	2.154857	2.4571714	0.92833817	0.7575248	2.5614378	0.07619477	20.0	16.0	-1.1252534	0.9263385	2.9965696	0.0	2.0	8.352706	10.0	7.710486	0.9038914	0.9161063	1.0	1.0	17.0	0.09373093	0.4915886	1.7842195	0	16	0	0	1	0	614.6391210280474	1840.8955336837034	48.350822	-.IVYGHLDDPASQEIER.-	sp|Q99798|ACON_HUMAN
2017dec27_overlap_dia_6b_rep1_604to616.dia:2903.1606:decoyQQGQLLAVAER+2	-1	68217	3.3007326	0.58664227	1.1012481	0.39655358	0.25958776	-0.41984612	0.63560545	7.0	1.0	-0.9393381	0.0	10.0	1.0	0.0	6.934374	5.0	-2.121412	0.84218115	0.25566694	0.0	1.0	3.0	0.29125214	10.0	1.5983042	0	11	0	1	0	0	606.8383948086646	1211.6622366837034	48.38601	-.QQGQLLAVAER.-	DECOY_sp|P46108-2|CRK_HUMAN;DECOY_sp|P46108|CRK_HUMAN
2017dec27_overlap_dia_6b_rep1_604to616.dia:2905.2446:EAMVESIEYR+2	1	68269	7.5778613	1.2081829	1.6395077	0.947775	0.7933465	2.898556	0.09924684	11.0	0.0	-2.5454102	0.98303676	1.4941407	0.0	3.0	8.624851	8.0	0.69965553	0.890666	0.9398081	1.0	1.0	8.0	0.08358765	1.9940175	3.2043762	0	10	0	1	0	0	613.7897163086648	1225.5648796837038	48.420742	-.EAMVESIEYR.-	sp|P47712|PA24A_HUMAN
2017dec27_overlap_dia_6b_rep1_604to616.dia:2905.2446:IGSENPSDVFR+2	1	68269	6.3980007	0.8357207	1.0131142	0.68902856	0.4839251	0.7955817	0.5376329	10.0	0.0	-0.76313084	0.0	10.0	1.0	0.0	7.8056145	8.0	-0.17207861	0.7725966	0.69702524	1.0	1.0	5.0	0.32460785	10.0	1.422097	0	11	0	1	0	0	610.7989338086646	1219.5833146837035	48.420742	-.IGSENPSDVFR.-	sp|Q92995-2|UBP13_HUMAN;sp|Q92995|UBP13_HUMAN
2017dec27_overlap_dia_6b_rep1_604to616.dia:2905.2446:VLANNSLSFEK+2	1	68269	6.470971	1.0688069	1.7095608	0.8150939	0.60662943	1.4834551	0.21741582	10.0	0.0	-1.368978	0.5742448	-4.0491667	1.0	2.0	8.038552	7.0	-0.28675508	0.9121558	0.4087189	1.0	1.0	9.0	0.006614685	7.537325	2.027944	0	11	0	1	0	0	611.3273268086647	1220.6401006837036	48.420742	-.VLANNSLSFEK.-	sp|O76094-2|SRP72_HUMAN;sp|O76094|SRP72_HUMAN
2017dec27_overlap_dia_6b_rep1_604to616.dia:2907.2732:WDYMTPEQR+2	1	68321	5.5055413	1.2641466	1.5333401	0.8826281	0.68845594	2.0175562	0.18024631	9.0	0.0	-0.5879829	0.80672866	5.822811	0.0	1.0	8.283537	6.0	-0.7518363	0.8646706	0.9328052	1.0	1.0	7.0	0.19746017	2.334653	1.246949	0	9	0	1	0	0	613.2689518086647	1224.5233506837037	48.45455	-.WDYMTPEQR.-	sp|Q10471-2|GALT2_HUMAN;sp|Q10471|GALT2_HUMAN
2017dec27_overlap_dia_6b_rep1_604to616.dia:2911.4412:MAPVPLDDSNRPASLTK+3	1	68425	18.369408	1.9608189	1.5476456	0.9622409	0.82449794	3.2380376	0.013879911	20.0	15.0	-0.6970286	0.9275246	6.2723703	0.0	2.0	8.419337	10.0	9.17444	0.92779416	0.94939893	1.0	1.0	18.0	0.11275864	2.7446117	1.3559947	0	17	0	0	1	0	604.6488543613808	1810.9247336837036	48.52402	-.MAPVPLDDSNRPASLTK.-	sp|Q9NYF8-2|BCLF1_HUMAN;sp|Q9NYF8-3|BCLF1_HUMAN;sp|Q9NYF8-4|BCLF1_HUMAN;sp|Q9NYF8|BCLF1_HUMAN
2017dec27_overlap_dia_6b_rep1_604to616.dia:2915.6174:SLEGTEAQVFK+2	1	68529	9.745049	1.2121199	1.2705415	0.8928297	0.70256674	2.119977	0.21107897	13.0	0.0	4.7091637	0.82187647	4.318507	0.0	1.0	8.597369	9.0	4.5650067	0.7001455	0.9691464	1.0	1.0	7.0	0.06365585	0.7709484	4.0501976	0	11	0	1	0	0	604.8115108086647	1207.6084686837037	48.593624	-.SLEGTEAQVFK.-	sp|Q13045-2|FLII_HUMAN;sp|Q13045-3|FLII_HUMAN;sp|Q13045|FLII_HUMAN
2017dec27_overlap_dia_6b_rep1_604to616.dia:2915.6174:decoyGQLIQGQGEGSR+2	-1	68529	4.4165854	0.35588968	0.64825857	0.6472391	0.44815296	0.60692525	0.6825132	8.0	0.0	6.913555	0.19134931	-4.201299	1.0	1.0	6.875201	5.0	-2.5227313	0.8384796	-0.04347805	0.0	1.0	3.0	17.446785	7.748858	6.254589	0	12	0	1	0	0	615.3152838086647	1228.6160146837037	48.593624	-.GQLIQGQGEGSR.-	DECOY_sp|O95248-4|MTMR5_HUMAN;DECOY_sp|O95248|MTMR5_HUMAN
2017dec27_overlap_dia_6b_rep1_604to616.dia:2917.7014:decoyISLQYTQESR+2	-1	68581	5.4546075	0.46732882	0.56643766	0.7849541	0.57462704	1.2947736	0.11938651	9.0	0.0	-2.6775692	0.53074247	3.7882595	1.0	1.0	7.499187	6.0	-2.2707913	0.28569624	0.0	0.0	0.0	4.0	10.273727	0.24070072	3.3365352	0	10	0	1	0	0	612.8145803086645	1223.6146076837033	48.628357	-.ISLQYTQESR.-	DECOY_sp|P61764-2|STXB1_HUMAN;DECOY_sp|P61764|STXB1_HUMAN
2017dec27_overlap_dia_6b_rep1_604to616.dia:2919.7158:decoyAYYYEVEER+2	-1	68633	3.5915058	0.50100404	0.5910587	0.7745955	0.56409305	1.2344444	0.2705635	7.0	0.0	1.0426167	0.0	10.0	1.0	0.0	6.97173	4.0	-2.3164494	0.73610955	0.0	0.0	0.0	3.0	6.0639687	10.0	0.38365066	0	9	0	1	0	0	611.2747478086646	1220.5349426837035	48.66193	-.AYYYEVEER.-	DECOY_sp|Q9H0B6-2|KLC2_HUMAN;DECOY_sp|Q9H0B6|KLC2_HUMAN
2017dec27_overlap_dia_6b_rep1_604to616.dia:2919.7158:decoyNLQSQVDAWR+2	-1	68633	6.3778777	0.62809736	0.9189462	0.6578309	0.45705175	0.6536428	0.54357934	10.0	1.0	0.86071116	0.35289618	2.6464217	1.0	2.0	8.46079	6.0	-0.07952356	0.707391	0.9573474	1.0	1.0	7.0	2.6301537	0.9209373	0.2017451	0	10	0	1	0	0	608.8070938086645	1215.5996346837032	48.66193	-.NLQSQVDAWR.-	DECOY_sp|Q15437|SC23B_HUMAN
2017dec27_overlap_dia_6b_rep1_604to616.dia:2919.7158:decoyYKNEEVIAEK+2	-1	68633	3.4390073	0.24908313	0.47057992	0.5452259	0.36711228	0.18139948	0.7051701	7.0	0.0	5.2157083	0.95007336	-0.11021972	0.0	2.0	6.8477306	4.0	-1.742836	0.0	0.0	0.0	0.0	0.0	18.654259	3.6775787	4.556742	1	10	0	1	0	0	611.8193308086646	1221.6241086837035	48.66193	-.YKNEEVIAEK.-	DECOY_sp|Q99417|MYCBP_HUMAN
2017dec27_overlap_dia_6b_rep1_604to616.dia:2921.8015:decoyFRLATVTAMAIEEHSR+3	-1	68685	3.1365294	0.2501519	0.4457828	0.27170566	0.17517543	-0.985986	0.5896821	7.0	5.0	-2.023404	0.0	10.0	1.0	0.0	5.845085	4.0	-1.7861123	0.85230744	0.0	0.0	0.0	3.0	7.566227	10.0	2.670439	1	16	0	0	1	0	611.3209610280475	1830.9410536837038	48.696693	-.FRLATVTAMAIEEHSR.-	DECOY_sp|P04075-2|ALDOA_HUMAN;DECOY_sp|P04075|ALDOA_HUMAN
2017dec27_overlap_dia_6b_rep1_604to616.dia:2925.8728:DEVDSLMC[+57.0214635]EK+2	1	68789	3.6194992	0.20944285	0.33706453	0.8261684	0.6189681	1.5587118	0.25211224	7.0	0.0	2.757256	0.83860654	5.591084	0.0	1.0	7.5354366	6.0	0.20909262	0.9106456	0.67555887	1.0	1.0	6.0	0.66703415	2.023725	2.110221	0	10	0	1	0	0	613.2573960586648	1224.5002391837038	48.764545	-.DEVDSLMC[+57.0214635]EK.-	sp|Q16513-2|PKN2_HUMAN;sp|Q16513-3|PKN2_HUMAN;sp|Q16513-4|PKN2_HUMAN;sp|Q16513-5|PKN2_HUMAN;sp|Q16513|PKN2_HUMAN
2017dec27_overlap_dia_6b_rep1_604to616.dia:2925.8728:LKNEIPNSHILDQYR+3	1	68789	7.4583263	0.53405714	0.7648422	0.71973073	0.5114695	0.9431264	0.34012166	11.0	5.0	2.7454236	0.98846084	2.6791553	0.0	3.0	7.3698926	7.0	-0.9518614	0.729549	0.90248626	0.0	1.0	8.0	0.09611511	0.8882036	2.0983884	1	15	0	0	1	0	613.995238694714	1838.9638866837033	48.764545	-.LKNEIPNSHILDQYR.-	sp|P35520-2|CBS_HUMAN;sp|P35520|CBS_HUMAN
2017dec27_overlap_dia_6b_rep1_604to616.dia:2925.8728:NLQYYDISAK+2	1	68789	12.114744	1.9689577	2.1886003	0.99596447	0.9427874	5.5085735	0.008071111	15.0	10.0	3.7189689	0.9777132	6.281492	0.0	2.0	10.468779	9.0	4.2428484	0.9258112	0.9828399	1.0	1.0	14.0	0.065135956	2.7141333	3.0719337	0	10	0	1	0	0	607.8062193086647	1213.5978856837037	48.764545	-.NLQYYDISAK.-	sp|P62826|RAN_HUMAN
2017dec27_overlap_dia_6b_rep1_604to616.dia:2936.1755:IMAQMSEMQR+2	1	69049	3.55991	0.4278403	0.63626415	0.7202435	0.5119399	0.94566983	0.10784782	7.0	0.0	-0.09643197	0.0	10.0	1.0	0.0	6.846262	4.0	-0.7963481	0.44103616	1.0	0.0	1.0	0.0	6.9326973	10.0	0.73153615	0	10	0	1	0	0	612.7803193086646	1223.5460856837035	48.93626	-.IMAQMSEMQR.-	sp|Q8IWV8-4|UBR2_HUMAN;sp|Q8IWV8|UBR2_HUMAN
2017dec27_overlap_dia_6b_rep1_604to616.dia:2936.1755:NYEEIAKVEK+2	1	69049	5.3469787	0.7208447	1.0792022	0.61265373	0.41979593	0.45848083	0.37932202	9.0	1.0	2.776672	0.81683105	0.98921806	0.0	1.0	7.4447594	6.0	0.0087656975	0.0	0.0	0.0	0.0	0.0	13.894741	2.6177423	2.1415677	1	10	0	1	0	0	611.8193308086646	1221.6241086837035	48.93626	-.NYEEIAKVEK.-	sp|P49755|TMEDA_HUMAN
2017dec27_overlap_dia_6b_rep1_604to616.dia:2936.1755:decoyGQQIASPKEFGYAYIR+3	-1	69049	4.0884705	0.54185414	0.80983096	0.3040535	0.1966803	-0.82806915	0.6420448	8.0	2.0	1.0106423	0.26750803	1.2220225	1.0	1.0	6.213901	4.0	-1.5814133	0.5292554	0.40385684	0.0	1.0	0.0	3.079399	2.3849378	0.3755381	1	16	0	0	1	0	609.9844490280472	1826.9315176837029	48.93626	-.GQQIASPKEFGYAYIR.-	DECOY_sp|P38919|IF4A3_HUMAN;DECOY_sp|P60842-2|IF4A1_HUMAN;DECOY_sp|P60842|IF4A1_HUMAN;DECOY_sp|Q14240-2|IF4A2_HUMAN;DECOY_sp|Q14240|IF4A2_HUMAN
2017dec27_overlap_dia_6b_rep1_604to616.dia:2936.1755:decoyLC[+57.0214635]GSMGGYIVR+2	-1	69049	1.7957795	0.52129465	0.7422562	0.52071255	0.34866732	0.08289771	0.58934236	5.0	0.0	1.6664507	0.2526764	-0.69303185	1.0	1.0	6.491956	3.0	-2.629458	0.26141176	0.068715595	1.0	1.0	3.0	1.2657166	4.299992	1.0313466	0	11	0	1	0	0	606.7968220586647	1211.5790911837037	48.93626	-.LC[+57.0214635]GSMGGYIVR.-	DECOY_sp|P51610-2|HCFC1_HUMAN;DECOY_sp|P51610-3|HCFC1_HUMAN;DECOY_sp|P51610-4|HCFC1_HUMAN;DECOY_sp|P51610|HCFC1_HUMAN
2017dec27_overlap_dia_6b_rep1_604to616.dia:2936.1755:decoyRELFEFEDK+2	-1	69049	4.3707075	0.80756706	1.0437849	0.5823536	0.39573616	0.33244267	0.26867193	8.0	1.0	1.2186623	0.20914908	1.9077129	1.0	1.0	7.371291	4.0	-0.78118134	0.6014489	0.59090686	0.0	1.0	1.0	4.5784836	1.6992474	0.5835581	1	9	0	1	0	0	606.7984028086647	1211.5822526837037	48.93626	-.RELFEFEDK.-	DECOY_sp|Q14258|TRI25_HUMAN
2017dec27_overlap_dia_6b_rep1_604to616.dia:2936.1755:decoyTGATTHDKVSEDSTLTR+3	-1	69049	4.2794976	0.6927146	1.2341787	0.4720377	0.31296283	-0.11196604	0.5143704	8.0	3.0	0.24731362	0.0	10.0	1.0	0.0	6.3708653	4.0	-1.7679212	0.0	0.0	0.0	0.0	0.0	18.928589	10.0	0.38779056	1	17	0	0	1	0	606.9657886947141	1817.8755366837036	48.93626	-.TGATTHDKVSEDSTLTR.-	DECOY_sp|Q9UBV2-2|SE1L1_HUMAN;DECOY_sp|Q9UBV2|SE1L1_HUMAN
2017dec27_overlap_dia_6b_rep1_604to616.dia:2936.1755:decoyTPAPRAAAAAAGAADDAESR+3	-1	69049	5.1757107	0.63584334	1.0825212	0.41299736	0.27103633	-0.35158807	0.70105124	9.0	2.0	0.8467673	0.0	10.0	1.0	0.0	5.9945316	3.0	-0.98735857	0.44103616	-0.029746946	0.0	1.0	0.0	11.548351	10.0	0.21166313	1	20	0	0	1	0	613.9696446947142	1838.8871046837041	48.93626	-.TPAPRAAAAAAGAADDAESR.-	DECOY_sp|Q8N9B5-2|JMY_HUMAN;DECOY_sp|Q8N9B5|JMY_HUMAN
2017dec27_overlap_dia_6b_rep1_604to616.dia:2938.2786:FSMALC[+57.0214635]DQEK+2	1	69101	8.668327	1.2972625	1.669199	0.97272426	0.8509694	3.5741029	0.054166503	12.0	0.0	-0.14233243	0.8238428	0.34222007	0.0	1.0	8.49037	9.0	10.41664	0.9201454	0.9694094	1.0	1.0	9.0	0.15044403	3.2845404	0.7774366	0	10	0	1	0	0	614.7704740586647	1227.5263951837037	48.97131	-.FSMALC[+57.0214635]DQEK.-	sp|P47712|PA24A_HUMAN
2017dec27_overlap_dia_6b_rep1_604to616.dia:2940.322:AQNLNPMVDVK+2	1	69153	8.624213	1.2344065	1.8470538	0.87877065	0.68327135	1.9808397	0.23057082	12.0	1.0	0.22066948	0.530962	8.041304	1.0	1.0	8.418468	8.0	3.624373	0.68778056	0.7785707	1.0	1.0	11.0	0.013454437	4.414543	0.4144347	0	11	0	1	0	0	614.8213553086647	1227.6281576837036	49.005367	-.AQNLNPMVDVK.-	sp|Q9UBE0-2|SAE1_HUMAN;sp|Q9UBE0-3|SAE1_HUMAN;sp|Q9UBE0|SAE1_HUMAN
2017dec27_overlap_dia_6b_rep1_604to616.dia:2940.322:AVETELEYQK+2	1	69153	3.5744119	0.43254155	0.74598217	0.74469954	0.5348144	1.0705397	0.28329465	7.0	0.0	1.7827086	0.0	10.0	1.0	0.0	7.2925916	4.0	-1.169548	0.4910751	0.0	0.0	0.0	0.0	10.233845	10.0	1.1476045	0	10	0	1	0	0	605.3035143086648	1208.592475683704	49.005367	-.AVETELEYQK.-	sp|Q9Y4D1-2|DAAM1_HUMAN;sp|Q9Y4D1|DAAM1_HUMAN
2017dec27_overlap_dia_6b_rep1_604to616.dia:2940.322:C[+57.0214635]SEGPGLC[+57.0214635]LAR+2	1	69153	3.2118404	0.4837377	0.7214895	0.3231541	0.20948642	-0.7393144	0.83211124	7.0	0.0	2.7923105	0.0	10.0	1.0	0.0	6.7205048	5.0	-0.84199095	0.3541093	0.0	1.0	0.0	4.0	4.064045	10.0	2.1572063	0	11	0	1	0	0	610.2815403086647	1218.5485276837037	49.005367	-.C[+57.0214635]SEGPGLC[+57.0214635]LAR.-	sp|Q86X76-2|NIT1_HUMAN;sp|Q86X76-3|NIT1_HUMAN;sp|Q86X76-4|NIT1_HUMAN;sp|Q86X76|NIT1_HUMAN
2017dec27_overlap_dia_6b_rep1_604to616.dia:2940.322:EGTEAWEAAMK+2	1	69153	6.4356933	0.7364437	0.9770635	0.7515018	0.5413404	1.106638	0.45359918	10.0	0.0	0.69903535	0.81714964	0.43741268	0.0	1.0	8.078465	7.0	0.0817194	0.78207225	0.8684862	1.0	1.0	5.0	0.18588638	3.1893477	0.06393117	0	11	0	1	0	0	611.7740713086647	1221.5335896837037	49.005367	-.EGTEAWEAAMK.-	sp|Q14204|DYHC1_HUMAN
2017dec27_overlap_dia_6b_rep1_604to616.dia:2940.322:EVMFTEEDVK+2	1	69153	6.4802794	0.96503896	1.1869882	0.8327525	0.6264726	1.6052619	0.30370474	10.0	0.0	0.63158846	0.0	10.0	1.0	0.0	8.185377	7.0	1.420218	0.83999515	0.80179864	1.0	1.0	6.0	0.106300354	10.0	0.0035157204	0	10	0	1	0	0	613.7841043086647	1225.5536556837037	49.005367	-.EVMFTEEDVK.-	sp|P51812|KS6A3_HUMAN;sp|Q15349-2|KS6A2_HUMAN;sp|Q15349-3|KS6A2_HUMAN;sp|Q15349|KS6A2_HUMAN;sp|Q15418-2|KS6A1_HUMAN;sp|Q15418-3|KS6A1_HUMAN;sp|Q15418-4|KS6A1_HUMAN;sp|Q15418|KS6A1_HUMAN
2017dec27_overlap_dia_6b_rep1_604to616.dia:2940.322:GLPEAEDSPC[+57.0214635]R+2	1	69153	3.5311692	0.37634754	0.5890967	0.674122	0.4709556	0.72688794	0.52793956	7.0	0.0	0.88764405	0.0	10.0	1.0	0.0	6.968008	4.0	-1.2197418	0.89583904	0.25111124	1.0	1.0	5.0	15.001038	10.0	0.25253987	0	11	0	1	0	0	615.7746020586646	1229.5346511837035	49.005367	-.GLPEAEDSPC[+57.0214635]R.-	sp|Q7Z5J4-2|RAI1_HUMAN;sp|Q7Z5J4-3|RAI1_HUMAN;sp|Q7Z5J4|RAI1_HUMAN
2017dec27_overlap_dia_6b_rep1_604to616.dia:2940.322:IEGTPLETIQK+2	1	69153	9.7378	1.2122518	1.6601734	0.87804806	0.6823088	1.9740744	0.22170164	13.0	1.0	-0.45344877	0.0	10.0	1.0	0.0	8.360607	8.0	5.255512	0.91275185	0.0	1.0	0.0	10.0	0.026176453	10.0	1.088553	0	11	0	1	0	0	614.8428113086647	1227.6710696837038	49.005367	-.IEGTPLETIQK.-	sp|O43676|NDUB3_HUMAN
2017dec27_overlap_dia_6b_rep1_604to616.dia:2940.322:SAHTLVGPTPSR+2	1	69153	5.096006	0.59343547	0.8499152	0.3437498	0.22339445	-0.64662814	0.6597085	9.0	2.0	-0.9282807	0.0	10.0	1.0	0.0	7.521717	5.0	-0.41842222	0.0	0.0	0.0	0.0	0.0	18.997696	10.0	1.5633849	0	12	0	1	0	0	611.8305693086647	1221.6465856837037	49.005367	-.SAHTLVGPTPSR.-	sp|Q13428-3|TCOF_HUMAN;sp|Q13428-7|TCOF_HUMAN;sp|Q13428-8|TCOF_HUMAN
2017dec27_overlap_dia_6b_rep1_604to616.dia:2940.322:SALC[+57.0214635]NADSPKDPVLPMK+3	1	69153	13.238659	1.278487	1.251155	0.82801646	0.6210613	1.5716343	0.27581656	16.0	6.0	3.2122958	0.66713876	6.5084715	0.0	1.0	7.7064285	6.0	3.4111676	0.9241413	0.9322712	1.0	1.0	10.0	0.09210968	2.881711	2.5771916	1	17	0	0	1	0	614.9744615280475	1841.901555183704	49.005367	-.SALC[+57.0214635]NADSPKDPVLPMK.-	sp|Q29RF7|PDS5A_HUMAN
2017dec27_overlap_dia_6b_rep1_604to616.dia:2940.322:SLDEQANQENDALHKK+3	1	69153	4.38687	0.33956483	0.8270544	0.6044346	0.41320187	0.4239774	0.30673477	8.0	2.0	0.97822547	0.0	10.0	1.0	0.0	6.461564	4.0	-1.3715792	0.0	0.0	0.0	0.0	0.0	18.997696	10.0	0.3431213	1	16	0	0	1	0	613.9658993613808	1838.8758686837039	49.005367	-.SLDEQANQENDALHKK.-	sp|A4D1E9-2|GTPBA_HUMAN;sp|A4D1E9|GTPBA_HUMAN
2017dec27_overlap_dia_6b_rep1_604to616.dia:2940.322:TIAETEAAYLK+2	1	69153	6.4105816	0.8294834	1.2522396	0.70928085	0.5019604	0.8918939	0.4713729	10.0	0.0	0.6164882	0.9784642	-1.9820478	0.0	2.0	8.102028	7.0	0.041734695	0.74586403	0.86165583	1.0	1.0	3.0	0.030197144	5.6088085	0.018615961	0	11	0	1	0	0	605.3217073086647	1208.6288616837037	49.005367	-.TIAETEAAYLK.-	sp|O43805|SSNA1_HUMAN
2017dec27_overlap_dia_6b_rep1_604to616.dia:2940.322:decoyTEEDSAAEVIR+2	-1	69153	4.355426	0.53239655	0.66049874	0.5622186	0.38010412	0.2501711	0.401545	8.0	0.0	-1.0409539	0.0	10.0	1.0	0.0	7.309383	5.0	-0.52714634	0.80881846	0.0	0.0	0.0	3.0	15.774021	10.0	1.676058	0	11	0	1	0	0	610.2936818086646	1218.5728106837034	49.005367	-.TEEDSAAEVIR.-	DECOY_sp|Q9NWY4|CD027_HUMAN
2017dec27_overlap_dia_6b_rep1_604to616.dia:2944.4773:GC[+57.0214635]LLYGPPGTGK+2	1	69257	9.757093	1.5383854	1.8639865	0.9179356	0.7402903	2.414623	0.16028698	13.0	2.0	0.27893713	0.9657063	-0.6326475	0.0	2.0	9.055893	10.0	3.2066932	0.9355121	0.79890394	1.0	1.0	10.0	0.057113647	4.259408	0.3442361	0	12	0	1	0	0	610.3106200586648	1218.6066871837038	49.074623	-.GC[+57.0214635]LLYGPPGTGK.-	sp|P62333|PRS10_HUMAN
2017dec27_overlap_dia_6b_rep1_604to616.dia:2944.4773:HAEATLGSGNLR+2	1	69257	6.078532	0.386267	0.85467774	0.33019385	0.21422827	-0.7073084	1.0084307	10.0	1.0	1.4555764	0.0	10.0	1.0	0.0	7.4367843	6.0	-0.32346487	0.6741772	0.22217982	0.0	1.0	1.0	19.066952	10.0	0.8324032	0	12	0	1	0	0	613.3178258086647	1224.6210986837036	49.074623	-.HAEATLGSGNLR.-	sp|Q7L9L4-2|MOB1B_HUMAN;sp|Q7L9L4|MOB1B_HUMAN;sp|Q9H8S9-2|MOB1A_HUMAN;sp|Q9H8S9|MOB1A_HUMAN
2017dec27_overlap_dia_6b_rep1_604to616.dia:2944.4773:LPELKPVDKESEVVMK+3	1	69257	7.478608	0.5193615	0.55284524	0.7541399	0.5438919	1.1208152	0.24840046	11.0	2.0	-0.32641232	0.65352976	-7.459958	1.0	1.0	6.7178693	4.0	1.1476226	0.76027626	0.39260826	0.0	1.0	1.0	0.18540192	11.086719	0.94958556	1	16	0	0	1	0	614.3411386947142	1840.001586683704	49.074623	-.LPELKPVDKESEVVMK.-	sp|Q9NUQ8-2|ABCF3_HUMAN;sp|Q9NUQ8|ABCF3_HUMAN
2017dec27_overlap_dia_6b_rep1_604to616.dia:2944.4773:RFELYFQGPSSNKPR+3	1	69257	16.99412	1.5086911	1.5405011	0.8110074	0.6021608	1.4565692	0.3056356	19.0	9.0	0.13056484	0.6384184	4.9484096	1.0	2.0	8.238131	8.0	6.9070435	0.88574195	0.67431295	1.0	1.0	14.0	0.56960297	1.3216491	0.4926084	1	15	0	0	1	0	609.3163123613808	1824.9271076837038	49.074623	-.RFELYFQGPSSNKPR.-	sp|P33993-2|MCM7_HUMAN;sp|P33993|MCM7_HUMAN
2017dec27_overlap_dia_6b_rep1_604to616.dia:2944.4773:decoyAKEAGEEAWC[+57.0214635]SPTQTR+3	-1	69257	2.4374747	0.4628664	0.9005546	0.3803138	0.24836808	-0.4882165	0.53179324	6.0	0.0	-1.991952	0.0	10.0	1.0	0.0	5.888557	4.0	-2.6152744	0.77002555	0.0	1.0	0.0	3.0	12.4860115	10.0	2.6151252	1	16	0	0	1	0	607.6125808613808	1819.8159131837037	49.074623	-.AKEAGEEAWC[+57.0214635]SPTQTR.-	DECOY_sp|Q86VQ1|GLCI1_HUMAN
2017dec27_overlap_dia_6b_rep1_604to616.dia:2944.4773:decoyKKPFDVTDNAPDEIPR+3	-1	69257	8.644596	0.6826343	0.82732344	0.92099696	0.7452475	2.4559705	0.07440852	12.0	5.0	-1.7162939	0.36153224	1.4312747	1.0	1.0	7.402978	5.0	-0.41678715	0.0	0.0	0.0	0.0	0.0	7.426689	2.1954858	2.339467	1	16	0	0	1	0	614.6512523613806	1840.931927683703	49.074623	-.KKPFDVTDNAPDEIPR.-	DECOY_sp|O60716-10|CTND1_HUMAN;DECOY_sp|O60716-11|CTND1_HUMAN;DECOY_sp|O60716-12|CTND1_HUMAN;DECOY_sp|O60716-13|CTND1_HUMAN;DECOY_sp|O60716-14|CTND1_HUMAN;DECOY_sp|O60716-15|CTND1_HUMAN;DECOY_sp|O60716-16|CTND1_HUMAN;DECOY_sp|O60716-17|CTND1_HUMAN;DECOY_sp|O60716-18|CTND1_HUMAN;DECOY_sp|O60716-19|CTND1_HUMAN;DECOY_sp|O60716-20|CTND1_HUMAN;DECOY_sp|O60716-21|CTND1_HUMAN;DECOY_sp|O60716-22|CTND1_HUMAN;DECOY_sp|O60716-23|CTND1_HUMAN;DECOY_sp|O60716-24|CTND1_HUMAN;DECOY_sp|O60716-25|CTND1_HUMAN;DECOY_sp|O60716-26|CTND1_HUMAN;DECOY_sp|O60716-27|CTND1_HUMAN;DECOY_sp|O60716-28|CTND1_HUMAN;DECOY_sp|O60716-29|CTND1_HUMAN;DECOY_sp|O60716-2|CTND1_HUMAN;DECOY_sp|O60716-30|CTND1_HUMAN;DECOY_sp|O60716-31|CTND1_HUMAN;DECOY_sp|O60716-32|CTND1_HUMAN;DECOY_sp|O60716-3|CTND1_HUMAN;DECOY_sp|O60716-4|CTND1_HUMAN;DECOY_sp|O60716-5|CTND1_HUMAN;DECOY_sp|O60716-6|CTND1_HUMAN;DECOY_sp|O60716-7|CTND1_HUMAN;DECOY_sp|O60716-8|CTND1_HUMAN;DECOY_sp|O60716-9|CTND1_HUMAN;DECOY_sp|O60716|CTND1_HUMAN
2017dec27_overlap_dia_6b_rep1_604to616.dia:2944.4773:decoyKNFEIAQLQK+2	-1	69257	4.5715103	0.8166164	1.1848263	0.9246758	0.75132805	2.507642	0.055506434	8.0	2.0	0.36075893	0.0	10.0	1.0	0.0	7.765124	5.0	-0.5552554	0.8603787	0.0	0.0	0.0	4.0	9.553265	10.0	0.2624143	1	10	0	1	0	0	609.8456878086647	1217.6768226837037	49.074623	-.KNFEIAQLQK.-	DECOY_sp|O76094-2|SRP72_HUMAN;DECOY_sp|O76094|SRP72_HUMAN
2017dec27_overlap_dia_6b_rep1_604to616.dia:2946.707:decoyAIQPKVYGDVK+2	-1	69310	4.487271	0.40571833	0.6230819	0.7616408	0.55121183	1.1616962	0.23428816	8.0	0.0	1.1705043	0.0	10.0	1.0	0.0	7.427691	5.0	-1.5205135	0.0	0.0	0.0	0.0	0.0	12.268028	10.0	0.56177974	1	11	0	1	0	0	609.3480593086647	1216.6815656837036	49.111782	-.AIQPKVYGDVK.-	DECOY_sp|P42229-2|STA5A_HUMAN;DECOY_sp|P42229|STA5A_HUMAN;DECOY_sp|P51692|STA5B_HUMAN
2017dec27_overlap_dia_6b_rep1_604to616.dia:2948.7212:ATGAALTPTEER+2	1	69362	3.4418437	0.4540618	0.76910037	0.54879856	0.36982924	0.19581759	0.5211731	7.0	1.0	0.21735273	0.44603315	-2.205208	1.0	2.0	6.943796	4.0	-2.6564667	0.85565233	0.0	1.0	0.0	3.0	16.571884	5.8517685	0.34987664	0	12	0	1	0	0	608.8120428086647	1215.6095326837037	49.14535	-.ATGAALTPTEER.-	sp|Q13459-2|MYO9B_HUMAN;sp|Q13459|MYO9B_HUMAN
2017dec27_overlap_dia_6b_rep1_604to616.dia:2948.7212:VC[+57.0214635]LAEVYQDK+2	1	69362	4.3682594	0.39928308	0.485398	0.57908005	0.39317632	0.31899804	0.30801693	8.0	0.0	-0.026713908	0.0	10.0	1.0	0.0	7.360682	6.0	-0.061368465	0.5239053	0.0	0.0	0.0	0.0	0.1265297	10.0	0.5939433	0	10	0	1	0	0	612.8000845586647	1223.5856161837037	49.14535	-.VC[+57.0214635]LAEVYQDK.-	sp|Q12789-3|TF3C1_HUMAN;sp|Q12789|TF3C1_HUMAN
2017dec27_overlap_dia_6b_rep1_604to616.dia:2948.7212:WSQLLANSAAR+2	1	69362	10.896711	1.4476721	2.18407	0.90428	0.7191832	2.2457118	0.18429188	14.0	1.0	-2.0153441	0.8166289	-2.1563041	0.0	1.0	8.855311	9.0	3.6646767	0.8687626	0.9800952	1.0	1.0	11.0	0.049259186	5.802865	2.5825734	0	11	0	1	0	0	608.8252863086647	1215.6360196837036	49.14535	-.WSQLLANSAAR.-	sp|Q13813-2|SPTN1_HUMAN;sp|Q13813-3|SPTN1_HUMAN;sp|Q13813|SPTN1_HUMAN
2017dec27_overlap_dia_6b_rep1_604to616.dia:2948.7212:decoyFC[+57.0214635]ENC[+57.0214635]TYVK+2	-1	69362	1.7944651	0.32061908	0.42587787	0.519139	0.3474946	0.07659334	0.5907317	5.0	0.0	3.2004504	0.0	10.0	1.0	0.0	6.8722744	4.0	-1.8333852	0.8717194	0.0	0.0	0.0	3.0	15.463219	10.0	2.6332211	0	9	0	1	0	0	610.7573623086647	1219.5001716837037	49.14535	-.FC[+57.0214635]ENC[+57.0214635]TYVK.-	DECOY_sp|Q09472|EP300_HUMAN;DECOY_sp|Q92793-2|CBP_HUMAN;DECOY_sp|Q92793|CBP_HUMAN
2017dec27_overlap_dia_6b_rep1_604to616.dia:2948.7212:decoyQFSVELGEPGR+2	-1	69362	6.4278626	0.9392772	1.6882416	0.73807263	0.5285277	1.035975	0.39462653	10.0	0.0	0.47865868	0.20314448	0.3572277	1.0	1.0	8.061656	6.0	0.096939564	0.83335763	-0.085218444	1.0	1.0	6.0	6.247017	3.2893329	0.088570714	0	11	0	1	0	0	609.8093023086647	1217.6040516837036	49.14535	-.QFSVELGEPGR.-	DECOY_sp|Q8TDP1-2|RNH2C_HUMAN;DECOY_sp|Q8TDP1|RNH2C_HUMAN
2017dec27_overlap_dia_6b_rep1_604to616.dia:2948.7212:decoyQMSEPPGLLPR+2	-1	69362	4.1296835	0.41518685	0.77661824	0.33432034	0.21701348	-0.68870896	0.4965338	8.0	1.0	-0.9242471	0.8096742	4.755725	0.0	1.0	7.4118395	4.0	-1.0498195	0.7426262	0.89231396	1.0	1.0	3.0	3.3814049	1.1091642	1.4914765	0	11	0	1	0	0	612.8238983086645	1223.6332436837033	49.14535	-.QMSEPPGLLPR.-	DECOY_sp|B5ME19|EIFCL_HUMAN;DECOY_sp|Q99613-2|EIF3C_HUMAN;DECOY_sp|Q99613|EIF3C_HUMAN
2017dec27_overlap_dia_6b_rep1_604to616.dia:2948.7212:decoyVC[+57.0214635]IAVATGKNDGTIMIR+3	-1	69362	2.6661322	0.52955025	0.47757012	0.6438721	0.44534624	0.5922101	0.25266007	6.0	2.0	0.5271834	0.0	10.0	1.0	0.0	5.8059106	3.0	-1.9777997	0.8460971	0.0	0.0	0.0	4.0	2.706829	10.0	0.040045977	1	17	0	0	1	0	606.9903351947139	1817.949176183703	49.14535	-.VC[+57.0214635]IAVATGKNDGTIMIR.-	DECOY_sp|P16615-2|AT2A2_HUMAN;DECOY_sp|P16615-3|AT2A2_HUMAN;DECOY_sp|P16615-4|AT2A2_HUMAN;DECOY_sp|P16615-5|AT2A2_HUMAN;DECOY_sp|P16615|AT2A2_HUMAN
2017dec27_overlap_dia_6b_rep1_604to616.dia:2950.7983:QSGESIDIITR+2	1	69414	9.778137	1.780283	2.2925103	0.9635091	0.8274889	3.2735186	0.068655215	13.0	2.0	-0.8528533	0.9207933	2.1184325	0.44312698	2.0	8.87347	10.0	2.8225694	0.8940911	0.9620779	1.0	1.0	10.0	0.16246414	1.5281281	1.3772912	0	11	0	1	0	0	609.8198668086646	1217.6251806837035	49.179974	-.QSGESIDIITR.-	sp|Q16531|DDB1_HUMAN
2017dec27_overlap_dia_6b_rep1_604to616.dia:2952.8457:WETFC[+57.0214635]TSSLGETNKR+3	1	69466	10.702792	1.4109877	1.7846261	0.5786072	0.39280713	0.3170584	0.5700649	14.0	5.0	-1.0246189	0.9926485	6.8672624	0.0	3.0	7.2628226	8.0	3.7300887	0.8982789	0.8886201	1.0	1.0	10.0	0.09692383	3.2207017	1.5068735	1	15	0	0	1	0	605.9491925280473	1814.8257481837034	49.214096	-.WETFC[+57.0214635]TSSLGETNKR.-	sp|Q5H9R7-2|PP6R3_HUMAN;sp|Q5H9R7-3|PP6R3_HUMAN;sp|Q5H9R7-4|PP6R3_HUMAN;sp|Q5H9R7-5|PP6R3_HUMAN;sp|Q5H9R7-6|PP6R3_HUMAN;sp|Q5H9R7|PP6R3_HUMAN
2017dec27_overlap_dia_6b_rep1_604to616.dia:2956.9727:EQSELVAQALK+2	1	69570	7.390434	1.2962976	1.5646852	0.6155701	0.42214847	0.47078753	0.7473382	11.0	0.0	2.5823126	0.956332	-1.055923	0.0	2.0	7.6839986	8.0	3.4257684	0.7591337	0.7031041	0.0	1.0	2.0	0.049930573	4.7024837	2.1850748	0	11	0	1	0	0	608.3326103086647	1214.6506676837037	49.28288	-.EQSELVAQALK.-	sp|O75165|DJC13_HUMAN
2017dec27_overlap_dia_6b_rep1_604to616.dia:2956.9727:FYVHNDMFR+2	1	69570	4.491049	1.124465	1.4861166	0.7682951	0.5577893	1.1987094	0.44225192	8.0	0.0	1.3152006	0.79143804	6.7271686	0.0	1.0	7.928288	7.0	4.428091	0.94317865	0.9405285	1.0	1.0	5.0	0.1419487	3.080608	0.9179629	0	9	0	1	0	0	614.7820288086647	1227.5495046837036	49.28288	-.FYVHNDMFR.-	sp|Q9UN86-2|G3BP2_HUMAN;sp|Q9UN86|G3BP2_HUMAN
2017dec27_overlap_dia_6b_rep1_604to616.dia:2956.9727:decoyC[+57.0214635]PTYFSQVGR+2	-1	69570	2.4798298	0.64926916	1.0193533	0.41927323	0.2754302	-0.32575753	0.6661649	6.0	1.0	2.787567	0.0	10.0	1.0	0.0	6.602006	4.0	-2.6813252	-0.00972093	0.0	1.0	0.0	3.0	2.6568375	10.0	2.3903294	0	10	0	1	0	0	607.7847690586646	1213.5549851837034	49.28288	-.C[+57.0214635]PTYFSQVGR.-	DECOY_sp|Q7Z7K6-2|CENPV_HUMAN;DECOY_sp|Q7Z7K6-3|CENPV_HUMAN;DECOY_sp|Q7Z7K6|CENPV_HUMAN
2017dec27_overlap_dia_6b_rep1_604to616.dia:2956.9727:decoySIVPHDASYGGSYNTFK+3	-1	69570	7.4340515	0.68585193	0.80421925	0.6806049	0.4765659	0.756553	0.26580286	11.0	3.0	1.6589983	0.0	10.0	1.0	0.0	6.7356734	4.0	0.60826826	0.0	0.0	0.0	0.0	0.0	2.7034378	10.0	1.2617606	0	17	0	0	1	0	614.9600800280473	1841.8584106837031	49.28288	-.SIVPHDASYGGSYNTFK.-	DECOY_sp|Q15386|UBE3C_HUMAN
2017dec27_overlap_dia_6b_rep1_604to616.dia:2956.9727:decoyTC[+57.0214635]GTTEPFKELLTC[+57.0214635]R+3	-1	69570	4.5498614	0.6533223	0.8380584	0.8797128	0.6845305	1.9897134	0.07533488	8.0	2.0	-0.7373972	0.0	10.0	1.0	0.0	6.1381335	4.0	-0.7955065	0.5742499	0.0	0.0	0.0	0.0	3.8376427	10.0	1.1346349	1	15	0	0	1	0	604.9588123613809	1811.854607683704	49.28288	-.TC[+57.0214635]GTTEPFKELLTC[+57.0214635]R.-	DECOY_sp|Q12797-10|ASPH_HUMAN;DECOY_sp|Q12797|ASPH_HUMAN
2017dec27_overlap_dia_6b_rep1_604to616.dia:2956.9727:decoyVYMGQDQTDR+2	-1	69570	1.9695837	0.38721156	0.71898687	0.77696663	0.5664853	1.248076	0.15086004	5.0	0.0	2.3827105	0.0	10.0	1.0	0.0	6.4638405	4.0	-2.7305906	0.8772713	0.0	1.0	0.0	4.0	19.275208	10.0	1.9854728	0	10	0	1	0	0	606.7693163086645	1211.5240796837033	49.28288	-.VYMGQDQTDR.-	DECOY_sp|Q9Y6D6|BIG1_HUMAN
2017dec27_overlap_dia_6b_rep1_604to616.dia:2956.9727:decoyYEIEETALSR+2	-1	69570	2.6941063	0.60505974	0.79660535	0.68671036	0.48189187	0.78478444	0.28295547	6.0	0.0	-1.9896415	0.0	10.0	1.0	0.0	6.625007	4.0	-1.6207776	0.0	0.0	0.0	0.0	0.0	2.6269798	10.0	2.3868792	0	10	0	1	0	0	605.8011383086647	1209.5877236837036	49.28288	-.YEIEETALSR.-	DECOY_sp|Q66K14-2|TBC9B_HUMAN;DECOY_sp|Q66K14|TBC9B_HUMAN
2017dec27_overlap_dia_6b_rep1_604to616.dia:2961.0732:C[+57.0214635]DLFIQEGAR+2	1	69674	4.471559	0.44184664	0.595062	0.7345787	0.52524036	1.0179789	0.29734862	8.0	0.0	-0.30373105	0.0	10.0	1.0	0.0	6.969841	5.0	-2.0347085	0.6414806	0.0	1.0	0.0	6.0	1.8501892	10.0	0.65249026	0	10	0	1	0	0	604.7900555586648	1207.5655581837038	49.35122	-.C[+57.0214635]DLFIQEGAR.-	sp|Q49A26-2|GLYR1_HUMAN;sp|Q49A26-4|GLYR1_HUMAN;sp|Q49A26-5|GLYR1_HUMAN;sp|Q49A26|GLYR1_HUMAN
2017dec27_overlap_dia_6b_rep1_604to616.dia:2961.0732:GIKPVTLELGGK+2	1	69674	8.487783	0.83139676	1.663299	0.64186776	0.4436804	0.58348	0.6973016	12.0	1.0	-0.3020121	0.9978124	4.216028	0.0	3.0	7.869477	9.0	1.5853224	0.84958875	0.78607696	0.0	1.0	5.0	0.38108826	0.56946754	0.65077126	0	12	0	1	0	0	606.3715388086647	1210.7285246837037	49.35122	-.GIKPVTLELGGK.-	sp|P49189-2|AL9A1_HUMAN;sp|P49189|AL9A1_HUMAN
2017dec27_overlap_dia_6b_rep1_604to616.dia:2961.0732:YEAIVEENKK+2	1	69674	3.3564312	0.5932842	0.7660964	0.45081723	0.2977348	-0.19736935	0.5889706	7.0	0.0	0.26681745	0.5385908	3.2793002	1.0	1.0	6.788739	5.0	-1.3491669	0.4428555	0.0	0.0	0.0	0.0	19.343548	0.36726046	0.081941724	1	10	0	1	0	0	611.8193308086646	1221.6241086837035	49.35122	-.YEAIVEENKK.-	sp|Q99417|MYCBP_HUMAN
2017dec27_overlap_dia_6b_rep1_604to616.dia:2961.0732:decoyVSITQVPAHDNVPQIAR+3	-1	69674	6.422545	0.6249925	1.0394052	0.7290904	0.5201133	0.9900125	0.31086507	10.0	2.0	-1.4485648	0.0	10.0	1.0	0.0	6.1990337	6.0	-0.87985086	0.0	0.0	0.0	0.0	0.0	2.8112717	10.0	1.797324	0	17	0	0	1	0	615.6707586947138	1843.9904466837027	49.35122	-.VSITQVPAHDNVPQIAR.-	DECOY_sp|Q6UVK1|CSPG4_HUMAN
2017dec27_overlap_dia_6b_rep1_604to616.dia:2965.229:VSVGQSC[+57.0214635]GFSGK+2	1	69778	5.4734983	0.77000093	1.4098126	0.8198513	0.61188793	1.5153402	0.109631516	9.0	1.0	0.8414632	0.5042529	5.0843635	1.0	1.0	7.6129155	6.0	-1.5404382	0.73906755	0.008072429	1.0	1.0	3.0	15.0583725	1.4378028	0.49270403	0	12	0	1	0	0	606.7875125586647	1211.5604721837037	49.420483	-.VSVGQSC[+57.0214635]GFSGK.-	sp|O75128-2|COBL_HUMAN;sp|O75128-3|COBL_HUMAN;sp|O75128-6|COBL_HUMAN;sp|O75128-7|COBL_HUMAN;sp|O75128|COBL_HUMAN
2017dec27_overlap_dia_6b_rep1_604to616.dia:2965.229:decoyDYFEHEQEK+2	-1	69778	1.8907679	0.50724244	0.6643222	0.6480171	0.448803	0.6103345	0.31597406	5.0	1.0	-1.0625407	0.0	10.0	1.0	0.0	6.9629736	3.0	-3.0	0.0	0.0	0.0	0.0	0.0	19.412811	10.0	1.4112998	0	9	0	1	0	0	612.7620133086646	1223.5094736837034	49.420483	-.DYFEHEQEK.-	DECOY_sp|P43686-2|PRS6B_HUMAN;DECOY_sp|P43686|PRS6B_HUMAN
2017dec27_overlap_dia_6b_rep1_604to616.dia:2965.229:decoyIQLLSEMNSGK+2	-1	69778	5.1487813	0.68118113	1.3735946	0.3881662	0.25378275	-0.4550271	0.5869983	9.0	1.0	-0.7509835	0.0	10.0	1.0	0.0	7.7596154	7.0	-1.1062307	0.46414742	0.017522039	0.0	1.0	0.0	5.3311386	10.0	1.0997427	0	11	0	1	0	0	610.3211878086645	1218.6278226837032	49.420483	-.IQLLSEMNSGK.-	DECOY_sp|Q9UK61-2|F208A_HUMAN;DECOY_sp|Q9UK61-3|F208A_HUMAN;DECOY_sp|Q9UK61-4|F208A_HUMAN;DECOY_sp|Q9UK61|F208A_HUMAN
2017dec27_overlap_dia_6b_rep1_604to616.dia:2975.7986:SQAFIEMETR+2	1	70038	9.776775	1.8797313	2.0725887	0.9604926	0.8204545	3.1909585	0.07875898	13.0	1.0	-2.7560337	0.97296345	4.680621	0.0	2.0	9.26411	8.0	-1.0806341	0.90382934	0.86422884	1.0	1.0	9.0	0.13581085	1.0340605	3.092862	0	10	0	1	0	0	606.2898883086647	1210.5652236837036	49.59664	-.SQAFIEMETR.-	sp|P43243-2|MATR3_HUMAN;sp|P43243|MATR3_HUMAN
2017dec27_overlap_dia_6b_rep1_604to616.dia:2977.8535:LTGSLSGWSSPK+2	1	70090	6.3590503	0.6194277	0.92744607	0.62992203	0.4338264	0.53188235	0.41718614	10.0	2.0	-0.26502725	0.5404105	3.0685072	1.0	1.0	8.420819	6.0	-0.302526	0.88862467	-0.07999283	1.0	1.0	4.0	0.0665741	0.5780535	0.6018555	0	12	0	1	0	0	610.3195023086647	1218.6244516837037	49.630894	-.LTGSLSGWSSPK.-	sp|Q99798|ACON_HUMAN
2017dec27_overlap_dia_6b_rep1_604to616.dia:2977.8535:decoyAAAVYALPYGTK+2	-1	70090	5.457074	0.3117122	0.5018647	0.7894249	0.5792422	1.3214623	0.24372567	9.0	2.0	0.40928182	0.0	10.0	1.0	0.0	7.8826275	6.0	-1.8403645	0.69061345	0.0	0.0	0.0	0.0	6.7772064	10.0	0.07245359	0	12	0	1	0	0	612.8347808086645	1223.6550086837033	49.630894	-.AAAVYALPYGTK.-	DECOY_sp|P27708|PYR1_HUMAN
2017dec27_overlap_dia_6b_rep1_604to616.dia:2979.9885:YLQDNPASGEK+2	1	70142	2.424274	0.37912354	0.5260639	0.36892766	0.24054998	-0.53681993	0.6489267	6.0	0.0	0.51513493	0.20038651	-6.3107543	1.0	1.0	6.798814	4.0	-2.7213385	0.563676	0.75668913	1.0	1.0	4.0	19.658806	9.957315	0.1783067	0	11	0	1	0	0	611.2909378086647	1220.5673226837037	49.666477	-.YLQDNPASGEK.-	sp|Q16850-2|CP51A_HUMAN;sp|Q16850|CP51A_HUMAN
2017dec27_overlap_dia_6b_rep1_604to616.dia:2986.1584:AVSQIVTVYDK+2	1	70298	5.440629	0.47422588	0.649841	0.76009065	0.549691	1.1531765	0.20577401	9.0	0.0	-1.4487753	0.0	10.0	1.0	0.0	7.775117	5.0	0.36668158	0.8611636	0.0	1.0	0.0	3.0	0.0038795471	10.0	1.7736721	0	11	0	1	0	0	611.8375243086647	1221.6604956837036	49.769306	-.AVSQIVTVYDK.-	sp|Q5VTR2|BRE1A_HUMAN
2017dec27_overlap_dia_6b_rep1_604to616.dia:2986.1584:C[+57.0214635]VLSGPPQLEK+2	1	70298	6.49814	0.75076956	0.8613838	0.8677133	0.66882205	1.8808895	0.20448656	10.0	1.0	-2.2654932	0.9625153	-1.8381261	0.0	2.0	8.0925	6.0	-0.30737448	0.83267546	0.8485639	0.0	1.0	6.0	0.07572174	5.484687	2.59039	0	11	0	1	0	0	614.3237310586647	1226.6329091837038	49.769306	-.C[+57.0214635]VLSGPPQLEK.-	sp|Q9BQ52-2|RNZ2_HUMAN;sp|Q9BQ52-4|RNZ2_HUMAN;sp|Q9BQ52|RNZ2_HUMAN
2017dec27_overlap_dia_6b_rep1_604to616.dia:2986.1584:decoyHITQAVVSGFR+2	-1	70298	4.3467774	0.3106813	0.45305136	0.5511336	0.3716091	0.20525183	0.2806693	8.0	0.0	-3.059569	0.0	10.0	1.0	0.0	7.488796	6.0	-1.7983584	0.53329504	0.0	1.0	0.0	3.0	6.867012	10.0	3.3844657	0	11	0	1	0	0	607.8356548086646	1213.6567566837034	49.769306	-.HITQAVVSGFR.-	DECOY_sp|Q9UNN5-2|FAF1_HUMAN;DECOY_sp|Q9UNN5|FAF1_HUMAN
2017dec27_overlap_dia_6b_rep1_604to616.dia:2986.1584:decoyNVYAEQLAPGR+2	-1	70298	5.353663	0.5030534	0.848283	0.6221561	0.42748618	0.4987098	0.32202482	9.0	0.0	3.9887805	0.8178965	-2.1552105	0.0	1.0	7.6600757	5.0	-1.4275498	0.85420465	0.6160421	0.0	1.0	2.0	5.775326	5.801771	3.6638837	0	11	0	1	0	0	609.3172903086645	1216.6200276837033	49.769306	-.NVYAEQLAPGR.-	DECOY_sp|Q9UJU6-2|DBNL_HUMAN;DECOY_sp|Q9UJU6-3|DBNL_HUMAN;DECOY_sp|Q9UJU6-6|DBNL_HUMAN;DECOY_sp|Q9UJU6|DBNL_HUMAN
2017dec27_overlap_dia_6b_rep1_604to616.dia:2990.3447:EASSVSEELHK+2	1	70402	3.58841	0.4956411	0.6241974	0.7690937	0.55858415	1.2032008	0.36643088	7.0	0.0	0.65956104	0.0	10.0	1.0	0.0	7.3944416	5.0	-1.4619532	0.7872743	0.0	0.0	0.0	0.0	19.831406	10.0	0.33466423	0	11	0	1	0	0	608.2962238086648	1214.5778946837038	49.839077	-.EASSVSEELHK.-	sp|Q9C0B1|FTO_HUMAN
2017dec27_overlap_dia_6b_rep1_604to616.dia:2990.3447:NQVALNPQNTVFDAKR+3	1	70402	9.637615	0.71746343	0.75028425	0.6971634	0.4911096	0.8338265	0.3334032	13.0	7.0	-0.692455	0.73796874	2.7461643	1.0	2.0	7.137862	5.0	-0.62086344	0.61030257	0.9143519	1.0	1.0	9.0	0.010414124	0.82119465	1.0173519	1	16	0	0	1	0	605.6551083613808	1813.9434956837038	49.839077	-.NQVALNPQNTVFDAKR.-	sp|P0DMV8-2|HS71A_HUMAN;sp|P0DMV8|HS71A_HUMAN;sp|P0DMV9|HS71B_HUMAN
2017dec27_overlap_dia_6b_rep1_604to616.dia:2990.3447:YSHLQPGDHLTDITLK+3	1	70402	13.2396145	1.1223083	1.1035293	0.82984054	0.62313735	1.5844976	0.12462223	16.0	13.0	-0.4860721	0.99476886	4.2938094	0.0	3.0	7.9325385	6.0	3.4385934	0.9003471	0.9507939	1.0	1.0	14.0	0.1221962	0.72645044	0.8109689	0	16	0	0	1	0	613.3196116947141	1836.9370056837035	49.839077	-.YSHLQPGDHLTDITLK.-	sp|Q15046-2|SYK_HUMAN;sp|Q15046|SYK_HUMAN
2017dec27_overlap_dia_6b_rep1_604to616.dia:2990.3447:decoyHESLLAAAELR+2	-1	70402	4.338099	0.3646674	0.7940043	0.54022926	0.363325	0.16126567	0.40391877	8.0	0.0	-1.0752802	0.0	10.0	1.0	0.0	7.1894827	5.0	-1.8051319	0.8529729	-0.06511121	1.0	1.0	5.0	0.10676956	10.0	1.400177	0	11	0	1	0	0	605.3329443086645	1208.6513356837033	49.839077	-.HESLLAAAELR.-	DECOY_sp|Q9UJA5-2|TRM6_HUMAN;DECOY_sp|Q9UJA5-4|TRM6_HUMAN;DECOY_sp|Q9UJA5|TRM6_HUMAN
2017dec27_overlap_dia_6b_rep1_604to616.dia:2990.3447:decoyVYGVAFNSQTK+2	-1	70402	3.4476569	0.5742841	0.8095801	0.5561937	0.3754775	0.22572848	0.5353378	7.0	1.0	-1.7929835	0.20914961	2.4166307	1.0	1.0	7.3388715	5.0	-2.0021436	0.8712208	0.0	0.0	0.0	3.0	7.281975	1.1507282	2.1178803	0	11	0	1	0	0	607.3142163086646	1212.6138796837035	49.839077	-.VYGVAFNSQTK.-	DECOY_sp|P21796|VDAC1_HUMAN
2017dec27_overlap_dia_6b_rep1_604to616.dia:2992.4421:HHSLGGQYGVQGFPTIK+3	1	70454	9.476832	0.56431067	0.76941985	0.48144993	0.31977934	-0.07423427	0.48617628	13.0	5.0	0.7159531	0.915446	1.1302297	0.0	2.0	7.490017	5.0	2.4688892	0.9193923	0.7769339	1.0	1.0	8.0	0.24185944	2.4371293	0.3910563	0	17	0	0	1	0	609.3163133613808	1824.9271106837039	49.874035	-.HHSLGGQYGVQGFPTIK.-	sp|Q15084-2|PDIA6_HUMAN;sp|Q15084-3|PDIA6_HUMAN;sp|Q15084-4|PDIA6_HUMAN;sp|Q15084-5|PDIA6_HUMAN;sp|Q15084|PDIA6_HUMAN
2017dec27_overlap_dia_6b_rep1_604to616.dia:2992.4421:HIQDLNWQR+2	1	70454	4.3495474	0.27765042	0.49906588	0.5546598	0.37430322	0.21951635	0.30131358	8.0	0.0	-0.7832428	0.2023473	-8.37619	1.0	1.0	7.7706327	6.0	-1.7380755	0.73759866	0.0	0.0	0.0	5.0	9.148697	11.943549	1.1081396	0	9	0	1	0	0	605.3098038086647	1208.6050546837037	49.874035	-.HIQDLNWQR.-	sp|O75934|SPF27_HUMAN
2017dec27_overlap_dia_6b_rep1_604to616.dia:2992.4421:IQPQMDMVEK+2	1	70454	4.4748297	0.8558246	1.1122738	0.74013174	0.53047377	1.0466534	0.39997762	8.0	0.0	0.59000707	0.0	10.0	1.0	0.0	7.932984	5.0	-0.7128706	0.8577296	0.0	1.0	0.0	4.0	5.181942	10.0	0.26511025	0	10	0	1	0	0	609.7964923086647	1217.5784316837037	49.874035	-.IQPQMDMVEK.-	sp|Q9HA64|KT3K_HUMAN
2017dec27_overlap_dia_6b_rep1_604to616.dia:2992.4421:LEQENDDLAHELVTSK+3	1	70454	9.716154	0.69517076	0.63148785	0.83535856	0.62947994	1.624091	0.18705024	13.0	3.0	0.17230773	0.6462202	0.13438626	1.0	1.0	7.3696275	6.0	1.4170628	0.6660414	0.0	0.0	0.0	0.0	0.1389656	3.4329727	0.15258908	0	16	0	0	1	0	614.3022886947142	1839.885036683704	49.874035	-.LEQENDDLAHELVTSK.-	sp|B7ZAP0|RBG10_HUMAN;sp|Q5R372-5|RBG1L_HUMAN;sp|Q5R372-6|RBG1L_HUMAN;sp|Q5R372-7|RBG1L_HUMAN;sp|Q5R372-8|RBG1L_HUMAN;sp|Q9Y3P9|RBGP1_HUMAN
2017dec27_overlap_dia_6b_rep1_604to616.dia:2992.4421:QLPPNGDPNFK+2	1	70454	5.267089	0.79123193	1.0366809	0.5097126	0.34049654	0.038855188	0.269934	9.0	1.0	1.947698	0.41464177	-2.9046981	0.0	2.0	8.00938	5.0	-1.8488393	0.87654454	0.09908111	1.0	1.0	5.0	9.194122	6.4720573	1.6228012	0	11	0	1	0	0	613.8118448086648	1225.6091366837038	49.874035	-.QLPPNGDPNFK.-	sp|Q92945|FUBP2_HUMAN
2017dec27_overlap_dia_6b_rep1_604to616.dia:2992.4421:RLDYITAEIK+2	1	70454	6.5129833	0.8447763	1.2125531	0.8978833	0.7097913	2.1739237	0.14370215	10.0	2.0	-1.2067972	0.8108186	-6.7950144	0.0	1.0	8.257067	6.0	0.1123724	0.88033223	0.64272153	1.0	1.0	7.0	0.12472153	10.362373	1.531694	1	10	0	1	0	0	611.3455163086647	1220.6764796837037	49.874035	-.RLDYITAEIK.-	sp|O15212|PFD6_HUMAN
2017dec27_overlap_dia_6b_rep1_604to616.dia:2992.4421:decoySDLEFDELEK+2	-1	70454	5.360611	0.4945421	0.6836873	0.63219005	0.4356876	0.5416237	0.626867	9.0	0.0	-0.86740303	0.0	10.0	1.0	0.0	7.827283	6.0	-0.33340788	0.88950986	0.0	1.0	0.0	4.0	6.0533752	10.0	1.1922998	0	10	0	1	0	0	612.7851578086645	1223.5557626837033	49.874035	-.SDLEFDELEK.-	DECOY_sp|Q9NVI1-1|FANCI_HUMAN;DECOY_sp|Q9NVI1-2|FANCI_HUMAN;DECOY_sp|Q9NVI1|FANCI_HUMAN
2017dec27_overlap_dia_6b_rep1_604to616.dia:2992.4421:decoyVALADDKLSFDENSTSK+3	-1	70454	4.517643	0.5265791	0.73896444	0.8168119	0.60852134	1.4948955	0.14686836	8.0	1.0	0.3613094	0.3502394	7.409566	1.0	1.0	6.300826	3.0	-1.4485984	0.53118163	0.0	0.0	0.0	0.0	0.85521317	3.842207	0.036412597	1	17	0	0	1	0	613.9705386947142	1838.8897866837037	49.874035	-.VALADDKLSFDENSTSK.-	DECOY_sp|Q7Z333-3|SETX_HUMAN;DECOY_sp|Q7Z333-4|SETX_HUMAN;DECOY_sp|Q7Z333|SETX_HUMAN
2017dec27_overlap_dia_6b_rep1_604to616.dia:2992.4421:decoyYSPDFDPPYK+2	-1	70454	4.44139	0.410913	0.62415445	0.68528163	0.48064178	0.7781517	0.62767273	8.0	0.0	1.9725832	0.0	10.0	1.0	0.0	7.8440094	7.0	-0.68403196	0.93618	0.24025114	1.0	1.0	4.0	0.32907486	10.0	1.6476864	0	10	0	1	0	0	614.7796703086647	1227.5447876837036	49.874035	-.YSPDFDPPYK.-	DECOY_sp|Q9BW85|CCD94_HUMAN
2017dec27_overlap_dia_6b_rep1_604to616.dia:2994.484:HLPAELTAEEKEDLLK+3	1	70506	8.474078	0.65963113	1.2427819	0.621928	0.4273007	0.49773958	0.5008279	12.0	4.0	1.9835695	0.0	10.0	1.0	0.0	7.1789007	6.0	-1.3876789	0.4381555	0.0	0.0	0.0	0.0	1.6861496	10.0	1.6586727	1	16	0	0	1	0	612.6631580280474	1834.9676446837036	49.908066	-.HLPAELTAEEKEDLLK.-	sp|Q96LT9-2|RBM40_HUMAN;sp|Q96LT9|RBM40_HUMAN
2017dec27_overlap_dia_6b_rep1_604to616.dia:2994.484:QHEGLATFYR+2	1	70506	4.5546284	0.69775635	1.2692244	0.8894217	0.69778526	2.0848477	0.10363678	8.0	0.0	0.6769474	0.808738	2.8694544	0.0	1.0	7.5953937	4.0	-0.76302576	0.715844	0.588675	0.0	1.0	3.0	7.3887825	0.62617135	0.3520506	0	10	0	1	0	0	611.3041833086646	1220.5938136837035	49.908066	-.QHEGLATFYR.-	sp|Q6L8Q7-2|PDE12_HUMAN;sp|Q6L8Q7|PDE12_HUMAN
2017dec27_overlap_dia_6b_rep1_604to616.dia:2994.484:TGNFQVTELGR+2	1	70506	10.899197	1.854957	2.5970669	0.9094688	0.72702277	2.3071666	0.17277496	14.0	4.0	0.49031362	0.0	10.0	1.0	0.0	9.116088	9.0	3.7442646	0.8514617	0.42616892	1.0	1.0	12.0	0.055934906	10.0	0.1654168	0	11	0	1	0	0	611.3147523086647	1220.6149516837036	49.908066	-.TGNFQVTELGR.-	sp|O75643|U520_HUMAN
2017dec27_overlap_dia_6b_rep1_604to616.dia:2994.484:TQMAEVLPSPR+2	1	70506	10.869807	1.6293625	2.0356019	0.84995925	0.6467471	1.7342815	0.29366657	14.0	0.0	0.69374764	0.9017425	1.9930878	0.49720958	2.0	8.860224	8.0	1.6674104	0.8039483	0.8883967	1.0	1.0	9.0	0.05455017	1.502538	0.36885083	0	11	0	1	0	0	614.8213558086646	1227.6281586837035	49.908066	-.TQMAEVLPSPR.-	sp|P11388-2|TOP2A_HUMAN;sp|P11388-3|TOP2A_HUMAN;sp|P11388-4|TOP2A_HUMAN;sp|P11388|TOP2A_HUMAN
2017dec27_overlap_dia_6b_rep1_604to616.dia:2994.484:decoyIGQMEAVHTLK+2	-1	70506	3.6701546	0.7536259	0.9967029	0.928376	0.7575896	2.562007	0.046545528	7.0	0.0	0.44688714	0.80954224	0.99063957	0.0	1.0	7.651777	5.0	0.010807037	0.6574784	0.5139304	0.0	1.0	0.0	14.905308	2.5049863	0.12199032	0	11	0	1	0	0	613.8317238086645	1225.6488946837032	49.908066	-.IGQMEAVHTLK.-	DECOY_sp|Q9UH99-2|SUN2_HUMAN;DECOY_sp|Q9UH99-3|SUN2_HUMAN;DECOY_sp|Q9UH99|SUN2_HUMAN
2017dec27_overlap_dia_6b_rep1_604to616.dia:2994.484:decoyVIPFSDC[+57.0214635]SMR+2	-1	70506	2.705313	0.24021475	0.526632	0.7046611	0.4978019	0.8695933	0.1640267	6.0	0.0	0.6043602	0.0	10.0	1.0	0.0	6.9500275	3.0	-1.2474108	0.5568806	0.0	0.0	0.0	0.0	2.6082153	10.0	0.2794634	0	10	0	1	0	0	606.2810085586644	1210.5474641837031	49.908066	-.VIPFSDC[+57.0214635]SMR.-	DECOY_sp|Q7Z2W4-2|ZCCHV_HUMAN;DECOY_sp|Q7Z2W4-4|ZCCHV_HUMAN;DECOY_sp|Q7Z2W4-5|ZCCHV_HUMAN;DECOY_sp|Q7Z2W4|ZCCHV_HUMAN
2017dec27_overlap_dia_6b_rep1_604to616.dia:2998.7244:LYTGPGLAIHC[+57.0214635]MQVHK+3	1	70610	9.582594	0.5501373	0.5605656	0.614205	0.42104644	0.46502262	0.25144833	13.0	3.0	-1.6931645	0.9769031	1.0169305	0.0	3.0	6.682412	4.0	5.053062	0.8085116	0.24078672	0.0	1.0	2.0	0.381485	2.411827	2.0180612	0	16	0	0	1	0	608.9797678613808	1823.9174741837035	49.97874	-.LYTGPGLAIHC[+57.0214635]MQVHK.-	sp|O43670-2|ZN207_HUMAN;sp|O43670-4|ZN207_HUMAN;sp|O43670|ZN207_HUMAN
2017dec27_overlap_dia_6b_rep1_604to616.dia:2998.7244:SLTANPELIDR+2	1	70610	10.870117	1.0573269	1.4401789	0.8505663	0.6474813	1.7390498	0.15542519	14.0	2.0	-3.4921942	0.8232281	9.98264	0.0	1.0	8.222737	8.0	1.8051915	0.8652977	0.89203197	1.0	1.0	9.0	0.048542023	6.5538826	3.817091	0	11	0	1	0	0	614.8302343086647	1227.6459156837036	49.97874	-.SLTANPELIDR.-	sp|Q9Y2L1-2|RRP44_HUMAN;sp|Q9Y2L1|RRP44_HUMAN
2017dec27_overlap_dia_6b_rep1_604to616.dia:3002.8938:HHVLGTITTDK+2	1	70714	4.3208904	0.4086006	0.6797295	0.51924175	0.3475712	0.077005014	0.44735023	8.0	1.0	4.3553586	0.0	10.0	1.0	0.0	7.0246854	5.0	-1.342421	0.0	0.0	0.0	0.0	0.0	20.040558	10.0	4.030462	0	11	0	1	0	0	611.3329453086648	1220.6513376837038	50.04823	-.HHVLGTITTDK.-	sp|P69849|NOMO3_HUMAN;sp|Q15155|NOMO1_HUMAN;sp|Q5JPE7-2|NOMO2_HUMAN;sp|Q5JPE7-3|NOMO2_HUMAN;sp|Q5JPE7|NOMO2_HUMAN
2017dec27_overlap_dia_6b_rep1_604to616.dia:3002.8938:YLETADYAIR+2	1	70714	5.5077834	0.5443386	0.5876443	0.88719654	0.6947006	2.0624197	0.19439921	9.0	0.0	0.4353176	0.0	10.0	1.0	0.0	7.4025874	7.0	2.0871797	0.174093	0.3315638	0.0	1.0	4.0	0.11927414	10.0	0.11042079	0	10	0	1	0	0	607.8062198086647	1213.5978866837036	50.04823	-.YLETADYAIR.-	sp|O95782-2|AP2A1_HUMAN;sp|O95782|AP2A1_HUMAN
2017dec27_overlap_dia_6b_rep1_604to616.dia:3002.8938:decoyTMPVTQPVNAR+2	-1	70714	4.291117	0.64414924	1.0590796	0.4848376	0.32224262	-0.060668252	0.90753406	8.0	0.0	0.35218334	0.0	10.0	1.0	0.0	7.139573	4.0	0.39425564	0.0	0.0	0.0	0.0	0.0	8.085667	10.0	0.02728653	0	11	0	1	0	0	607.3215233086646	1212.6284936837035	50.04823	-.TMPVTQPVNAR.-	DECOY_sp|P46937-2|YAP1_HUMAN;DECOY_sp|P46937-3|YAP1_HUMAN;DECOY_sp|P46937-5|YAP1_HUMAN;DECOY_sp|P46937-6|YAP1_HUMAN;DECOY_sp|P46937-7|YAP1_HUMAN;DECOY_sp|P46937-8|YAP1_HUMAN;DECOY_sp|P46937-9|YAP1_HUMAN;DECOY_sp|P46937|YAP1_HUMAN
2017dec27_overlap_dia_6b_rep1_604to616.dia:3007.0637:decoyESAVTPDC[+57.0214635]LAR+2	-1	70818	5.4603148	0.42306435	0.7322877	0.7953377	0.5854129	1.3574053	0.33932698	9.0	0.0	-1.6735946	0.0	10.0	1.0	0.0	7.3390326	6.0	-1.4699874	0.72642255	0.0	1.0	0.0	6.0	12.731201	10.0	1.9984914	0	11	0	1	0	0	609.7927950586646	1217.5710371837035	50.11773	-.ESAVTPDC[+57.0214635]LAR.-	DECOY_sp|Q9BRX2|PELO_HUMAN
2017dec27_overlap_dia_6b_rep1_604to616.dia:3007.0637:decoyFEIASVDSTNK+2	-1	70818	3.5742223	0.30955526	0.6080936	0.74437463	0.5345046	1.0688316	0.18061191	7.0	0.0	1.1239831	0.0	10.0	1.0	0.0	6.680889	4.0	-2.1912656	0.44503063	0.19359072	1.0	1.0	6.0	4.2034225	10.0	0.79908633	0	11	0	1	0	0	605.8011423086646	1209.5877316837034	50.11773	-.FEIASVDSTNK.-	DECOY_sp|P19367-2|HXK1_HUMAN;DECOY_sp|P19367-3|HXK1_HUMAN;DECOY_sp|P19367-4|HXK1_HUMAN;DECOY_sp|P19367|HXK1_HUMAN
2017dec27_overlap_dia_6b_rep1_604to616.dia:3009.1846:ASLENSLEETK+2	1	70870	4.4277754	0.34648943	0.83220506	0.6641322	0.46239763	0.68176347	0.31334677	8.0	0.0	-0.025799721	0.0	10.0	1.0	0.0	7.1400666	4.0	-1.5328526	0.8317368	0.045100674	1.0	1.0	7.0	9.424976	10.0	0.35069653	0	11	0	1	0	0	610.8038818086648	1219.5932106837038	50.153076	-.ASLENSLEETK.-	sp|P02533|K1C14_HUMAN;sp|P08779|K1C16_HUMAN
2017dec27_overlap_dia_6b_rep1_604to616.dia:3009.1846:EFSGYVESGLK+2	1	70870	7.5814204	1.0113279	1.2031993	0.955574	0.8095263	3.0684867	0.084288344	11.0	0.0	-1.5282688	0.0	10.0	1.0	0.0	8.77554	9.0	2.858704	0.85948026	0.083586216	1.0	1.0	9.0	0.2241211	10.0	1.8531656	0	11	0	1	0	0	608.2982313086646	1214.5819096837035	50.153076	-.EFSGYVESGLK.-	sp|P20073-2|ANXA7_HUMAN;sp|P20073|ANXA7_HUMAN
2017dec27_overlap_dia_6b_rep1_604to616.dia:3009.1846:KSPLSWIEEK+2	1	70870	4.5127096	0.32492936	0.63657624	0.8075862	0.5984529	1.4344015	0.20330663	8.0	0.0	0.24550286	0.0	10.0	1.0	0.0	7.6686234	5.0	-1.7621489	0.71450275	0.0	1.0	0.0	3.0	5.4430084	10.0	0.07939395	1	10	0	1	0	0	608.8322453086647	1215.6499376837037	50.153076	-.KSPLSWIEEK.-	sp|P53004|BIEA_HUMAN
2017dec27_overlap_dia_6b_rep1_604to616.dia:3009.1846:decoyC[+57.0214635]SSITESVVTK+2	-1	70870	4.261806	0.32079694	0.7690504	0.45319518	0.29943192	-0.18776897	0.5561927	8.0	1.0	-1.8997025	0.0	10.0	1.0	0.0	7.2571607	5.0	-0.6398015	0.84479296	0.11880045	1.0	1.0	4.0	12.64819	10.0	2.2245994	0	11	0	1	0	0	605.8028280586645	1209.5911031837034	50.153076	-.C[+57.0214635]SSITESVVTK.-	DECOY_sp|Q68D10-2|SPT2_HUMAN;DECOY_sp|Q68D10|SPT2_HUMAN
2017dec27_overlap_dia_6b_rep1_604to616.dia:3009.1846:decoyIEGQLNHFHK+2	-1	70870	5.4458995	0.40618896	0.7792192	0.76937157	0.558861	1.2047662	0.12221326	9.0	0.0	2.2146528	0.0	10.0	1.0	0.0	7.6460805	5.0	-0.45671844	0.7839041	0.0	1.0	0.0	7.0	20.145405	10.0	1.889756	0	10	0	1	0	0	611.8200043086645	1221.6254556837032	50.153076	-.IEGQLNHFHK.-	DECOY_sp|Q8TC12-2|RDH11_HUMAN;DECOY_sp|Q8TC12|RDH11_HUMAN
2017dec27_overlap_dia_6b_rep1_604to616.dia:3009.1846:decoyLC[+57.0214635]VMYYNEK+2	-1	70870	1.8402575	0.23883015	0.42202875	0.5768676	0.3914503	0.30992752	0.4346258	5.0	0.0	2.0077672	0.3374793	-3.1097252	1.0	3.0	6.6943636	3.0	-2.894371	0.7275698	0.2460637	1.0	1.0	4.0	3.7435036	6.5384827	1.6828704	0	9	0	1	0	0	610.2779260586644	1218.5412991837031	50.153076	-.LC[+57.0214635]VMYYNEK.-	DECOY_sp|Q8NHQ9|DDX55_HUMAN
2017dec27_overlap_dia_6b_rep1_604to616.dia:3009.1846:decoyQMSSFDKELK+2	-1	70870	2.7163627	0.42407236	0.65976113	0.72281986	0.51430875	0.9584924	0.30563042	6.0	0.0	-0.041523315	0.8172486	6.9048624	0.0	1.0	7.395906	4.0	-1.8732185	0.0	0.0	0.0	0.0	0.0	14.68338	3.4761047	0.36642012	1	10	0	1	0	0	606.8000883086646	1211.5856236837035	50.153076	-.QMSSFDKELK.-	DECOY_sp|P39023|RL3_HUMAN
2017dec27_overlap_dia_6b_rep1_604to616.dia:3009.1846:decoyWVSESLGEKDLTDAER+3	-1	70870	4.510326	0.1808789	0.58678186	0.80316585	0.5937055	1.4061998	0.14978293	8.0	1.0	-0.63292766	0.0	10.0	1.0	0.0	5.8184266	6.0	-1.8223	0.7223788	-0.09425245	1.0	1.0	5.0	1.5455208	10.0	0.95782447	1	16	0	0	1	0	612.2987670280472	1833.874471683703	50.153076	-.WVSESLGEKDLTDAER.-	DECOY_sp|Q6PHR2-3|ULK3_HUMAN;DECOY_sp|Q6PHR2-4|ULK3_HUMAN;DECOY_sp|Q6PHR2|ULK3_HUMAN
2017dec27_overlap_dia_6b_rep1_604to616.dia:3011.2417:FYSVNVDYSK+2	1	70922	8.671035	1.5578382	2.1634977	0.9788069	0.86870074	3.8326592	0.042386167	12.0	0.0	-0.5136292	0.97560453	3.301351	0.04258648	2.0	9.311476	9.0	0.15493298	0.8784968	0.9825151	1.0	1.0	11.0	0.22646713	0.1274066	0.838526	0	10	0	1	0	0	611.2929443086647	1220.5713356837036	50.187363	-.FYSVNVDYSK.-	sp|O00483|NDUA4_HUMAN
2017dec27_overlap_dia_6b_rep1_604to616.dia:3011.2417:IHFHNLQGEK+2	1	70922	3.5930455	0.45412105	0.80293936	0.77734655	0.5668696	1.2502698	0.12070123	7.0	1.0	-1.24008	0.0	10.0	1.0	0.0	7.4244018	4.0	-1.3060141	0.7817206	0.0	1.0	0.0	3.0	20.179691	10.0	1.5649768	0	10	0	1	0	0	611.8200043086647	1221.6254556837036	50.187363	-.IHFHNLQGEK.-	sp|Q8TC12-2|RDH11_HUMAN;sp|Q8TC12|RDH11_HUMAN
2017dec27_overlap_dia_6b_rep1_604to616.dia:3011.2417:LVIYGGMSGC[+57.0214635]R+2	1	70922	6.53866	0.84545153	1.2333015	0.9525699	0.8031417	2.9999065	0.091322996	10.0	0.0	0.03215611	0.93719655	4.1838665	0.0	2.0	8.534454	8.0	11.151234	0.950563	0.89300215	1.0	1.0	10.0	0.011425018	0.75510883	0.2927407	0	11	0	1	0	0	606.7968220586647	1211.5790911837037	50.187363	-.LVIYGGMSGC[+57.0214635]R.-	sp|P51610-2|HCFC1_HUMAN;sp|P51610-3|HCFC1_HUMAN;sp|P51610-4|HCFC1_HUMAN;sp|P51610|HCFC1_HUMAN
2017dec27_overlap_dia_6b_rep1_604to616.dia:3011.2417:decoyEANIAVAQAPHGAALANAR+3	-1	70922	6.225719	0.5247596	1.1360741	0.4633993	0.30674082	-0.14666517	0.69969004	10.0	2.0	-2.2615259	0.0	10.0	1.0	0.0	6.531951	4.0	-1.2650619	0.7849537	0.0	0.0	0.0	4.0	6.021778	10.0	2.5864227	0	19	0	0	1	0	615.662374694714	1843.9652946837034	50.187363	-.EANIAVAQAPHGAALANAR.-	DECOY_sp|O15020-2|SPTN2_HUMAN;DECOY_sp|O15020|SPTN2_HUMAN
2017dec27_overlap_dia_6b_rep1_604to616.dia:3011.2417:decoyESSQWNEVNK+2	-1	70922	4.472264	0.35924098	0.5848994	0.7357718	0.5263608	1.0241067	0.3188143	8.0	0.0	-1.279269	0.24761695	-6.526064	0.0	2.0	7.5824428	5.0	-0.058699608	0.8094411	0.59302694	1.0	1.0	6.0	18.32971	9.954822	1.6041658	0	10	0	1	0	0	610.7807408086646	1219.5469286837035	50.187363	-.ESSQWNEVNK.-	DECOY_sp|O94913|PCF11_HUMAN
2017dec27_overlap_dia_6b_rep1_604to616.dia:3011.2417:decoyLEVENQLEKK+2	-1	70922	3.443741	0.47516894	0.66766065	0.55120134	0.37166077	0.20552577	0.35305184	7.0	1.0	1.7885073	0.0	10.0	1.0	0.0	7.309053	4.0	-2.2473617	0.88194734	0.0	1.0	0.0	7.0	20.117851	10.0	1.4636105	1	10	0	1	0	0	615.3404348086647	1228.6663166837036	50.187363	-.LEVENQLEKK.-	DECOY_sp|Q86U42-2|PABP2_HUMAN;DECOY_sp|Q86U42|PABP2_HUMAN;DECOY_sp|Q92843-2|B2CL2_HUMAN
2017dec27_overlap_dia_6b_rep1_604to616.dia:3011.2417:decoyTAIASAVYQSSK+2	-1	70922	4.3733997	0.45187983	0.87488085	0.58597505	0.39857668	0.34735096	0.35933402	8.0	1.0	0.045458026	0.8270377	3.9476328	0.0	2.0	7.523433	4.0	-1.6539788	0.8227523	0.49634498	0.0	1.0	3.0	9.748123	0.5188751	0.2794388	0	12	0	1	0	0	613.3247808086646	1224.6350086837035	50.187363	-.TAIASAVYQSSK.-	DECOY_sp|O75128-2|COBL_HUMAN;DECOY_sp|O75128-3|COBL_HUMAN;DECOY_sp|O75128-6|COBL_HUMAN;DECOY_sp|O75128-7|COBL_HUMAN;DECOY_sp|O75128|COBL_HUMAN
2017dec27_overlap_dia_6b_rep1_604to616.dia:3011.2417:decoyTLYAAETEAIK+2	-1	70922	4.363291	0.4770896	0.8009229	0.5724926	0.38804698	0.2920282	0.31696022	8.0	0.0	0.48437	0.0	10.0	1.0	0.0	7.6810718	4.0	-2.4823194	0.77596664	0.0	1.0	0.0	3.0	1.2121925	10.0	0.15947318	0	11	0	1	0	0	605.3217073086645	1208.6288616837032	50.187363	-.TLYAAETEAIK.-	DECOY_sp|O43805|SSNA1_HUMAN
2017dec27_overlap_dia_6b_rep1_604to616.dia:3013.3547:VMEAFEQAER+2	1	70974	5.1670547	0.46398598	0.72339857	0.4048473	0.26535064	-0.38530815	0.5117854	9.0	0.0	-5.624996	0.2304693	-7.0175667	1.0	1.0	7.588848	5.0	-1.8730273	0.88124996	0.0	1.0	0.0	4.0	6.5279045	10.426524	5.937962	0	10	0	1	0	0	605.2820633086648	1208.5495736837038	50.22258	-.VMEAFEQAER.-	sp|P12694-2|ODBA_HUMAN;sp|P12694|ODBA_HUMAN
2017dec27_overlap_dia_6b_rep1_604to616.dia:3013.3547:WDYQPDIC[+57.0214635]K+2	1	70974	3.6784177	0.36327046	0.46109107	0.9462086	0.7902424	2.8673494	0.08982559	7.0	0.0	1.4540066	0.0	10.0	1.0	0.0	7.5014634	5.0	-1.5075569	0.8438871	0.0	1.0	0.0	3.0	0.2923813	10.0	1.1410407	0	9	0	1	0	0	612.7713270586647	1223.5281011837037	50.22258	-.WDYQPDIC[+57.0214635]K.-	sp|O15541|R113A_HUMAN;sp|Q8IZP6|R113B_HUMAN
2017dec27_overlap_dia_6b_rep1_604to616.dia:3013.3547:decoyATDMEWSEKK+2	-1	70974	3.5365412	0.39420778	0.4758817	0.68251246	0.4782254	0.76534224	0.39359418	7.0	0.0	-1.4343706	0.81701845	-8.607633	0.0	1.0	7.3619785	5.0	-1.5683742	0.9318881	0.5686574	1.0	1.0	7.0	18.876774	12.01659	1.7473365	1	10	0	1	0	0	612.7818958086647	1223.5492386837036	50.22258	-.ATDMEWSEKK.-	DECOY_sp|Q13451|FKBP5_HUMAN
2017dec27_overlap_dia_6b_rep1_604to616.dia:3013.3547:decoyGGC[+57.0214635]GPPGYLLVK+2	-1	70974	1.6353977	0.13837035	0.42660522	0.35992855	0.23439789	-0.57567424	0.5942087	5.0	0.0	0.14155722	0.0	10.0	1.0	0.0	6.1479645	3.0	-2.7382612	0.7729357	0.2355528	0.0	1.0	3.0	2.9805946	10.0	0.17140865	0	12	0	1	0	0	609.3209875586646	1216.6274221837034	50.22258	-.GGC[+57.0214635]GPPGYLLVK.-	DECOY_sp|Q8NBU5-2|ATAD1_HUMAN;DECOY_sp|Q8NBU5|ATAD1_HUMAN
2017dec27_overlap_dia_6b_rep1_604to616.dia:3015.3972:EFSQTLENEK+2	1	71026	2.560452	0.5173491	1.0174936	0.50479984	0.33686745	0.019199952	0.7252663	6.0	0.0	3.957097	0.0	10.0	1.0	0.0	6.8101263	4.0	-2.338318	0.7066695	0.4702134	0.0	1.0	3.0	13.65567	10.0	3.6441312	0	10	0	1	0	0	612.7907748086647	1223.5669966837036	50.25662	-.EFSQTLENEK.-	sp|Q14789-2|GOGB1_HUMAN;sp|Q14789-3|GOGB1_HUMAN;sp|Q14789-4|GOGB1_HUMAN;sp|Q14789|GOGB1_HUMAN
2017dec27_overlap_dia_6b_rep1_604to616.dia:3015.3972:GQVVTVHLQTSLENGTR+3	1	71026	10.824271	0.72518575	0.88315374	0.765354	0.55487216	1.1822604	0.30791864	14.0	2.0	-0.026905775	0.7365066	5.5016627	0.0	3.0	7.1571665	6.0	2.512014	0.8674106	0.82916445	1.0	1.0	8.0	0.10838318	2.0927052	0.33987164	0	17	0	0	1	0	613.6621520280474	1837.9646266837037	50.25662	-.GQVVTVHLQTSLENGTR.-	sp|Q14318-2|FKBP8_HUMAN;sp|Q14318|FKBP8_HUMAN
2017dec27_overlap_dia_6b_rep1_604to616.dia:3015.3972:IHLVDLAGSER+2	1	71026	3.4816394	0.62364715	0.87231153	0.6014628	0.41083038	0.41156372	0.41444597	7.0	0.0	0.79552567	0.0	10.0	1.0	0.0	6.9982376	5.0	-2.0845563	0.043439873	0.6013757	1.0	1.0	5.0	0.054641724	10.0	0.4825598	0	11	0	1	0	0	605.3329443086647	1208.6513356837036	50.25662	-.IHLVDLAGSER.-	sp|Q96L93-2|KI16B_HUMAN;sp|Q96L93-4|KI16B_HUMAN;sp|Q96L93-5|KI16B_HUMAN;sp|Q96L93-6|KI16B_HUMAN;sp|Q96L93|KI16B_HUMAN
2017dec27_overlap_dia_6b_rep1_604to616.dia:3015.3972:LHLVDLAGSER+2	1	71026	3.4816394	0.62364715	0.87231153	0.6014628	0.41083038	0.41156372	0.41444597	7.0	0.0	0.79552567	0.0	10.0	1.0	0.0	6.9982376	5.0	-2.0845563	0.043439873	0.6013757	1.0	1.0	5.0	0.054641724	10.0	0.4825598	0	11	0	1	0	0	605.3329443086647	1208.6513356837036	50.25662	-.LHLVDLAGSER.-	sp|O95239-2|KIF4A_HUMAN;sp|O95239|KIF4A_HUMAN;sp|Q2VIQ3|KIF4B_HUMAN;sp|Q6ZMV9-3|KIF6_HUMAN;sp|Q6ZMV9|KIF6_HUMAN;sp|Q9Y496|KIF3A_HUMAN
2017dec27_overlap_dia_6b_rep1_604to616.dia:3015.3972:VIKNPVSDHFPVGC[+57.0214635]MK+3	1	71026	10.774126	0.81889695	0.7994223	0.6818941	0.47768706	0.7624901	0.44788542	14.0	3.0	1.272331	0.98849374	4.5702105	0.0	3.0	7.501459	6.0	6.0211415	0.84969574	0.9194203	1.0	1.0	5.0	0.1870346	1.161253	0.9593651	1	16	0	0	1	0	609.9796585280474	1826.9171461837034	50.25662	-.VIKNPVSDHFPVGC[+57.0214635]MK.-	sp|Q92979|NEP1_HUMAN
2017dec27_overlap_dia_6b_rep1_604to616.dia:3015.3972:decoyALMAEKGDTWAEHISR+3	-1	71026	4.527201	0.43428472	0.68977666	0.8349887	0.6290518	1.6214044	0.17630145	8.0	1.0	4.263569	0.37543294	3.982444	1.0	1.0	6.426321	4.0	0.2022419	0.44370598	0.0	0.0	0.0	0.0	3.169487	0.57348657	3.950603	1	16	0	0	1	0	605.6333160280474	1813.8781186837034	50.25662	-.ALMAEKGDTWAEHISR.-	DECOY_sp|P12814-2|ACTN1_HUMAN;DECOY_sp|P12814-3|ACTN1_HUMAN;DECOY_sp|P12814-4|ACTN1_HUMAN;DECOY_sp|P12814|ACTN1_HUMAN
2017dec27_overlap_dia_6b_rep1_604to616.dia:3015.3972:decoyALVVFENEATK+2	-1	71026	6.392226	0.49201113	0.8462419	0.6799281	0.47597808	0.7534416	0.46317327	10.0	0.0	2.3500042	0.0	10.0	1.0	0.0	7.757648	6.0	1.4331851	0.72569513	0.0	0.0	0.0	0.0	5.733242	10.0	2.0370383	0	11	0	1	0	0	610.8297033086646	1219.6448536837036	50.25662	-.ALVVFENEATK.-	DECOY_sp|P78386|KRT85_HUMAN
2017dec27_overlap_dia_6b_rep1_604to616.dia:3015.3972:decoyFAITTEVTATR+2	-1	71026	4.336464	0.41817275	0.6304551	0.5381995	0.36179066	0.15309632	0.49070942	8.0	1.0	-1.0293262	0.0	10.0	1.0	0.0	7.2767315	5.0	0.56624365	0.44370598	0.0	0.0	0.0	0.0	1.8437538	10.0	1.3422921	0	11	0	1	0	0	605.3273288086646	1208.6401046837034	50.25662	-.FAITTEVTATR.-	DECOY_sp|Q9UPQ0-10|LIMC1_HUMAN;DECOY_sp|Q9UPQ0-2|LIMC1_HUMAN;DECOY_sp|Q9UPQ0-3|LIMC1_HUMAN;DECOY_sp|Q9UPQ0-4|LIMC1_HUMAN;DECOY_sp|Q9UPQ0-5|LIMC1_HUMAN;DECOY_sp|Q9UPQ0-6|LIMC1_HUMAN;DECOY_sp|Q9UPQ0-8|LIMC1_HUMAN;DECOY_sp|Q9UPQ0-9|LIMC1_HUMAN;DECOY_sp|Q9UPQ0|LIMC1_HUMAN
2017dec27_overlap_dia_6b_rep1_604to616.dia:3015.3972:decoyFSYDVNVSYK+2	-1	71026	5.37405	0.72254854	1.4238528	0.6520585	0.45218873	0.62809986	0.28418818	9.0	0.0	1.3442426	0.97609687	5.746796	0.0	2.0	8.079839	7.0	0.15070248	0.70061845	0.900172	1.0	1.0	6.0	0.2938156	2.3378386	1.0312767	0	10	0	1	0	0	611.2929443086645	1220.5713356837032	50.25662	-.FSYDVNVSYK.-	DECOY_sp|O00483|NDUA4_HUMAN
2017dec27_overlap_dia_6b_rep1_604to616.dia:3015.3972:decoyIVAADFTEQAR+2	-1	71026	5.3428984	0.4561424	0.8628104	0.6069251	0.4151944	0.43440512	0.2767894	9.0	1.0	2.7668405	0.0	10.0	1.0	0.0	7.6157174	5.0	-0.7937145	0.8485155	-0.05119731	1.0	1.0	4.0	4.9014473	10.0	2.4538746	0	11	0	1	0	0	610.8171278086647	1219.6197026837037	50.25662	-.IVAADFTEQAR.-	DECOY_sp|Q6NXE6-2|ARMC6_HUMAN;DECOY_sp|Q6NXE6|ARMC6_HUMAN
2017dec27_overlap_dia_6b_rep1_604to616.dia:3015.3972:decoyLAEIEAQSPVR+2	-1	71026	3.3693767	0.35682625	1.0036305	0.4644574	0.30750126	-0.14241065	0.48116094	7.0	0.0	2.9815137	0.0	10.0	1.0	0.0	6.9563794	5.0	-0.6976304	0.5418979	0.0	0.0	0.0	0.0	7.189266	10.0	2.6685479	0	11	0	1	0	0	606.8327773086645	1211.6510016837033	50.25662	-.LAEIEAQSPVR.-	DECOY_sp|Q96K21-2|ANCHR_HUMAN;DECOY_sp|Q96K21-3|ANCHR_HUMAN;DECOY_sp|Q96K21-4|ANCHR_HUMAN;DECOY_sp|Q96K21|ANCHR_HUMAN
2017dec27_overlap_dia_6b_rep1_604to616.dia:3015.3972:decoyLLSEIQDNER+2	-1	71026	2.5465739	0.2395402	0.42304736	0.48892376	0.32522076	-0.04431218	0.45219827	6.0	1.0	3.8014536	0.5188007	-7.666223	1.0	1.0	6.8474565	3.0	-2.943964	0.90312076	0.0	1.0	0.0	3.0	6.7963448	11.07518	3.4884877	0	10	0	1	0	0	608.8120413086646	1215.6095296837034	50.25662	-.LLSEIQDNER.-	DECOY_sp|P56192|SYMC_HUMAN
2017dec27_overlap_dia_6b_rep1_604to616.dia:3015.3972:decoyVEMEELEGER+2	-1	71026	3.6020906	0.37704784	0.526286	0.7937065	0.5837028	1.3474137	0.09221698	7.0	0.0	-0.33876467	0.0	10.0	1.0	0.0	7.16791	4.0	-1.9760602	0.89437795	0.070327535	1.0	1.0	4.0	8.729103	10.0	0.65173054	0	10	0	1	0	0	610.7768103086647	1219.5390676837037	50.25662	-.VEMEELEGER.-	DECOY_sp|P35580-2|MYH10_HUMAN;DECOY_sp|P35580-3|MYH10_HUMAN;DECOY_sp|P35580-4|MYH10_HUMAN;DECOY_sp|P35580-5|MYH10_HUMAN;DECOY_sp|P35580|MYH10_HUMAN
2017dec27_overlap_dia_6b_rep1_604to616.dia:3015.3972:decoyWASSVDTETPK+2	-1	71026	4.253789	0.7255782	0.98199266	0.4449061	0.29352593	-0.22127408	0.52542335	8.0	1.0	2.0935555	0.0	10.0	1.0	0.0	7.4736667	5.0	-1.2556047	0.79389256	0.0	1.0	0.0	5.0	8.372398	10.0	1.7805896	0	11	0	1	0	0	610.7933178086645	1219.5720826837032	50.25662	-.WASSVDTETPK.-	DECOY_sp|P27816-2|MAP4_HUMAN;DECOY_sp|P27816-6|MAP4_HUMAN;DECOY_sp|P27816|MAP4_HUMAN
2017dec27_overlap_dia_6b_rep1_604to616.dia:3019.5508:LELQQLQAER+2	1	71130	5.399579	0.6038223	0.8349078	0.69153744	0.48613262	0.8073168	0.47129047	9.0	0.0	-0.31068295	0.0	10.0	1.0	0.0	7.175279	7.0	-0.75617886	0.9106172	0.0	1.0	0.0	4.0	0.08269882	10.0	0.6236488	0	10	0	1	0	0	614.3382273086647	1226.6619016837037	50.325848	-.LELQQLQAER.-	sp|P48681|NEST_HUMAN
2017dec27_overlap_dia_6b_rep1_604to616.dia:3021.651:IKEIHDGLDFYYSSK+3	1	71182	5.5015416	0.6086585	0.85255086	0.87453693	0.6776691	1.941683	0.06990414	9.0	1.0	1.7372284	0.0	10.0	1.0	0.0	6.448243	4.0	-1.0154138	0.013160966	0.15844063	0.0	1.0	0.0	0.25083542	10.0	1.4361935	1	15	0	0	1	0	605.6368256947142	1813.8886476837038	50.360847	-.IKEIHDGLDFYYSSK.-	sp|Q96D46|NMD3_HUMAN
2017dec27_overlap_dia_6b_rep1_604to616.dia:3021.651:LPPNVVEESAR+2	1	71182	6.4412503	0.39763844	0.73973197	0.76117903	0.55075836	1.1591544	0.1182067	10.0	1.0	-1.4056606	0.0	10.0	1.0	0.0	7.2809677	5.0	0.52893305	0.0	0.0	0.0	0.0	0.0	7.6482086	10.0	1.7066956	0	11	0	1	0	0	605.8249518086647	1209.6353506837036	50.360847	-.LPPNVVEESAR.-	sp|P01023|A2MG_HUMAN
2017dec27_overlap_dia_6b_rep1_604to616.dia:3021.651:QMVEHGGFYR+2	1	71182	2.6938589	0.53646	1.0996376	0.6863192	0.48154932	0.78296685	0.2606368	6.0	0.0	-0.3002003	0.0	10.0	1.0	0.0	7.1462646	4.0	-2.8467872	0.0349853	0.94198114	1.0	1.0	4.0	17.26957	10.0	0.6012353	0	10	0	1	0	0	612.2849363086648	1222.5553196837038	50.360847	-.QMVEHGGFYR.-	sp|Q14204|DYHC1_HUMAN
2017dec27_overlap_dia_6b_rep1_604to616.dia:3021.651:VEGELEEMER+2	1	71182	4.5054874	0.6120232	0.9855706	0.7942675	0.58429027	1.3508433	0.14906004	8.0	0.0	0.75392187	0.0	10.0	1.0	0.0	7.4137816	5.0	-1.755857	0.8056355	-0.05081969	1.0	1.0	4.0	8.833332	10.0	0.45288694	0	10	0	1	0	0	610.7768103086647	1219.5390676837037	50.360847	-.VEGELEEMER.-	sp|P35580-2|MYH10_HUMAN;sp|P35580-3|MYH10_HUMAN;sp|P35580-4|MYH10_HUMAN;sp|P35580-5|MYH10_HUMAN;sp|P35580|MYH10_HUMAN
2017dec27_overlap_dia_6b_rep1_604to616.dia:3021.651:decoySDHDEC[+57.0214635]MSILHQEAR+3	-1	71182	7.196033	0.6169371	0.7716202	0.3934383	0.25742906	-0.43288213	0.6477202	11.0	2.0	-0.32461572	0.0	10.0	1.0	0.0	6.802574	5.0	-1.32973	0.019333292	0.0	1.0	0.0	3.0	13.567547	10.0	0.62565064	0	15	0	0	1	0	609.9298035280473	1826.7675811837032	50.360847	-.SDHDEC[+57.0214635]MSILHQEAR.-	DECOY_sp|Q9Y223-2|GLCNE_HUMAN;DECOY_sp|Q9Y223-3|GLCNE_HUMAN;DECOY_sp|Q9Y223-4|GLCNE_HUMAN;DECOY_sp|Q9Y223-5|GLCNE_HUMAN;DECOY_sp|Q9Y223|GLCNE_HUMAN
2017dec27_overlap_dia_6b_rep1_604to616.dia:3023.7073:DGSENLAGKPALQIPSSR+3	1	71234	10.62498	0.6250255	0.9279981	0.4836948	0.32141107	-0.06524398	0.88048744	14.0	2.0	-1.2224404	0.67581433	6.4338274	0.0	1.0	6.781992	5.0	5.1458592	0.84065586	0.31531784	1.0	1.0	5.0	0.13578415	3.02487	1.5234753	0	18	0	0	1	0	613.9901563613807	1838.9486396837035	50.395123	-.DGSENLAGKPALQIPSSR.-	sp|Q8TF74|WIPF2_HUMAN
2017dec27_overlap_dia_6b_rep1_604to616.dia:3023.7073:TQNC[+57.0214635]FLNSEIHQVTK+3	1	71234	4.4982395	0.5553314	0.6049704	0.78112185	0.5707045	1.272216	0.20495893	8.0	2.0	1.3577099	0.0	10.0	1.0	0.0	6.57603	4.0	-2.770271	0.0	0.0	0.0	0.0	0.0	0.05619812	10.0	1.056675	0	15	0	0	1	0	606.9649541947141	1817.8730331837035	50.395123	-.TQNC[+57.0214635]FLNSEIHQVTK.-	sp|Q9BYX2-2|TBD2A_HUMAN;sp|Q9BYX2-3|TBD2A_HUMAN;sp|Q9BYX2-4|TBD2A_HUMAN;sp|Q9BYX2-5|TBD2A_HUMAN;sp|Q9BYX2-6|TBD2A_HUMAN;sp|Q9BYX2|TBD2A_HUMAN
2017dec27_overlap_dia_6b_rep1_604to616.dia:3023.7073:YFDGSGGNNHAVEHYR+3	1	71234	2.4781322	0.547007	0.5182783	0.41763744	0.27428353	-0.3324795	0.51678526	6.0	1.0	0.24064493	0.0	10.0	1.0	0.0	5.8468547	3.0	-2.7165556	0.039026905	0.0	0.0	0.0	5.0	20.368706	10.0	0.060389996	0	16	0	0	1	0	608.2679070280475	1821.7818916837039	50.395123	-.YFDGSGGNNHAVEHYR.-	sp|P45974-2|UBP5_HUMAN;sp|P45974|UBP5_HUMAN
2017dec27_overlap_dia_6b_rep1_604to616.dia:3025.803:SC[+57.0214635]ILRPGGSEDASAMLR+3	1	71286	22.38253	1.9068203	1.6463728	0.93333155	0.766225	2.6390285	0.09853006	23.0	16.0	0.07377148	0.99442106	4.5786223	0.0	3.0	8.341098	9.0	13.525042	0.84235215	0.91872644	1.0	1.0	21.0	0.035640717	1.189465	0.22726345	0	17	0	0	1	0	607.2978271947142	1818.8716521837039	50.43005	-.SC[+57.0214635]ILRPGGSEDASAMLR.-	sp|P52888-2|THOP1_HUMAN;sp|P52888|THOP1_HUMAN
2017dec27_overlap_dia_6b_rep1_604to616.dia:3027.8716:decoyLEPDTVSIDTK+2	-1	71338	3.5612848	0.4290128	0.9088835	0.72252697	0.51403904	0.957031	0.18342619	7.0	0.0	-0.24947439	0.0	10.0	1.0	0.0	6.8806562	4.0	-2.1742983	0.8309715	-0.046570968	0.0	1.0	4.0	5.523205	10.0	0.52664745	0	11	0	1	0	0	609.3166258086646	1216.6186986837035	50.464527	-.LEPDTVSIDTK.-	DECOY_sp|Q9Y333|LSM2_HUMAN
2017dec27_overlap_dia_6b_rep1_604to616.dia:3027.8716:decoySSEWELLGSSK+2	-1	71338	5.141618	0.34383565	0.5830478	0.38181627	0.24940258	-0.4818462	0.94476825	9.0	1.0	-1.9836397	0.53253824	8.760992	1.0	1.0	7.372095	6.0	-1.0345116	0.0	0.0	0.0	0.0	0.0	5.163761	5.3718348	2.2608128	0	11	0	1	0	0	611.8011418086646	1221.5877306837035	50.464527	-.SSEWELLGSSK.-	DECOY_sp|P14866-2|HNRPL_HUMAN;DECOY_sp|P14866|HNRPL_HUMAN
2017dec27_overlap_dia_6b_rep1_604to616.dia:3029.938:decoySQSNIFTGNSR+2	-1	71390	4.472447	0.52393526	0.8320791	0.73608226	0.5266527	1.0257044	0.13988768	8.0	0.0	-1.1939571	0.0	10.0	1.0	0.0	7.23967	6.0	-0.99314356	0.86291033	0.0	0.0	0.0	3.0	18.684446	10.0	1.4711301	0	11	0	1	0	0	605.7941828086647	1209.5738126837036	50.498966	-.SQSNIFTGNSR.-	DECOY_sp|Q14BN4-2|SLMAP_HUMAN;DECOY_sp|Q14BN4-3|SLMAP_HUMAN;DECOY_sp|Q14BN4-6|SLMAP_HUMAN;DECOY_sp|Q14BN4-7|SLMAP_HUMAN;DECOY_sp|Q14BN4|SLMAP_HUMAN
2017dec27_overlap_dia_6b_rep1_604to616.dia:3034.0596:decoyQPKGGGLC[+57.0214635]DEFEYLPK+3	-1	71494	7.54124	0.4348711	0.919844	0.87113225	0.6732276	1.9110072	0.17081411	11.0	4.0	2.4204073	0.0	10.0	1.0	0.0	6.867614	5.0	0.9356499	0.79581153	0.0	0.0	0.0	2.0	5.617241	10.0	2.1432343	1	16	0	0	1	0	613.2978191947143	1836.8716281837042	50.56766	-.QPKGGGLC[+57.0214635]DEFEYLPK.-	DECOY_sp|O95352-2|ATG7_HUMAN;DECOY_sp|O95352-3|ATG7_HUMAN;DECOY_sp|O95352|ATG7_HUMAN
2017dec27_overlap_dia_6b_rep1_604to616.dia:3036.075:decoyEPYDEEPDKSGPDPHK+3	-1	71546	3.4215825	0.32596833	0.83341086	0.5237834	0.35095978	0.095205404	0.3215899	7.0	2.0	0.18689919	0.0	10.0	1.0	0.0	6.1030483	3.0	-1.0631313	0.0	0.0	0.0	0.0	0.0	20.593578	10.0	0.09027386	1	16	0	0	1	0	613.9392360280475	1838.7958786837037	50.60125	-.EPYDEEPDKSGPDPHK.-	DECOY_sp|Q9UBL3-2|ASH2L_HUMAN;DECOY_sp|Q9UBL3-3|ASH2L_HUMAN;DECOY_sp|Q9UBL3|ASH2L_HUMAN
2017dec27_overlap_dia_6b_rep1_604to616.dia:3036.075:decoyEVGSSEKSIESDDGFVK+3	-1	71546	8.442525	0.42675278	0.85095614	0.5783446	0.3926022	0.31598145	0.52660865	12.0	1.0	1.5565858	0.0	10.0	1.0	0.0	6.785512	6.0	0.8017783	0.36632025	0.0	0.0	0.0	0.0	7.579521	10.0	1.2794127	1	17	0	0	1	0	604.9547770280475	1811.8425016837039	50.60125	-.EVGSSEKSIESDDGFVK.-	DECOY_sp|O43395|PRPF3_HUMAN
2017dec27_overlap_dia_6b_rep1_604to616.dia:3040.1755:KMGVPYC[+57.0214635]IIK+2	1	71650	6.4892383	1.0001559	1.3151075	0.85010976	0.646929	1.7354622	0.14008288	10.0	1.0	-0.53388387	0.80583286	-9.7978115	0.0	1.0	8.367534	5.0	1.6390347	0.8432116	0.96092695	1.0	1.0	8.0	0.32329178	13.068167	0.7322835	1	10	0	1	0	0	604.8301335586647	1207.6457141837036	50.669594	-.KMGVPYC[+57.0214635]IIK.-	sp|P62424|RL7A_HUMAN
2017dec27_overlap_dia_6b_rep1_604to616.dia:3044.3416:DFMYVSQDPK+2	1	71754	6.510309	1.2358935	1.4364452	0.89237154	0.7019198	2.1151974	0.21044539	10.0	0.0	1.7910619	0.839305	3.0623808	0.0	2.0	8.40355	8.0	-0.6159735	0.6998984	0.9789157	1.0	1.0	8.0	0.3758812	0.18817425	1.5974064	0	10	0	1	0	0	615.2789848086646	1228.5434166837035	50.739025	-.DFMYVSQDPK.-	sp|P55084-2|ECHB_HUMAN;sp|P55084|ECHB_HUMAN
2017dec27_overlap_dia_6b_rep1_604to616.dia:3044.3416:DQQQNEIIVK+2	1	71754	3.634146	0.6053422	0.77555174	0.8545063	0.65228045	1.7703912	0.18333311	7.0	0.0	4.5243077	0.0	10.0	1.0	0.0	7.000445	5.0	-1.1291666	0.5184734	-0.067065425	0.0	1.0	0.0	12.465458	10.0	4.330652	0	10	0	1	0	0	607.8224098086648	1213.630266683704	50.739025	-.DQQQNEIIVK.-	sp|O60524-3|NEMF_HUMAN;sp|O60524-4|NEMF_HUMAN;sp|O60524-5|NEMF_HUMAN;sp|O60524|NEMF_HUMAN
2017dec27_overlap_dia_6b_rep1_604to616.dia:3044.3416:EVLQLQEEVK+2	1	71754	5.4108233	0.6550586	1.0841448	0.7096755	0.50231683	0.8938085	0.33297843	9.0	0.0	1.970957	0.9673275	-4.842756	0.0	3.0	7.4583898	6.0	-0.8562889	0.82838094	0.75435954	1.0	1.0	4.0	0.13430023	8.093311	1.7773015	0	10	0	1	0	0	607.8349858086648	1213.6554186837038	50.739025	-.EVLQLQEEVK.-	sp|Q9BYN8|RT26_HUMAN
2017dec27_overlap_dia_6b_rep1_604to616.dia:3044.3416:GDQENVHPDVMLVQPR+3	1	71754	19.665796	2.0740817	1.9860384	0.9066785	0.7227812	2.2737374	0.17699778	21.0	16.0	1.0352135	0.99675703	4.8490195	0.0	3.0	8.741428	10.0	11.301161	0.8423665	0.9810614	1.0	1.0	17.0	0.05751419	1.5984645	0.841558	0	16	0	0	1	0	611.9685873613809	1832.883932683704	50.739025	-.GDQENVHPDVMLVQPR.-	sp|Q14974-2|IMB1_HUMAN;sp|Q14974|IMB1_HUMAN
2017dec27_overlap_dia_6b_rep1_604to616.dia:3044.3416:MNSYPYLADR+2	1	71754	3.1910338	0.38087898	0.5385914	0.30803707	0.19934422	-0.8093123	0.8134155	7.0	0.0	0.8728151	0.24173884	8.992469	1.0	1.0	6.9331865	5.0	-0.5671401	0.79666024	0.39035648	0.0	1.0	4.0	2.8417625	5.741914	0.6791596	0	10	0	1	0	0	615.2845968086647	1228.5546406837036	50.739025	-.MNSYPYLADR.-	sp|Q9Y580|RBM7_HUMAN
2017dec27_overlap_dia_6b_rep1_604to616.dia:3044.3416:decoyLIQDEC[+57.0214635]DSSR+2	-1	71754	2.507527	0.3140616	0.5975506	0.44688353	0.29493237	-0.21327057	0.42371538	6.0	0.0	3.062855	0.0	10.0	1.0	0.0	6.595104	3.0	-1.9000072	0.6259038	0.0	1.0	0.0	3.0	20.731354	10.0	2.8691995	0	10	0	1	0	0	611.7720590586645	1221.5295651837032	50.739025	-.LIQDEC[+57.0214635]DSSR.-	DECOY_sp|Q92896-2|GSLG1_HUMAN;DECOY_sp|Q92896-3|GSLG1_HUMAN;DECOY_sp|Q92896|GSLG1_HUMAN
2017dec27_overlap_dia_6b_rep1_604to616.dia:3044.3416:decoyWSDNYGWGNK+2	-1	71754	3.528043	0.42497247	0.52406454	0.66928685	0.4668005	0.70496136	0.4507723	7.0	0.0	-2.3828032	0.0	10.0	1.0	0.0	6.9116344	4.0	-1.9884529	0.0	0.0	0.0	0.0	0.0	3.197342	10.0	2.5764587	0	10	0	1	0	0	613.7648898086646	1225.5152266837035	50.739025	-.WSDNYGWGNK.-	DECOY_sp|O00116|ADAS_HUMAN
2017dec27_overlap_dia_6b_rep1_604to616.dia:3046.4543:decoySVSLSSGLVQPR+2	-1	71806	5.1702266	1.3332148	1.820916	0.40781492	0.26741827	-0.37300575	0.40196484	9.0	4.0	0.16399112	0.0	10.0	1.0	0.0	7.7826934	5.0	-0.6488538	0.6144347	0.0	0.0	0.0	0.0	0.34931564	10.0	0.029664367	0	12	0	1	0	0	615.3460513086646	1228.6775496837035	50.77424	-.SVSLSSGLVQPR.-	DECOY_sp|Q86UU0-2|BCL9L_HUMAN;DECOY_sp|Q86UU0-3|BCL9L_HUMAN;DECOY_sp|Q86UU0-4|BCL9L_HUMAN;DECOY_sp|Q86UU0|BCL9L_HUMAN
2017dec27_overlap_dia_6b_rep1_604to616.dia:3048.5168:ESVEDKLELR+2	1	71858	5.450385	0.399675	0.78509897	0.7773591	0.5668824	1.2503424	0.33808193	9.0	0.0	2.3244398	0.82164633	1.9617666	0.39531666	3.0	7.411015	5.0	-1.3156805	0.86663383	0.19636871	1.0	1.0	5.0	6.953602	1.2887884	2.1307843	1	10	0	1	0	0	609.3222418086647	1216.6299306837036	50.808613	-.ESVEDKLELR.-	sp|Q6I9Y2|THOC7_HUMAN
2017dec27_overlap_dia_6b_rep1_604to616.dia:3048.5168:ETNLDSLPLVDTHSKR+3	1	71858	19.63774	2.3692458	2.2206388	0.849954	0.6467408	1.7342404	0.22338338	21.0	9.0	-1.2507524	0.9714546	3.1893814	0.0	3.0	8.457038	10.0	9.185989	0.91149753	0.974897	1.0	1.0	17.0	0.23136139	0.061173677	1.4444079	1	16	0	0	1	0	608.9865233613808	1823.9377406837036	50.808613	-.ETNLDSLPLVDTHSKR.-	sp|P08670|VIME_HUMAN
2017dec27_overlap_dia_6b_rep1_604to616.dia:3048.5168:EVTELAGYTAR+2	1	71858	6.32006	0.6232849	0.94261277	0.5758326	0.39064407	0.30568883	0.5839982	10.0	0.0	0.8482888	0.0	10.0	1.0	0.0	7.7104645	7.0	-1.0550284	0.80346227	0.0	1.0	0.0	3.0	5.612602	10.0	0.6546333	0	11	0	1	0	0	605.3091313086647	1208.6037096837038	50.808613	-.EVTELAGYTAR.-	sp|P33897|ABCD1_HUMAN;sp|Q9UBJ2|ABCD2_HUMAN
2017dec27_overlap_dia_6b_rep1_604to616.dia:3048.5168:ITLQDVVSHSK+2	1	71858	8.573318	1.2993569	1.7934848	0.7815903	0.57118237	1.2749579	0.42783445	12.0	0.0	2.6279879	0.9987313	3.1522732	0.0	3.0	8.508084	10.0	4.727709	0.9192354	0.921296	1.0	1.0	9.0	0.14846039	0.09828186	2.4343324	0	11	0	1	0	0	613.8406023086646	1225.6666516837035	50.808613	-.ITLQDVVSHSK.-	sp|P46940|IQGA1_HUMAN
2017dec27_overlap_dia_6b_rep1_604to616.dia:3048.5168:KPIEDPANDTVDFPKR+3	1	71858	6.4247613	0.51126814	0.9767039	0.73282117	0.52359366	1.0089835	0.3323385	10.0	3.0	3.089243	0.0	10.0	1.0	0.0	6.667126	5.0	-1.338532	0.7712907	0.0	0.0	0.0	5.0	9.160679	10.0	2.8955874	1	16	0	0	1	0	614.6512523613809	1840.9319276837039	50.808613	-.KPIEDPANDTVDFPKR.-	sp|O60716-10|CTND1_HUMAN;sp|O60716-11|CTND1_HUMAN;sp|O60716-12|CTND1_HUMAN;sp|O60716-13|CTND1_HUMAN;sp|O60716-14|CTND1_HUMAN;sp|O60716-15|CTND1_HUMAN;sp|O60716-16|CTND1_HUMAN;sp|O60716-17|CTND1_HUMAN;sp|O60716-18|CTND1_HUMAN;sp|O60716-19|CTND1_HUMAN;sp|O60716-20|CTND1_HUMAN;sp|O60716-21|CTND1_HUMAN;sp|O60716-22|CTND1_HUMAN;sp|O60716-23|CTND1_HUMAN;sp|O60716-24|CTND1_HUMAN;sp|O60716-25|CTND1_HUMAN;sp|O60716-26|CTND1_HUMAN;sp|O60716-27|CTND1_HUMAN;sp|O60716-28|CTND1_HUMAN;sp|O60716-29|CTND1_HUMAN;sp|O60716-2|CTND1_HUMAN;sp|O60716-30|CTND1_HUMAN;sp|O60716-31|CTND1_HUMAN;sp|O60716-32|CTND1_HUMAN;sp|O60716-3|CTND1_HUMAN;sp|O60716-4|CTND1_HUMAN;sp|O60716-5|CTND1_HUMAN;sp|O60716-6|CTND1_HUMAN;sp|O60716-7|CTND1_HUMAN;sp|O60716-8|CTND1_HUMAN;sp|O60716-9|CTND1_HUMAN;sp|O60716|CTND1_HUMAN
2017dec27_overlap_dia_6b_rep1_604to616.dia:3048.5168:LDVTILSPSRK+2	1	71858	2.2834983	0.355867	0.8106325	0.2667876	0.17192441	-1.0109826	0.69472593	6.0	1.0	0.6840552	0.0	10.0	1.0	0.0	6.6912346	4.0	-2.0209045	0.90215456	0.0	1.0	0.0	4.0	1.4441376	10.0	0.49039972	1	11	0	1	0	0	614.8666198086647	1227.7186866837037	50.808613	-.LDVTILSPSRK.-	sp|O75369-2|FLNB_HUMAN;sp|O75369-3|FLNB_HUMAN;sp|O75369-4|FLNB_HUMAN;sp|O75369-5|FLNB_HUMAN;sp|O75369-6|FLNB_HUMAN;sp|O75369-7|FLNB_HUMAN;sp|O75369-8|FLNB_HUMAN;sp|O75369-9|FLNB_HUMAN;sp|O75369|FLNB_HUMAN
2017dec27_overlap_dia_6b_rep1_604to616.dia:3048.5168:decoyAMATNHVAEIR+2	-1	71858	3.472631	0.42654845	0.87213576	0.5891153	0.4010473	0.36030936	0.7888167	7.0	0.0	3.951287	0.0	10.0	1.0	0.0	7.0026903	4.0	-0.31765604	0.0	0.0	0.0	0.0	0.0	20.800941	10.0	3.7576315	0	11	0	1	0	0	606.8113223086646	1211.6080916837034	50.808613	-.AMATNHVAEIR.-	DECOY_sp|Q9NZQ3-2|SPN90_HUMAN;DECOY_sp|Q9NZQ3-3|SPN90_HUMAN;DECOY_sp|Q9NZQ3-4|SPN90_HUMAN;DECOY_sp|Q9NZQ3-5|SPN90_HUMAN;DECOY_sp|Q9NZQ3|SPN90_HUMAN
2017dec27_overlap_dia_6b_rep1_604to616.dia:3048.5168:decoyC[+57.0214635]AEVNSLSVSR+2	-1	71858	3.3965635	0.42751408	0.5874657	0.4944619	0.32926977	-0.022153357	0.60664535	7.0	1.0	3.9504583	0.0	10.0	1.0	0.0	6.561927	4.0	-0.961185	0.48674455	-0.023255814	1.0	1.0	1.0	8.28933	10.0	3.7568028	0	11	0	1	0	0	611.2982435586645	1220.5819341837032	50.808613	-.C[+57.0214635]AEVNSLSVSR.-	DECOY_sp|P47712|PA24A_HUMAN
2017dec27_overlap_dia_6b_rep1_604to616.dia:3048.5168:decoyDGPVAAWVSPSK+2	-1	71858	6.1481066	0.70914745	1.2098403	0.38756368	0.25336653	-0.4575648	0.9360557	10.0	1.0	2.962314	0.0	10.0	1.0	0.0	7.4830194	5.0	-1.2518616	0.0	0.0	0.0	0.0	0.0	5.5590477	10.0	2.7686584	0	12	0	1	0	0	607.3142203086647	1212.6138876837038	50.808613	-.DGPVAAWVSPSK.-	DECOY_sp|P07737|PROF1_HUMAN
2017dec27_overlap_dia_6b_rep1_604to616.dia:3048.5168:decoyFMDSQVVPDGK+2	-1	71858	3.3205779	0.39254084	0.63343436	0.41509464	0.27250308	-0.34294352	0.67058015	7.0	1.0	1.7281412	0.53236973	2.535244	1.0	1.0	6.8733077	4.0	-1.7599454	0.0	0.0	0.0	0.0	0.0	4.773983	0.71531105	1.5344857	0	11	0	1	0	0	611.7922638086646	1221.5699746837035	50.808613	-.FMDSQVVPDGK.-	DECOY_sp|P0DMV8-2|HS71A_HUMAN;DECOY_sp|P0DMV8|HS71A_HUMAN;DECOY_sp|P0DMV9|HS71B_HUMAN
2017dec27_overlap_dia_6b_rep1_604to616.dia:3048.5168:decoyFSELYHPPKESQIIR+3	-1	71858	5.342035	0.9845293	0.859346	0.60571945	0.41422927	0.42935422	0.24303861	9.0	2.0	3.36836	0.64223194	-7.0897746	0.0	1.0	6.903554	5.0	0.36391783	0.4460087	-0.023255814	0.0	1.0	0.0	2.871395	10.34033	3.1747046	1	15	0	0	1	0	615.3282180280473	1842.9628246837033	50.808613	-.FSELYHPPKESQIIR.-	DECOY_sp|P14735-2|IDE_HUMAN;DECOY_sp|P14735|IDE_HUMAN
2017dec27_overlap_dia_6b_rep1_604to616.dia:3048.5168:decoyIAGNLPPNSYMPRILR+3	-1	71858	7.030972	0.43914267	0.8185337	0.26903933	0.17341232	-0.99950206	0.69703704	11.0	5.0	-1.0639344	0.5081852	6.8225203	1.0	2.0	6.947691	5.0	-1.5847421	0.7835873	0.0	1.0	0.0	5.0	5.597187	3.5719652	1.2575899	1	16	0	0	1	0	604.669809694714	1810.9875996837034	50.808613	-.IAGNLPPNSYMPRILR.-	DECOY_sp|P00505-2|AATM_HUMAN;DECOY_sp|P00505|AATM_HUMAN
2017dec27_overlap_dia_6b_rep1_604to616.dia:3048.5168:decoyYLVEIEEATR+2	-1	71858	2.7440493	0.33890438	0.5693526	0.77040064	0.5598875	1.2105749	0.10300811	6.0	0.0	2.9845226	0.0	10.0	1.0	0.0	6.6880693	4.0	-1.848824	0.8410627	0.0	1.0	0.0	3.0	4.22324	10.0	2.790867	0	10	0	1	0	0	611.8193313086645	1221.6241096837032	50.808613	-.YLVEIEEATR.-	DECOY_sp|Q9Y6W3|CAN7_HUMAN
2017dec27_overlap_dia_6b_rep1_604to616.dia:3048.5168:decoyYQEEGLSELR+2	-1	71858	3.4945276	0.3426266	0.47915077	0.6195794	0.42539364	0.4877633	0.20631395	7.0	0.0	4.1593523	0.8248755	6.0736094	0.0	1.0	6.945177	4.0	-1.4255133	0.86561817	0.16574872	0.0	1.0	5.0	9.360344	2.8230543	3.9656968	0	10	0	1	0	0	612.2987628086646	1222.5829726837035	50.808613	-.YQEEGLSELR.-	DECOY_sp|Q02818|NUCB1_HUMAN
2017dec27_overlap_dia_6b_rep1_604to616.dia:3050.717:DVNVVVVEGGPK+2	1	71911	10.799503	1.2180632	1.9794099	0.7229278	0.51440823	0.9590312	0.50047386	14.0	1.0	0.12808436	0.9793544	-1.5478432	0.0	2.0	8.796663	10.0	2.12254	0.94325763	0.9200743	1.0	1.0	10.0	0.29644394	4.798398	0.06557113	0	12	0	1	0	0	606.3351528086647	1210.6557526837037	50.845284	-.DVNVVVVEGGPK.-	sp|O43395|PRPF3_HUMAN
2017dec27_overlap_dia_6b_rep1_604to616.dia:3052.7534:SLNYC[+57.0214635]GHIYTPISC[+57.0214635]K+3	1	71963	10.885407	0.790325	0.9582459	0.8810466	0.6863208	2.0023787	0.16868302	14.0	6.0	-0.88198835	0.77130663	7.9996977	0.0	2.0	7.86187	7.0	0.97436523	0.8188058	0.95906234	1.0	1.0	8.0	0.11366272	4.7491426	1.0756438	0	15	0	0	1	0	604.9517626947141	1811.8334586837038	50.879223	-.SLNYC[+57.0214635]GHIYTPISC[+57.0214635]K.-	sp|Q93009-3|UBP7_HUMAN;sp|Q93009|UBP7_HUMAN
2017dec27_overlap_dia_6b_rep1_604to616.dia:3052.7534:decoyFGKELELLHK+2	-1	71963	0.40326357	0.22835676	0.49557963	0.42180556	0.27720702	-0.31536576	0.38555855	3.0	0.0	1.7139729	0.0	10.0	1.0	0.0	5.9114976	2.0	-3.0	0.7380936	0.0	1.0	0.0	3.0	6.018856	10.0	1.5203174	1	10	0	1	0	0	607.3506058086647	1212.6866586837036	50.879223	-.FGKELELLHK.-	DECOY_sp|A6NDR6|ME3L1_HUMAN;DECOY_sp|A8K0S8|ME3L2_HUMAN;DECOY_sp|Q99687-3|MEIS3_HUMAN
2017dec27_overlap_dia_6b_rep1_604to616.dia:3052.7534:decoyQFGEGDVAHEPPQAPLK+3	-1	71963	5.33602	0.31782797	0.4116376	0.5973882	0.40758967	0.39459434	0.50912094	9.0	1.0	3.6825829	0.4000382	7.45297	1.0	1.0	6.407551	3.0	-2.06078	0.84804124	0.5199245	1.0	1.0	3.0	5.406563	4.202415	3.4889274	0	17	0	0	1	0	607.303964694714	1818.890064683703	50.879223	-.QFGEGDVAHEPPQAPLK.-	DECOY_sp|Q14151|SAFB2_HUMAN
2017dec27_overlap_dia_6b_rep1_604to616.dia:3054.851:decoyVDEALVDNIPK+2	-1	72015	4.361394	0.8500047	1.0646037	0.56999797	0.38611203	0.28184283	0.56069183	8.0	1.0	2.2980871	0.0	10.0	1.0	0.0	7.963759	6.0	-2.484598	0.9169163	0.0	1.0	0.0	3.0	1.5327492	10.0	2.1044316	0	11	0	1	0	0	606.8271603086646	1211.6397676837034	50.914185	-.VDEALVDNIPK.-	DECOY_sp|P82650-2|RT22_HUMAN;DECOY_sp|P82650|RT22_HUMAN
2017dec27_overlap_dia_6b_rep1_604to616.dia:3058.9504:NFGIGQDIQPK+2	1	72119	14.549357	1.6926982	2.3265338	0.99606854	0.94353044	5.5348043	0.007108276	17.0	11.0	1.3333025	0.97815424	2.801886	0.011679801	2.0	10.492495	10.0	5.532831	0.9085559	0.9825696	1.0	1.0	16.0	0.106342316	0.44866896	1.151578	0	11	0	1	0	0	608.8196703086646	1215.6247876837035	50.982506	-.NFGIGQDIQPK.-	sp|P62424|RL7A_HUMAN
2017dec27_overlap_dia_6b_rep1_604to616.dia:3067.266:LDKSQIHDIVLVGGSTR+3	1	72327	14.496357	1.9066765	1.8734168	0.88163453	0.68711305	2.0080006	0.07414553	17.0	14.0	-2.7167745	0.99900097	-1.5581894	0.0	3.0	7.8721185	8.0	4.09155	0.8816951	0.7543987	1.0	1.0	10.0	0.24785995	4.7889442	2.898499	1	17	0	0	1	0	613.3425303613807	1837.0057616837032	51.1211	-.LDKSQIHDIVLVGGSTR.-	sp|P11142-2|HSP7C_HUMAN;sp|P11142|HSP7C_HUMAN
2017dec27_overlap_dia_6b_rep1_604to616.dia:3067.266:YFNSYTLTGR+2	1	72327	7.595693	1.148069	1.6171812	0.9874993	0.8992336	4.369391	0.022198755	11.0	0.0	-4.298765	0.99536675	3.3857384	0.0	3.0	8.30927	9.0	5.4672985	0.78735167	0.95577717	1.0	1.0	10.0	0.118751526	0.15498352	4.4804897	0	10	0	1	0	0	611.2985618086647	1220.5825706837036	51.1211	-.YFNSYTLTGR.-	sp|Q96IX5|USMG5_HUMAN
2017dec27_overlap_dia_6b_rep1_604to616.dia:3073.4146:VDINAPDVDVR+2	1	72483	10.923982	1.3401423	1.904531	0.9628812	0.8260019	3.2558067	0.074226625	14.0	4.0	-4.112852	0.9943171	2.4563622	0.10815996	3.0	9.192317	10.0	-0.88041186	0.9398941	0.9096165	1.0	1.0	13.0	0.296566	0.7743926	4.3065076	0	11	0	1	0	0	606.8145843086646	1211.6146156837035	51.223576	-.VDINAPDVDVR.-	sp|Q09666|AHNK_HUMAN
2017dec27_overlap_dia_6b_rep1_604to616.dia:3075.478:GWAAAVTFHPR+2	1	72535	5.321937	0.65595305	0.8523353	0.5783271	0.3925885	0.31590983	0.42404553	9.0	0.0	-2.6442206	0.960656	4.6300764	0.22378	2.0	7.272866	5.0	1.649107	0.94257057	0.9148874	1.0	1.0	7.0	0.44159698	1.3993216	2.837876	0	11	0	1	0	0	606.8172653086647	1211.6199776837036	51.25797	-.GWAAAVTFHPR.-	sp|O15067|PUR4_HUMAN
2017dec27_overlap_dia_6b_rep1_604to616.dia:3081.5737:FEQIYLSKPTHWER+3	1	72691	6.243365	0.5648145	0.6520686	0.48261568	0.32062644	-0.06956524	0.37225175	10.0	1.0	-3.443265	0.0	10.0	1.0	0.0	6.78504	3.0	-0.8521333	0.48038936	0.0	0.0	0.0	0.0	1.4028053	10.0	3.6369205	0	14	0	0	1	0	611.9809300280474	1832.9209606837035	51.359562	-.FEQIYLSKPTHWER.-	sp|P30876|RPB2_HUMAN
2017dec27_overlap_dia_6b_rep1_604to616.dia:3085.7014:APEMVNLYSGK+2	1	72795	5.5066066	0.4818816	1.0263007	0.88479567	0.69140434	2.0386493	0.14061154	9.0	0.0	-3.7694378	0.2685928	0.7787219	1.0	2.0	7.6158476	6.0	-0.8413377	0.81318814	0.24685647	0.0	1.0	1.0	0.82460785	2.452033	3.9750242	0	11	0	1	0	0	604.8026268086646	1207.5907006837035	51.428356	-.APEMVNLYSGK.-	sp|Q2M2I8-2|AAK1_HUMAN;sp|Q2M2I8|AAK1_HUMAN
2017dec27_overlap_dia_6b_rep1_604to616.dia:3085.7014:LSSDVC[+57.0214635]PTSDK+2	1	72795	1.8003862	0.539829	0.9216868	0.5262654	0.35281628	0.10515831	0.37765983	5.0	0.0	-1.8576432	0.0	10.0	1.0	0.0	6.5982866	3.0	-3.0	0.67474	0.0	1.0	0.0	3.0	21.420685	10.0	2.0632296	0	11	0	1	0	0	604.7768100586648	1207.5390671837038	51.428356	-.LSSDVC[+57.0214635]PTSDK.-	sp|P11717|MPRI_HUMAN
2017dec27_overlap_dia_6b_rep1_604to616.dia:3085.7014:VSFTGSVPTGMK+2	1	72795	13.303046	1.7869239	2.3985016	0.9603435	0.82011366	3.1870356	0.046834588	16.0	5.0	-4.536798	0.9959922	0.98785764	0.061784618	3.0	9.37445	10.0	3.5903478	0.9301509	0.9754106	1.0	1.0	12.0	0.17301178	2.2428973	4.7423844	0	12	0	1	0	0	605.8104568086648	1209.6063606837038	51.428356	-.VSFTGSVPTGMK.-	sp|P49189-2|AL9A1_HUMAN;sp|P49189|AL9A1_HUMAN
2017dec27_overlap_dia_6b_rep1_604to616.dia:3085.7014:VSTSNEDFSLKDDALAK+3	1	72795	4.4871397	0.53058773	0.90742713	0.7614104	0.5509855	1.1604277	0.27586034	8.0	2.0	-3.9687376	0.0	10.0	1.0	0.0	6.2998056	4.0	-2.6593294	0.890007	0.0	0.0	0.0	4.0	2.3969269	10.0	4.174324	1	17	0	0	1	0	613.9705386947142	1838.8897866837037	51.428356	-.VSTSNEDFSLKDDALAK.-	sp|Q7Z333-3|SETX_HUMAN;sp|Q7Z333-4|SETX_HUMAN;sp|Q7Z333|SETX_HUMAN
2017dec27_overlap_dia_6b_rep1_604to616.dia:3085.7014:decoyAAESSVVPKVPFQVETK+3	-1	72795	4.474802	0.57859254	0.9070219	0.7400845	0.5304291	1.0464079	0.41800922	8.0	2.0	-3.4130294	0.0	10.0	1.0	0.0	6.170503	4.0	-1.1350136	0.87309486	0.0	1.0	0.0	7.0	2.2546234	10.0	3.6186159	1	17	0	0	1	0	605.9998816947141	1814.9778156837035	51.428356	-.AAESSVVPKVPFQVETK.-	DECOY_sp|Q9UKI8-2|TLK1_HUMAN;DECOY_sp|Q9UKI8-3|TLK1_HUMAN;DECOY_sp|Q9UKI8-4|TLK1_HUMAN;DECOY_sp|Q9UKI8-5|TLK1_HUMAN;DECOY_sp|Q9UKI8|TLK1_HUMAN
2017dec27_overlap_dia_6b_rep1_604to616.dia:3089.8647:LVVVDENDVVK+2	1	72899	4.442071	0.83813107	1.0411108	0.6863569	0.4815824	0.78314203	0.5747862	8.0	1.0	-0.9726801	0.95017195	1.0500462	0.29599428	2.0	7.494156	6.0	0.94073343	0.8918322	0.80229104	1.0	1.0	6.0	0.23978806	2.1686738	1.1782665	0	11	0	1	0	0	614.8428103086646	1227.6710676837035	51.497746	-.LVVVDENDVVK.-	sp|P54619-2|AAKG1_HUMAN;sp|P54619-3|AAKG1_HUMAN;sp|P54619|AAKG1_HUMAN
2017dec27_overlap_dia_6b_rep1_604to616.dia:3089.8647:VPNVPQEALDK+2	1	72899	3.534077	0.5466978	0.83084863	0.6786504	0.47486967	0.7475764	0.21814027	7.0	1.0	1.9271791	0.0	10.0	1.0	0.0	7.0377035	4.0	-2.247199	0.8590767	0.0	1.0	0.0	4.0	6.7681427	10.0	1.7215927	0	11	0	1	0	0	605.3273278086648	1208.6401026837038	51.497746	-.VPNVPQEALDK.-	sp|A3KMH1-2|VWA8_HUMAN;sp|A3KMH1-3|VWA8_HUMAN;sp|A3KMH1|VWA8_HUMAN
2017dec27_overlap_dia_6b_rep1_604to616.dia:3089.8647:VVESPDFSKDEDYLGK+3	1	72899	11.924472	0.66773266	0.69832873	0.6426467	0.44432735	0.58687	0.4622752	15.0	4.0	-0.60969007	0.7558744	1.5188932	0.0	2.0	7.6498075	6.0	1.2670207	0.8742134	0.93684936	1.0	1.0	15.0	0.2006073	1.6998267	0.8152765	1	16	0	0	1	0	609.9597483613808	1826.8574156837037	51.497746	-.VVESPDFSKDEDYLGK.-	sp|Q9Y6Y8|S23IP_HUMAN
2017dec27_overlap_dia_6b_rep1_604to616.dia:3089.8647:decoyHADLIEVEYK+2	-1	72899	3.3733845	0.85016453	0.9320081	0.4687634	0.31060064	-0.1251093	0.57782114	7.0	2.0	-1.6861596	0.0	10.0	1.0	0.0	7.477243	4.0	-3.0	0.85215944	0.0	1.0	0.0	4.0	3.2032852	10.0	1.891746	0	10	0	1	0	0	608.8140488086646	1215.6135446837034	51.497746	-.HADLIEVEYK.-	DECOY_sp|Q9NZ01-2|TECR_HUMAN;DECOY_sp|Q9NZ01|TECR_HUMAN
2017dec27_overlap_dia_6b_rep1_604to616.dia:3089.8647:decoyHRNEDVFVITNVAGLR+3	-1	72899	2.6808639	0.28574568	0.4714123	0.6660874	0.46406448	0.69054157	0.12258072	6.0	1.0	-1.0283313	0.47127837	1.0976232	1.0	1.0	5.531403	4.0	-1.82883	0.0	0.0	0.0	0.0	0.0	1.079483	2.1210966	1.2339177	1	16	0	0	1	0	613.9989863613805	1838.9751296837028	51.497746	-.HRNEDVFVITNVAGLR.-	DECOY_sp|O60508|PRP17_HUMAN
2017dec27_overlap_dia_6b_rep1_604to616.dia:3089.8647:decoyIC[+57.0214635]YTLNDSIK+2	-1	72899	3.3913112	0.6684455	0.8220212	0.48851788	0.3249246	-0.045936547	0.7077944	7.0	1.0	-0.6377948	0.0	10.0	1.0	0.0	7.384522	4.0	-2.2902322	0.8222168	0.0	1.0	0.0	4.0	7.0540047	10.0	0.8433812	0	10	0	1	0	0	613.8079090586644	1225.6012651837032	51.497746	-.IC[+57.0214635]YTLNDSIK.-	DECOY_sp|Q9Y2X3|NOP58_HUMAN
2017dec27_overlap_dia_6b_rep1_604to616.dia:3089.8647:decoyQVDENVC[+57.0214635]LNK+2	-1	72899	3.5765085	0.6316554	1.1762595	0.7483035	0.5382626	1.0895845	0.3182285	7.0	1.0	-2.8545427	0.0	10.0	1.0	0.0	7.212714	4.0	-2.551624	0.720451	0.0	0.0	0.0	3.0	15.307339	10.0	3.0601292	0	10	0	1	0	0	609.7927945586647	1217.5710361837037	51.497746	-.QVDENVC[+57.0214635]LNK.-	DECOY_sp|Q96FC9-2|DDX11_HUMAN;DECOY_sp|Q96FC9-3|DDX11_HUMAN;DECOY_sp|Q96FC9-4|DDX11_HUMAN;DECOY_sp|Q96FC9|DDX11_HUMAN
2017dec27_overlap_dia_6b_rep1_604to616.dia:3091.9724:KNPQAVLDVLK+2	1	72951	6.4753647	1.0582753	1.397798	0.82338196	0.615831	1.5394307	0.25197178	10.0	3.0	1.4886861	0.9773071	-6.7833323	0.0	2.0	7.9203997	8.0	0.33537674	0.8905925	0.70534354	1.0	1.0	5.0	0.2867508	9.985638	1.2830997	1	11	0	1	0	0	612.8691628086647	1223.7237726837036	51.532875	-.KNPQAVLDVLK.-	sp|O75914-2|PAK3_HUMAN;sp|O75914-3|PAK3_HUMAN;sp|O75914-4|PAK3_HUMAN;sp|O75914|PAK3_HUMAN;sp|Q13177|PAK2_HUMAN
2017dec27_overlap_dia_6b_rep1_604to616.dia:3091.9724:decoyC[+57.0214635]QVFEEASTR+2	-1	72951	2.505068	0.537438	0.62232697	0.44436032	0.29313797	-0.22348431	0.46824092	6.0	0.0	4.1731014	0.0	10.0	1.0	0.0	6.4007525	3.0	-2.8546157	0.8291493	-0.050542727	1.0	1.0	3.0	13.297798	10.0	3.967515	0	10	0	1	0	0	613.7771450586646	1225.5397371837034	51.532875	-.C[+57.0214635]QVFEEASTR.-	DECOY_sp|O60231|DHX16_HUMAN
2017dec27_overlap_dia_6b_rep1_604to616.dia:3094.015:FVFGQNMSER+2	1	73003	4.521985	1.252976	1.5677718	0.8250197	0.6176721	1.5507339	0.23441137	8.0	0.0	4.138585	0.8393087	0.27314913	0.0	2.0	7.9073544	7.0	1.2199817	0.93866307	0.93593657	1.0	1.0	6.0	0.026885986	2.9378057	3.9210672	0	10	0	1	0	0	607.7847728086647	1213.5549926837036	51.566914	-.FVFGQNMSER.-	sp|Q9H6Z4-2|RANB3_HUMAN;sp|Q9H6Z4-3|RANB3_HUMAN;sp|Q9H6Z4|RANB3_HUMAN
2017dec27_overlap_dia_6b_rep1_604to616.dia:3094.015:IDESIHLQLR+2	1	73003	4.458108	0.74693096	1.111073	0.7121755	0.50458	0.9059734	0.19486775	8.0	1.0	3.2598646	0.8175053	2.5082605	0.0	1.0	7.298529	4.0	0.32503223	0.8053181	0.4901619	1.0	1.0	3.0	0.094429016	0.7026942	3.0423467	0	10	0	1	0	0	612.3407693086647	1222.6669856837036	51.566914	-.IDESIHLQLR.-	sp|Q9Y262-2|EIF3L_HUMAN;sp|Q9Y262|EIF3L_HUMAN
2017dec27_overlap_dia_6b_rep1_604to616.dia:3094.015:NWADVQSQLR+2	1	73003	7.378078	0.96860987	1.281234	0.5983035	0.4083166	0.39840132	0.7403893	11.0	0.0	-0.8829726	0.0	10.0	1.0	0.0	8.118862	7.0	1.0567975	0.8867715	-0.052512392	1.0	1.0	6.0	0.27139664	10.0	1.1004905	0	10	0	1	0	0	608.8070938086647	1215.5996346837037	51.566914	-.NWADVQSQLR.-	sp|Q15437|SC23B_HUMAN
2017dec27_overlap_dia_6b_rep1_604to616.dia:3094.015:decoyHLLC[+57.0214635]PAEAQPAQQSHR+3	-1	73003	5.281678	0.57014745	1.0951018	0.52712643	0.35346115	0.10861233	0.35075116	9.0	3.0	1.9405297	0.0	10.0	1.0	0.0	6.3080645	4.0	-0.7884302	0.0	0.0	0.0	0.0	0.0	12.914009	10.0	1.7230119	0	16	0	0	1	0	614.9724435280475	1841.8955011837038	51.566914	-.HLLC[+57.0214635]PAEAQPAQQSHR.-	DECOY_sp|Q9C0I1-2|MTMRC_HUMAN;DECOY_sp|Q9C0I1-3|MTMRC_HUMAN;DECOY_sp|Q9C0I1|MTMRC_HUMAN
2017dec27_overlap_dia_6b_rep1_604to616.dia:3098.183:C[+57.0214635]QTSMDELLK+2	1	73107	5.4801126	0.64895916	0.7904471	0.8324324	0.6261047	1.6029651	0.24092394	9.0	0.0	3.260571	0.86596364	6.336817	0.0	2.0	7.601071	6.0	1.3147812	0.94348973	0.8527558	1.0	1.0	6.0	0.09360123	3.1258621	3.0430532	0	10	0	1	0	0	612.7835815586647	1223.5526101837036	51.636387	-.C[+57.0214635]QTSMDELLK.-	sp|O95747|OXSR1_HUMAN;sp|Q9UEW8-2|STK39_HUMAN;sp|Q9UEW8|STK39_HUMAN
2017dec27_overlap_dia_6b_rep1_604to616.dia:3098.183:decoyGPQGVDFAQHR+2	-1	73107	4.4914284	0.47944424	0.857876	0.7689668	0.55845773	1.2024863	0.24698505	8.0	0.0	4.1136045	0.82034963	8.050716	0.0	1.0	7.308372	5.0	-1.0604339	0.6726447	0.91303957	0.0	1.0	0.0	19.367508	4.8397617	3.8960867	0	11	0	1	0	0	606.2994368086646	1210.5843206837035	51.636387	-.GPQGVDFAQHR.-	DECOY_sp|P11717|MPRI_HUMAN
2017dec27_overlap_dia_6b_rep1_604to616.dia:3098.183:decoyKSPMGPC[+57.0214635]SILK+2	-1	73107	4.523166	0.7425588	1.3160671	0.8272661	0.6202102	1.5663741	0.118388295	8.0	1.0	5.4804025	0.25572997	6.2700796	1.0	1.0	7.565824	4.0	-1.7064466	0.44297215	0.0	0.0	0.0	0.0	6.944294	3.059125	5.2628846	1	11	0	1	0	0	609.3226765586646	1216.6308001837035	51.636387	-.KSPMGPC[+57.0214635]SILK.-	DECOY_sp|Q9NQI0-2|DDX4_HUMAN;DECOY_sp|Q9NQI0-3|DDX4_HUMAN;DECOY_sp|Q9NQI0-4|DDX4_HUMAN;DECOY_sp|Q9NQI0|DDX4_HUMAN
2017dec27_overlap_dia_6b_rep1_604to616.dia:3100.2969:AQAGEGVRPSPMQLELR+3	1	73159	17.074749	1.8425037	1.6647671	0.9764602	0.8615949	3.7252421	0.041074306	19.0	13.0	0.012234032	0.9999819	3.315718	0.0	3.0	8.184595	8.0	7.1441207	0.9241348	0.95883656	1.0	1.0	16.0	0.26636505	0.10476327	0.21721476	0	17	0	0	1	0	613.6562323613807	1837.9468676837034	51.671616	-.AQAGEGVRPSPMQLELR.-	sp|O00764-2|PDXK_HUMAN;sp|O00764-3|PDXK_HUMAN;sp|O00764|PDXK_HUMAN
2017dec27_overlap_dia_6b_rep1_604to616.dia:3100.2969:SPEAC[+57.0214635]C[+57.0214635]ELTLQPLRR+3	1	73159	7.535033	1.0254586	0.6008937	0.85877055	0.65754247	1.8051159	0.19293475	11.0	5.0	-2.9626684	0.9856295	0.9128755	0.0	3.0	6.9910445	6.0	3.6419768	0.8548117	0.93533546	1.0	1.0	8.0	0.14801025	2.2980793	3.1921172	1	15	0	0	1	0	610.6380726947141	1828.8923886837035	51.671616	-.SPEAC[+57.0214635]C[+57.0214635]ELTLQPLRR.-	sp|P06132|DCUP_HUMAN
2017dec27_overlap_dia_6b_rep1_604to616.dia:3100.2969:VIMITGDNKGTAVAIC[+57.0214635]R+3	1	73159	6.4169846	0.5135556	0.69742674	0.719815	0.5115468	0.9435442	0.37523785	10.0	1.0	-0.82652843	0.6308394	0.4328611	1.0	1.0	6.0136714	4.0	0.03087759	0.32287726	0.0	0.0	0.0	0.0	0.18606186	2.7780936	1.0559772	1	17	0	0	1	0	606.9903351947141	1817.9491761837037	51.671616	-.VIMITGDNKGTAVAIC[+57.0214635]R.-	sp|P16615-2|AT2A2_HUMAN;sp|P16615-3|AT2A2_HUMAN;sp|P16615-4|AT2A2_HUMAN;sp|P16615-5|AT2A2_HUMAN;sp|P16615|AT2A2_HUMAN
2017dec27_overlap_dia_6b_rep1_604to616.dia:3104.4734:NVSC[+57.0214635]EVDMFK+2	1	73263	5.3786807	0.42258325	0.55148727	0.65904844	0.4580816	0.6590566	0.5459158	9.0	0.0	4.208699	0.96696055	4.361312	0.0	2.0	7.590411	6.0	-0.016033173	0.8272815	0.89360976	1.0	1.0	3.0	0.23859787	1.1305571	3.9718025	0	10	0	1	0	0	614.7704735586647	1227.5263941837036	51.741222	-.NVSC[+57.0214635]EVDMFK.-	sp|Q8TCS8|PNPT1_HUMAN
2017dec27_overlap_dia_6b_rep1_604to616.dia:3104.4734:SIFASPESVTGK+2	1	73263	8.578578	0.7299503	0.87452716	0.7911158	0.580999	1.3316644	0.31929898	12.0	1.0	2.0550296	0.7168798	7.577058	1.0	2.0	8.402096	9.0	1.7703238	0.89119035	0.8316593	1.0	1.0	9.0	0.23986435	4.346303	1.8181329	0	12	0	1	0	0	611.8193353086647	1221.6241176837036	51.741222	-.SIFASPESVTGK.-	sp|O75940|SPF30_HUMAN
2017dec27_overlap_dia_6b_rep1_604to616.dia:3106.5356:EQMLNEPLVR+2	1	73315	5.469732	0.2605534	0.45523828	0.8127715	0.6040845	1.4681202	0.22250775	9.0	0.0	1.4877028	0.36887026	-2.078185	1.0	2.0	7.819928	6.0	0.43149042	0.62465227	0.8456426	1.0	1.0	2.0	0.15247726	5.30894	1.2463231	0	10	0	1	0	0	614.8213553086647	1227.6281576837036	51.775593	-.EQMLNEPLVR.-	sp|Q9H2C0|GAN_HUMAN
2017dec27_overlap_dia_6b_rep1_604to616.dia:3106.5356:decoyENLEHVMSTR+2	-1	73315	4.3575873	0.25081414	0.27313772	0.56502354	0.38226587	0.2615755	0.5453035	8.0	1.0	0.7759979	0.0	10.0	1.0	0.0	7.4876914	4.0	-1.3058906	0.46746278	0.0	0.0	0.0	0.0	19.506714	10.0	0.53461814	0	10	0	1	0	0	608.2929618086645	1214.5713706837032	51.775593	-.ENLEHVMSTR.-	DECOY_sp|P61619-3|S61A1_HUMAN;DECOY_sp|P61619|S61A1_HUMAN
2017dec27_overlap_dia_6b_rep1_604to616.dia:3108.677:GIYAYGFEKPSAIQQR+3	1	73367	22.411654	2.8689845	2.702373	0.9980659	0.96039903	6.2461715	0.0035121797	23.0	22.0	0.0041716434	0.99969405	3.1188557	0.0	3.0	10.237387	11.0	-1.4156792	0.8294028	0.9713005	1.0	1.0	22.0	0.20437622	0.11189914	0.24913904	0	16	0	0	1	0	609.9844490280476	1826.9315176837042	51.811283	-.GIYAYGFEKPSAIQQR.-	sp|P38919|IF4A3_HUMAN;sp|P60842-2|IF4A1_HUMAN;sp|P60842|IF4A1_HUMAN;sp|Q14240-2|IF4A2_HUMAN;sp|Q14240|IF4A2_HUMAN
2017dec27_overlap_dia_6b_rep1_604to616.dia:3116.9185:decoyIC[+57.0214635]VGSDIVAQR+2	-1	73575	4.2688313	0.3057125	0.3779855	0.4605859	0.30472136	-0.15798424	0.6504051	8.0	0.0	0.6373245	0.8345509	-0.08321266	0.0	1.0	7.3418326	5.0	-1.3806505	0.8044823	0.4755213	1.0	1.0	3.0	8.013519	3.3139675	0.3720829	0	11	0	1	0	0	609.3189800586645	1216.6234071837032	51.948643	-.IC[+57.0214635]VGSDIVAQR.-	DECOY_sp|O15131|IMA6_HUMAN;DECOY_sp|O60684|IMA7_HUMAN
2017dec27_overlap_dia_6b_rep1_604to616.dia:3118.9978:decoyAKNPAFEAGPAR+2	-1	73627	4.235161	0.40852308	0.7622142	0.42622602	0.2803144	-0.2972658	0.52398103	8.0	1.0	-3.9682875	0.811697	8.090605	0.0	1.0	7.4248767	5.0	-1.4520149	0.44143063	-0.031974006	0.0	1.0	0.0	21.38683	4.8543644	4.233529	1	12	0	1	0	0	614.8252868086646	1227.6360206837035	51.983295	-.AKNPAFEAGPAR.-	DECOY_sp|Q15233-2|NONO_HUMAN;DECOY_sp|Q15233|NONO_HUMAN
2017dec27_overlap_dia_6b_rep1_604to616.dia:3121.1304:QGYVLSSIEGR+2	1	73679	13.305221	1.072902	1.4190638	0.965163	0.8314672	3.3216166	0.066609986	16.0	0.0	3.6457725	0.9754846	5.549044	0.26499826	3.0	9.400869	10.0	2.8987956	0.8754927	0.9610054	1.0	1.0	11.0	0.24029541	2.298489	3.3805308	0	11	0	1	0	0	604.8171228086646	1207.6196926837035	52.01884	-.QGYVLSSIEGR.-	sp|O43684-2|BUB3_HUMAN;sp|O43684|BUB3_HUMAN
2017dec27_overlap_dia_6b_rep1_604to616.dia:3121.1304:RIIHDSLQLK+2	1	73679	2.056595	0.3504324	0.44733134	0.94932216	0.7964573	2.9302595	0.03807784	5.0	0.0	1.2641035	0.0	10.0	1.0	0.0	6.8462267	4.0	-3.0	0.49230576	0.0	0.0	0.0	3.0	2.8117943	10.0	0.9988619	1	10	0	1	0	0	611.8669543086647	1221.7193556837037	52.01884	-.RIIHDSLQLK.-	sp|Q86W50|MET16_HUMAN
2017dec27_overlap_dia_6b_rep1_604to616.dia:3121.1304:decoyLDTYQFAQVK+2	-1	73679	2.588476	0.56893563	0.7572604	0.5384473	0.36197788	0.15409343	0.49731863	6.0	1.0	2.7030444	0.2123032	-8.232639	1.0	1.0	7.7281775	4.0	-3.0	0.9086379	0.0	1.0	0.0	6.0	4.3616104	11.483194	2.4378028	0	10	0	1	0	0	606.8165923086647	1211.6186316837036	52.01884	-.LDTYQFAQVK.-	DECOY_sp|Q13162|PRDX4_HUMAN
2017dec27_overlap_dia_6b_rep1_604to616.dia:3121.1304:decoyTVQASGHSLDFHPFYK+3	-1	73679	3.6162975	0.6842396	1.0458266	0.82009995	0.6121645	1.5170248	0.10736912	7.0	3.0	0.8326974	0.0	10.0	1.0	0.0	6.958754	4.0	-2.1639786	0.8481792	-0.04641659	1.0	1.0	3.0	3.4543037	10.0	0.56745577	0	16	0	0	1	0	611.9688016947139	1832.884575683703	52.01884	-.TVQASGHSLDFHPFYK.-	DECOY_sp|P69905|HBA_HUMAN
2017dec27_overlap_dia_6b_rep1_604to616.dia:3123.1965:DVNGELIAVQR+2	1	73731	5.4198833	0.46830723	0.5357671	0.7246361	0.5159843	0.96757597	0.4804373	9.0	1.0	1.5581939	0.5270182	5.953171	1.0	1.0	7.841396	8.0	-0.1597166	0.8043387	-0.07163655	1.0	1.0	3.0	0.4731331	2.7026157	1.2929523	0	11	0	1	0	0	607.3304018086646	1212.6462506837036	52.053276	-.DVNGELIAVQR.-	sp|Q92878-2|RAD50_HUMAN;sp|Q92878|RAD50_HUMAN
2017dec27_overlap_dia_6b_rep1_604to616.dia:3123.1965:EVTPEGLQMVK+2	1	73731	9.788239	1.0176382	1.2932583	0.98618335	0.8940508	4.2679677	0.02715676	13.0	3.0	0.19002879	0.9684592	3.344301	0.0	2.0	9.155494	9.0	3.2101507	0.8155	0.9728932	1.0	1.0	10.0	0.15445709	0.09374595	0.075212836	0	11	0	1	0	0	615.8235643086648	1229.6325756837039	52.053276	-.EVTPEGLQMVK.-	sp|P22234-2|PUR6_HUMAN;sp|P22234|PUR6_HUMAN
2017dec27_overlap_dia_6b_rep1_604to616.dia:3123.1965:IMDPNIVGSEHYDVAR+3	1	73731	28.035604	2.9804358	2.3932996	0.99682826	0.9492824	5.7502975	0.006079299	27.0	24.0	-0.10304036	0.99987674	3.5444746	0.004802549	3.0	10.314121	11.0	15.534711	0.8276207	0.96859443	1.0	1.0	24.0	9.422302E-4	0.29391956	0.368282	0	16	0	0	1	0	605.9613180280475	1814.8621246837035	52.053276	-.IMDPNIVGSEHYDVAR.-	sp|P06576|ATPB_HUMAN
2017dec27_overlap_dia_6b_rep1_604to616.dia:3123.1965:decoyEPQAMVPTQTK+2	-1	73731	4.464525	0.3574326	0.7450148	0.72277766	0.5142699	0.9582818	0.40477228	8.0	0.0	0.69780105	0.576141	-6.179819	1.0	2.0	7.511335	4.0	-0.8574195	0.6759567	0.56784195	0.0	1.0	3.0	18.329811	9.430374	0.43255943	0	11	0	1	0	0	615.3133643086645	1228.6121756837033	52.053276	-.EPQAMVPTQTK.-	DECOY_sp|Q13409-2|DC1I2_HUMAN;DECOY_sp|Q13409-3|DC1I2_HUMAN;DECOY_sp|Q13409-5|DC1I2_HUMAN;DECOY_sp|Q13409-6|DC1I2_HUMAN;DECOY_sp|Q13409-7|DC1I2_HUMAN;DECOY_sp|Q13409|DC1I2_HUMAN
2017dec27_overlap_dia_6b_rep1_604to616.dia:3127.3535:decoyIEQWETSEAK+2	-1	73835	3.5713692	0.23195624	0.39297777	0.7395003	0.52987623	1.0433729	0.17915457	7.0	0.0	-1.3516228	0.2034695	8.149131	1.0	1.0	7.1538353	4.0	-2.1338649	0.86436754	0.36970156	1.0	1.0	6.0	16.461567	4.898576	1.6287959	0	10	0	1	0	0	610.7933178086647	1219.5720826837037	52.12256	-.IEQWETSEAK.-	DECOY_sp|Q14789-2|GOGB1_HUMAN;DECOY_sp|Q14789-3|GOGB1_HUMAN;DECOY_sp|Q14789-4|GOGB1_HUMAN;DECOY_sp|Q14789|GOGB1_HUMAN
2017dec27_overlap_dia_6b_rep1_604to616.dia:3135.665:HPELADKNVPNLHVMK+3	1	74043	6.4487257	0.74877113	0.9766508	0.7743941	0.56389034	1.2332911	0.19063774	10.0	2.0	1.9253706	0.40322545	-7.527439	1.0	1.0	6.3395705	4.0	-1.1580195	0.0	0.0	0.0	0.0	0.0	9.3560295	10.797794	1.6481975	1	16	0	0	1	0	614.6612056947141	1840.9617876837035	52.261086	-.HPELADKNVPNLHVMK.-	sp|P46783|RS10_HUMAN;sp|Q9NQ39|RS10L_HUMAN
2017dec27_overlap_dia_6b_rep1_604to616.dia:3137.7803:HLGAVNTIVFVDENRR+3	1	74095	6.3679132	0.6228703	0.69876397	0.6429093	0.44454557	0.58801377	0.20049413	10.0	2.0	-1.1311322	0.65984756	-2.4461277	0.0	1.0	5.7828736	5.0	1.4643216	0.0	0.0	0.0	0.0	0.0	0.27761078	5.716483	1.4083053	1	16	0	0	1	0	613.9989863613808	1838.9751296837037	52.296337	-.HLGAVNTIVFVDENRR.-	sp|O60508|PRP17_HUMAN
2017dec27_overlap_dia_6b_rep1_604to616.dia:3137.7803:WRPVDLAQVK+2	1	74095	7.5178957	1.0762893	1.4529135	0.8255424	0.61826134	1.5543588	0.08529755	11.0	0.0	-4.8559766	0.96723706	4.3899145	0.0	2.0	7.4068685	6.0	6.8202286	0.9099354	0.85958076	1.0	1.0	10.0	0.111385345	1.1195593	5.1331496	0	10	0	1	0	0	606.3483978086647	1210.6822426837036	52.296337	-.WRPVDLAQVK.-	sp|P32004-2|L1CAM_HUMAN;sp|P32004-3|L1CAM_HUMAN;sp|P32004|L1CAM_HUMAN
2017dec27_overlap_dia_6b_rep1_604to616.dia:3139.8088:SMLYSGSDVIR+2	1	74147	5.490101	0.795676	1.0602468	0.8517994	0.648977	1.7487845	0.10692533	9.0	0.0	-2.1934376	0.5782062	-0.26670814	1.0	2.0	7.330404	6.0	-2.082988	0.74903697	0.0	1.0	0.0	7.0	0.07739639	3.5370634	2.4825416	0	11	0	1	0	0	614.3055333086646	1226.5965136837035	52.330147	-.SMLYSGSDVIR.-	sp|Q15477|SKIV2_HUMAN
2017dec27_overlap_dia_6b_rep1_604to616.dia:3141.8755:TADGFAVPEPPK+2	1	74199	7.555931	1.1029081	1.566015	0.90110344	0.71448326	2.2095456	0.14088558	11.0	4.0	-0.8738579	0.8075306	2.8251047	0.0	1.0	7.906634	6.0	0.1316514	0.0	0.0	0.0	0.0	0.0	0.2300682	0.4452505	1.162962	0	12	0	1	0	0	614.8140538086647	1227.6135546837036	52.36459	-.TADGFAVPEPPK.-	sp|Q86XP3-2|DDX42_HUMAN;sp|Q86XP3|DDX42_HUMAN
2017dec27_overlap_dia_6b_rep1_604to616.dia:3143.8755:decoyNTNHVLDTVEPDTGFR+3	-1	74251	6.5199175	0.46590137	0.7551911	0.91233426	0.7314439	2.3424754	0.11132792	10.0	1.0	-2.687823	0.34572995	-9.882387	1.0	1.0	6.4084234	5.0	-0.45650053	0.73235726	0.0	0.0	0.0	1.0	2.4612503	13.152742	2.976927	0	16	0	0	1	0	605.6271070280474	1813.8594916837035	52.397926	-.NTNHVLDTVEPDTGFR.-	DECOY_sp|O75976-2|CBPD_HUMAN;DECOY_sp|O75976|CBPD_HUMAN
2017dec27_overlap_dia_6b_rep1_604to616.dia:3143.8755:decoyVVTVTGDKNDTITPQAR+3	-1	74251	9.536255	0.9211873	1.5206144	0.5520446	0.37230438	0.20893501	0.37125567	13.0	4.0	-0.9892236	0.0	10.0	1.0	0.0	7.212962	8.0	1.3550038	0.47446766	-0.025024166	0.0	1.0	0.0	12.041306	10.0	1.2783276	1	17	0	0	1	0	605.6584076947141	1813.9533936837036	52.397926	-.VVTVTGDKNDTITPQAR.-	DECOY_sp|P21333-2|FLNA_HUMAN;DECOY_sp|P21333|FLNA_HUMAN
2017dec27_overlap_dia_6b_rep1_604to616.dia:3145.9563:decoyEC[+57.0214635]VSHYKDAGGIVEVR+3	-1	74303	6.20586	0.22237873	0.43049204	0.44268695	0.2919494	-0.23026432	0.47724482	10.0	1.0	0.6627917	0.0	10.0	1.0	0.0	5.6109157	4.0	-1.8464115	0.0	0.0	0.0	0.0	0.0	13.782467	10.0	0.37368774	1	16	0	0	1	0	606.9649511947141	1817.8730241837036	52.432606	-.EC[+57.0214635]VSHYKDAGGIVEVR.-	DECOY_sp|P04183|KITH_HUMAN
2017dec27_overlap_dia_6b_rep1_604to616.dia:3147.9717:ANVTVLDTQIR+2	1	74355	9.738511	1.209153	1.7566068	0.87948817	0.68422985	1.9875922	0.24039103	13.0	0.0	1.2353647	0.98720586	0.20042868	0.0	3.0	8.668625	9.0	2.0222325	0.71646905	0.9813567	1.0	1.0	8.0	0.022666931	3.0699265	0.9462607	0	11	0	1	0	0	615.3460523086646	1228.6775516837035	52.466194	-.ANVTVLDTQIR.-	sp|Q9NZM1-2|MYOF_HUMAN;sp|Q9NZM1-3|MYOF_HUMAN;sp|Q9NZM1-5|MYOF_HUMAN;sp|Q9NZM1-6|MYOF_HUMAN;sp|Q9NZM1|MYOF_HUMAN
2017dec27_overlap_dia_6b_rep1_604to616.dia:3147.9717:IGSLIDVNQSKDPEGLR+3	1	74355	18.342352	1.0752804	1.3198488	0.90412414	0.71895087	2.2439125	0.1487082	20.0	6.0	-0.6121605	0.98129666	0.6727419	0.0	3.0	8.000726	10.0	5.25111	0.8563725	0.9111707	1.0	1.0	9.0	0.022666931	2.5976133	0.9012645	1	17	0	0	1	0	614.3302900280474	1839.9690406837037	52.466194	-.IGSLIDVNQSKDPEGLR.-	sp|P61326-2|MGN_HUMAN;sp|P61326|MGN_HUMAN;sp|Q96A72|MGN2_HUMAN
2017dec27_overlap_dia_6b_rep1_604to616.dia:3147.9717:decoyFESMNQGFVR+2	-1	74355	3.3760679	0.30637917	0.50383997	0.47166887	0.31269646	-0.113446064	0.4530619	7.0	0.0	-3.8026443	0.0	10.0	1.0	0.0	7.1993	6.0	0.008289337	0.9350917	0.0	1.0	0.0	4.0	0.92616653	10.0	4.091748	0	10	0	1	0	0	607.7847728086645	1213.5549926837032	52.466194	-.FESMNQGFVR.-	DECOY_sp|Q9H6Z4-2|RANB3_HUMAN;DECOY_sp|Q9H6Z4-3|RANB3_HUMAN;DECOY_sp|Q9H6Z4|RANB3_HUMAN
2017dec27_overlap_dia_6b_rep1_604to616.dia:3150.05:decoyIEIEQSAPDDLHGYVR+3	-1	74407	10.780051	0.3753501	0.8163875	0.6912618	0.48588973	0.8060251	0.3795258	14.0	4.0	-1.9648343	0.0	10.0	1.0	0.0	6.9816594	6.0	0.33557224	0.75934243	0.0	0.0	0.0	1.0	4.243744	10.0	2.2539382	0	16	0	0	1	0	614.6391210280474	1840.8955336837034	52.500835	-.IEIEQSAPDDLHGYVR.-	DECOY_sp|Q99798|ACON_HUMAN
2017dec27_overlap_dia_6b_rep1_604to616.dia:3152.0503:LKTDVDVSLPK+2	1	74459	5.5246587	1.0117469	1.5001538	0.9223487	0.7474655	2.4746947	0.031604826	9.0	0.0	0.11313563	0.0	10.0	1.0	0.0	7.863357	7.0	-0.25913477	0.9332676	0.0	1.0	0.0	7.0	0.2048645	10.0	0.17596835	1	11	0	1	0	0	607.8531783086647	1213.6918036837037	52.534172	-.LKTDVDVSLPK.-	sp|Q09666|AHNK_HUMAN
2017dec27_overlap_dia_6b_rep1_604to616.dia:3152.0503:VPINDVLAEDK+2	1	74459	8.5929165	0.86371523	1.221472	0.81767046	0.6094697	1.5006437	0.10127903	12.0	0.0	0.702751	0.0	10.0	1.0	0.0	8.042319	9.0	1.6836562	0.8968028	0.0	1.0	0.0	5.0	0.08723831	10.0	0.413647	0	11	0	1	0	0	606.8271603086647	1211.6397676837037	52.534172	-.VPINDVLAEDK.-	sp|P82650-2|RT22_HUMAN;sp|P82650|RT22_HUMAN
2017dec27_overlap_dia_6b_rep1_604to616.dia:3156.2642:FYVHNDIFR+2	1	74564	8.648918	1.5087557	1.9412469	0.9302078	0.760747	2.5898855	0.12307687	12.0	1.0	-0.20921029	0.91061383	4.0994353	0.0	3.0	9.1750765	8.0	-0.68469405	0.93511605	0.973508	1.0	1.0	9.0	0.13058472	0.7696786	0.49831426	0	9	0	1	0	0	605.8038183086646	1209.5930836837035	52.604404	-.FYVHNDIFR.-	sp|Q13283|G3BP1_HUMAN
2017dec27_overlap_dia_6b_rep1_604to616.dia:3156.2642:GEGPDVDVSLPK+2	1	74564	10.928333	1.325877	1.6125594	0.9725773	0.8505665	3.5685775	0.05209699	14.0	0.0	0.201375	0.5007615	3.3756804	1.0	2.0	8.685456	10.0	3.8595076	0.82094806	0.889619	1.0	1.0	10.0	0.27166748	0.04592371	0.08772899	0	12	0	1	0	0	606.8089678086646	1211.6033826837036	52.604404	-.GEGPDVDVSLPK.-	sp|Q09666|AHNK_HUMAN
2017dec27_overlap_dia_6b_rep1_604to616.dia:3156.2642:QPLLGPPESMR+2	1	74564	10.895739	1.3195764	1.7084581	0.90225613	0.7161803	2.222548	0.19240537	14.0	3.0	-2.369068	0.99961215	2.3936615	0.0	3.0	8.96845	10.0	5.707706	0.8045903	0.96276605	1.0	1.0	10.0	0.06959152	0.93609524	2.658172	0	11	0	1	0	0	612.8238983086648	1223.6332436837038	52.604404	-.QPLLGPPESMR.-	sp|B5ME19|EIFCL_HUMAN;sp|Q99613-2|EIF3C_HUMAN;sp|Q99613|EIF3C_HUMAN
2017dec27_overlap_dia_6b_rep1_604to616.dia:3156.2642:VNEDTMELIR+2	1	74564	7.556063	0.88480616	1.0317792	0.90137815	0.71488684	2.212632	0.16118503	11.0	0.0	0.70614433	0.94684196	3.7737327	0.0	2.0	8.179762	8.0	3.2735448	0.85306627	0.5622348	1.0	1.0	7.0	0.19000626	0.44397593	0.41704035	0	10	0	1	0	0	610.3029953086647	1218.5914376837036	52.604404	-.VNEDTMELIR.-	sp|Q6P1M0|S27A4_HUMAN
2017dec27_overlap_dia_6b_rep1_604to616.dia:3156.2642:VNEDTMELLR+2	1	74564	7.556063	0.88480616	1.0317792	0.90137815	0.71488684	2.212632	0.16118503	11.0	0.0	0.70614433	0.94684196	3.7737327	0.0	2.0	8.179762	8.0	3.2735448	0.85306627	0.5622348	1.0	1.0	7.0	0.19000626	0.44397593	0.41704035	0	10	0	1	0	0	610.3029953086647	1218.5914376837036	52.604404	-.VNEDTMELLR.-	sp|Q6PCB7-2|S27A1_HUMAN;sp|Q6PCB7|S27A1_HUMAN
2017dec27_overlap_dia_6b_rep1_604to616.dia:3156.2642:decoyDSC[+57.0214635]DDTEMSR+2	-1	74564	1.9500782	0.4240556	0.5499193	0.7428426	0.5330459	1.0607959	0.17301759	5.0	0.0	-0.9207684	0.0	10.0	1.0	0.0	6.573351	4.0	-2.0379891	0.060543925	0.0	0.0	0.0	0.0	15.530804	10.0	1.2098724	0	10	0	1	0	0	608.2162595586647	1214.4179661837036	52.604404	-.DSC[+57.0214635]DDTEMSR.-	DECOY_sp|Q5SRE5-2|NU188_HUMAN;DECOY_sp|Q5SRE5|NU188_HUMAN
2017dec27_overlap_dia_6b_rep1_604to616.dia:3156.2642:decoyFIC[+57.0214635]TSYHETIQTNTK+3	-1	74564	6.448163	0.54997367	0.575328	0.77339196	0.562883	1.2275642	0.13019772	10.0	1.0	-0.7611599	0.0	10.0	1.0	0.0	6.5751576	5.0	-0.22973394	0.0	0.0	0.0	0.0	0.0	8.080856	10.0	1.0502639	0	15	0	0	1	0	614.9612071947141	1841.8617921837038	52.604404	-.FIC[+57.0214635]TSYHETIQTNTK.-	DECOY_sp|Q15003|CND2_HUMAN
2017dec27_overlap_dia_6b_rep1_604to616.dia:3160.3765:HVVAVVLGDVGR+2	1	74668	9.568429	0.9933094	1.1561589	0.5944942	0.40529543	0.38257587	0.69196266	13.0	2.0	0.32684243	0.0	10.0	1.0	0.0	7.956	7.0	4.5594015	0.55738723	0.66216487	1.0	1.0	8.0	0.07323074	10.0	0.037738442	0	12	0	1	0	0	610.8591298086646	1219.7037066837036	52.67294	-.HVVAVVLGDVGR.-	sp|Q9BT22|ALG1_HUMAN
2017dec27_overlap_dia_6b_rep1_604to616.dia:3160.3765:TPTLTSIYC[+57.0214635]R+2	1	74668	7.509115	0.8004801	1.2738407	0.80901945	0.60000265	1.4436513	0.2639533	11.0	1.0	0.011778355	0.8010458	5.083809	0.858849	2.0	8.07518	7.0	0.36522102	0.7288168	0.6880138	0.0	1.0	3.0	0.08940506	1.7540522	0.27732563	0	10	0	1	0	0	606.3080770586647	1210.6016011837037	52.67294	-.TPTLTSIYC[+57.0214635]R.-	sp|P29590-10|PML_HUMAN;sp|P29590-11|PML_HUMAN;sp|P29590-12|PML_HUMAN;sp|P29590-13|PML_HUMAN;sp|P29590-14|PML_HUMAN;sp|P29590-2|PML_HUMAN;sp|P29590-3|PML_HUMAN;sp|P29590-4|PML_HUMAN;sp|P29590-5|PML_HUMAN;sp|P29590-8|PML_HUMAN;sp|P29590-9|PML_HUMAN;sp|P29590|PML_HUMAN
2017dec27_overlap_dia_6b_rep1_604to616.dia:3160.3765:decoyILGEPDKSQNVDILSGR+3	-1	74668	10.739689	0.6662034	0.85980684	0.62991244	0.43381852	0.53184116	0.32631826	14.0	2.0	-0.41807866	0.0	10.0	1.0	0.0	6.607676	5.0	0.50941133	0.0	0.0	0.0	0.0	0.0	0.16714096	10.0	0.70718265	1	17	0	0	1	0	614.3302900280473	1839.9690406837033	52.67294	-.ILGEPDKSQNVDILSGR.-	DECOY_sp|P61326-2|MGN_HUMAN;DECOY_sp|P61326|MGN_HUMAN;DECOY_sp|Q96A72|MGN2_HUMAN
2017dec27_overlap_dia_6b_rep1_604to616.dia:3160.3765:decoyQAIHTAAMQVR+2	-1	74668	5.347698	0.4176193	1.0223053	0.6136699	0.42061484	0.46276483	0.4118709	9.0	1.0	2.3469155	0.5775339	3.1165767	1.0	2.0	7.674782	5.0	-1.240169	0.6064911	0.37656704	0.0	1.0	0.0	20.168594	0.21318007	2.0578115	0	11	0	1	0	0	613.3271403086645	1224.6397276837033	52.67294	-.QAIHTAAMQVR.-	DECOY_sp|Q00403|TF2B_HUMAN
2017dec27_overlap_dia_6b_rep1_604to616.dia:3164.5142:VYNENLVHMIEHAQK+3	1	74772	10.858242	1.0080329	1.1916943	0.8276237	0.6206156	1.5688789	0.24794178	14.0	1.0	0.74788123	0.9598297	4.718622	0.19638303	3.0	7.271308	8.0	3.122005	0.84778553	0.79476494	1.0	1.0	5.0	0.3806038	1.3888655	0.45877725	0	15	0	0	1	0	608.9735580280474	1823.8988446837034	52.7419	-.VYNENLVHMIEHAQK.-	sp|O75934|SPF27_HUMAN
2017dec27_overlap_dia_6b_rep1_604to616.dia:3164.5142:decoyALEPRGDSPTGLSSDSPR+3	-1	74772	7.045311	0.36251122	0.82978904	0.27807042	0.17938977	-0.9540532	0.92734325	11.0	3.0	1.3043774	0.0	10.0	1.0	0.0	6.210418	5.0	-0.5956979	0.0	0.0	0.0	0.0	0.0	13.538357	10.0	1.0152735	1	18	0	0	1	0	614.637782694714	1840.8915186837032	52.7419	-.ALEPRGDSPTGLSSDSPR.-	DECOY_sp|Q15642-2|CIP4_HUMAN;DECOY_sp|Q15642-3|CIP4_HUMAN;DECOY_sp|Q15642-4|CIP4_HUMAN;DECOY_sp|Q15642-5|CIP4_HUMAN;DECOY_sp|Q15642|CIP4_HUMAN
2017dec27_overlap_dia_6b_rep1_604to616.dia:3164.5142:decoyDGTGTAAC[+57.0214635]AC[+57.0214635]IK+2	-1	74772	4.3186507	0.5955733	0.930605	0.516571	0.34558356	0.06630827	0.48145235	8.0	0.0	2.108358	0.0	10.0	1.0	0.0	6.7991486	5.0	-1.3725672	0.7086161	0.0	0.0	0.0	1.0	22.005836	10.0	1.8192539	0	12	0	1	0	0	612.7710063086645	1223.5274596837032	52.7419	-.DGTGTAAC[+57.0214635]AC[+57.0214635]IK.-	DECOY_sp|Q96GQ7|DDX27_HUMAN
2017dec27_overlap_dia_6b_rep1_604to616.dia:3164.5142:decoyESPEKGNFFR+2	-1	74772	3.3088112	0.52150947	0.87933946	0.40399927	0.26476038	-0.3888288	0.65823686	7.0	1.0	-1.2438257	0.0	10.0	1.0	0.0	7.0031734	4.0	-1.9802313	0.0	0.0	0.0	0.0	0.0	18.821743	10.0	1.5329297	1	10	0	1	0	0	605.7961943086647	1209.5778356837036	52.7419	-.ESPEKGNFFR.-	DECOY_sp|P11021|GRP78_HUMAN
2017dec27_overlap_dia_6b_rep1_604to616.dia:3166.5723:GDVQAQVGLGQLHLHGGR+3	1	74824	6.3870053	0.4651051	0.8978505	0.67180294	0.4689597	0.7163508	0.20302884	10.0	1.0	0.40204576	0.0	10.0	1.0	0.0	6.0439396	3.0	-1.2200751	0.0	0.0	0.0	0.0	0.0	4.021538	10.0	0.11294177	0	18	0	0	1	0	614.662486694714	1840.965630683703	52.776203	-.GDVQAQVGLGQLHLHGGR.-	sp|Q9UBV2|SE1L1_HUMAN
2017dec27_overlap_dia_6b_rep1_604to616.dia:3166.5723:decoyLEEWQDKNR+2	-1	74824	2.338349	0.5899843	1.0348752	0.3027028	0.19577795	-0.83446026	0.8255459	6.0	1.0	0.45718145	0.75042266	-1.2056538	0.4401155	2.0	6.5389943	4.0	-1.0087848	0.47675276	0.6706764	0.0	1.0	0.0	22.768532	4.5354104	0.16807747	1	9	0	1	0	0	609.2991013086646	1216.5836496837035	52.776203	-.LEEWQDKNR.-	DECOY_sp|P26038|MOES_HUMAN
2017dec27_overlap_dia_6b_rep1_604to616.dia:3168.5813:GQMEEQFWR+2	1	74876	5.523758	1.0066272	1.1336657	0.9204384	0.74433625	2.4483187	0.15801041	9.0	0.0	-0.12094611	0.0	10.0	1.0	0.0	7.9684896	7.0	4.9692187	0.8855114	0.0	1.0	0.0	7.0	0.122867584	10.0	0.4100501	0	9	0	1	0	0	605.7691233086647	1209.5236936837036	52.80969	-.GQMEEQFWR.-	sp|O75717-2|WDHD1_HUMAN;sp|O75717|WDHD1_HUMAN
2017dec27_overlap_dia_6b_rep1_604to616.dia:3168.5813:decoyIFVDSPNESGR+2	-1	74876	2.5149262	0.52103883	0.774681	0.4545623	0.30040866	-0.18225357	0.7400204	6.0	0.0	0.17170739	0.53043187	-3.1236782	1.0	1.0	6.4669356	4.0	-1.5908642	0.0	0.0	0.0	0.0	0.0	4.6957474	6.453435	0.11739659	0	11	0	1	0	0	610.7989338086646	1219.5833146837035	52.80969	-.IFVDSPNESGR.-	DECOY_sp|Q92995-2|UBP13_HUMAN;DECOY_sp|Q92995|UBP13_HUMAN
2017dec27_overlap_dia_6b_rep1_604to616.dia:3172.6738:decoyFNYLEGAEQR+2	-1	74980	3.4217284	0.7858405	1.3353415	0.5239594	0.35109127	0.095911056	0.39444926	7.0	1.0	1.4586021	0.12012264	-1.8771437	1.0	1.0	7.3440456	5.0	-2.0640466	0.81848747	-0.044973418	1.0	1.0	4.0	11.8117485	5.2069006	1.1649002	0	10	0	1	0	0	613.7936478086647	1225.5727426837036	52.877895	-.FNYLEGAEQR.-	DECOY_sp|Q14690|RRP5_HUMAN
2017dec27_overlap_dia_6b_rep1_604to616.dia:3172.6738:decoyRIAEIQTHTFQITNR+3	-1	74980	7.3294535	1.1355702	1.3653967	0.53493047	0.3593244	0.13994984	0.36239135	11.0	7.0	-1.316327	0.0	10.0	1.0	0.0	6.902567	5.0	1.4524384	0.0	0.0	0.0	0.0	0.0	6.4945602	10.0	1.6100289	1	15	0	0	1	0	609.9989870280475	1826.975131683704	52.877895	-.RIAEIQTHTFQITNR.-	DECOY_sp|O60306|AQR_HUMAN
2017dec27_overlap_dia_6b_rep1_604to616.dia:3174.7349:EAIIPGSVYDR+2	1	75032	7.5759187	1.0650092	1.3902256	0.94354457	0.78506225	2.8161922	0.050686624	11.0	0.0	3.5202298	0.81569594	6.0663476	0.0	1.0	8.00034	7.0	0.40718317	0.743915	0.2358885	1.0	1.0	7.0	0.012336731	2.7365909	3.219195	0	11	0	1	0	0	610.3194983086647	1218.6244436837037	52.912247	-.EAIIPGSVYDR.-	sp|Q92900-2|RENT1_HUMAN;sp|Q92900|RENT1_HUMAN
2017dec27_overlap_dia_6b_rep1_604to616.dia:3176.76:AEITDAEGLGLK+2	1	75084	6.497354	0.96501505	1.2774817	0.8661454	0.66681945	1.8672984	0.140785	10.0	1.0	3.7584715	0.960326	1.7061706	0.0	2.0	8.148911	8.0	1.386272	0.9189906	0.9252834	1.0	1.0	9.0	0.20948029	1.6235862	3.4574366	0	12	0	1	0	0	608.8246183086648	1215.6346836837038	52.946	-.AEITDAEGLGLK.-	sp|Q14203-2|DCTN1_HUMAN;sp|Q14203-3|DCTN1_HUMAN;sp|Q14203-4|DCTN1_HUMAN;sp|Q14203-5|DCTN1_HUMAN;sp|Q14203-6|DCTN1_HUMAN;sp|Q14203|DCTN1_HUMAN
2017dec27_overlap_dia_6b_rep1_604to616.dia:3176.76:LIQESDQHLK+2	1	75084	2.7084541	0.50007063	0.6321115	0.7097763	0.502408	0.8942977	0.21962616	6.0	0.0	3.2708468	0.0	10.0	1.0	0.0	6.8999376	4.0	-2.5998876	0.3646293	0.0	0.0	0.0	0.0	22.938328	10.0	2.969812	0	10	0	1	0	0	605.8249523086647	1209.6353516837037	52.946	-.LIQESDQHLK.-	sp|O14776-2|TCRG1_HUMAN;sp|O14776|TCRG1_HUMAN
2017dec27_overlap_dia_6b_rep1_604to616.dia:3176.76:NFEDVAFDEK+2	1	75084	8.66879	1.5280045	1.8307633	0.97375965	0.8538381	3.6138663	0.046188165	12.0	0.0	3.4629936	0.818747	5.8310766	0.0	1.0	8.972291	8.0	6.6416607	0.94334716	0.98075444	1.0	1.0	11.0	0.29133987	2.50132	3.1619587	0	10	0	1	0	0	607.2722178086647	1212.5298826837036	52.946	-.NFEDVAFDEK.-	sp|P07237|PDIA1_HUMAN
2017dec27_overlap_dia_6b_rep1_604to616.dia:3180.8428:LDQDESFSQR+2	1	75188	2.0358388	0.32852933	0.4541685	0.90501857	0.7202865	2.2542741	0.063656256	5.0	0.0	-0.21114857	0.0	10.0	1.0	0.0	6.7466874	3.0	-3.0	0.48722085	0.0	1.0	0.0	3.0	21.316368	10.0	0.5121835	0	10	0	1	0	0	612.7781988086647	1223.5418446837036	53.014046	-.LDQDESFSQR.-	sp|O14727-2|APAF_HUMAN;sp|O14727-3|APAF_HUMAN;sp|O14727-4|APAF_HUMAN;sp|O14727-5|APAF_HUMAN;sp|O14727-6|APAF_HUMAN;sp|O14727|APAF_HUMAN
2017dec27_overlap_dia_6b_rep1_604to616.dia:3180.8428:TDPGTVFVMNK+2	1	75188	8.532289	0.7385214	1.0212101	0.71113247	0.5036348	0.9008905	0.45710668	12.0	2.0	-2.081572	0.812783	-0.27050394	0.0	1.0	8.480658	8.0	1.4738002	0.8298725	0.84077495	1.0	1.0	7.0	0.15675354	3.6002607	2.382607	0	11	0	1	0	0	604.8026318086647	1207.5907106837037	53.014046	-.TDPGTVFVMNK.-	sp|Q9NYK5-2|RM39_HUMAN;sp|Q9NYK5|RM39_HUMAN
2017dec27_overlap_dia_6b_rep1_604to616.dia:3180.8428:decoyIGQIGLPDQNR+2	-1	75188	3.5666344	0.6303176	1.0711306	0.73148227	0.52234226	1.002156	0.37875554	7.0	3.0	1.1254187	0.0	10.0	1.0	0.0	7.689173	4.0	-2.6419654	0.7001337	0.0	1.0	0.0	6.0	6.4301414	10.0	0.82438374	0	11	0	1	0	0	605.8305693086646	1209.6465856837035	53.014046	-.IGQIGLPDQNR.-	DECOY_sp|P17050|NAGAB_HUMAN
2017dec27_overlap_dia_6b_rep1_604to616.dia:3185.0303:HLNPGLQLYR+2	1	75292	4.124923	0.7074365	0.87714416	0.33067584	0.21455342	-0.7051299	0.75958174	8.0	2.0	2.1745064	0.0	10.0	1.0	0.0	8.255017	4.0	-1.618216	0.8496921	0.0	1.0	0.0	4.0	6.3400803	10.0	1.8734715	0	10	0	1	0	0	605.8381928086648	1209.6618326837038	53.08384	-.HLNPGLQLYR.-	sp|Q15057|ACAP2_HUMAN
2017dec27_overlap_dia_6b_rep1_604to616.dia:3185.0303:LEVGTETIIDK+2	1	75292	4.488693	0.47521776	0.6462082	0.76413935	0.5536721	1.175509	0.29556364	8.0	1.0	-1.6743376	0.5527113	-6.6890745	1.0	2.0	7.5247684	5.0	-1.2788105	0.9208239	0.12943591	1.0	1.0	8.0	0.18392944	10.018831	1.9753726	0	11	0	1	0	0	609.3348188086647	1216.6550846837038	53.08384	-.LEVGTETIIDK.-	sp|P54868-2|HMCS2_HUMAN;sp|P54868-3|HMCS2_HUMAN;sp|P54868|HMCS2_HUMAN;sp|Q01581|HMCS1_HUMAN
2017dec27_overlap_dia_6b_rep1_604to616.dia:3185.0303:VAQLEQVYIR+2	1	75292	13.317036	2.2261612	2.7915509	0.9917822	0.9183284	4.7931995	0.01641495	16.0	9.0	1.4716635	0.99997336	5.9645214	0.0	3.0	10.308184	9.0	9.670786	0.93733317	0.988033	1.0	1.0	15.0	0.2201271	2.6347647	1.1706285	0	10	0	1	0	0	609.8456838086646	1217.6768146837035	53.08384	-.VAQLEQVYIR.-	sp|P62318-2|SMD3_HUMAN;sp|P62318|SMD3_HUMAN
2017dec27_overlap_dia_6b_rep1_604to616.dia:3187.1685:LLENMQSDLR+2	1	75344	5.4230704	0.41896564	0.5741715	0.7299736	0.52093536	0.99448866	0.3918862	9.0	1.0	2.2558658	0.0	10.0	1.0	0.0	8.062798	6.0	-0.74268055	0.8049351	0.0	0.0	0.0	1.0	2.9184685	10.0	1.9548309	0	10	0	1	0	0	609.8109873086647	1217.6074216837037	53.119473	-.LLENMQSDLR.-	sp|Q7Z3U7-2|MON2_HUMAN;sp|Q7Z3U7-5|MON2_HUMAN;sp|Q7Z3U7-6|MON2_HUMAN;sp|Q7Z3U7|MON2_HUMAN
2017dec27_overlap_dia_6b_rep1_604to616.dia:3189.2253:GVLLYGPPGC[+57.0214635]GK+2	1	75396	8.666097	0.86926526	1.1490365	0.9677403	0.8378564	3.401145	0.04451982	12.0	3.0	2.0995526	0.8037099	-1.7970182	0.16248952	1.0	8.937789	8.0	-0.33040905	0.89472204	0.9488431	1.0	1.0	10.0	0.17411804	5.126775	1.7985177	0	12	0	1	0	0	609.3209875586648	1216.6274221837039	53.153755	-.GVLLYGPPGC[+57.0214635]GK.-	sp|Q8NBU5-2|ATAD1_HUMAN;sp|Q8NBU5|ATAD1_HUMAN
2017dec27_overlap_dia_6b_rep1_604to616.dia:3189.2253:decoyADLPHAC[+57.0214635]IYR+2	-1	75396	4.317449	0.7795187	0.91129065	0.5151436	0.34452283	0.06059287	0.5214586	8.0	1.0	2.0256298	0.0	10.0	1.0	0.0	8.340515	6.0	-0.99460316	0.9027251	0.0	1.0	0.0	3.0	14.663738	10.0	1.7245948	0	10	0	1	0	0	608.3005860586645	1214.5866191837033	53.153755	-.ADLPHAC[+57.0214635]IYR.-	DECOY_sp|Q9H845|ACAD9_HUMAN
2017dec27_overlap_dia_6b_rep1_604to616.dia:3193.2966:decoyGPLTAISDASGTK+2	-1	75500	5.4233675	0.8314278	1.2338763	0.7304728	0.5214005	0.99702275	0.41537368	9.0	0.0	2.4798796	0.81738305	4.7706633	0.1718655	1.0	7.6174297	7.0	0.26278257	0.7950984	0.8063104	1.0	1.0	4.0	8.360939	1.4409065	2.1788447	0	13	0	1	0	0	609.3222428086646	1216.6299326837034	53.22161	-.GPLTAISDASGTK.-	DECOY_sp|Q2NKX8|ERC6L_HUMAN
2017dec27_overlap_dia_6b_rep1_604to616.dia:3195.412:GMGGAMDLVSSAK+2	1	75552	10.918131	1.5492135	1.8786896	0.9499968	0.7978283	2.9443722	0.06308325	14.0	0.0	0.5225414	0.99960655	1.1771122	0.0	3.0	8.894859	10.0	0.19857311	0.8082906	0.9813884	1.0	1.0	11.0	0.21311188	2.1724448	0.20957553	0	13	0	1	0	0	612.2915738086647	1222.5685946837036	53.25687	-.GMGGAMDLVSSAK.-	sp|P55809-2|SCOT1_HUMAN;sp|P55809|SCOT1_HUMAN
2017dec27_overlap_dia_6b_rep1_604to616.dia:3195.412:HLEAAALLSER+2	1	75552	5.3666425	0.60323083	0.97099376	0.6410307	0.44298577	0.5798406	0.20072573	9.0	0.0	-1.6038985	0.0	10.0	1.0	0.0	7.513292	5.0	-1.6138191	0.597235	0.0	1.0	0.0	3.0	3.4097023	10.0	1.9168644	0	11	0	1	0	0	605.3329443086647	1208.6513356837036	53.25687	-.HLEAAALLSER.-	sp|Q9UJA5-2|TRM6_HUMAN;sp|Q9UJA5-4|TRM6_HUMAN;sp|Q9UJA5|TRM6_HUMAN
2017dec27_overlap_dia_6b_rep1_604to616.dia:3195.412:THIDTVINALK+2	1	75552	10.898898	1.2491918	1.5291233	0.9088435	0.72606695	2.2995954	0.11426345	14.0	3.0	0.41955024	0.8291085	0.12849087	0.0	2.0	8.698598	8.0	0.8669796	0.92584306	0.9131279	1.0	1.0	8.0	0.23561096	3.221066	0.10658437	0	11	0	1	0	0	612.8509703086646	1223.6873876837035	53.25687	-.THIDTVINALK.-	sp|O95782-2|AP2A1_HUMAN;sp|O95782|AP2A1_HUMAN
2017dec27_overlap_dia_6b_rep1_604to616.dia:3195.412:VALPDGTTVTVR+2	1	75552	8.584681	0.85724854	1.2499694	0.80231124	0.5927931	1.4008027	0.37611905	12.0	2.0	-1.3225405	0.8185102	5.127166	0.0	1.0	8.110386	9.0	1.0094247	0.8162918	0.7848606	0.0	1.0	4.0	0.046577454	1.7776089	1.6355064	0	12	0	1	0	0	614.8484283086647	1227.6823036837036	53.25687	-.VALPDGTTVTVR.-	sp|Q96L92-2|SNX27_HUMAN;sp|Q96L92-3|SNX27_HUMAN;sp|Q96L92|SNX27_HUMAN
2017dec27_overlap_dia_6b_rep1_604to616.dia:3195.412:decoyEYEISEVMAR+2	-1	75552	4.410517	0.4490169	0.69737434	0.6382582	0.44068962	0.5678123	0.5615126	8.0	0.0	-0.15579125	0.0	10.0	1.0	0.0	7.5430646	6.0	-0.5801029	0.37411454	0.027385015	0.0	1.0	0.0	4.8672333	10.0	0.46875712	0	10	0	1	0	0	613.7897163086645	1225.5648796837033	53.25687	-.EYEISEVMAR.-	DECOY_sp|P47712|PA24A_HUMAN
2017dec27_overlap_dia_6b_rep1_604to616.dia:3199.4841:GEGPDVDVTLPK+2	1	75656	8.631617	1.3794359	1.6781522	0.89387983	0.7040546	2.1309993	0.18637542	12.0	2.0	2.2167282	0.97888434	4.3568745	0.0	2.0	8.244423	9.0	3.0648546	0.6302323	0.9371991	1.0	1.0	10.0	0.15451431	1.0073175	1.9037623	0	12	0	1	0	0	613.8167933086647	1225.6190336837037	53.324734	-.GEGPDVDVTLPK.-	sp|Q09666|AHNK_HUMAN
2017dec27_overlap_dia_6b_rep1_604to616.dia:3201.492:GTGSADSIATLPK+2	1	75708	2.8136597	0.4643167	0.7329654	0.90432996	0.7192577	2.246289	0.016432071	6.0	0.0	2.0071015	0.7719421	4.8117933	0.0	2.0	6.7639256	4.0	-2.775514	0.02380996	0.79219264	1.0	1.0	3.0	8.500732	1.4622364	1.6941357	0	13	0	1	0	0	609.3222428086648	1216.6299326837038	53.3582	-.GTGSADSIATLPK.-	sp|Q2NKX8|ERC6L_HUMAN
2017dec27_overlap_dia_6b_rep1_604to616.dia:3203.6162:EGAAVIDVGINR+2	1	75760	10.909203	0.8988921	1.3108331	0.93066525	0.7615417	2.5969534	0.12240383	14.0	0.0	2.04088	0.8952142	-0.2736401	0.0	3.0	8.482739	9.0	0.76303196	0.78449935	0.68358296	1.0	1.0	8.0	0.06699753	3.623197	1.7279141	0	12	0	1	0	0	607.3304018086646	1212.6462506837036	53.393604	-.EGAAVIDVGINR.-	sp|P13995-2|MTDC_HUMAN;sp|P13995|MTDC_HUMAN
2017dec27_overlap_dia_6b_rep1_604to616.dia:3203.6162:GGGEYGETWHK+2	1	75760	2.7510557	0.30232796	0.53321433	0.7829303	0.5725518	1.2828252	0.113227434	6.0	0.0	1.6707265	0.0	10.0	1.0	0.0	7.118272	3.0	-2.1755953	0.61671126	0.0	1.0	0.0	4.0	23.385933	10.0	1.3577607	0	11	0	1	0	0	610.7701733086648	1219.5257936837038	53.393604	-.GGGEYGETWHK.-	sp|P48147|PPCE_HUMAN
2017dec27_overlap_dia_6b_rep1_604to616.dia:3203.6162:LADQFLEEQKQETQK+3	1	75760	5.4930277	0.47864804	0.6384756	0.8575592	0.6560403	1.7951638	0.114229605	9.0	3.0	3.7768707	0.7285363	3.7225707	1.0	3.0	6.4941964	3.0	-2.1603498	0.866874	0.26428443	1.0	1.0	4.0	9.894032	0.37301373	3.4639049	1	15	0	0	1	0	612.310896361381	1833.9108596837043	53.393604	-.LADQFLEEQKQETQK.-	sp|Q6P4E1-2|CASC4_HUMAN;sp|Q6P4E1-4|CASC4_HUMAN;sp|Q6P4E1-5|CASC4_HUMAN;sp|Q6P4E1|CASC4_HUMAN
2017dec27_overlap_dia_6b_rep1_604to616.dia:3203.6162:RDEFEFLEK+2	1	75760	6.492145	0.9118484	1.1169658	0.8558183	0.6538917	1.7809836	0.23048837	10.0	0.0	2.9958127	0.812744	-0.9020898	0.0	1.0	7.9968934	7.0	1.1579022	0.6593042	0.7641921	0.0	1.0	3.0	0.21411133	4.2516465	2.6828468	1	9	0	1	0	0	606.7984028086647	1211.5822526837037	53.393604	-.RDEFEFLEK.-	sp|Q14258|TRI25_HUMAN
2017dec27_overlap_dia_6b_rep1_604to616.dia:3203.6162:TTVLAMDQVPR+2	1	75760	9.757946	0.8179677	1.2282691	0.9197398	0.7432008	2.4388168	0.0985193	13.0	0.0	0.7006109	0.96860194	6.021823	0.048620842	2.0	8.440774	7.0	1.5900879	0.9019606	0.819489	1.0	1.0	8.0	0.09566879	2.672266	0.387645	0	11	0	1	0	0	615.8291813086646	1229.6438096837035	53.393604	-.TTVLAMDQVPR.-	sp|Q13423|NNTM_HUMAN
2017dec27_overlap_dia_6b_rep1_604to616.dia:3203.6162:YQQPFEDFR+2	1	75760	5.486121	0.3021933	0.5806319	0.8440301	0.6396463	1.688525	0.29521	9.0	0.0	0.7696644	0.0	10.0	1.0	0.0	7.384157	6.0	-0.60976744	0.74920344	0.8084413	1.0	1.0	4.0	0.055503845	10.0	0.45669854	0	9	0	1	0	0	615.2829163086647	1228.5512796837036	53.393604	-.YQQPFEDFR.-	sp|P19174-2|PLCG1_HUMAN;sp|P19174|PLCG1_HUMAN
2017dec27_overlap_dia_6b_rep1_604to616.dia:3203.6162:decoyC[+57.0214635]QIC[+57.0214635]DHLEESHTSPK+3	-1	75760	3.4287162	0.3487919	0.47744712	0.5324581	0.35746324	0.1300153	0.37535575	7.0	2.0	1.6594174	0.0	10.0	1.0	0.0	5.969111	5.0	-1.3727794	0.0	0.0	0.0	0.0	0.0	23.385933	10.0	1.3464515	0	15	0	0	1	0	614.2699373613807	1839.7879826837034	53.393604	-.C[+57.0214635]QIC[+57.0214635]DHLEESHTSPK.-	DECOY_sp|P48507|GSH0_HUMAN
2017dec27_overlap_dia_6b_rep1_604to616.dia:3205.6326:decoyIQLVHADAPEK+2	-1	75812	4.2811728	0.33359608	0.572301	0.4738619	0.3142808	-0.104647726	0.46434325	8.0	1.0	1.7217423	0.0	10.0	1.0	0.0	7.4049964	4.0	-1.2370706	0.0	0.0	0.0	0.0	0.0	16.956902	10.0	1.4087764	0	11	0	1	0	0	610.8353203086646	1219.6560876837034	53.427208	-.IQLVHADAPEK.-	DECOY_sp|Q9GZZ1-2|NAA50_HUMAN;DECOY_sp|Q9GZZ1|NAA50_HUMAN
2017dec27_overlap_dia_6b_rep1_604to616.dia:3205.6326:decoyIYLYSEEALK+2	-1	75812	3.528062	0.54821676	0.7188583	0.6693163	0.46682578	0.70509434	0.5709462	7.0	0.0	0.8044971	0.0	10.0	1.0	0.0	7.611084	4.0	-2.8045537	0.7846362	0.0	0.0	0.0	4.0	0.0567894	10.0	0.49153125	0	10	0	1	0	0	614.8266203086646	1227.6386876837034	53.427208	-.IYLYSEEALK.-	DECOY_sp|Q9NVX0-2|HAUS2_HUMAN;DECOY_sp|Q9NVX0-3|HAUS2_HUMAN;DECOY_sp|Q9NVX0|HAUS2_HUMAN
2017dec27_overlap_dia_6b_rep1_604to616.dia:3207.716:AVEDDFVEMR+2	1	75864	6.516396	0.36265483	0.7276283	0.9049668	0.720209	2.2536716	0.18695694	10.0	0.0	-2.5865216	0.92675257	-2.1282992	0.0	2.0	8.381885	8.0	1.2241602	0.911391	0.8749431	1.0	1.0	7.0	0.2517891	5.477856	2.8994875	0	10	0	1	0	0	605.7740708086646	1209.5335886837036	53.461933	-.AVEDDFVEMR.-	sp|Q9BTE3-2|MCMBP_HUMAN;sp|Q9BTE3-3|MCMBP_HUMAN;sp|Q9BTE3|MCMBP_HUMAN
2017dec27_overlap_dia_6b_rep1_604to616.dia:3213.8684:WEEVQSYIR+2	1	76020	5.4971423	0.71968573	0.8562965	0.8657228	0.6662816	1.8636583	0.23086551	9.0	0.0	-1.8047974	0.8116052	2.591677	0.0	1.0	8.250989	7.0	-0.1098485	0.88957787	0.94383293	1.0	1.0	7.0	0.02248764	0.75788	2.1177633	0	9	0	1	0	0	605.2985658086646	1208.5825786837036	53.564472	-.WEEVQSYIR.-	sp|Q86UP2-2|KTN1_HUMAN;sp|Q86UP2-3|KTN1_HUMAN;sp|Q86UP2-4|KTN1_HUMAN;sp|Q86UP2|KTN1_HUMAN
2017dec27_overlap_dia_6b_rep1_604to616.dia:3217.9346:AEGPDVAVDLPK+2	1	76124	10.916856	1.539827	2.0383797	0.9472117	0.792225	2.8872328	0.096984886	14.0	4.0	-0.897962	0.9793495	2.212834	0.0	2.0	9.082	11.0	0.11120415	0.84740007	0.957557	1.0	1.0	12.0	0.048069	1.136723	1.2109278	0	12	0	1	0	0	605.8193358086647	1209.6241186837037	53.632244	-.AEGPDVAVDLPK.-	sp|Q09666|AHNK_HUMAN
2017dec27_overlap_dia_6b_rep1_604to616.dia:3217.9346:EVMILITGAHK+2	1	76124	3.4136794	0.53116673	0.931601	0.51433814	0.34392476	0.057368305	0.65156245	7.0	1.0	-0.63412213	0.0	10.0	1.0	0.0	7.3566537	4.0	-1.0518222	0.8125376	0.0	1.0	0.0	4.0	0.5260124	10.0	0.947088	0	11	0	1	0	0	606.3444668086647	1210.6743806837037	53.632244	-.EVMILITGAHK.-	sp|P46926-2|GNPI1_HUMAN;sp|P46926|GNPI1_HUMAN;sp|Q8TDQ7-2|GNPI2_HUMAN;sp|Q8TDQ7-3|GNPI2_HUMAN;sp|Q8TDQ7-4|GNPI2_HUMAN;sp|Q8TDQ7-5|GNPI2_HUMAN;sp|Q8TDQ7|GNPI2_HUMAN
2017dec27_overlap_dia_6b_rep1_604to616.dia:3226.1616:EFESAIVEAAR+2	1	76332	8.560325	0.9053201	1.1964002	0.75855446	0.5481881	1.1447706	0.47919348	12.0	1.0	-0.80888456	0.8202947	4.279756	0.0	1.0	8.067087	9.0	-0.035986423	0.32120275	0.7704411	1.0	1.0	6.0	0.21025085	0.93019915	1.1218505	0	11	0	1	0	0	611.3091348086647	1220.6037166837036	53.76936	-.EFESAIVEAAR.-	sp|Q15020-2|SART3_HUMAN;sp|Q15020-4|SART3_HUMAN;sp|Q15020|SART3_HUMAN
2017dec27_overlap_dia_6b_rep1_604to616.dia:3228.239:decoyNHTDQMLLAHGNHVPK+3	-1	76384	7.240684	0.5122222	1.3397646	0.43604147	0.2872398	-0.2572433	0.6073659	11.0	4.0	-0.46329635	0.5190641	-7.1399317	1.0	2.0	6.968863	5.0	-0.20996284	0.36096236	-0.042772118	0.0	1.0	0.0	23.79631	10.489489	0.7762622	0	16	0	0	1	0	604.6371720280474	1810.8896866837035	53.80398	-.NHTDQMLLAHGNHVPK.-	DECOY_sp|O43252|PAPS1_HUMAN
2017dec27_overlap_dia_6b_rep1_604to616.dia:3230.2395:VLVASSVVAGESQKPELK+3	1	76436	6.1302366	0.65394956	1.0839705	0.37194023	0.24261475	-0.5239021	0.44373015	10.0	4.0	0.07211618	0.0	10.0	1.0	0.0	6.433759	5.0	-0.3536744	0.0	0.0	0.0	0.0	0.0	4.0431137	10.0	0.24084969	0	18	0	0	1	0	614.3508026947142	1840.0305786837037	53.837326	-.VLVASSVVAGESQKPELK.-	sp|Q06787-3|FMR1_HUMAN;sp|Q06787-4|FMR1_HUMAN;sp|Q06787-5|FMR1_HUMAN;sp|Q06787-6|FMR1_HUMAN;sp|Q06787-7|FMR1_HUMAN;sp|Q06787|FMR1_HUMAN
2017dec27_overlap_dia_6b_rep1_604to616.dia:3234.365:IVVMPGGGITDR+2	1	76540	8.659464	1.4979159	1.8453172	0.95307297	0.8041968	3.0110974	0.082904056	12.0	4.0	-1.0641686	0.9717156	0.4969527	0.0	2.0	8.60382	9.0	2.3935285	0.5126926	0.27208397	0.0	1.0	0.0	0.12767792	2.8677945	1.3771344	0	12	0	1	0	0	607.8317238086647	1213.6488946837037	53.906082	-.IVVMPGGGITDR.-	sp|Q9NTM9|CUTC_HUMAN
2017dec27_overlap_dia_6b_rep1_604to616.dia:3234.365:LGAGPGDAGEVQAHPFFR+3	1	76540	13.25294	1.1089836	1.1313994	0.8556983	0.6537441	1.7800115	0.18824114	16.0	7.0	-0.60406363	0.9896617	0.98276085	0.0	3.0	7.452124	5.0	1.1789618	0.17744333	0.43303034	0.0	1.0	0.0	0.20833206	2.3819864	0.9170295	0	18	0	0	1	0	609.3041876947142	1824.890733683704	53.906082	-.LGAGPGDAGEVQAHPFFR.-	sp|P23443-2|KS6B1_HUMAN;sp|P23443-3|KS6B1_HUMAN;sp|P23443-4|KS6B1_HUMAN;sp|P23443-5|KS6B1_HUMAN;sp|P23443|KS6B1_HUMAN
2017dec27_overlap_dia_6b_rep1_604to616.dia:3234.365:YGQISEVVVVK+2	1	76540	10.938212	1.917787	2.3630939	0.99495536	0.9360276	5.284372	0.0069390056	14.0	3.0	-1.5779254	0.80746216	-2.4120991	0.0	1.0	9.056219	10.0	0.21017504	0.75946426	0.9789049	1.0	1.0	11.0	0.20950699	5.7768464	1.8908913	0	11	0	1	0	0	610.8478918086647	1219.6812306837037	53.906082	-.YGQISEVVVVK.-	sp|Q14011-2|CIRBP_HUMAN;sp|Q14011|CIRBP_HUMAN
2017dec27_overlap_dia_6b_rep1_604to616.dia:3238.5005:AVQQVNAMIEK+2	1	76644	4.408218	0.35126415	0.5244614	0.63488823	0.43790776	0.5532454	0.38262814	8.0	1.0	-1.1495167	0.9714242	3.1480632	0.0	2.0	7.506254	4.0	-2.0967765	0.4402004	0.83193755	1.0	1.0	4.0	11.375664	0.32029486	1.4624826	0	11	0	1	0	0	615.8291808086648	1229.6438086837038	53.97501	-.AVQQVNAMIEK.-	sp|P49366-2|DHYS_HUMAN;sp|P49366|DHYS_HUMAN
2017dec27_overlap_dia_6b_rep1_604to616.dia:3238.5005:ETQALILAPTR+2	1	76644	10.870305	1.0043796	1.3220563	0.8509354	0.64792836	1.7419565	0.29671764	14.0	1.0	-1.515548	0.97850543	-0.9254729	0.0	2.0	8.81158	8.0	6.799637	0.52983254	0.98108137	1.0	1.0	11.0	0.26199722	4.393831	1.8285139	0	11	0	1	0	0	606.8509708086647	1211.6873886837036	53.97501	-.ETQALILAPTR.-	sp|P38919|IF4A3_HUMAN
2017dec27_overlap_dia_6b_rep1_604to616.dia:3238.5005:decoyFFMDNHVYR+2	-1	76644	2.5221033	0.2881254	0.34606647	0.46213683	0.30583423	-0.15174308	0.60491633	6.0	0.0	-0.060100913	0.0	10.0	1.0	0.0	7.4286323	3.0	-1.7031522	0.6612652	0.0	0.0	0.0	2.0	4.4198723	10.0	0.37306678	0	9	0	1	0	0	614.7820288086644	1227.5495046837032	53.97501	-.FFMDNHVYR.-	DECOY_sp|Q9UN86-2|G3BP2_HUMAN;DECOY_sp|Q9UN86|G3BP2_HUMAN
2017dec27_overlap_dia_6b_rep1_604to616.dia:3238.5005:decoyIQITELPTGEK+2	-1	76644	4.4968333	0.7313722	0.8974584	0.7785965	0.56813616	1.2575063	0.3471636	8.0	1.0	-0.14164561	0.0	10.0	1.0	0.0	7.7977524	5.0	-1.3934402	0.46809834	0.0	0.0	0.0	0.0	4.866089	10.0	0.45461148	0	11	0	1	0	0	614.8428113086646	1227.6710696837035	53.97501	-.IQITELPTGEK.-	DECOY_sp|O43676|NDUB3_HUMAN
2017dec27_overlap_dia_6b_rep1_604to616.dia:3238.5005:decoyLEPKVLALNSK+2	-1	76644	2.4350135	0.46830148	0.67020476	0.37816447	0.24688923	-0.49734646	0.5910522	6.0	1.0	1.6652957	0.0	10.0	1.0	0.0	7.1040974	4.0	-2.8738024	0.8056856	0.0	1.0	0.0	4.0	10.264744	10.0	1.3523299	1	11	0	1	0	0	606.3715378086646	1210.7285226837034	53.97501	-.LEPKVLALNSK.-	DECOY_sp|O14737-2|PDCD5_HUMAN;DECOY_sp|O14737|PDCD5_HUMAN
2017dec27_overlap_dia_6b_rep1_604to616.dia:3238.5005:decoyLQLVSQQENR+2	-1	76644	4.291749	0.5345857	0.80473787	0.48554382	0.32275677	-0.057840776	0.5368495	8.0	0.0	-1.3135448	0.9916115	-1.9715773	0.0	3.0	7.833105	4.0	-0.7686143	0.71309566	0.09608891	1.0	1.0	5.0	18.505314	5.439935	1.6265106	0	10	0	1	0	0	607.8280263086647	1213.6414996837036	53.97501	-.LQLVSQQENR.-	DECOY_sp|Q14683|SMC1A_HUMAN
2017dec27_overlap_dia_6b_rep1_604to616.dia:3238.5005:decoySPKLFYAGITK+2	-1	76644	5.4696198	0.8170578	1.1498233	0.81256205	0.60385567	1.4667444	0.1547207	9.0	3.0	-0.5956139	0.0	10.0	1.0	0.0	8.479144	5.0	-2.7090313	0.4397196	0.0	0.0	0.0	5.0	0.4499855	10.0	0.90857977	1	11	0	1	0	0	612.8529773086647	1223.6914016837036	53.97501	-.SPKLFYAGITK.-	DECOY_sp|Q8NI36|WDR36_HUMAN
2017dec27_overlap_dia_6b_rep1_604to616.dia:3238.5005:decoyVGIGTNAGTVVVK+2	-1	76644	6.187991	0.47042474	0.99530125	0.4248424	0.27934098	-0.30292588	0.78279406	10.0	1.0	-0.83607197	0.0	10.0	1.0	0.0	8.007138	6.0	-0.20440912	0.79924583	0.0	1.0	0.0	2.0	9.776405	10.0	1.1490378	0	13	0	1	0	0	607.8587958086647	1213.7030386837037	53.97501	-.VGIGTNAGTVVVK.-	DECOY_sp|Q8TC12-3|RDH11_HUMAN;DECOY_sp|Q8TC12|RDH11_HUMAN
2017dec27_overlap_dia_6b_rep1_604to616.dia:3240.585:VNC[+57.0214635]IQWIC[+57.0214635]K+2	1	76696	4.597106	0.27408126	0.3143607	0.98081124	0.87508476	3.9340553	0.011311247	8.0	0.0	2.5674348	0.82473093	-2.3124473	0.0	1.0	7.6603255	6.0	-1.4368081	0.8383543	0.9065419	1.0	1.0	6.0	0.18889236	5.7808056	2.254469	0	9	0	1	0	0	610.7993688086648	1219.5841846837038	54.00975	-.VNC[+57.0214635]IQWIC[+57.0214635]K.-	sp|Q6IA86-2|ELP2_HUMAN;sp|Q6IA86-3|ELP2_HUMAN;sp|Q6IA86-4|ELP2_HUMAN;sp|Q6IA86-5|ELP2_HUMAN;sp|Q6IA86-6|ELP2_HUMAN;sp|Q6IA86-7|ELP2_HUMAN;sp|Q6IA86|ELP2_HUMAN
2017dec27_overlap_dia_6b_rep1_604to616.dia:3240.585:decoyAGSYLNVMEPK+2	-1	76696	3.624155	0.3477364	0.54638094	0.8350728	0.6291491	1.6220149	0.21366784	7.0	0.0	1.4138298	0.0	10.0	1.0	0.0	7.8175473	5.0	-2.5762599	0.8533568	0.0	1.0	0.0	5.0	3.288765	10.0	1.1008639	0	11	0	1	0	0	604.8026268086646	1207.5907006837035	54.00975	-.AGSYLNVMEPK.-	DECOY_sp|Q2M2I8-2|AAK1_HUMAN;DECOY_sp|Q2M2I8|AAK1_HUMAN
2017dec27_overlap_dia_6b_rep1_604to616.dia:3240.585:decoyGGSVEITPKPDSTFAAHK+3	-1	76696	8.183841	0.36687467	0.75638443	0.31878832	0.20655185	-0.7593458	0.8204717	12.0	4.0	0.54258466	0.66016823	1.7997366	0.0	1.0	7.181967	6.0	-0.5526228	0.0	0.0	0.0	0.0	0.0	14.606644	1.6686214	0.22961879	0	18	0	0	1	0	614.6512526947141	1840.9319286837037	54.00975	-.GGSVEITPKPDSTFAAHK.-	DECOY_sp|P00390-2|GSHR_HUMAN;DECOY_sp|P00390-3|GSHR_HUMAN;DECOY_sp|P00390-4|GSHR_HUMAN;DECOY_sp|P00390-5|GSHR_HUMAN;DECOY_sp|P00390|GSHR_HUMAN
2017dec27_overlap_dia_6b_rep1_604to616.dia:3242.6055:IMGTSPLQIDR+2	1	76748	10.937825	1.4241836	1.6036922	0.9940689	0.9306292	5.1216	0.011268286	14.0	6.0	-0.37168366	0.9719513	2.7521076	0.0	2.0	9.961743	10.0	-0.9615886	0.8115882	0.98653626	1.0	1.0	13.0	0.07816315	0.7162504	0.6846495	0	11	0	1	0	0	615.8291808086648	1229.6438086837038	54.043423	-.IMGTSPLQIDR.-	sp|P31327-2|CPSM_HUMAN;sp|P31327-3|CPSM_HUMAN;sp|P31327|CPSM_HUMAN
2017dec27_overlap_dia_6b_rep1_604to616.dia:3244.709:GIGTDEFTLNR+2	1	76800	9.7368145	0.87500876	1.2387183	0.8760599	0.679674	1.955636	0.2439918	13.0	2.0	0.18718864	0.20032819	-4.390408	1.0	1.0	9.612344	9.0	1.8672056	0.92849606	0.0	1.0	0.0	11.0	0.1574173	7.858766	0.12577723	0	11	0	1	0	0	611.8067598086647	1221.5989666837036	54.078484	-.GIGTDEFTLNR.-	sp|P12429|ANXA3_HUMAN
2017dec27_overlap_dia_6b_rep1_604to616.dia:3244.709:GKPC[+57.0214635]ETVFQR+2	1	76800	2.6964834	0.341081	0.5229447	0.6904794	0.48520082	0.8023615	0.39252877	6.0	0.0	0.14486335	0.22214589	-6.6396284	1.0	1.0	7.7973084	4.0	-2.7858317	0.89166534	0.0	1.0	0.0	6.0	22.852833	10.107986	0.16810252	0	10	0	1	0	0	611.3058730586646	1220.5971931837034	54.078484	-.GKPC[+57.0214635]ETVFQR.-	sp|Q8IZ73-2|RUSD2_HUMAN;sp|Q8IZ73|RUSD2_HUMAN
2017dec27_overlap_dia_6b_rep1_604to616.dia:3244.709:GTSISTKPPLTK+2	1	76800	3.391311	0.5883479	0.8072897	0.4885175	0.3249243	-0.045938045	0.636603	7.0	3.0	0.9240429	0.8150423	-8.354839	0.0	1.0	8.116202	5.0	-1.8653188	0.88960356	0.6340871	0.0	1.0	6.0	19.633888	11.823197	0.611077	0	12	0	1	0	0	615.3586283086647	1228.7027036837037	54.078484	-.GTSISTKPPLTK.-	sp|P35249-2|RFC4_HUMAN;sp|P35249|RFC4_HUMAN
2017dec27_overlap_dia_6b_rep1_604to616.dia:3244.709:VIMDYESLEK+2	1	76800	7.5760217	0.69268274	0.7628136	0.94376856	0.78549314	2.820405	0.11019379	11.0	0.0	0.098557405	0.9685705	2.757238	0.0	2.0	9.44994	9.0	2.7552915	0.9376894	0.9723775	1.0	1.0	9.0	0.07485962	0.7111201	0.21440846	0	10	0	1	0	0	613.8022923086647	1225.5900316837037	54.078484	-.VIMDYESLEK.-	sp|P00491|PNPH_HUMAN
2017dec27_overlap_dia_6b_rep1_604to616.dia:3244.709:decoyYIFANDSEDR+2	-1	76800	2.7701542	0.22313975	0.3196449	0.81812865	0.60997665	1.50372	0.14441602	6.0	0.0	-0.94501317	0.0	10.0	1.0	0.0	7.6236234	4.0	-3.0	0.89510727	0.0	1.0	0.0	4.0	8.619278	10.0	1.257979	0	10	0	1	0	0	615.2752873086646	1228.5360216837034	54.078484	-.YIFANDSEDR.-	DECOY_sp|O43615|TIM44_HUMAN
2017dec27_overlap_dia_6b_rep1_604to616.dia:3250.7507:ELFQTPGHTEELVAAGK+3	1	76956	6.459358	0.48241138	1.1096631	0.79358774	0.5835786	1.3466887	0.24682379	10.0	1.0	1.0952593	0.9106199	3.9462004	0.0	2.0	7.0920324	4.0	-0.4336114	0.85043305	0.9371846	1.0	1.0	11.0	0.05908966	0.49764252	0.78229344	0	17	0	0	1	0	609.6476200280474	1825.9210306837035	54.17918	-.ELFQTPGHTEELVAAGK.-	sp|P46013-2|KI67_HUMAN;sp|P46013|KI67_HUMAN
2017dec27_overlap_dia_6b_rep1_604to616.dia:3250.7507:decoyLASADC[+57.0214635]AGSVFK+2	-1	76956	5.283949	0.28424007	0.69796014	0.5298898	0.35553348	0.119702	0.40355134	9.0	1.0	-1.1395844	0.54690325	0.26832163	1.0	2.0	7.8759828	5.0	-1.272234	0.7953011	0.0	0.0	0.0	2.0	13.192062	3.1802363	1.4525503	0	12	0	1	0	0	613.2977130586646	1224.5808731837035	54.17918	-.LASADC[+57.0214635]AGSVFK.-	DECOY_sp|P62873-2|GBB1_HUMAN;DECOY_sp|P62873|GBB1_HUMAN
2017dec27_overlap_dia_6b_rep1_604to616.dia:3252.7783:decoyC[+57.0214635]SGLSIC[+57.0214635]APTR+2	-1	77008	3.2185638	0.58328986	0.8048926	0.3281959	0.21288127	-0.71635604	0.64655757	7.0	1.0	-0.8855695	0.0	10.0	1.0	0.0	7.2759266	5.0	-1.658014	0.320752	0.0	1.0	0.0	6.0	10.38522	10.0	1.1985354	0	11	0	1	0	0	611.2893653086645	1220.5641776837033	54.21297	-.C[+57.0214635]SGLSIC[+57.0214635]APTR.-	DECOY_sp|O95757|HS74L_HUMAN
2017dec27_overlap_dia_6b_rep1_604to616.dia:3254.8235:decoyIAAEAEGEAQVK+2	-1	77060	5.161229	0.3743857	0.78033733	0.3994531	0.26159996	-0.40774432	0.45549265	9.0	1.0	-2.0200074	0.0	10.0	1.0	0.0	7.3818545	5.0	-1.3257923	0.8114306	0.0	1.0	0.0	3.0	24.239388	10.0	2.3449042	0	12	0	1	0	0	608.3144178086648	1214.6142826837038	54.24706	-.IAAEAEGEAQVK.-	DECOY_sp|Q99623|PHB2_HUMAN
2017dec27_overlap_dia_6b_rep1_604to616.dia:3254.8235:decoyNHEGEGPASADSLIVTLK+3	-1	77060	7.2313504	0.62046075	0.8962985	0.42677036	0.28069746	-0.29504037	0.50287807	11.0	8.0	-2.9212408	0.6738326	9.975388	0.0	1.0	7.0331025	7.0	0.100841045	0.0	0.0	0.0	0.0	0.0	1.7062302	6.5268297	3.2461376	0	18	0	0	1	0	613.3145286947141	1836.9217566837035	54.24706	-.NHEGEGPASADSLIVTLK.-	DECOY_sp|Q9H0D6-2|XRN2_HUMAN;DECOY_sp|Q9H0D6|XRN2_HUMAN
2017dec27_overlap_dia_6b_rep1_604to616.dia:3257.0103:DMITEASQTPK+2	1	77113	5.3198643	0.6998549	1.1106225	0.57557374	0.3904425	0.3046291	0.4244966	9.0	0.0	-1.2805004	0.0	10.0	1.0	0.0	7.1441693	6.0	-1.6420727	0.0	0.0	0.0	0.0	0.0	12.963741	10.0	1.6053972	0	11	0	1	0	0	610.7950038086648	1219.5754546837038	54.283504	-.DMITEASQTPK.-	sp|Q14197|ICT1_HUMAN
2017dec27_overlap_dia_6b_rep1_604to616.dia:3257.0103:QMLYDYVER+2	1	77113	6.492704	0.90384364	1.1552725	0.8569202	0.6552502	1.7899421	0.26765707	10.0	0.0	-1.9767001	0.8080717	-2.5302362	0.0	1.0	7.9074893	7.0	-1.4655583	0.4795366	0.79245156	0.0	1.0	3.0	0.20223236	5.978794	2.3015969	0	9	0	1	0	0	608.7869728086647	1215.5593926837037	54.283504	-.QMLYDYVER.-	sp|Q15054|DPOD3_HUMAN
2017dec27_overlap_dia_6b_rep1_604to616.dia:3259.0386:decoyMFADGQANPDNHPDWK+3	-1	77165	4.2401514	0.45121777	0.5269204	0.43115252	0.28378588	-0.27715042	0.5354937	8.0	2.0	-2.8504844	0.0	10.0	1.0	0.0	6.2456865	4.0	-1.1540241	0.31981987	0.0	0.0	0.0	0.0	9.553318	10.0	3.1753812	0	16	0	0	1	0	614.9336540280473	1841.779132683703	54.31731	-.MFADGQANPDNHPDWK.-	DECOY_sp|P08621-2|RU17_HUMAN;DECOY_sp|P08621-3|RU17_HUMAN;DECOY_sp|P08621|RU17_HUMAN
2017dec27_overlap_dia_6b_rep1_604to616.dia:3261.113:decoyYVAMAGAEVFR+2	-1	77217	5.4124618	0.5447353	0.6569733	0.71235806	0.50474554	0.90686417	0.28949928	9.0	0.0	-2.7400584	0.0	10.0	1.0	0.0	7.131149	6.0	-0.3430748	0.7063254	0.50208354	0.0	1.0	3.0	0.99113464	10.0	3.0649552	0	11	0	1	0	0	607.3053373086647	1212.5961216837036	54.351883	-.YVAMAGAEVFR.-	DECOY_sp|P17987|TCPA_HUMAN
2017dec27_overlap_dia_6b_rep1_604to616.dia:3263.1462:KIEFPLPDEK+2	1	77269	6.4695077	1.2047441	1.7345935	0.8123518	0.60362613	1.4653648	0.21684073	10.0	2.0	1.2404804	0.7809481	-6.777808	0.96887493	2.0	8.276514	6.0	-0.33413696	0.5918765	0.5270686	0.0	1.0	0.0	0.2846985	10.226366	0.9155836	1	10	0	1	0	0	608.3346213086647	1214.6546896837037	54.38577	-.KIEFPLPDEK.-	sp|P62191-2|PRS4_HUMAN;sp|P62191|PRS4_HUMAN
2017dec27_overlap_dia_6b_rep1_604to616.dia:3263.1462:NGVFVDGAFQR+2	1	77269	7.5527277	1.1250931	1.5693041	0.8944818	0.7049105	2.1373608	0.202594	11.0	1.0	3.5370903	0.81368136	8.2487	0.0	1.0	8.162133	7.0	-0.40655947	0.85388505	0.5105005	1.0	1.0	6.0	0.033542633	4.8001423	3.2121935	0	11	0	1	0	0	605.3041873086646	1208.5938216837035	54.38577	-.NGVFVDGAFQR.-	sp|P85037|FOXK1_HUMAN
2017dec27_overlap_dia_6b_rep1_604to616.dia:3263.1462:VWDVRPFAPK+2	1	77269	5.4388165	0.79843146	1.1742892	0.7569251	0.54659855	1.1358947	0.276738	9.0	1.0	0.7350037	0.9361195	4.543652	0.0	3.0	7.6307855	5.0	0.6283746	0.6983868	0.25298175	1.0	1.0	3.0	0.42486572	1.0950942	0.4101069	0	10	0	1	0	0	607.8376658086647	1213.6607786837037	54.38577	-.VWDVRPFAPK.-	sp|Q96DI7-2|SNR40_HUMAN;sp|Q96DI7|SNR40_HUMAN
2017dec27_overlap_dia_6b_rep1_604to616.dia:3263.1462:decoyIGDLAAAGNEKR+2	-1	77269	6.220478	0.44168964	0.99832654	0.45784086	0.3027541	-0.16903792	0.71998435	10.0	0.0	-0.92565906	0.19273584	-8.285663	1.0	1.0	7.623029	8.0	-1.177949	0.0	0.0	0.0	0.0	0.0	24.378098	11.7342205	1.2505559	1	12	0	1	0	0	607.8280263086644	1213.6414996837032	54.38577	-.IGDLAAAGNEKR.-	DECOY_sp|P57105|SYJ2B_HUMAN
2017dec27_overlap_dia_6b_rep1_604to616.dia:3265.2266:FAEWC[+57.0214635]LEYGEHGC[+57.0214635]R+3	1	77321	9.735649	0.8754603	0.74658805	0.8737123	0.67658824	1.9341885	0.09466382	13.0	0.0	-0.4346416	0.630897	6.9494133	1.0	1.0	6.9287863	6.0	7.003563	0.84434325	0.7717624	1.0	1.0	13.0	0.20888138	3.5008554	0.74760747	0	14	0	0	1	0	605.2522153613808	1812.7348166837035	54.420444	-.FAEWC[+57.0214635]LEYGEHGC[+57.0214635]R.-	sp|O43813|LANC1_HUMAN
2017dec27_overlap_dia_6b_rep1_604to616.dia:3267.2732:LELQMNQNIK+2	1	77373	5.3291135	0.9238612	1.2256451	0.587963	0.40013993	0.35555083	0.62792826	9.0	0.0	-0.98849833	0.53111225	9.335818	1.0	1.0	7.868488	5.0	1.3159328	0.7123809	-0.05446917	0.0	1.0	0.0	0.021434784	5.8872604	1.3014642	0	10	0	1	0	0	615.8291803086647	1229.6438076837037	54.45455	-.LELQMNQNIK.-	sp|Q8TBF8|FA81A_HUMAN
2017dec27_overlap_dia_6b_rep1_604to616.dia:3267.2732:decoyKEYPDDPLLK+2	-1	77373	5.4152646	0.8768959	1.3871218	0.71697015	0.50894326	0.9294818	0.14441963	9.0	2.0	-0.6779512	0.58355135	6.1011543	1.0	2.0	8.034393	5.0	-1.4647825	0.0	0.0	0.0	0.0	0.0	9.695202	2.6525965	0.9909171	1	10	0	1	0	0	609.3242493086647	1216.6339456837036	54.45455	-.KEYPDDPLLK.-	DECOY_sp|P78417-2|GSTO1_HUMAN;DECOY_sp|P78417-3|GSTO1_HUMAN;DECOY_sp|P78417|GSTO1_HUMAN
2017dec27_overlap_dia_6b_rep1_604to616.dia:3267.2732:decoyKPANFLSQPGR+2	-1	77373	4.5695295	0.63559395	1.3615115	0.9204679	0.7443843	2.4487216	0.06637085	8.0	2.0	-1.2571428	0.2058828	-2.172748	1.0	1.0	7.645848	5.0	-2.0598228	0.0	0.0	0.0	0.0	0.0	12.888493	5.621306	1.5701087	0	11	0	1	0	0	607.8356543086646	1213.6567556837035	54.45455	-.KPANFLSQPGR.-	DECOY_sp|P46087-2|NOP2_HUMAN;DECOY_sp|P46087-3|NOP2_HUMAN;DECOY_sp|P46087-4|NOP2_HUMAN;DECOY_sp|P46087|NOP2_HUMAN
2017dec27_overlap_dia_6b_rep1_604to616.dia:3267.2732:decoyQDGVVNELNLK+2	-1	77373	4.439263	0.73468137	1.086493	0.681934	0.4777218	0.7626739	0.35873353	8.0	1.0	-1.1636312	0.2006952	1.7368742	1.0	1.0	7.3503346	4.0	-2.193826	0.79145855	0.0	0.0	0.0	3.0	1.7317314	1.7116836	1.4765971	0	11	0	1	0	0	614.8302343086647	1227.6459156837036	54.45455	-.QDGVVNELNLK.-	DECOY_sp|O43929-2|ORC4_HUMAN;DECOY_sp|O43929-3|ORC4_HUMAN;DECOY_sp|O43929|ORC4_HUMAN
2017dec27_overlap_dia_6b_rep1_604to616.dia:3269.3718:decoyGEMSGIDC[+57.0214635]TIK+2	-1	77425	3.4749725	0.36905956	0.5548688	0.5923002	0.4035601	0.3734824	0.5354472	7.0	0.0	-0.9132116	0.0	10.0	1.0	0.0	7.1083183	6.0	-1.4720745	0.0	0.0	0.0	0.0	0.0	9.565163	10.0	1.2261775	0	11	0	1	0	0	605.7757565586646	1209.5369601837035	54.48953	-.GEMSGIDC[+57.0214635]TIK.-	DECOY_sp|Q92887|MRP2_HUMAN
2017dec27_overlap_dia_6b_rep1_604to616.dia:3271.408:AIFQQPPVGVR+2	1	77477	6.4784365	0.8694463	1.2373171	0.82922614	0.62243694	1.5801526	0.30647996	10.0	0.0	-1.2161486	0.59451276	6.04548	1.0	2.0	7.9056597	7.0	2.1873026	0.7561957	0.029614234	1.0	1.0	7.0	0.11332321	2.6024504	1.5410454	0	11	0	1	0	0	606.3483983086647	1210.6822436837037	54.523464	-.AIFQQPPVGVR.-	sp|Q7L2E3-2|DHX30_HUMAN;sp|Q7L2E3-3|DHX30_HUMAN;sp|Q7L2E3|DHX30_HUMAN
2017dec27_overlap_dia_6b_rep1_604to616.dia:3271.408:FGALC[+57.0214635]EAETGR+2	1	77477	2.5569017	0.44397363	0.73605376	0.50069	0.33384067	0.002759936	0.50047266	6.0	0.0	0.83405334	0.0	10.0	1.0	0.0	6.760245	3.0	-3.0	0.6339023	0.0	1.0	0.0	3.0	12.083817	10.0	0.5091565	0	11	0	1	0	0	605.7796880586646	1209.5448231837036	54.523464	-.FGALC[+57.0214635]EAETGR.-	sp|O00468-2|AGRIN_HUMAN;sp|O00468-3|AGRIN_HUMAN;sp|O00468-4|AGRIN_HUMAN;sp|O00468-5|AGRIN_HUMAN;sp|O00468-6|AGRIN_HUMAN;sp|O00468-7|AGRIN_HUMAN;sp|O00468|AGRIN_HUMAN
2017dec27_overlap_dia_6b_rep1_604to616.dia:3271.408:IEYVDETGRK+2	1	77477	3.5047119	0.6525078	0.99959695	0.63428026	0.43740696	0.5506236	0.2888019	7.0	0.0	0.66905344	0.0	10.0	1.0	0.0	7.1924176	4.0	0.4809947	0.0	0.0	0.0	0.0	0.0	24.515793	10.0	0.34415662	1	10	0	1	0	0	605.3091308086648	1208.6037086837039	54.523464	-.IEYVDETGRK.-	sp|O43290|SNUT1_HUMAN
2017dec27_overlap_dia_6b_rep1_604to616.dia:3271.408:IINADSEDPKYIINVK+3	1	77477	13.255653	1.1160961	1.1664885	0.8610612	0.66039944	1.8241322	0.17547588	16.0	4.0	0.8149729	0.6593602	6.80726	1.0	1.0	7.6871624	7.0	4.4649887	0.8473779	0.0	1.0	0.0	12.0	0.07420349	3.3642306	0.49007607	1	16	0	0	1	0	611.3315163613807	1830.9727196837036	54.523464	-.IINADSEDPKYIINVK.-	sp|P35998|PRS7_HUMAN
2017dec27_overlap_dia_6b_rep1_604to616.dia:3271.408:NNFTDFTNVR+2	1	77477	4.3699327	0.580745	0.84565175	0.5813153	0.39492345	0.32817507	0.46723765	8.0	0.0	0.2756936	0.81783754	-1.7615255	0.0	1.0	7.2806687	6.0	0.9028549	0.8193251	0.6343516	0.0	1.0	5.0	1.1629639	5.204555	0.049203217	0	10	0	1	0	0	614.2912763086647	1226.5679996837036	54.523464	-.NNFTDFTNVR.-	sp|Q9NQE9|HINT3_HUMAN
2017dec27_overlap_dia_6b_rep1_604to616.dia:3271.408:TPLHEIALSIK+2	1	77477	14.497482	1.712652	2.1060193	0.88392293	0.6902141	2.0301156	0.20204498	17.0	2.0	-0.19766176	0.5914758	-1.5876763	1.0	2.0	9.10099	9.0	7.6216035	0.6198078	0.7541433	1.0	1.0	12.0	0.3279152	5.0307055	0.52255857	0	11	0	1	0	0	611.3637133086647	1220.7128736837037	54.523464	-.TPLHEIALSIK.-	sp|Q08211|DHX9_HUMAN
2017dec27_overlap_dia_6b_rep1_604to616.dia:3271.408:decoyC[+57.0214635]VSGC[+57.0214635]C[+57.0214635]LEIK+2	-1	77477	4.217754	0.42179316	0.81449044	0.40948048	0.26858002	-0.36611348	0.81234026	8.0	0.0	0.8381678	0.0	10.0	1.0	0.0	7.202415	5.0	-1.1466932	0.0	0.0	0.0	0.0	0.0	11.768009	10.0	0.513271	0	10	0	1	0	0	613.2723265586645	1224.5301001837033	54.523464	-.C[+57.0214635]VSGC[+57.0214635]C[+57.0214635]LEIK.-	DECOY_sp|P05023-2|AT1A1_HUMAN;DECOY_sp|P05023-3|AT1A1_HUMAN;DECOY_sp|P05023-4|AT1A1_HUMAN;DECOY_sp|P05023|AT1A1_HUMAN
2017dec27_overlap_dia_6b_rep1_604to616.dia:3271.408:decoyDHEPYEEFR+2	-1	77477	3.4312165	0.35708612	0.5266385	0.53553236	0.359778	0.1423694	0.4866679	7.0	0.0	1.4186364	0.99690795	-3.5402448	0.0	3.0	7.273089	5.0	-0.95516205	0.75726855	0.09948481	0.0	1.0	0.0	20.440311	6.9832745	1.0937396	0	9	0	1	0	0	611.2621803086647	1220.5098076837037	54.523464	-.DHEPYEEFR.-	DECOY_sp|O14980|XPO1_HUMAN
2017dec27_overlap_dia_6b_rep1_604to616.dia:3271.408:decoyIDIQLPSTGMR+2	-1	77477	7.262348	0.7427541	1.0979289	0.45834458	0.3031149	-0.16700879	0.3533707	11.0	1.0	-3.2039213	0.81402	-5.2232866	0.0	1.0	7.8760095	6.0	2.2148867	0.6042652	0.36318198	1.0	1.0	1.0	0.40143204	8.666316	3.5288181	0	11	0	1	0	0	615.8291808086645	1229.6438086837034	54.523464	-.IDIQLPSTGMR.-	DECOY_sp|P31327-2|CPSM_HUMAN;DECOY_sp|P31327-3|CPSM_HUMAN;DECOY_sp|P31327|CPSM_HUMAN
2017dec27_overlap_dia_6b_rep1_604to616.dia:3271.408:decoyIVNIIYKPDESDANIK+3	-1	77477	7.507381	0.5978144	0.78021634	0.8057957	0.5965241	1.4229196	0.17061903	11.0	3.0	0.48816612	0.6593602	6.80726	1.0	1.0	6.7375784	5.0	-0.47625494	0.48148224	0.0	0.0	0.0	0.0	0.07420349	3.3642306	0.16326931	0	16	0	0	1	0	611.3315163613807	1830.9727196837036	54.523464	-.IVNIIYKPDESDANIK.-	DECOY_sp|P35998|PRS7_HUMAN
2017dec27_overlap_dia_6b_rep1_604to616.dia:3271.408:decoyIYGSIVSTPHR+2	-1	77477	3.287097	0.63891536	0.9824904	0.3842964	0.25111192	-0.4713515	0.6498641	7.0	1.0	0.7934908	0.0	10.0	1.0	0.0	6.874872	4.0	-1.1788611	0.4420905	1.0	0.0	1.0	0.0	13.635479	10.0	0.468594	0	11	0	1	0	0	615.3354828086647	1228.6564126837036	54.523464	-.IYGSIVSTPHR.-	DECOY_sp|P17987|TCPA_HUMAN
2017dec27_overlap_dia_6b_rep1_604to616.dia:3271.408:decoyQQHVMLSQVR+2	-1	77477	4.321	0.49661857	0.9564602	0.51937324	0.34766912	0.0775318	0.47273707	8.0	1.0	2.870474	0.0	10.0	1.0	0.0	7.6294055	5.0	-0.75866127	0.4420905	0.0	0.0	0.0	0.0	22.293713	10.0	2.5455773	0	10	0	1	0	0	613.3271398086645	1224.6397266837032	54.523464	-.QQHVMLSQVR.-	DECOY_sp|Q969G3-2|SMCE1_HUMAN;DECOY_sp|Q969G3-3|SMCE1_HUMAN;DECOY_sp|Q969G3-4|SMCE1_HUMAN;DECOY_sp|Q969G3-5|SMCE1_HUMAN;DECOY_sp|Q969G3-6|SMCE1_HUMAN;DECOY_sp|Q969G3|SMCE1_HUMAN
2017dec27_overlap_dia_6b_rep1_604to616.dia:3271.408:decoyVQLENELELK+2	-1	77477	4.4314103	0.6198417	1.0300153	0.6697146	0.46716714	0.7068947	0.28862524	8.0	0.0	0.868801	0.53313434	-9.493069	1.0	1.0	7.541702	5.0	-1.186358	0.8266409	0.09242751	0.0	1.0	5.0	0.48298264	12.936098	0.5439042	0	10	0	1	0	0	607.8349853086646	1213.6554176837035	54.523464	-.VQLENELELK.-	DECOY_sp|O00291-3|HIP1_HUMAN;DECOY_sp|O00291-4|HIP1_HUMAN;DECOY_sp|O00291|HIP1_HUMAN
2017dec27_overlap_dia_6b_rep1_604to616.dia:3271.408:decoyVSSDVTFSQLK+2	-1	77477	4.0772185	0.27569813	1.0561644	0.296277	0.19149035	-0.86509	0.6754005	8.0	1.0	0.4475128	0.0	10.0	1.0	0.0	7.2219996	4.0	-0.8647361	0.0	0.0	0.0	0.0	0.0	8.8640785	10.0	0.12261599	0	11	0	1	0	0	605.8193353086647	1209.6241176837036	54.523464	-.VSSDVTFSQLK.-	DECOY_sp|O75369-2|FLNB_HUMAN;DECOY_sp|O75369-3|FLNB_HUMAN;DECOY_sp|O75369-4|FLNB_HUMAN;DECOY_sp|O75369-5|FLNB_HUMAN;DECOY_sp|O75369-6|FLNB_HUMAN;DECOY_sp|O75369-7|FLNB_HUMAN;DECOY_sp|O75369-8|FLNB_HUMAN;DECOY_sp|O75369-9|FLNB_HUMAN;DECOY_sp|O75369|FLNB_HUMAN
2017dec27_overlap_dia_6b_rep1_604to616.dia:3271.408:decoyVTEPSWAIGDR+2	-1	77477	6.217084	0.4761708	0.8477072	0.45427683	0.30020463	-0.18340513	0.5356209	10.0	2.0	0.76460814	0.0	10.0	1.0	0.0	7.6320376	6.0	0.31112003	0.0	0.0	0.0	0.0	0.0	1.0014343	10.0	0.43971133	0	11	0	1	0	0	615.8093023086645	1229.6040516837033	54.523464	-.VTEPSWAIGDR.-	DECOY_sp|Q8NFH4|NUP37_HUMAN
2017dec27_overlap_dia_6b_rep1_604to616.dia:3275.5186:decoyIRGTEDVYEK+2	-1	77581	1.7522082	0.40750065	0.7355005	0.47100633	0.31221825	-0.11610491	0.52138835	5.0	0.0	-3.5786638	0.5286913	-8.182624	1.0	1.0	6.3080945	4.0	-1.3717604	0.0	0.0	0.0	0.0	0.0	24.584305	11.611382	3.8920305	1	10	0	1	0	0	605.3091308086646	1208.6037086837034	54.591976	-.IRGTEDVYEK.-	DECOY_sp|O43290|SNUT1_HUMAN
2017dec27_overlap_dia_6b_rep1_604to616.dia:3277.6045:ILTDEAVSGWK+2	1	77633	8.655129	1.0672511	1.3607864	0.94360864	0.78518546	2.8173957	0.08846466	12.0	0.0	-3.5192108	0.9729449	1.1660931	0.0	2.0	8.058143	9.0	0.5519843	0.8849297	0.87432086	1.0	1.0	7.0	0.05935669	2.2428644	3.8321767	0	11	0	1	0	0	609.8218783086647	1217.6292036837037	54.626743	-.ILTDEAVSGWK.-	sp|Q93008-1|USP9X_HUMAN;sp|Q93008|USP9X_HUMAN
2017dec27_overlap_dia_6b_rep1_604to616.dia:3281.729:C[+57.0214635]SGNWMWAAK+2	1	77737	7.53487	0.92575127	1.1748161	0.8584478	0.6571416	1.8024572	0.13161004	11.0	1.0	-1.8569641	0.81312096	1.796561	0.0	1.0	8.225054	7.0	1.3607569	0.77813125	0.9433946	1.0	1.0	7.0	0.15451813	1.5727961	2.157999	0	10	0	1	0	0	605.7602435586647	1209.5059341837036	54.695484	-.C[+57.0214635]SGNWMWAAK.-	sp|O15067|PUR4_HUMAN
2017dec27_overlap_dia_6b_rep1_604to616.dia:3281.729:FSYNDSKEWEEAMAK+3	1	77737	8.56701	0.92426777	1.059109	0.7703216	0.5598087	1.2101281	0.3055019	12.0	2.0	-1.2450396	0.92247105	2.075439	0.0	2.0	7.442326	8.0	4.704533	0.8995517	0.8196047	1.0	1.0	9.0	0.028533936	1.2939181	1.5460745	1	15	0	0	1	0	612.2699283613808	1833.7879556837038	54.695484	-.FSYNDSKEWEEAMAK.-	sp|Q8WWI1-2|LMO7_HUMAN;sp|Q8WWI1-3|LMO7_HUMAN;sp|Q8WWI1-4|LMO7_HUMAN;sp|Q8WWI1-5|LMO7_HUMAN;sp|Q8WWI1|LMO7_HUMAN
2017dec27_overlap_dia_6b_rep1_604to616.dia:3281.729:SSNGTFINSQR+2	1	77737	3.5680964	0.79687726	1.3167641	0.7339485	0.5246494	1.0147492	0.2827011	7.0	0.0	-4.0281515	0.0	10.0	1.0	0.0	7.043967	5.0	-2.1037474	0.925033	0.05390125	1.0	1.0	4.0	22.880964	10.0	4.3291864	0	11	0	1	0	0	605.7941828086647	1209.5738126837036	54.695484	-.SSNGTFINSQR.-	sp|Q14BN4-2|SLMAP_HUMAN;sp|Q14BN4-3|SLMAP_HUMAN;sp|Q14BN4-6|SLMAP_HUMAN;sp|Q14BN4-7|SLMAP_HUMAN;sp|Q14BN4|SLMAP_HUMAN
2017dec27_overlap_dia_6b_rep1_604to616.dia:3281.729:decoySMPLVPDKPSDANC[+57.0214635]LAK+3	-1	77737	7.3747935	0.62355036	1.0462615	0.5937959	0.40474272	0.3796799	0.55266005	11.0	3.0	-4.4562297	0.0	10.0	1.0	0.0	6.665026	4.0	-1.4782467	0.0	0.0	0.0	0.0	0.0	5.4626503	10.0	4.7572646	0	17	0	0	1	0	614.9744615280473	1841.901555183703	54.695484	-.SMPLVPDKPSDANC[+57.0214635]LAK.-	DECOY_sp|Q29RF7|PDS5A_HUMAN
2017dec27_overlap_dia_6b_rep1_604to616.dia:3283.7676:decoyAYMDSPVIEAK+2	-1	77789	3.5205631	0.6429958	0.83886904	0.65785825	0.45707482	0.65376437	0.49706528	7.0	2.0	1.1513501	0.0	10.0	1.0	0.0	7.9708977	6.0	0.50202703	0.8711156	0.0	0.0	0.0	5.0	4.043152	10.0	0.8503152	0	11	0	1	0	0	612.3024598086647	1222.5903666837037	54.729458	-.AYMDSPVIEAK.-	DECOY_sp|P49917|DNLI4_HUMAN
2017dec27_overlap_dia_6b_rep1_604to616.dia:3285.8442:decoyAEETPTLAAGTR+2	-1	77841	4.3456087	0.30917618	0.87206924	0.5496521	0.3704794	0.1992651	0.7060067	8.0	1.0	-4.1573195	0.1931548	-9.360605	1.0	1.0	6.799531	6.0	-2.5975814	0.7497375	0.0	1.0	0.0	3.0	22.190605	12.729962	4.4583545	0	12	0	1	0	0	608.8120428086645	1215.6095326837033	54.764072	-.AEETPTLAAGTR.-	DECOY_sp|Q13459-2|MYO9B_HUMAN;DECOY_sp|Q13459|MYO9B_HUMAN
2017dec27_overlap_dia_6b_rep1_604to616.dia:3289.9482:decoyKAPHASC[+57.0214635]TQQGMPDFR+3	-1	77945	6.220593	0.7638889	1.0200208	0.45796221	0.302841	-0.16854905	0.5797393	10.0	3.0	0.27613604	0.0	10.0	1.0	0.0	7.3398	4.0	-1.2878323	0.68184733	0.0	1.0	0.0	5.0	23.89736	10.0	0.024898887	1	16	0	0	1	0	610.950651194714	1829.8301241837034	54.83247	-.KAPHASC[+57.0214635]TQQGMPDFR.-	DECOY_sp|Q9NPE3|NOP10_HUMAN
2017dec27_overlap_dia_6b_rep1_604to616.dia:3294.1047:LC[+57.0214635]EGFNEVLK+2	1	78049	7.5587726	0.44685322	0.6449079	0.907019	0.72329557	2.2777684	0.185027	11.0	0.0	1.659058	0.8250054	7.9025717	0.0	1.0	8.170164	9.0	1.1577883	0.6117245	0.6523185	1.0	1.0	7.0	0.055431366	4.5134144	1.358023	0	10	0	1	0	0	604.8026310586647	1207.5907091837037	54.901745	-.LC[+57.0214635]EGFNEVLK.-	sp|Q9Y6H1|CHCH2_HUMAN
2017dec27_overlap_dia_6b_rep1_604to616.dia:3294.1047:SPQVLGSSLSVR+2	1	78049	6.31211	0.45801255	0.59346086	0.5653881	0.3825472	0.26305887	0.6874372	10.0	1.0	-0.9675051	0.56735516	-4.1905966	1.0	2.0	7.632576	5.0	-0.34240103	0.0	0.0	0.0	0.0	0.0	3.6873589	7.579754	1.26854	0	12	0	1	0	0	615.3460513086646	1228.6775496837035	54.901745	-.SPQVLGSSLSVR.-	sp|Q86UU0-2|BCL9L_HUMAN;sp|Q86UU0-3|BCL9L_HUMAN;sp|Q86UU0-4|BCL9L_HUMAN;sp|Q86UU0|BCL9L_HUMAN
2017dec27_overlap_dia_6b_rep1_604to616.dia:3298.2417:DIISDTSGDFR+2	1	78153	7.539054	1.4387234	1.869217	0.8667573	0.6675997	1.8725865	0.26138175	11.0	2.0	0.9757741	0.97780013	6.1294637	0.0	2.0	9.046229	8.0	-0.7244091	0.93526495	0.93393254	1.0	1.0	7.0	0.8099098	2.7403064	0.6866701	0	11	0	1	0	0	613.2883993086647	1224.5622456837036	54.970695	-.DIISDTSGDFR.-	sp|A6NMY6|AXA2L_HUMAN;sp|P07355-2|ANXA2_HUMAN;sp|P07355|ANXA2_HUMAN
2017dec27_overlap_dia_6b_rep1_604to616.dia:3298.2417:NFGTDPEVTDLVHNTR+3	1	78153	6.5403495	0.63983387	0.82009494	0.95628166	0.81106085	3.085285	0.031132193	10.0	1.0	1.9469783	0.0	10.0	1.0	0.0	6.943934	5.0	-0.93486166	0.0	0.0	0.0	0.0	0.0	0.013519287	10.0	1.6578743	0	16	0	0	1	0	605.6271070280474	1813.8594916837035	54.970695	-.NFGTDPEVTDLVHNTR.-	sp|O75976-2|CBPD_HUMAN;sp|O75976|CBPD_HUMAN
2017dec27_overlap_dia_6b_rep1_604to616.dia:3300.2822:decoyYAQAFTSATIR+2	-1	78205	4.3691797	0.46046078	0.60090905	0.5803086	0.3941362	0.3240404	0.36533585	8.0	1.0	5.5528507	0.0	10.0	1.0	0.0	7.889567	4.0	-1.5216784	0.7547923	0.0	0.0	0.0	0.0	6.6363297	10.0	5.2637467	0	11	0	1	0	0	614.8196663086646	1227.6247796837035	55.004704	-.YAQAFTSATIR.-	DECOY_sp|Q99575|POP1_HUMAN
2017dec27_overlap_dia_6b_rep1_604to616.dia:3304.4734:decoyAMTEYNNPYK+2	-1	78309	3.5179808	0.21976636	0.28576168	0.6539584	0.45378578	0.6364847	0.36161247	7.0	0.0	-3.0310092	0.0	10.0	1.0	0.0	8.136116	5.0	-1.1407351	0.77957743	0.0	1.0	0.0	4.0	19.732323	10.0	3.3201132	0	10	0	1	0	0	615.7766048086646	1229.5386566837035	55.07456	-.AMTEYNNPYK.-	DECOY_sp|Q6PD62|CTR9_HUMAN
2017dec27_overlap_dia_6b_rep1_604to616.dia:3306.5437:decoyEQYDELAMGR+2	-1	78361	2.759456	0.28973696	0.31255525	0.7982211	0.58845073	1.3752131	0.09813033	6.0	0.0	-0.716941	0.0	10.0	1.0	0.0	8.224294	4.0	-2.705874	0.9275179	0.0	1.0	0.0	5.0	11.2554245	10.0	1.006045	0	10	0	1	0	0	606.2716913086645	1210.5288296837032	55.109062	-.EQYDELAMGR.-	DECOY_sp|Q53GS7-2|GLE1_HUMAN;DECOY_sp|Q53GS7|GLE1_HUMAN
2017dec27_overlap_dia_6b_rep1_604to616.dia:3310.6562:YFVEAGAMAVR+2	1	78465	7.58572	0.4055381	0.51204884	0.96508145	0.8312689	3.3191943	0.043239478	11.0	0.0	1.8660176	0.0	10.0	1.0	0.0	9.4552555	9.0	2.167954	0.9280057	0.1847046	1.0	1.0	8.0	0.1654129	10.0	1.5769136	0	11	0	1	0	0	607.3053373086647	1212.5961216837036	55.177605	-.YFVEAGAMAVR.-	sp|P17987|TCPA_HUMAN
2017dec27_overlap_dia_6b_rep1_604to616.dia:3316.8394:decoyAQIEQILEER+2	-1	78621	4.486685	0.3114157	0.46409088	0.7606133	0.5502033	1.156045	0.22525136	8.0	0.0	0.31108618	0.9632375	0.71228296	0.0	3.0	7.6636877	4.0	-1.1351433	0.71511024	0.70662844	0.0	1.0	0.0	2.7893524	2.6570742	0.021982193	0	10	0	1	0	0	614.8302348086645	1227.6459166837033	55.280655	-.AQIEQILEER.-	DECOY_sp|Q9H5N1-2|RABE2_HUMAN;DECOY_sp|Q9H5N1|RABE2_HUMAN
2017dec27_overlap_dia_6b_rep1_604to616.dia:3316.8394:decoyTLAQETEFKR+2	-1	78621	5.289492	0.38331658	0.7787186	0.5366962	0.36065578	0.14704916	0.6858407	9.0	2.0	2.0036285	0.0	10.0	1.0	0.0	8.4985	6.0	-1.067038	0.42128465	-0.041466773	0.0	1.0	0.0	22.587402	10.0	1.7145245	1	10	0	1	0	0	611.8249528086646	1221.6353526837036	55.280655	-.TLAQETEFKR.-	DECOY_sp|P08727|K1C19_HUMAN;DECOY_sp|Q04695|K1C17_HUMAN
2017dec27_overlap_dia_6b_rep1_604to616.dia:3318.9277:decoyTLQALNIQGPR+2	-1	78673	3.5776982	0.81589997	0.99325556	0.7503563	0.5402361	1.1005136	0.32657397	7.0	0.0	-1.1704259	0.0	10.0	1.0	0.0	7.616341	4.0	-2.6968226	0.10127251	0.0	1.0	0.0	4.0	0.59921646	10.0	1.4595299	0	11	0	1	0	0	605.8487623086646	1209.6829716837035	55.315464	-.TLQALNIQGPR.-	DECOY_sp|Q9UPN9-2|TRI33_HUMAN;DECOY_sp|Q9UPN9|TRI33_HUMAN
2017dec27_overlap_dia_6b_rep1_604to616.dia:3320.936:SKAEEVVSFVK+2	1	78725	4.3946643	0.46393532	0.93576425	0.6153803	0.4219951	0.4699853	0.33724675	8.0	1.0	-1.996397	0.0	10.0	1.0	0.0	7.924584	6.0	-2.049284	0.773836	0.0	1.0	0.0	7.0	10.557899	10.0	2.285501	1	11	0	1	0	0	611.8375278086647	1221.6605026837037	55.348934	-.SKAEEVVSFVK.-	sp|Q9BWH2|FUND2_HUMAN
2017dec27_overlap_dia_6b_rep1_604to616.dia:3320.936:decoyGPLSVDVDPGEK+2	-1	78725	4.4123793	0.51203334	0.87492317	0.6410007	0.44296092	0.57971007	0.40129328	8.0	0.0	1.9022031	0.5268116	-1.998793	1.0	1.0	7.4716473	4.0	-1.7366405	0.8760083	0.0	1.0	0.0	6.0	2.9423065	5.36815	1.6130991	0	12	0	1	0	0	606.8089678086648	1211.6033826837038	55.348934	-.GPLSVDVDPGEK.-	DECOY_sp|Q09666|AHNK_HUMAN
2017dec27_overlap_dia_6b_rep1_604to616.dia:3323.0283:decoyELELKDEVSR+2	-1	78777	3.4706247	0.44641528	1.0588577	0.5864	0.39891064	0.34910274	0.22836636	7.0	0.0	0.65605694	0.0	10.0	1.0	0.0	7.8705072	5.0	-2.4760685	0.9145941	-0.071344174	1.0	1.0	5.0	11.528793	10.0	0.36695296	1	10	0	1	0	0	609.3222418086647	1216.6299306837036	55.383804	-.ELELKDEVSR.-	DECOY_sp|Q6I9Y2|THOC7_HUMAN
2017dec27_overlap_dia_6b_rep1_604to616.dia:3323.0283:decoyNLTSIEEEHR+2	-1	78777	5.305557	0.5700621	1.1487092	0.55692065	0.37603456	0.22867385	0.6772342	9.0	0.0	1.0820054	0.0	10.0	1.0	0.0	8.377187	5.0	-1.584517	0.9125227	0.0	1.0	0.0	6.0	24.5677	10.0	0.7929014	0	10	0	1	0	0	614.3018408086647	1226.5891286837036	55.383804	-.NLTSIEEEHR.-	DECOY_sp|P08727|K1C19_HUMAN
2017dec27_overlap_dia_6b_rep1_604to616.dia:3323.0283:decoyQQAAEQALQLK+2	-1	78777	3.479884	0.57547295	0.980468	0.59903634	0.408899	0.40145147	0.2608479	7.0	0.0	-0.7221826	0.48004344	8.894346	1.0	1.0	7.478403	4.0	-2.3678808	0.79087204	0.6893034	1.0	1.0	5.0	16.259972	5.505189	1.0112865	0	11	0	1	0	0	614.3382278086646	1226.6619026837034	55.383804	-.QQAAEQALQLK.-	DECOY_sp|Q15149-2|PLEC_HUMAN;DECOY_sp|Q15149-3|PLEC_HUMAN;DECOY_sp|Q15149-4|PLEC_HUMAN;DECOY_sp|Q15149-5|PLEC_HUMAN;DECOY_sp|Q15149-6|PLEC_HUMAN;DECOY_sp|Q15149-7|PLEC_HUMAN;DECOY_sp|Q15149-8|PLEC_HUMAN;DECOY_sp|Q15149-9|PLEC_HUMAN;DECOY_sp|Q15149|PLEC_HUMAN
2017dec27_overlap_dia_6b_rep1_604to616.dia:3323.0283:decoySSQAEGAIGAEAK+2	-1	78777	3.4272969	0.45108983	0.7062326	0.53072095	0.35615754	0.12303878	0.38062015	7.0	1.0	-2.5770793	0.8373123	-9.645503	0.0	1.0	7.2198076	4.0	-2.2761607	0.8817138	0.465051	1.0	1.0	7.0	25.376133	13.03466	2.8661833	0	13	0	1	0	0	609.8016743086647	1217.5887956837037	55.383804	-.SSQAEGAIGAEAK.-	DECOY_sp|Q7Z478|DHX29_HUMAN
2017dec27_overlap_dia_6b_rep1_604to616.dia:3323.0283:decoyVTPHWC[+57.0214635]LATK+2	-1	78777	2.682536	0.4669848	0.79256934	0.6686568	0.4662609	0.7021163	0.23355095	6.0	0.0	0.30470395	0.53424996	1.572638	1.0	1.0	7.8356004	4.0	-2.271031	0.83639854	0.0	1.0	0.0	3.0	11.689129	1.8165193	0.015599966	0	10	0	1	0	0	606.8133340586646	1211.6121151837035	55.383804	-.VTPHWC[+57.0214635]LATK.-	DECOY_sp|Q8TEQ6|GEMI5_HUMAN
2017dec27_overlap_dia_6b_rep1_604to616.dia:3323.0283:decoyWDDVTPNDIR+2	-1	78777	3.369524	0.48224086	0.76931506	0.46461514	0.30761462	-0.14177649	0.56480324	7.0	0.0	-1.1946439	0.0	10.0	1.0	0.0	7.9251103	5.0	-2.4529054	0.8668935	0.0	1.0	0.0	5.0	9.9039	10.0	1.4837478	0	10	0	1	0	0	615.7911093086647	1229.5676656837036	55.383804	-.WDDVTPNDIR.-	DECOY_sp|P18206-2|VINC_HUMAN;DECOY_sp|P18206|VINC_HUMAN
2017dec27_overlap_dia_6b_rep1_604to616.dia:3324.992:AWGPGLEGGVVGK+2	1	78829	10.923554	1.579275	1.9376748	0.96193564	0.8237855	3.229669	0.063747264	14.0	4.0	-0.48863095	0.7807548	3.409015	1.0	3.0	9.639938	11.0	0.19214535	0.7394616	0.9775077	1.0	1.0	12.0	0.07235718	0.019857645	0.77773494	0	13	0	1	0	0	613.8300383086647	1225.6455236837037	55.41653	-.AWGPGLEGGVVGK.-	sp|P21333-2|FLNA_HUMAN;sp|P21333|FLNA_HUMAN
2017dec27_overlap_dia_6b_rep1_604to616.dia:3324.992:STIGAYFLKPK+2	1	78829	3.5736923	0.46410865	0.7523875	0.7434669	0.53363985	1.0640665	0.20261702	7.0	1.0	-0.17385906	0.0	10.0	1.0	0.0	7.97606	5.0	-1.9002609	0.9192658	-0.04295645	1.0	1.0	5.0	1.9101448	10.0	0.46296304	0	11	0	1	0	0	612.8529773086647	1223.6914016837036	55.41653	-.STIGAYFLKPK.-	sp|Q8NI36|WDR36_HUMAN
2017dec27_overlap_dia_6b_rep1_604to616.dia:3324.992:decoyAEKDNYLEIK+2	-1	78829	2.713064	0.71719515	1.1441702	0.71735007	0.50929034	0.9313548	0.19345714	6.0	0.0	1.2251462	0.0	10.0	1.0	0.0	7.852768	3.0	-2.7318678	0.86329424	-0.016130975	1.0	1.0	3.0	21.213295	10.0	0.9360422	1	10	0	1	0	0	611.8193308086646	1221.6241086837035	55.41653	-.AEKDNYLEIK.-	DECOY_sp|Q96BN8|OTUL_HUMAN
2017dec27_overlap_dia_6b_rep1_604to616.dia:3324.992:decoyGPLTVDVDPGEK+2	-1	78829	5.1993794	0.48014852	1.0494776	0.43613	0.28730243	-0.25688344	0.81996626	9.0	0.0	1.3734217	0.0	10.0	1.0	0.0	8.019035	5.0	-1.1270456	0.837806	0.0	1.0	0.0	7.0	2.2463112	10.0	1.0843177	0	12	0	1	0	0	613.8167933086645	1225.6190336837033	55.41653	-.GPLTVDVDPGEK.-	DECOY_sp|Q09666|AHNK_HUMAN
2017dec27_overlap_dia_6b_rep1_604to616.dia:3324.992:decoyNTSEEYEYGK+2	-1	78829	3.4457023	0.40723777	0.61073303	0.5536963	0.37356627	0.21561655	0.3333156	7.0	0.0	-0.14048803	0.0	10.0	1.0	0.0	8.102028	4.0	-2.1148558	0.9057226	0.0	1.0	0.0	5.0	25.40886	10.0	0.429592	0	10	0	1	0	0	610.2592988086647	1218.5040446837036	55.41653	-.NTSEEYEYGK.-	DECOY_sp|O75717-2|WDHD1_HUMAN;DECOY_sp|O75717|WDHD1_HUMAN
2017dec27_overlap_dia_6b_rep1_604to616.dia:3324.992:decoySGVPTNVSETPK+2	-1	78829	5.482989	0.5213457	0.95307976	0.8379641	0.6325084	1.6431575	0.20450531	9.0	0.0	-0.839826	0.0	10.0	1.0	0.0	7.8897605	5.0	-2.1446342	0.89181846	-0.05312089	1.0	1.0	5.0	23.27856	10.0	1.12893	0	12	0	1	0	0	608.3144173086645	1214.6142816837032	55.41653	-.SGVPTNVSETPK.-	DECOY_sp|Q8WXG6-2|MADD_HUMAN;DECOY_sp|Q8WXG6-3|MADD_HUMAN;DECOY_sp|Q8WXG6-4|MADD_HUMAN;DECOY_sp|Q8WXG6-5|MADD_HUMAN;DECOY_sp|Q8WXG6-6|MADD_HUMAN;DECOY_sp|Q8WXG6-7|MADD_HUMAN;DECOY_sp|Q8WXG6-8|MADD_HUMAN;DECOY_sp|Q8WXG6|MADD_HUMAN
2017dec27_overlap_dia_6b_rep1_604to616.dia:3335.104:C[+57.0214635]EAVVADVLDK+2	1	79089	5.4321995	0.71563476	1.0875733	0.7454803	0.53555965	1.0746504	0.2377032	9.0	0.0	2.8685102	0.7087876	-2.1824853	0.0	3.0	7.3519993	5.0	-1.0126963	0.8045826	0.6633541	0.0	1.0	4.0	0.046344757	5.571643	2.5794063	0	11	0	1	0	0	609.8053710586647	1217.5961891837037	55.585068	-.C[+57.0214635]EAVVADVLDK.-	sp|P51659-2|DHB4_HUMAN;sp|P51659-3|DHB4_HUMAN;sp|P51659|DHB4_HUMAN
2017dec27_overlap_dia_6b_rep1_604to616.dia:3335.104:ENVLIGDGAGFK+2	1	79089	10.910631	1.4859879	2.1143038	0.9337333	0.7669384	2.645503	0.13012902	14.0	0.0	1.2796539	0.81569594	7.5737996	0.0	1.0	8.914832	10.0	1.1149306	0.8520885	0.8392383	1.0	1.0	7.0	0.12359238	4.1846423	0.9905499	0	12	0	1	0	0	610.3195028086648	1218.6244526837038	55.585068	-.ENVLIGDGAGFK.-	sp|P11310-2|ACADM_HUMAN;sp|P11310|ACADM_HUMAN
2017dec27_overlap_dia_6b_rep1_604to616.dia:3335.104:GSGSVVGELMYK+2	1	79089	5.4551287	0.5102909	0.66736627	0.7858964	0.5755963	1.3003651	0.06690607	9.0	0.0	0.75660217	0.0	10.0	1.0	0.0	7.283569	5.0	-1.2586889	0.4760392	0.0	0.0	0.0	0.0	0.5621109	10.0	0.46749818	0	12	0	1	0	0	613.8079093086648	1225.6012656837038	55.585068	-.GSGSVVGELMYK.-	sp|O75746-2|CMC1_HUMAN;sp|O75746|CMC1_HUMAN
2017dec27_overlap_dia_6b_rep1_604to616.dia:3337.09:LLSASPVDAAIR+2	1	79141	7.588464	1.4912256	1.9730453	0.9711971	0.8468345	3.5180545	0.035333723	11.0	0.0	-0.61589384	0.8219626	4.042933	0.23769906	2.0	8.39912	9.0	0.18781948	0.94508696	0.8717593	1.0	1.0	8.0	0.07383728	0.6537757	0.9049978	0	12	0	1	0	0	606.8509698086646	1211.6873866837034	55.618168	-.LLSASPVDAAIR.-	sp|Q9NRG9-2|AAAS_HUMAN;sp|Q9NRG9|AAAS_HUMAN
2017dec27_overlap_dia_6b_rep1_604to616.dia:3337.09:LVQEALEAVPR+2	1	79141	9.753661	1.4059538	1.8361516	0.91071075	0.72893065	2.3223443	0.17731012	13.0	1.0	0.6889426	0.9941125	-0.040195465	0.0	3.0	8.667444	9.0	5.257764	0.9209511	0.6561533	1.0	1.0	8.0	0.23313904	3.4293528	0.39983863	0	11	0	1	0	0	612.8509703086646	1223.6873876837035	55.618168	-.LVQEALEAVPR.-	sp|Q15269|PWP2_HUMAN
2017dec27_overlap_dia_6b_rep1_604to616.dia:3337.09:decoyIETLLQPDHR+2	-1	79141	2.6501794	0.5854596	1.0537945	0.62064993	0.42626238	0.49230775	0.5020286	6.0	1.0	-1.3570874	0.0	10.0	1.0	0.0	7.0549574	3.0	-1.234725	0.47641698	0.0	0.0	0.0	0.0	15.638947	10.0	1.6461914	0	10	0	1	0	0	611.3329448086646	1220.6513366837034	55.618168	-.IETLLQPDHR.-	DECOY_sp|P14868-2|SYDC_HUMAN;DECOY_sp|P14868|SYDC_HUMAN
2017dec27_overlap_dia_6b_rep1_604to616.dia:3337.09:decoyNPQIDQGIGFK+2	-1	79141	7.3761835	0.7443571	1.2452456	0.5956996	0.40625024	0.3875784	0.45108756	11.0	1.0	-0.8049983	0.0	10.0	1.0	0.0	7.9376926	6.0	-0.150805	0.0	0.0	0.0	0.0	0.0	4.6754684	10.0	1.0941023	0	11	0	1	0	0	608.8196703086647	1215.6247876837037	55.618168	-.NPQIDQGIGFK.-	DECOY_sp|P62424|RL7A_HUMAN
2017dec27_overlap_dia_6b_rep1_604to616.dia:3337.09:decoyYVTTDGSGSALR+2	-1	79141	4.233936	0.5809326	0.79671353	0.42502564	0.27946985	-0.30217597	0.5438934	8.0	1.0	0.29321343	0.0	10.0	1.0	0.0	7.1433434	6.0	-1.1022167	0.0	0.0	0.0	0.0	0.0	24.352442	10.0	0.0041094422	0	12	0	1	0	0	613.8042128086645	1225.5938726837032	55.618168	-.YVTTDGSGSALR.-	DECOY_sp|Q9NVX2|NLE1_HUMAN
2017dec27_overlap_dia_6b_rep1_604to616.dia:3339.1323:decoyAIQTDLVTVNR+2	-1	79193	3.4371638	0.45567602	1.146978	0.5429166	0.36536008	0.17208984	0.32349673	7.0	0.0	-3.1149795	0.20064841	4.6232285	1.0	1.0	7.196927	4.0	-1.9634943	0.850851	0.10041964	1.0	1.0	5.0	3.0894012	1.2340713	3.3921525	0	11	0	1	0	0	615.3460523086646	1228.6775516837035	55.652206	-.AIQTDLVTVNR.-	DECOY_sp|Q9NZM1-2|MYOF_HUMAN;DECOY_sp|Q9NZM1-3|MYOF_HUMAN;DECOY_sp|Q9NZM1-5|MYOF_HUMAN;DECOY_sp|Q9NZM1-6|MYOF_HUMAN;DECOY_sp|Q9NZM1|MYOF_HUMAN
2017dec27_overlap_dia_6b_rep1_604to616.dia:3341.1409:TC[+57.0214635]TLLEKFPETTGC[+57.0214635]R+3	1	79245	3.6461463	0.57858783	0.7751873	0.878447	0.6828399	1.9778051	0.052017007	7.0	2.0	0.5211109	0.0	10.0	1.0	0.0	6.3035536	2.0	-1.6714797	0.0	0.0	0.0	0.0	0.0	2.479412	10.0	0.24393785	1	15	0	0	1	0	604.9588123613808	1811.8546076837035	55.68568	-.TC[+57.0214635]TLLEKFPETTGC[+57.0214635]R.-	sp|Q12797-10|ASPH_HUMAN;sp|Q12797|ASPH_HUMAN
2017dec27_overlap_dia_6b_rep1_604to616.dia:3345.2402:ATIFEINASSR+2	1	79349	7.56889	0.6241991	1.1855191	0.9283975	0.7576264	2.5623295	0.11444029	11.0	1.0	0.013385937	0.97882354	1.7943257	0.0	2.0	8.170388	7.0	2.0138016	0.8986935	0.9065426	1.0	1.0	6.0	0.015281677	1.5948316	0.2637871	0	11	0	1	0	0	604.8171268086646	1207.6197006837035	55.754005	-.ATIFEINASSR.-	sp|Q8TDD1-2|DDX54_HUMAN;sp|Q8TDD1|DDX54_HUMAN
2017dec27_overlap_dia_6b_rep1_604to616.dia:3347.3499:NLTVILSDASAPGEGEHK+3	1	79401	9.681595	0.6575171	1.0421796	0.7714609	0.5609473	1.2165786	0.26895985	13.0	9.0	-0.79772764	0.9821812	1.6817662	0.0	3.0	7.210805	6.0	-0.84482	0.6672962	0.66587496	0.0	1.0	0.0	0.16412354	1.7073911	1.0749006	0	18	0	0	1	0	613.3145286947141	1836.9217566837035	55.789165	-.NLTVILSDASAPGEGEHK.-	sp|Q9H0D6-2|XRN2_HUMAN;sp|Q9H0D6|XRN2_HUMAN
2017dec27_overlap_dia_6b_rep1_604to616.dia:3349.3787:AEVLSEEPILK+2	1	79453	8.630734	1.0130168	1.3146198	0.8920656	0.7014885	2.112016	0.21273655	12.0	2.0	0.47278333	0.9999974	2.5626895	0.0	3.0	8.617272	8.0	4.245507	0.74806815	0.8807506	1.0	1.0	5.0	0.09170151	0.82646775	0.19561028	0	11	0	1	0	0	614.3451858086647	1226.6758186837037	55.82298	-.AEVLSEEPILK.-	sp|Q7L1Q6-2|BZW1_HUMAN;sp|Q7L1Q6-3|BZW1_HUMAN;sp|Q7L1Q6-4|BZW1_HUMAN;sp|Q7L1Q6|BZW1_HUMAN
2017dec27_overlap_dia_6b_rep1_604to616.dia:3349.3787:FSHEEIAMATVTALRR+3	1	79453	15.769627	1.2481093	0.8217888	0.91893613	0.7419005	2.4279792	0.07089874	18.0	13.0	0.117020816	0.9194468	1.4417253	0.0	2.0	8.567597	9.0	15.948441	0.8407006	0.6611717	1.0	1.0	15.0	0.4399414	1.947432	0.16015223	1	16	0	0	1	0	611.3209610280475	1830.9410536837038	55.82298	-.FSHEEIAMATVTALRR.-	sp|P04075-2|ALDOA_HUMAN;sp|P04075|ALDOA_HUMAN
2017dec27_overlap_dia_6b_rep1_604to616.dia:3349.3787:IC[+57.0214635]SWNVDGLR+2	1	79453	8.673876	1.9822156	2.3633142	0.98523057	0.8904498	4.200316	0.02792788	12.0	3.0	1.4775052	0.8256492	1.0203904	0.0	1.0	9.486034	9.0	-0.5754185	0.8773193	0.9820119	1.0	1.0	9.0	0.023487091	2.3687668	1.2003322	0	10	0	1	0	0	610.2980470586647	1218.5815411837036	55.82298	-.IC[+57.0214635]SWNVDGLR.-	sp|P27695|APEX1_HUMAN
2017dec27_overlap_dia_6b_rep1_604to616.dia:3349.3787:SSSGLLEWESK+2	1	79453	10.91853	1.8946471	2.497352	0.95087165	0.7996195	2.9629428	0.09561325	14.0	7.0	1.7904539	0.99992776	6.500029	0.0	3.0	9.538077	10.0	-1.2112134	0.7712024	0.97855276	1.0	1.0	11.0	0.12970734	3.1108718	1.5132809	0	11	0	1	0	0	611.8011418086647	1221.5877306837037	55.82298	-.SSSGLLEWESK.-	sp|P14866-2|HNRPL_HUMAN;sp|P14866|HNRPL_HUMAN
2017dec27_overlap_dia_6b_rep1_604to616.dia:3349.3787:TPGQINLAQLR+2	1	79453	6.4765387	0.5331641	0.883784	0.8256105	0.6183382	1.5548319	0.21164483	10.0	1.0	1.1137679	0.8211501	5.7546206	0.0	1.0	7.891703	5.0	-1.6395593	0.3000824	0.613274	0.0	1.0	3.0	0.09170151	2.3654633	0.8365948	0	11	0	1	0	0	605.8487623086646	1209.6829716837035	55.82298	-.TPGQINLAQLR.-	sp|Q9UPN9-2|TRI33_HUMAN;sp|Q9UPN9|TRI33_HUMAN
2017dec27_overlap_dia_6b_rep1_604to616.dia:3349.3787:decoyDAPAEEEGVPAK+2	-1	79453	5.2115254	0.46899316	0.69457865	0.44849977	0.29608297	-0.206734	0.63959914	9.0	0.0	3.3906708	0.19275254	4.4213514	1.0	1.0	7.465347	6.0	-0.7080102	0.60929126	0.0	0.0	0.0	0.0	25.815308	1.0321941	3.1134977	0	12	0	1	0	0	606.7907753086647	1211.5669976837037	55.82298	-.DAPAEEEGVPAK.-	DECOY_sp|Q9UBK8-2|MTRR_HUMAN;DECOY_sp|Q9UBK8|MTRR_HUMAN
2017dec27_overlap_dia_6b_rep1_604to616.dia:3351.4636:decoyQQWAANVEDR+2	-1	79505	2.4265678	0.38975444	0.8016353	0.37088135	0.2418887	-0.5284378	0.58982813	6.0	0.0	-0.61797714	0.0	10.0	1.0	0.0	6.948424	3.0	-2.593466	0.60337365	0.22649066	1.0	1.0	4.0	17.415524	10.0	0.8951502	0	10	0	1	0	0	608.7889013086644	1215.5632496837031	55.857727	-.QQWAANVEDR.-	DECOY_sp|Q13813-2|SPTN1_HUMAN;DECOY_sp|Q13813-3|SPTN1_HUMAN;DECOY_sp|Q13813|SPTN1_HUMAN
2017dec27_overlap_dia_6b_rep1_604to616.dia:3353.4944:decoyAKETAAVASSEAPKGSVLK+3	-1	79557	5.325043	0.6787717	1.0848198	0.5824781	0.39583367	0.33295465	0.5676609	9.0	5.0	1.2160661	0.0	10.0	1.0	0.0	6.693584	5.0	-0.39883995	0.7079034	0.0	0.0	0.0	2.0	24.073032	10.0	0.9388931	2	19	0	0	1	0	615.3423073613807	1843.0050926837032	55.891575	-.AKETAAVASSEAPKGSVLK.-	DECOY_sp|O95182|NDUA7_HUMAN
2017dec27_overlap_dia_6b_rep1_604to616.dia:3355.5781:ATAENEFVVLK+2	1	79609	9.790892	1.8646231	2.2376893	0.9922252	0.9205634	4.8490663	0.010964677	13.0	6.0	0.551971	0.83470696	-0.9190221	0.0	2.0	9.245311	9.0	5.1917386	0.87149364	0.93451166	1.0	1.0	8.0	0.06355667	4.3081794	0.27723613	0	11	0	1	0	0	610.8297033086646	1219.6448536837036	55.926304	-.ATAENEFVVLK.-	sp|P78386|KRT85_HUMAN
2017dec27_overlap_dia_6b_rep1_604to616.dia:3355.5781:TAAENEFVVLK+2	1	79609	12.110076	1.8893789	2.4659898	0.985317	0.8907716	4.2062726	0.024889853	15.0	8.0	0.551971	0.83470696	-0.9190221	0.0	2.0	9.530965	10.0	1.5455456	0.870521	0.9323935	1.0	1.0	9.0	0.06355667	4.3081794	0.27723613	0	11	0	1	0	0	610.8297033086646	1219.6448536837036	55.926304	-.TAAENEFVVLK.-	sp|P08729|K2C7_HUMAN;sp|Q14CN4-2|K2C72_HUMAN;sp|Q14CN4-3|K2C72_HUMAN;sp|Q14CN4|K2C72_HUMAN
2017dec27_overlap_dia_6b_rep1_604to616.dia:3357.5637:SPEQQLSATQK+2	1	79661	5.3442607	0.62198025	0.84496975	0.6088315	0.4167229	0.44240323	0.40116102	9.0	1.0	-2.228757	0.0	10.0	1.0	0.0	7.6748905	5.0	-0.7012005	0.0	0.0	0.0	0.0	0.0	25.951725	10.0	2.4939985	0	11	0	1	0	0	608.8120423086647	1215.6095316837036	55.959396	-.SPEQQLSATQK.-	sp|P52294|IMA5_HUMAN
2017dec27_overlap_dia_6b_rep1_604to616.dia:3359.7253:EQTLSPTITSGLHNIAR+3	1	79714	8.599797	0.78347355	0.98538077	0.8307291	0.6241523	1.5908036	0.08873538	12.0	6.0	-1.8533928	0.99287367	3.5447025	0.0	3.0	7.0706954	7.0	2.9235773	0.740946	0.8987577	0.0	1.0	3.0	0.15175629	0.15554523	2.1067035	0	17	0	0	1	0	613.3304020280474	1836.9693766837033	55.995422	-.EQTLSPTITSGLHNIAR.-	sp|O94979-10|SC31A_HUMAN;sp|O94979-2|SC31A_HUMAN;sp|O94979-3|SC31A_HUMAN;sp|O94979-4|SC31A_HUMAN;sp|O94979-6|SC31A_HUMAN;sp|O94979-7|SC31A_HUMAN;sp|O94979-8|SC31A_HUMAN;sp|O94979-9|SC31A_HUMAN;sp|O94979|SC31A_HUMAN
2017dec27_overlap_dia_6b_rep1_604to616.dia:3361.742:DDKERPPFIPEGVVAR+3	1	79766	8.625333	0.8842798	0.7963534	0.88103926	0.68631095	2.0023086	0.12837783	12.0	6.0	-2.8047578	0.7687779	-2.1687908	0.0	2.0	7.231157	6.0	1.5036159	0.9034528	0.8568068	1.0	1.0	7.0	0.19478989	5.557948	3.0580685	1	16	0	0	1	0	608.9916090280475	1823.9529976837036	56.029034	-.DDKERPPFIPEGVVAR.-	sp|Q9BZE4-2|NOG1_HUMAN;sp|Q9BZE4-3|NOG1_HUMAN;sp|Q9BZE4|NOG1_HUMAN
2017dec27_overlap_dia_6b_rep1_604to616.dia:3361.742:ILIRPMYSNPPLNGAR+3	1	79766	21.037962	2.3244274	2.0973551	0.9709461	0.8461652	3.5091174	0.05482656	22.0	16.0	-0.18325675	0.9954971	3.0735757	0.0	3.0	9.2893915	9.0	15.53606	0.8667596	0.9372115	1.0	1.0	17.0	0.3767662	0.31558156	0.43656743	0	16	0	0	1	0	604.669809694714	1810.9875996837034	56.029034	-.ILIRPMYSNPPLNGAR.-	sp|P00505-2|AATM_HUMAN;sp|P00505|AATM_HUMAN
2017dec27_overlap_dia_6b_rep1_604to616.dia:3363.8213:SQWSPALTISK+2	1	79818	9.773699	1.7682965	1.877092	0.95371264	0.8055464	3.0254936	0.09134914	13.0	4.0	-2.0576386	0.99544257	3.059002	0.069152415	3.0	9.381846	9.0	4.1025505	0.87104774	0.9686818	1.0	1.0	8.0	0.0042533875	0.33015537	2.3109493	0	11	0	1	0	0	609.3298703086648	1216.6451876837039	56.063686	-.SQWSPALTISK.-	sp|P61077-2|UB2D3_HUMAN;sp|P61077-3|UB2D3_HUMAN;sp|P61077|UB2D3_HUMAN;sp|P62837-2|UB2D2_HUMAN;sp|P62837|UB2D2_HUMAN
2017dec27_overlap_dia_6b_rep1_604to616.dia:3365.8435:decoyIGGPAC[+57.0214635]C[+57.0214635]MDLK+2	-1	79870	4.255441	0.43059254	0.6071594	0.4466017	0.29473174	-0.21441089	0.649284	8.0	0.0	0.22660488	0.0	10.0	1.0	0.0	8.115462	4.0	-1.330595	0.7056837	0.29169482	1.0	1.0	6.0	11.694809	10.0	0.026705801	0	11	0	1	0	0	611.2748698086646	1220.5351866837034	56.097393	-.IGGPAC[+57.0214635]C[+57.0214635]MDLK.-	DECOY_sp|P46087-2|NOP2_HUMAN;DECOY_sp|P46087-3|NOP2_HUMAN;DECOY_sp|P46087-4|NOP2_HUMAN;DECOY_sp|P46087|NOP2_HUMAN
2017dec27_overlap_dia_6b_rep1_604to616.dia:3367.9004:AQDDLIPAVDR+2	1	79922	3.5331852	0.22167014	0.2515138	0.6772587	0.4736644	0.7412021	0.34509566	7.0	0.0	-3.1923766	0.78589356	4.836925	0.0	2.0	7.32746	6.0	-1.3897638	0.8074516	0.6601594	0.0	1.0	3.0	3.7239494	1.4477677	3.4456873	0	11	0	1	0	0	606.8145848086647	1211.6146166837036	56.13167	-.AQDDLIPAVDR.-	sp|Q9NUL5-2|CS066_HUMAN;sp|Q9NUL5-3|CS066_HUMAN;sp|Q9NUL5-4|CS066_HUMAN;sp|Q9NUL5|CS066_HUMAN
2017dec27_overlap_dia_6b_rep1_604to616.dia:3367.9004:LVARPEPATGYTLEFR+3	1	79922	26.577831	2.0420132	2.252561	0.9380178	0.774681	2.7169213	0.027339352	26.0	20.0	-1.5707378	0.9990539	1.7254157	0.0	3.0	9.90646	10.0	14.401915	0.90271705	0.970002	1.0	1.0	25.0	0.30423355	1.6637416	1.8240485	0	16	0	0	1	0	607.3282186947141	1818.9628266837037	56.13167	-.LVARPEPATGYTLEFR.-	sp|Q16658|FSCN1_HUMAN
2017dec27_overlap_dia_6b_rep1_604to616.dia:3367.9004:decoySKHLADNEQNAQEDLK+3	-1	79922	3.419693	0.6594543	1.1210927	0.5215095	0.34926176	0.08609121	0.4776402	7.0	4.0	-1.3259827	0.0	10.0	1.0	0.0	7.228494	5.0	-2.182334	0.839963	0.61847854	1.0	1.0	4.0	26.124	10.0	1.5792934	1	16	0	0	1	0	613.9658993613807	1838.8758686837034	56.13167	-.SKHLADNEQNAQEDLK.-	DECOY_sp|A4D1E9-2|GTPBA_HUMAN;DECOY_sp|A4D1E9|GTPBA_HUMAN
2017dec27_overlap_dia_6b_rep1_604to616.dia:3367.9004:decoyVEQDTFMDTK+2	-1	79922	1.9965189	0.4281103	0.62878	0.82667994	0.6195465	1.5622777	0.23638217	5.0	1.0	-1.642617	0.0	10.0	1.0	0.0	7.982531	3.0	-3.0	0.66512316	0.0	0.0	0.0	3.0	14.2486	10.0	1.8959277	0	10	0	1	0	0	607.2739043086646	1212.5332556837034	56.13167	-.VEQDTFMDTK.-	DECOY_sp|Q9GZT6-2|CC90B_HUMAN;DECOY_sp|Q9GZT6-3|CC90B_HUMAN;DECOY_sp|Q9GZT6|CC90B_HUMAN
2017dec27_overlap_dia_6b_rep1_604to616.dia:3369.9153:YVC[+57.0214635]EGPSHGGLPGASSEK+3	1	79974	3.2203898	0.23163763	0.38601646	0.3295788	0.21381342	-0.7100908	0.6073628	7.0	2.0	-1.9739721	0.0	10.0	1.0	0.0	6.7947206	5.0	-1.8994799	0.76669365	0.47383726	0.0	1.0	3.0	21.482796	10.0	2.2272828	0	18	0	0	1	0	611.2808278613809	1830.820654183704	56.165257	-.YVC[+57.0214635]EGPSHGGLPGASSEK.-	sp|P19838-2|NFKB1_HUMAN;sp|P19838|NFKB1_HUMAN
2017dec27_overlap_dia_6b_rep1_604to616.dia:3371.9956:APHDFQFVQK+2	1	80026	2.644649	0.17676501	0.29341984	0.61279655	0.41991097	0.4590827	0.5174401	6.0	0.0	1.6415573	0.0	10.0	1.0	0.0	7.4303794	4.0	-2.6609356	0.89617443	0.0	1.0	0.0	5.0	15.135162	10.0	1.3882467	0	10	0	1	0	0	608.8091058086646	1215.6036586837035	56.19993	-.APHDFQFVQK.-	sp|Q86TI2-2|DPP9_HUMAN;sp|Q86TI2-4|DPP9_HUMAN;sp|Q86TI2|DPP9_HUMAN
2017dec27_overlap_dia_6b_rep1_604to616.dia:3371.9956:NGPLEVAGAAVSAGHGLPAK+3	1	80026	33.903152	1.3802105	1.3987167	0.97303313	0.85181946	3.585809	0.025206603	31.0	26.0	-2.2552397	0.9994055	4.1298904	0.0	3.0	9.7199335	14.0	4.4451094	0.85987025	0.96261525	1.0	1.0	25.0	0.060466766	0.74073315	2.5085504	0	20	0	0	1	0	605.9952423613807	1814.9638976837034	56.19993	-.NGPLEVAGAAVSAGHGLPAK.-	sp|O75367-2|H2AY_HUMAN;sp|O75367-3|H2AY_HUMAN;sp|O75367|H2AY_HUMAN
2017dec27_overlap_dia_6b_rep1_604to616.dia:3371.9956:decoyLETAIQC[+57.0214635]YPK+2	-1	80026	6.359985	0.6162307	0.76932156	0.6312788	0.43493932	0.53770685	0.53326595	10.0	2.0	-3.3853705	0.0	10.0	1.0	0.0	8.88597	6.0	0.3301096	0.8877856	0.0	1.0	0.0	8.0	11.996273	10.0	3.6386812	0	10	0	1	0	0	611.8104525586647	1221.6063521837036	56.19993	-.LETAIQC[+57.0214635]YPK.-	DECOY_sp|O75717-2|WDHD1_HUMAN;DECOY_sp|O75717|WDHD1_HUMAN
2017dec27_overlap_dia_6b_rep1_604to616.dia:3371.9956:decoyVLTGFSSQSER+2	-1	80026	4.381839	0.21513103	0.3876164	0.5974727	0.4076568	0.39494577	0.17966545	8.0	0.0	-2.713074	0.28982103	2.3029246	1.0	2.0	7.715137	5.0	-2.3633754	0.9008194	0.9387469	1.0	1.0	7.0	15.522778	1.0862327	2.9663846	0	11	0	1	0	0	605.8067593086645	1209.5989656837032	56.19993	-.VLTGFSSQSER.-	DECOY_sp|O60443|DFNA5_HUMAN
2017dec27_overlap_dia_6b_rep1_604to616.dia:3371.9956:decoyYGTLTYSNFR+2	-1	80026	4.2146883	0.48500478	0.5651133	0.40660012	0.26657158	-0.3780383	0.45736688	8.0	0.0	-0.17693833	0.0	10.0	1.0	0.0	8.222317	5.0	-0.8640733	0.8713906	0.0	1.0	0.0	7.0	5.2045097	10.0	0.430249	0	10	0	1	0	0	611.2985618086647	1220.5825706837036	56.19993	-.YGTLTYSNFR.-	DECOY_sp|Q96IX5|USMG5_HUMAN
2017dec27_overlap_dia_6b_rep1_604to616.dia:3374.0286:decoyFEEVTNDTIR+2	-1	80078	4.2384634	0.44995722	0.5810316	0.42947963	0.28260607	-0.28397462	0.5350302	8.0	0.0	-0.92798567	0.0	10.0	1.0	0.0	7.932042	4.0	-0.81683445	0.0	0.0	0.0	0.0	0.0	14.95319	10.0	1.1812963	0	10	0	1	0	0	612.2987673086645	1222.5829816837033	56.23381	-.FEEVTNDTIR.-	DECOY_sp|O60264|SMCA5_HUMAN
2017dec27_overlap_dia_6b_rep1_604to616.dia:3376.0974:decoyLSGYDTDYYK+2	-1	80130	4.2796216	0.53554183	0.6441515	0.47217277	0.31306034	-0.111424126	0.51434237	8.0	1.0	1.984712	0.0	10.0	1.0	0.0	8.365915	5.0	-0.22420359	0.6693032	0.0	1.0	0.0	5.0	15.113655	10.0	1.7314013	0	10	0	1	0	0	612.7745808086645	1223.5346086837033	56.26829	-.LSGYDTDYYK.-	DECOY_sp|Q9NQZ2|SAS10_HUMAN
2017dec27_overlap_dia_6b_rep1_604to616.dia:3382.2727:ATGYPLAYVAAK+2	1	80286	8.603062	0.54683435	0.9982956	0.8369963	0.631381	1.6360469	0.271483	12.0	1.0	-1.3731003	0.7982382	-0.29392725	0.0	1.0	8.082509	9.0	2.6231437	0.26904306	0.9266726	1.0	1.0	6.0	0.036888123	3.6830845	1.626411	0	12	0	1	0	0	612.8347808086647	1223.6550086837037	56.371212	-.ATGYPLAYVAAK.-	sp|P27708|PYR1_HUMAN
2017dec27_overlap_dia_6b_rep1_604to616.dia:3382.2727:LTLSC[+57.0214635]EEFVK+2	1	80286	5.506452	0.8091761	1.1005586	0.88448167	0.6909756	2.0355725	0.22512424	9.0	0.0	-1.0190415	0.0	10.0	1.0	0.0	7.995924	8.0	0.9940033	0.74087477	0.0	1.0	0.0	6.0	0.14600372	10.0	1.2723522	0	10	0	1	0	0	613.3102890586647	1224.6060251837037	56.371212	-.LTLSC[+57.0214635]EEFVK.-	sp|O95571|ETHE1_HUMAN
2017dec27_overlap_dia_6b_rep1_604to616.dia:3382.2727:MYITC[+57.0214635]AEYTHFYGGK+3	1	80286	5.5051193	0.48170182	0.5805461	0.88177156	0.68729794	2.0093143	0.17304148	9.0	2.0	-0.23666108	0.0	10.0	1.0	0.0	6.691564	4.0	-1.3384318	0.0	0.0	0.0	0.0	0.0	0.45653152	10.0	0.48997176	0	15	0	0	1	0	614.2726111947142	1839.7960041837039	56.371212	-.MYITC[+57.0214635]AEYTHFYGGK.-	sp|Q13356-2|PPIL2_HUMAN;sp|Q13356|PPIL2_HUMAN
2017dec27_overlap_dia_6b_rep1_604to616.dia:3382.2727:SELEDFELDK+2	1	80286	7.5050015	1.3537194	1.7464049	0.8013922	0.5918139	1.3950185	0.30768305	11.0	0.0	-0.12031956	0.8240699	1.2973808	0.0	1.0	8.453088	7.0	-0.32268906	0.09088506	-0.07951045	1.0	1.0	7.0	0.42816544	2.0917764	0.37363023	0	10	0	1	0	0	612.7851578086647	1223.5557626837037	56.371212	-.SELEDFELDK.-	sp|Q9NVI1-1|FANCI_HUMAN;sp|Q9NVI1-2|FANCI_HUMAN;sp|Q9NVI1|FANCI_HUMAN
2017dec27_overlap_dia_6b_rep1_604to616.dia:3382.2727:decoyISHSVVDQLTK+2	-1	80286	5.2656307	0.65094656	0.81311667	0.5080043	0.33923328	0.032020018	0.56384456	9.0	1.0	1.9395251	0.0	10.0	1.0	0.0	7.8582273	6.0	-0.1721921	0.0	0.0	0.0	0.0	0.0	5.414139	10.0	1.6862144	0	11	0	1	0	0	613.8406023086646	1225.6666516837035	56.371212	-.ISHSVVDQLTK.-	DECOY_sp|P46940|IQGA1_HUMAN
2017dec27_overlap_dia_6b_rep1_604to616.dia:3384.343:decoyFC[+57.0214635]GHEGYELC[+57.0214635]WEAR+3	-1	80338	2.586887	0.3564023	0.7163838	0.53648084	0.3604933	0.14618312	0.25653142	6.0	0.0	-0.7587202	0.0	10.0	1.0	0.0	5.5334315	4.0	-1.6936455	0.32614005	0.0	0.0	0.0	0.0	1.7618713	10.0	1.0120308	0	14	0	0	1	0	605.2522153613808	1812.7348166837035	56.405716	-.FC[+57.0214635]GHEGYELC[+57.0214635]WEAR.-	DECOY_sp|O43813|LANC1_HUMAN
2017dec27_overlap_dia_6b_rep1_604to616.dia:3386.353:YTFAPSVSLNK+2	1	80390	5.4998097	0.82133085	1.2465838	0.87105674	0.6731297	1.9103346	0.1330002	9.0	1.0	-3.7580156	0.8274999	1.6084074	0.71645486	3.0	7.836332	6.0	-1.1786036	0.91240376	0.90025485	1.0	1.0	7.0	0.068912506	1.7807499	4.0113263	0	11	0	1	0	0	613.8244163086647	1225.6342796837037	56.439217	-.YTFAPSVSLNK.-	sp|Q9NR12-3|PDLI7_HUMAN;sp|Q9NR12-4|PDLI7_HUMAN;sp|Q9NR12-5|PDLI7_HUMAN;sp|Q9NR12-6|PDLI7_HUMAN;sp|Q9NR12|PDLI7_HUMAN
2017dec27_overlap_dia_6b_rep1_604to616.dia:3386.353:decoyEAQEPTLVDGR+2	-1	80390	5.2660184	0.86785257	1.3688403	0.5084578	0.33956844	0.033834327	0.43552783	9.0	1.0	-0.6972003	0.0	10.0	1.0	0.0	7.3746057	5.0	-0.45611858	0.0	0.0	0.0	0.0	0.0	19.365616	10.0	0.950511	0	11	0	1	0	0	607.8042173086645	1213.5938816837033	56.439217	-.EAQEPTLVDGR.-	DECOY_sp|Q9UKD2|MRT4_HUMAN
2017dec27_overlap_dia_6b_rep1_604to616.dia:3386.353:decoyELGSEVYGSFK+2	-1	80390	6.2619185	0.48701456	0.9686167	0.50368047	0.33604217	0.014722161	0.61882585	10.0	0.0	-0.21115269	0.0	10.0	1.0	0.0	7.926469	7.0	-0.9320054	0.0	0.0	0.0	0.0	0.0	6.5102615	10.0	0.46446335	0	11	0	1	0	0	608.2982313086646	1214.5819096837035	56.439217	-.ELGSEVYGSFK.-	DECOY_sp|P20073-2|ANXA7_HUMAN;DECOY_sp|P20073|ANXA7_HUMAN
2017dec27_overlap_dia_6b_rep1_604to616.dia:3386.353:decoyYGSNVGKNDSDALSEER+3	-1	80390	3.5943973	0.34838474	0.5391498	0.77977014	0.5693282	1.2643273	0.14203273	7.0	1.0	-0.52861804	0.0	10.0	1.0	0.0	5.5496035	3.0	-0.06528616	0.8810768	0.0	1.0	0.0	6.0	26.298971	10.0	0.7819287	1	17	0	0	1	0	614.281772694714	1839.8234886837033	56.439217	-.YGSNVGKNDSDALSEER.-	DECOY_sp|Q6KC79-2|NIPBL_HUMAN;DECOY_sp|Q6KC79|NIPBL_HUMAN
2017dec27_overlap_dia_6b_rep1_604to616.dia:3394.5344:decoyNITEQYQWK+2	-1	80598	3.5716748	0.6560972	0.8967215	0.74002105	0.530369	1.046078	0.27862823	7.0	0.0	0.3284993	0.0	10.0	1.0	0.0	7.668098	4.0	-2.51674	0.13796985	0.0	1.0	0.0	3.0	11.617565	10.0	0.08711955	0	9	0	1	0	0	605.2985663086647	1208.5825796837037	56.575573	-.NITEQYQWK.-	DECOY_sp|Q15008-2|PSMD6_HUMAN;DECOY_sp|Q15008-3|PSMD6_HUMAN;DECOY_sp|Q15008-4|PSMD6_HUMAN;DECOY_sp|Q15008|PSMD6_HUMAN
2017dec27_overlap_dia_6b_rep1_604to616.dia:3394.5344:decoySPSPSTQPKPASFPKPGK+3	-1	80598	10.486637	0.7033369	1.2216464	0.3517457	0.2288236	-0.61137456	0.5775654	14.0	10.0	1.8760986	0.0	10.0	1.0	0.0	7.7839475	7.0	-0.38517046	0.3261342	0.0	0.0	0.0	0.0	24.303936	10.0	1.6347189	0	18	0	0	1	0	613.3317426947141	1836.9733986837034	56.575573	-.SPSPSTQPKPASFPKPGK.-	DECOY_sp|Q01518-2|CAP1_HUMAN;DECOY_sp|Q01518|CAP1_HUMAN
2017dec27_overlap_dia_6b_rep1_604to616.dia:3398.6218:DSPSVWAAVPGK+2	1	80702	15.803546	2.3562288	2.7968707	0.99358493	0.9278513	5.04267	0.01283021	18.0	10.0	1.3747703	0.9778837	6.195165	0.0	2.0	10.154961	10.0	-1.1643505	0.5779551	0.9908166	1.0	1.0	17.0	0.07972336	2.8060079	1.1333905	0	12	0	1	0	0	607.3142203086646	1212.6138876837035	56.643696	-.DSPSVWAAVPGK.-	sp|P07737|PROF1_HUMAN
2017dec27_overlap_dia_6b_rep1_604to616.dia:3398.6218:IAEQEHTQEDLQQLR+3	1	80702	7.4316583	0.6337496	0.7474106	0.6768651	0.47332394	0.73940206	0.27533805	11.0	1.0	1.6724033	0.67355853	4.1683817	0.14532985	1.0	6.97998	6.0	-1.2832627	0.0	0.0	0.0	0.0	0.0	17.590088	0.7792244	1.4310236	0	15	0	0	1	0	613.3061453613808	1836.8966066837036	56.643696	-.IAEQEHTQEDLQQLR.-	sp|Q9UPN3-2|MACF1_HUMAN;sp|Q9UPN3-3|MACF1_HUMAN;sp|Q9UPN3-4|MACF1_HUMAN;sp|Q9UPN3|MACF1_HUMAN
2017dec27_overlap_dia_6b_rep1_604to616.dia:3406.7698:SPTESVNTPVGK+2	1	80910	4.4672995	0.7990192	1.2923896	0.72740877	0.5185511	0.9815152	0.47244656	8.0	4.0	1.7674856	0.37796977	0.43959033	1.0	3.0	8.298998	4.0	-2.0736096	0.85828507	0.9490926	1.0	1.0	6.0	24.640953	2.9495668	1.5261059	0	12	0	1	0	0	608.3144173086647	1214.6142816837037	56.779495	-.SPTESVNTPVGK.-	sp|Q8WXG6-2|MADD_HUMAN;sp|Q8WXG6-3|MADD_HUMAN;sp|Q8WXG6-4|MADD_HUMAN;sp|Q8WXG6-5|MADD_HUMAN;sp|Q8WXG6-6|MADD_HUMAN;sp|Q8WXG6-7|MADD_HUMAN;sp|Q8WXG6-8|MADD_HUMAN;sp|Q8WXG6|MADD_HUMAN
2017dec27_overlap_dia_6b_rep1_604to616.dia:3406.7698:decoySIEQPVSITEK+2	-1	80910	4.4951935	0.6032764	0.8996255	0.77566254	0.56516826	1.2405661	0.17899287	8.0	1.0	4.006361	0.20408069	0.07015003	1.0	1.0	8.083779	4.0	-1.2208428	0.72685146	-0.037500747	0.0	1.0	0.0	7.03582	3.3190072	3.7649813	0	11	0	1	0	0	615.8324428086646	1229.6503326837035	56.779495	-.SIEQPVSITEK.-	DECOY_sp|O96033|MOC2A_HUMAN
2017dec27_overlap_dia_6b_rep1_604to616.dia:3417.051:decoyGDQTYNHC[+57.0214635]LEEFSAR+3	-1	81170	3.5317593	0.26622206	0.39544073	0.67503834	0.47174585	0.73106223	0.18250602	7.0	1.0	-3.4050639	0.0	10.0	1.0	0.0	6.1376257	5.0	-2.669024	0.89194316	0.0	1.0	0.0	5.0	10.234753	10.0	3.6225817	0	15	0	0	1	0	609.5969275280472	1825.768953183703	56.95085	-.GDQTYNHC[+57.0214635]LEEFSAR.-	DECOY_sp|Q92614-2|MY18A_HUMAN;DECOY_sp|Q92614-3|MY18A_HUMAN;DECOY_sp|Q92614-4|MY18A_HUMAN;DECOY_sp|Q92614-5|MY18A_HUMAN;DECOY_sp|Q92614|MY18A_HUMAN
2017dec27_overlap_dia_6b_rep1_604to616.dia:3419.1074:NGDHFSYFSR+2	1	81222	4.428108	0.24350667	0.45934203	0.6646413	0.46283126	0.68404686	0.5286142	8.0	0.0	0.4705112	0.0	10.0	1.0	0.0	7.307966	5.0	-1.1040154	0.81297916	0.0	0.0	0.0	2.0	15.024246	10.0	0.25299335	0	10	0	1	0	0	615.2703393086647	1228.5261256837036	56.985123	-.NGDHFSYFSR.-	sp|P49916-2|DNLI3_HUMAN;sp|P49916-3|DNLI3_HUMAN;sp|P49916-4|DNLI3_HUMAN;sp|P49916|DNLI3_HUMAN
2017dec27_overlap_dia_6b_rep1_604to616.dia:3421.207:decoyFVTGDDSC[+57.0214635]TAR+2	-1	81274	2.6039004	0.28652966	0.6031497	0.5579145	0.3767966	0.23270236	0.35626858	6.0	0.0	1.1884646	0.0	10.0	1.0	0.0	6.409238	5.0	-2.527844	0.6335157	0.0	0.0	0.0	0.0	27.012447	10.0	0.9828782	0	11	0	1	0	0	614.7667775586646	1227.5190021837034	57.02012	-.FVTGDDSC[+57.0214635]TAR.-	DECOY_sp|Q9C0J8-3|WDR33_HUMAN;DECOY_sp|Q9C0J8|WDR33_HUMAN
2017dec27_overlap_dia_6b_rep1_604to616.dia:3425.3577:IPPNWYPDAR+2	1	81378	4.3807354	0.43243417	0.71582353	0.595957	0.40645427	0.3886471	0.4695013	8.0	1.0	2.226888	0.0	10.0	1.0	0.0	6.9819703	5.0	-2.1547673	0.8827205	0.0	0.0	0.0	3.0	3.8795052	10.0	2.0451634	0	10	0	1	0	0	614.8091008086647	1227.6036486837036	57.089294	-.IPPNWYPDAR.-	sp|Q8IYB8|SUV3_HUMAN
2017dec27_overlap_dia_6b_rep1_604to616.dia:3425.3577:decoyIGPTAAGAPTHSPTPDWR+3	-1	81378	5.2137284	0.5699212	1.1167464	0.4507806	0.2977087	-0.19751719	0.3466382	9.0	3.0	0.017064333	0.65827805	6.540771	0.0	1.0	6.151824	4.0	-1.0741153	0.32715243	-0.023255814	0.0	1.0	0.0	12.634689	3.1516137	0.16466022	0	18	0	0	1	0	611.3077093613808	1830.9012986837038	57.089294	-.IGPTAAGAPTHSPTPDWR.-	DECOY_sp|O75533|SF3B1_HUMAN
2017dec27_overlap_dia_6b_rep1_604to616.dia:3427.3755:decoyLYYEIHDGAK+2	-1	81430	6.411173	0.70980716	0.8641342	0.71024674	0.50283325	0.89658266	0.18485017	10.0	1.0	2.315653	0.5832403	-6.9516144	1.0	2.0	7.9852576	5.0	-2.0782435	0.43852463	-0.032996465	0.0	1.0	0.0	20.092575	10.340772	2.1458595	0	10	0	1	0	0	604.8009373086646	1207.5873216837035	57.122925	-.LYYEIHDGAK.-	DECOY_sp|Q15070-2|OXA1L_HUMAN;DECOY_sp|Q15070-3|OXA1L_HUMAN;DECOY_sp|Q15070|OXA1L_HUMAN
2017dec27_overlap_dia_6b_rep1_604to616.dia:3429.4512:decoyDQVAILEGNVR+2	-1	81482	5.252146	0.4136959	0.75932264	0.49247295	0.32781392	-0.03011046	0.4450176	9.0	0.0	0.111976445	0.5270182	-3.184509	1.0	1.0	6.9865985	5.0	-1.2878113	0.0	0.0	0.0	0.0	0.0	4.9302063	6.5736666	0.05781716	0	11	0	1	0	0	607.3304018086646	1212.6462506837036	57.15752	-.DQVAILEGNVR.-	DECOY_sp|Q92878-2|RAD50_HUMAN;DECOY_sp|Q92878|RAD50_HUMAN
2017dec27_overlap_dia_6b_rep1_604to616.dia:3433.471:ELQNDMTDEK+2	1	81586	2.7539878	0.62535304	0.8843191	0.78823364	0.5780083	1.3143109	0.17674533	6.0	0.0	1.0318198	0.0	10.0	1.0	0.0	7.0227165	3.0	-2.4206495	0.70767987	0.0	1.0	0.0	3.0	27.216843	10.0	0.87395716	0	10	0	1	0	0	611.7664428086647	1221.5183326837036	57.224514	-.ELQNDMTDEK.-	sp|O75691|UTP20_HUMAN
2017dec27_overlap_dia_6b_rep1_604to616.dia:3439.5193:decoyFQAGDAAVSVQK+2	-1	81742	5.41303	0.70400053	1.0554253	0.7132907	0.5055921	0.9114202	0.24798495	9.0	4.0	1.3886561	0.20901556	-4.3145075	1.0	1.0	8.076592	6.0	-0.21034479	0.69435745	0.7601273	0.0	1.0	0.0	13.282146	7.703665	1.2921704	0	12	0	1	0	0	610.8171278086646	1219.6197026837035	57.32532	-.FQAGDAAVSVQK.-	DECOY_sp|Q9H4A3-2|WNK1_HUMAN;DECOY_sp|Q9H4A3-4|WNK1_HUMAN;DECOY_sp|Q9H4A3-5|WNK1_HUMAN;DECOY_sp|Q9H4A3-6|WNK1_HUMAN;DECOY_sp|Q9H4A3-7|WNK1_HUMAN;DECOY_sp|Q9H4A3|WNK1_HUMAN
2017dec27_overlap_dia_6b_rep1_604to616.dia:3439.5193:decoyQSGDASYYYR+2	-1	81742	2.5804193	0.3626376	0.5079316	0.52855074	0.35452878	0.11432731	0.7676775	6.0	0.0	-1.8901054	0.0	10.0	1.0	0.0	7.1667137	4.0	-3.0	0.88218987	0.0	1.0	0.0	4.0	24.807346	10.0	1.9865911	0	10	0	1	0	0	605.2621718086646	1208.5097906837034	57.32532	-.QSGDASYYYR.-	DECOY_sp|Q8IWW6-2|RHG12_HUMAN;DECOY_sp|Q8IWW6-3|RHG12_HUMAN;DECOY_sp|Q8IWW6-4|RHG12_HUMAN;DECOY_sp|Q8IWW6|RHG12_HUMAN
2017dec27_overlap_dia_6b_rep1_604to616.dia:3447.584:VHSEVASLQEK+2	1	81950	6.1666465	0.4742359	0.6714962	0.40446705	0.26508594	-0.38688642	0.73236144	10.0	1.0	-0.29161793	0.53089756	9.2733135	1.0	1.0	7.6499066	6.0	-0.38056755	0.0	0.0	0.0	0.0	0.0	27.45206	5.884156	0.22196077	0	11	0	1	0	0	613.8224093086648	1225.6302656837038	57.459732	-.VHSEVASLQEK.-	sp|Q9Y305-2|ACOT9_HUMAN;sp|Q9Y305-3|ACOT9_HUMAN;sp|Q9Y305-4|ACOT9_HUMAN;sp|Q9Y305|ACOT9_HUMAN
2017dec27_overlap_dia_6b_rep1_604to616.dia:3447.584:decoyYELTTTTMVR+2	-1	81950	4.2607975	0.27027333	0.6255394	0.4521441	0.29868144	-0.19201139	0.5632235	8.0	0.0	4.5835867	0.0	10.0	1.0	0.0	7.3257437	5.0	-0.0684371	0.32701355	0.0	0.0	0.0	0.0	10.928471	10.0	4.653244	0	10	0	1	0	0	607.8079103086646	1213.6012676837036	57.459732	-.YELTTTTMVR.-	DECOY_sp|P05198|IF2A_HUMAN
2017dec27_overlap_dia_6b_rep1_604to616.dia:3449.6443:decoyLVSFETGNDTK+2	-1	82002	5.3171134	0.531656	0.9648534	0.57193923	0.3876174	0.2897676	0.43049577	9.0	0.0	-0.6811696	0.5458943	-5.4943476	1.0	2.0	6.8968496	6.0	-1.172431	0.7830438	0.0	0.0	0.0	1.0	14.256424	8.883505	0.5690682	0	11	0	1	0	0	605.8011428086646	1209.5877326837035	57.494072	-.LVSFETGNDTK.-	DECOY_sp|P52732|KIF11_HUMAN
2017dec27_overlap_dia_6b_rep1_604to616.dia:3449.6443:decoyQEGVSIAETYK+2	-1	82002	5.3625803	0.555299	0.87108123	0.6350632	0.43805188	0.5540002	0.3411578	9.0	0.0	0.6163054	0.0	10.0	1.0	0.0	7.166804	6.0	-2.234813	0.6820167	0.0	1.0	0.0	3.0	16.039925	10.0	0.72840685	0	11	0	1	0	0	612.8089638086645	1223.6033746837034	57.494072	-.QEGVSIAETYK.-	DECOY_sp|Q9H9A5-2|CNO10_HUMAN;DECOY_sp|Q9H9A5-3|CNO10_HUMAN;DECOY_sp|Q9H9A5-4|CNO10_HUMAN;DECOY_sp|Q9H9A5-6|CNO10_HUMAN;DECOY_sp|Q9H9A5|CNO10_HUMAN
2017dec27_overlap_dia_6b_rep1_604to616.dia:3451.634:decoyASENSALFEVR+2	-1	82054	3.5178428	0.4359338	0.62281555	0.65375066	0.45361102	0.6355669	0.36989293	7.0	0.0	-1.7554494	0.0	10.0	1.0	0.0	6.8867083	4.0	-2.934783	0.08889816	0.0	0.0	0.0	3.0	9.62764	10.0	1.6635097	0	11	0	1	0	0	611.8067588086647	1221.5989646837036	57.527233	-.ASENSALFEVR.-	DECOY_sp|Q8NC56-2|LEMD2_HUMAN;DECOY_sp|Q8NC56|LEMD2_HUMAN
2017dec27_overlap_dia_6b_rep1_604to616.dia:3451.634:decoyAVGHASLNSMVK+2	-1	82054	6.4163694	0.69130063	1.0695479	0.7187962	0.5106131	0.9384982	0.23164478	10.0	1.0	-2.3592112	0.44973108	3.3990247	1.0	1.0	7.7795124	5.0	0.42801	0.0	0.0	0.0	0.0	0.0	21.935246	0.00986743	2.2672715	0	12	0	1	0	0	607.3215223086645	1212.6284916837033	57.527233	-.AVGHASLNSMVK.-	DECOY_sp|Q92616|GCN1L_HUMAN
2017dec27_overlap_dia_6b_rep1_604to616.dia:3451.634:decoyNFMDVEC[+57.0214635]SVK+2	-1	82054	4.289886	0.54021406	0.64653885	0.48346505	0.321244	-0.06616388	0.60702527	8.0	0.0	-0.44252884	0.0	10.0	1.0	0.0	7.3924456	6.0	-0.49436665	0.0	0.0	0.0	0.0	0.0	5.0095444	10.0	0.35058916	0	10	0	1	0	0	614.7704735586647	1227.5263941837036	57.527233	-.NFMDVEC[+57.0214635]SVK.-	DECOY_sp|Q8TCS8|PNPT1_HUMAN
2017dec27_overlap_dia_6b_rep1_604to616.dia:3455.643:TVFEDTVEER+2	1	82158	4.4625306	0.71804297	0.9797165	0.7194652	0.51122606	0.9418103	0.27601084	8.0	0.0	-2.9825125	0.52652484	2.0944638	1.0	1.0	7.6105533	4.0	-2.6379762	0.83898604	0.0	1.0	0.0	4.0	12.838158	1.2946935	2.973166	0	10	0	1	0	0	612.7907753086647	1223.5669976837037	57.59405	-.TVFEDTVEER.-	sp|Q16576-2|RBBP7_HUMAN
2017dec27_overlap_dia_6b_rep1_604to616.dia:3455.643:decoyHYVSLPSPHATQLVHR+3	-1	82158	4.4802938	0.6523848	0.79383457	0.7495024	0.5394144	1.0959603	0.2737646	8.0	1.0	-2.5784752	0.0	10.0	1.0	0.0	6.1649585	3.0	-1.0432134	0.0	0.0	0.0	0.0	0.0	18.04396	10.0	2.5691288	0	16	0	0	1	0	614.6638240280473	1840.9696426837033	57.59405	-.HYVSLPSPHATQLVHR.-	DECOY_sp|P13051-2|UNG_HUMAN;DECOY_sp|P13051|UNG_HUMAN
2017dec27_overlap_dia_6b_rep1_604to616.dia:3455.643:decoyLATYENDEIR+2	-1	82158	2.514981	0.7432949	0.9729966	0.45461985	0.3004498	-0.18202144	0.37821037	6.0	0.0	-0.24237669	0.0	10.0	1.0	0.0	7.358121	4.0	-2.5611951	0.8208184	0.0	1.0	0.0	3.0	19.803288	10.0	0.23303023	0	10	0	1	0	0	612.2987628086646	1222.5829726837035	57.59405	-.LATYENDEIR.-	DECOY_sp|P06239-3|LCK_HUMAN;DECOY_sp|P06239|LCK_HUMAN;DECOY_sp|P06241-2|FYN_HUMAN;DECOY_sp|P06241-3|FYN_HUMAN;DECOY_sp|P06241|FYN_HUMAN;DECOY_sp|P07947|YES_HUMAN;DECOY_sp|P12931-2|SRC_HUMAN;DECOY_sp|P12931|SRC_HUMAN
2017dec27_overlap_dia_6b_rep1_604to616.dia:3455.643:decoyTLVVFENEAAK+2	-1	82158	4.4528317	0.853325	1.31948	0.70357573	0.4968288	0.86438376	0.21507218	8.0	3.0	-0.89548355	0.7493113	-3.4105856	0.0	3.0	8.017957	5.0	-2.9332674	0.8976513	0.3962421	1.0	1.0	3.0	0.47627258	6.7997427	0.8861371	0	11	0	1	0	0	610.8297033086646	1219.6448536837036	57.59405	-.TLVVFENEAAK.-	DECOY_sp|P08729|K2C7_HUMAN;DECOY_sp|Q14CN4-2|K2C72_HUMAN;DECOY_sp|Q14CN4-3|K2C72_HUMAN;DECOY_sp|Q14CN4|K2C72_HUMAN
2017dec27_overlap_dia_6b_rep1_604to616.dia:3455.643:decoyWIYSQVEER+2	-1	82158	3.3648293	0.6471306	0.97416526	0.45961955	0.3040285	-0.1618744	0.48492715	7.0	0.0	-2.9651012	0.20890059	-0.33540335	1.0	1.0	7.480265	5.0	-2.163752	0.784851	0.4342589	0.0	1.0	3.0	3.0705032	3.7245607	2.9557548	0	9	0	1	0	0	605.2985658086646	1208.5825786837036	57.59405	-.WIYSQVEER.-	DECOY_sp|Q86UP2-2|KTN1_HUMAN;DECOY_sp|Q86UP2-3|KTN1_HUMAN;DECOY_sp|Q86UP2-4|KTN1_HUMAN;DECOY_sp|Q86UP2|KTN1_HUMAN
2017dec27_overlap_dia_6b_rep1_604to616.dia:3457.6936:decoyHLLDEKEEATLEAPLK+3	-1	82210	8.480122	0.58090615	0.6967302	0.6306438	0.4344182	0.53497964	0.46847713	12.0	3.0	-1.8517171	0.0	10.0	1.0	0.0	6.8535504	5.0	0.5099349	0.0	0.0	0.0	0.0	0.0	4.886223	10.0	1.8846099	1	16	0	0	1	0	612.6631580280474	1834.9676446837036	57.628227	-.HLLDEKEEATLEAPLK.-	DECOY_sp|Q96LT9-2|RBM40_HUMAN;DECOY_sp|Q96LT9|RBM40_HUMAN
2017dec27_overlap_dia_6b_rep1_604to616.dia:3459.68:decoyLSAEDSIQQAR+2	-1	82262	5.3249903	0.5437132	1.0430632	0.5824073	0.39577824	0.33266348	0.22966495	9.0	0.0	-3.405923	0.33293802	-3.2472808	1.0	1.0	7.516754	7.0	-1.8578	0.55872613	0.16391733	0.0	1.0	0.0	25.338978	6.6364384	3.47974	0	11	0	1	0	0	609.3096663086646	1216.6047796837036	57.66133	-.LSAEDSIQQAR.-	DECOY_sp|Q93008-1|USP9X_HUMAN;DECOY_sp|Q93008|USP9X_HUMAN
2017dec27_overlap_dia_6b_rep1_604to616.dia:3459.68:decoySLNEIDKNER+2	-1	82262	6.409248	0.73880553	0.93481433	0.7071055	0.49999887	0.8813675	0.31793264	10.0	0.0	-2.6174896	0.33293802	-3.2489207	1.0	1.0	7.753396	5.0	-0.5962467	0.5762322	0.19661434	0.0	1.0	0.0	27.65366	6.6380777	2.6913066	1	10	0	1	0	0	609.3096653086646	1216.6047776837036	57.66133	-.SLNEIDKNER.-	DECOY_sp|Q86UP2-2|KTN1_HUMAN;DECOY_sp|Q86UP2-3|KTN1_HUMAN;DECOY_sp|Q86UP2-4|KTN1_HUMAN;DECOY_sp|Q86UP2|KTN1_HUMAN
2017dec27_overlap_dia_6b_rep1_604to616.dia:3463.8594:decoyC[+57.0214635]AGEQIFLDR+2	-1	82367	4.496767	0.5941047	0.75003576	0.7784777	0.5680157	1.2568172	0.19864455	8.0	0.0	-3.9926944	0.5473205	-0.07641679	1.0	2.0	7.17826	5.0	-1.8972988	0.7541106	0.0	0.0	0.0	4.0	5.298069	3.465574	4.152613	0	10	0	1	0	0	604.7900555586646	1207.5655581837034	57.73099	-.C[+57.0214635]AGEQIFLDR.-	DECOY_sp|Q49A26-2|GLYR1_HUMAN;DECOY_sp|Q49A26-4|GLYR1_HUMAN;DECOY_sp|Q49A26-5|GLYR1_HUMAN;DECOY_sp|Q49A26|GLYR1_HUMAN
2017dec27_overlap_dia_6b_rep1_604to616.dia:3463.8594:decoyDLLQGPDNSTR+2	-1	82367	4.199272	0.33112916	0.65680456	0.39242023	0.25672418	-0.43715015	1.0653242	8.0	0.0	-3.3146806	0.45129707	-7.8866568	1.0	2.0	6.931178	5.0	-1.2817636	0.3410551	-0.04386279	0.0	1.0	0.0	10.438133	11.275814	3.4745994	0	11	0	1	0	0	608.3018413086646	1214.5891296837035	57.73099	-.DLLQGPDNSTR.-	DECOY_sp|Q96BN8|OTUL_HUMAN
2017dec27_overlap_dia_6b_rep1_604to616.dia:3463.8594:decoyLLDSQMNELR+2	-1	82367	5.48776	0.9239958	1.1720157	0.84722114	0.6434522	1.7129703	0.20035833	9.0	0.0	2.760362	0.0	10.0	1.0	0.0	7.8313637	6.0	-0.57193375	0.0	0.0	0.0	0.0	0.0	6.391762	10.0	2.6004431	0	10	0	1	0	0	609.8109873086645	1217.6074216837033	57.73099	-.LLDSQMNELR.-	DECOY_sp|Q7Z3U7-2|MON2_HUMAN;DECOY_sp|Q7Z3U7-5|MON2_HUMAN;DECOY_sp|Q7Z3U7-6|MON2_HUMAN;DECOY_sp|Q7Z3U7|MON2_HUMAN
2017dec27_overlap_dia_6b_rep1_604to616.dia:3463.8594:decoyYVQNNQDALR+2	-1	82367	4.3313575	0.68212724	0.9420244	0.5319084	0.35704988	0.12780724	0.49965674	8.0	0.0	0.43547732	0.0	10.0	1.0	0.0	7.486207	5.0	-1.6967218	0.8523871	0.0	0.0	0.0	3.0	27.72332	10.0	0.2755586	0	10	0	1	0	0	610.8045468086644	1219.5945406837031	57.73099	-.YVQNNQDALR.-	DECOY_sp|Q8TF05-2|PP4R1_HUMAN;DECOY_sp|Q8TF05|PP4R1_HUMAN
2017dec27_overlap_dia_6b_rep1_604to616.dia:3465.9292:FVC[+57.0214635]DLTQADR+2	1	82419	2.7638464	0.35495785	0.5289076	0.8063314	0.5971004	1.4263463	0.08711728	6.0	0.0	-2.7329197	0.0	10.0	1.0	0.0	6.588388	5.0	-1.2925453	0.8908873	0.0	1.0	0.0	3.0	12.430618	10.0	2.9235477	0	10	0	1	0	0	612.7875130586647	1223.5604731837036	57.765488	-.FVC[+57.0214635]DLTQADR.-	sp|Q6IEG0|SNR48_HUMAN
2017dec27_overlap_dia_6b_rep1_604to616.dia:3465.9292:LYAVFTDYEHDKVSR+3	1	82419	5.290746	0.46052969	0.8683646	0.5382483	0.3618275	0.15329269	0.34664354	9.0	1.0	-1.7657192	0.37190232	-4.06694	1.0	1.0	6.3324566	4.0	-1.4182534	0.0	0.0	0.0	0.0	0.0	5.457432	7.456097	1.9563471	1	15	0	0	1	0	614.9722086947141	1841.8947966837038	57.765488	-.LYAVFTDYEHDKVSR.-	sp|Q8TCS8|PNPT1_HUMAN
2017dec27_overlap_dia_6b_rep1_604to616.dia:3465.9292:decoyEALGHDVPPRELAGQPR+3	-1	82419	6.3359485	0.5954064	0.8706812	0.5972899	0.40751165	0.39418572	0.3145761	10.0	1.0	0.5914202	0.0	10.0	1.0	0.0	6.3760476	5.0	-0.637661	0.0	0.0	0.0	0.0	0.0	17.591087	10.0	0.4007922	1	17	0	0	1	0	614.6587416947139	1840.9543956837028	57.765488	-.EALGHDVPPRELAGQPR.-	DECOY_sp|Q96HY7|DHTK1_HUMAN
2017dec27_overlap_dia_6b_rep1_604to616.dia:3465.9292:decoyGLYEANEATSR+2	-1	82419	2.6016366	0.5317435	0.88976175	0.555014	0.37457424	0.22095056	0.4200688	6.0	0.0	-1.8622131	0.0	10.0	1.0	0.0	6.7427044	4.0	-2.2634013	0.0	0.0	0.0	0.0	0.0	22.672699	10.0	2.0528412	0	11	0	1	0	0	605.7885623086646	1209.5625716837035	57.765488	-.GLYEANEATSR.-	DECOY_sp|P00533|EGFR_HUMAN
2017dec27_overlap_dia_6b_rep1_604to616.dia:3467.9434:decoyEDYVSGPIIAR+2	-1	82471	3.3473213	0.2654224	0.8911622	0.44145924	0.2910781	-0.23524189	0.6239539	7.0	0.0	1.0906832	0.0	10.0	1.0	0.0	6.7968225	4.0	-0.8361635	0.0	0.0	0.0	0.0	0.0	3.6782532	10.0	0.85856164	0	11	0	1	0	0	610.3194983086646	1218.6244436837035	57.799057	-.EDYVSGPIIAR.-	DECOY_sp|Q92900-2|RENT1_HUMAN;DECOY_sp|Q92900|RENT1_HUMAN
2017dec27_overlap_dia_6b_rep1_604to616.dia:3467.9434:decoyEEDTMDNQLK+2	-1	82471	3.6282408	0.4779026	0.5692369	0.8429662	0.63838536	1.6804658	0.17503624	7.0	0.0	1.5265652	0.0	10.0	1.0	0.0	7.0497246	5.0	-2.748924	0.050073303	0.0	0.0	0.0	4.0	27.723663	10.0	1.2944436	0	10	0	1	0	0	611.7664428086646	1221.5183326837034	57.799057	-.EEDTMDNQLK.-	DECOY_sp|O75691|UTP20_HUMAN
2017dec27_overlap_dia_6b_rep1_604to616.dia:3467.9434:decoyNVC[+57.0214635]EPSAVLIK+2	-1	82471	4.462146	0.42132348	0.7466966	0.7188283	0.5106425	0.9386571	0.2758797	8.0	1.0	0.5931357	0.0	10.0	1.0	0.0	6.934863	5.0	-2.1526802	0.0	0.0	0.0	0.0	0.0	6.4292946	10.0	0.36101413	0	11	0	1	0	0	615.3315555586646	1228.6485581837035	57.799057	-.NVC[+57.0214635]EPSAVLIK.-	DECOY_sp|Q14289-2|FAK2_HUMAN;DECOY_sp|Q14289|FAK2_HUMAN
2017dec27_overlap_dia_6b_rep1_604to616.dia:3467.9434:decoyQFGEAC[+57.0214635]EETR+2	-1	82471	1.792943	0.4726489	0.64175385	0.5173228	0.34614265	0.0693189	0.46484458	5.0	0.0	-2.556891	0.0	10.0	1.0	0.0	6.516752	3.0	-2.656057	0.0	0.0	0.0	0.0	0.0	27.146854	10.0	2.7890124	0	10	0	1	0	0	613.7589525586645	1225.5033521837033	57.799057	-.QFGEAC[+57.0214635]EETR.-	DECOY_sp|Q8N0W3-2|FUK_HUMAN;DECOY_sp|Q8N0W3|FUK_HUMAN
2017dec27_overlap_dia_6b_rep1_604to616.dia:3474.0894:decoyTSGSGGLPHGLAIAGGNVNR+3	-1	82627	6.1529174	0.5040855	0.84822255	0.39188096	0.25635105	-0.4394125	0.87855667	10.0	3.0	1.8871331	0.0	10.0	1.0	0.0	6.146904	4.0	-0.87740564	0.0	0.0	0.0	0.0	0.0	9.707645	10.0	1.5503049	0	20	0	0	1	0	612.3221293613807	1833.9445586837035	57.90149	-.TSGSGGLPHGLAIAGGNVNR.-	DECOY_sp|P42765|THIM_HUMAN
2017dec27_overlap_dia_6b_rep1_604to616.dia:3476.0896:decoyLQQMFQAAQR+2	-1	82679	3.5720005	0.5044397	0.9733968	0.7405764	0.5308949	1.0489664	0.386206	7.0	0.0	1.4196126	0.0	10.0	1.0	0.0	7.2495856	5.0	-0.29569674	0.34025854	0.4784121	0.0	1.0	0.0	8.904251	10.0	1.0827844	0	10	0	1	0	0	610.8138658086647	1219.6131786837036	57.934826	-.LQQMFQAAQR.-	DECOY_sp|O75030-12|MITF_HUMAN;DECOY_sp|O75030-2|MITF_HUMAN;DECOY_sp|O75030-3|MITF_HUMAN;DECOY_sp|O75030-4|MITF_HUMAN;DECOY_sp|O75030-5|MITF_HUMAN;DECOY_sp|O75030-6|MITF_HUMAN;DECOY_sp|O75030-7|MITF_HUMAN;DECOY_sp|O75030-8|MITF_HUMAN;DECOY_sp|O75030|MITF_HUMAN
2017dec27_overlap_dia_6b_rep1_604to616.dia:3480.1384:decoyTPPEPVAFGDAK+2	-1	82783	7.5132427	0.68667734	1.0603048	0.81674516	0.6084477	1.4944494	0.061872583	11.0	2.0	0.48804066	0.0	10.0	1.0	0.0	8.264711	6.0	-0.5500746	0.80715686	0.0	0.0	0.0	1.0	4.362816	10.0	0.15121242	0	12	0	1	0	0	614.8140538086647	1227.6135546837036	58.002308	-.TPPEPVAFGDAK.-	DECOY_sp|Q86XP3-2|DDX42_HUMAN;DECOY_sp|Q86XP3|DDX42_HUMAN
2017dec27_overlap_dia_6b_rep1_604to616.dia:3484.1438:decoyEASVTYWGADK+2	-1	82887	4.456633	0.42573312	0.73205084	0.70976174	0.5023948	0.89422715	0.32625908	8.0	0.0	0.96941775	0.0	10.0	1.0	0.0	7.4867043	5.0	-3.0	0.85111994	0.0	1.0	0.0	4.0	9.146568	10.0	0.6325895	0	11	0	1	0	0	613.7880313086647	1225.5615096837037	58.069065	-.EASVTYWGADK.-	DECOY_sp|Q8WX93-2|PALLD_HUMAN;DECOY_sp|Q8WX93-3|PALLD_HUMAN;DECOY_sp|Q8WX93-4|PALLD_HUMAN;DECOY_sp|Q8WX93-5|PALLD_HUMAN;DECOY_sp|Q8WX93-7|PALLD_HUMAN;DECOY_sp|Q8WX93-8|PALLD_HUMAN;DECOY_sp|Q8WX93-9|PALLD_HUMAN;DECOY_sp|Q8WX93|PALLD_HUMAN
2017dec27_overlap_dia_6b_rep1_604to616.dia:3484.1438:decoyLSVPPRVHALK+2	-1	82887	1.9518648	0.47621402	0.7319079	0.7459048	0.53596526	1.0768889	0.106421225	5.0	0.0	0.20673764	0.0	10.0	1.0	0.0	6.9196725	3.0	-2.477126	0.824471	0.0	1.0	0.0	3.0	22.507393	10.0	0.1300906	1	11	0	1	0	0	608.8798648086645	1215.7451766837032	58.069065	-.LSVPPRVHALK.-	DECOY_sp|P08237-2|PFKAM_HUMAN;DECOY_sp|P08237-3|PFKAM_HUMAN;DECOY_sp|P08237|PFKAM_HUMAN
2017dec27_overlap_dia_6b_rep1_604to616.dia:3484.1438:decoyNEDFAVDEFK+2	-1	82887	3.5133367	0.8228826	1.068676	0.64700264	0.4479555	0.6058898	0.23776713	7.0	1.0	0.8482435	0.0	10.0	1.0	0.0	7.6812067	4.0	-1.9965658	0.8260982	0.0	0.0	0.0	4.0	3.9224243	10.0	0.51141524	0	10	0	1	0	0	607.2722178086645	1212.5298826837034	58.069065	-.NEDFAVDEFK.-	DECOY_sp|P07237|PDIA1_HUMAN
2017dec27_overlap_dia_6b_rep1_604to616.dia:3486.185:decoyLQVQTLDGPLK+2	-1	82939	3.5083032	0.56321716	0.9087555	0.639547	0.44175607	0.57339853	0.26458392	7.0	0.0	1.0450741	0.0	10.0	1.0	0.0	7.0684557	5.0	-1.184164	0.8569652	0.0	1.0	0.0	4.0	2.549492	10.0	0.7082459	0	11	0	1	0	0	606.3533463086646	1210.6921396837035	58.103085	-.LQVQTLDGPLK.-	DECOY_sp|Q9H7D0|DOCK5_HUMAN
2017dec27_overlap_dia_6b_rep1_604to616.dia:3486.185:decoyQTPIQQQVAAK+2	-1	82939	6.169569	0.57685053	1.2297331	0.4071977	0.26698804	-0.3755621	0.9105002	10.0	0.0	0.9806572	0.0	10.0	1.0	0.0	7.7510753	5.0	-0.37886	0.89357173	0.0	1.0	0.0	6.0	24.18671	10.0	0.643829	0	11	0	1	0	0	606.3407708086647	1210.6669886837037	58.103085	-.QTPIQQQVAAK.-	DECOY_sp|Q6ZSZ5-2|ARHGI_HUMAN;DECOY_sp|Q6ZSZ5|ARHGI_HUMAN
2017dec27_overlap_dia_6b_rep1_604to616.dia:3488.167:VDTQDQGMYR+2	1	82991	2.7939653	0.30373147	0.35822606	0.8642368	0.6643963	1.8509344	0.06603213	6.0	0.0	0.35091126	0.0	10.0	1.0	0.0	6.8525376	3.0	-1.8418353	0.712033	0.0	1.0	0.0	4.0	27.72499	10.0	0.014083028	0	10	0	1	0	0	606.7693163086648	1211.5240796837038	58.136116	-.VDTQDQGMYR.-	sp|Q9Y6D6|BIG1_HUMAN
2017dec27_overlap_dia_6b_rep1_604to616.dia:3488.167:decoyDPGGEVVVVNVK+2	-1	82991	3.5203357	0.40959093	0.7882158	0.65751374	0.4567837	0.65223414	0.20644823	7.0	1.0	0.4725332	0.0	10.0	1.0	0.0	7.218939	4.0	-2.1855125	0.9326377	0.0	0.0	0.0	4.0	5.9491196	10.0	0.13570496	0	12	0	1	0	0	606.3351528086646	1210.6557526837034	58.136116	-.DPGGEVVVVNVK.-	DECOY_sp|O43395|PRPF3_HUMAN
2017dec27_overlap_dia_6b_rep1_604to616.dia:3488.167:decoyIWGSVAEDTLK+2	-1	82991	2.7019124	0.40408266	0.67655855	0.6991649	0.4928894	0.8433245	0.23316629	6.0	0.0	-2.5148602	0.0	10.0	1.0	0.0	7.0104628	4.0	-2.949388	0.77303606	0.0	1.0	0.0	3.0	2.0704346	10.0	2.8516884	0	11	0	1	0	0	609.8218783086646	1217.6292036837035	58.136116	-.IWGSVAEDTLK.-	DECOY_sp|Q93008-1|USP9X_HUMAN;DECOY_sp|Q93008|USP9X_HUMAN
2017dec27_overlap_dia_6b_rep1_604to616.dia:3488.167:decoyLSNHEAIHGDIQELKK+3	-1	82991	4.191655	0.57084036	0.7501738	0.38559788	0.25200963	-0.46585453	0.51674765	8.0	3.0	-0.44615543	0.0	10.0	1.0	0.0	6.428694	3.0	-1.7098274	0.5218073	0.0	0.0	0.0	3.0	17.388298	10.0	0.78298366	1	16	0	0	1	0	611.3268800280474	1830.9588106837034	58.136116	-.LSNHEAIHGDIQELKK.-	DECOY_sp|Q9NTJ3|SMC4_HUMAN
2017dec27_overlap_dia_6b_rep1_604to616.dia:3488.167:decoyRLQLSDHIIK+2	-1	82991	1.3562379	0.29376668	0.7107789	0.946295	0.7904125	2.8690488	0.020769797	4.0	0.0	-2.3476357	0.0	10.0	1.0	0.0	6.4008813	4.0	-3.0	0.86713874	0.33925948	1.0	1.0	4.0	1.6694183	10.0	2.684464	1	10	0	1	0	0	611.8669543086645	1221.7193556837033	58.136116	-.RLQLSDHIIK.-	DECOY_sp|Q86W50|MET16_HUMAN
2017dec27_overlap_dia_6b_rep1_604to616.dia:3488.167:decoyYKDAVQMAGLK+2	-1	82991	5.4802904	0.5732914	0.87451434	0.83277375	0.62649703	1.6054143	0.2974033	9.0	0.0	-2.2014556	0.24061388	7.6198072	1.0	1.0	7.9740057	7.0	-0.5598097	0.88684106	0.0	1.0	0.0	4.0	19.96799	4.23065	2.5382838	1	11	0	1	0	0	612.3262698086645	1222.6379866837033	58.136116	-.YKDAVQMAGLK.-	DECOY_sp|Q8WYA6-2|CTBL1_HUMAN;DECOY_sp|Q8WYA6-3|CTBL1_HUMAN;DECOY_sp|Q8WYA6-4|CTBL1_HUMAN;DECOY_sp|Q8WYA6|CTBL1_HUMAN
2017dec27_overlap_dia_6b_rep1_604to616.dia:3490.2297:decoyKGELELVAPEK+2	-1	83043	5.3183084	0.3630145	0.78358215	0.57351524	0.38884133	0.2962079	0.5480632	9.0	3.0	-0.7482315	0.0	10.0	1.0	0.0	7.9405737	6.0	-1.3794885	0.8281693	0.0	1.0	0.0	3.0	11.985847	10.0	1.0850596	1	11	0	1	0	0	606.8453533086646	1211.6761536837034	58.170494	-.KGELELVAPEK.-	DECOY_sp|Q01518-2|CAP1_HUMAN;DECOY_sp|Q01518|CAP1_HUMAN
2017dec27_overlap_dia_6b_rep1_604to616.dia:3492.2444:decoyDEFHLDFEPNEKIAK+3	-1	83095	4.2859044	0.22306865	0.37081498	0.479053	0.31803972	-0.083837025	0.36615336	8.0	2.0	0.45861036	0.6541166	-8.507376	0.0	1.0	6.6550374	5.0	-1.4051249	0.38352293	-0.018090537	0.0	1.0	0.0	1.588768	11.896533	0.121782124	1	15	0	0	1	0	611.3002193613806	1830.8788286837032	58.204075	-.DEFHLDFEPNEKIAK.-	DECOY_sp|Q9NV70-2|EXOC1_HUMAN;DECOY_sp|Q9NV70|EXOC1_HUMAN
2017dec27_overlap_dia_6b_rep1_604to616.dia:3492.2444:decoyHGVGPPGTLFVK+2	-1	83095	3.489257	0.2768947	0.43296835	0.6121055	0.41935444	0.45617118	0.43484974	7.0	1.0	1.873177	0.0	10.0	1.0	0.0	7.2286296	5.0	-2.4613378	0.35361153	0.0	0.0	0.0	3.0	9.469387	10.0	1.5363488	0	12	0	1	0	0	604.8429488086646	1207.6713446837034	58.204075	-.HGVGPPGTLFVK.-	DECOY_sp|Q9BSD7|NTPCR_HUMAN
2017dec27_overlap_dia_6b_rep1_604to616.dia:3496.3357:GLGATTHPTAAVK+2	1	83199	6.439634	0.39560816	0.64938104	0.7583516	0.54798996	1.1436634	0.09619302	10.0	3.0	-1.3752685	0.0	10.0	1.0	0.0	7.705053	5.0	-1.803412	0.0	0.0	0.0	0.0	0.0	27.436089	10.0	1.7120967	0	13	0	1	0	0	612.3407708086647	1222.6669886837037	58.272263	-.GLGATTHPTAAVK.-	sp|P52789|HXK2_HUMAN
2017dec27_overlap_dia_6b_rep1_604to616.dia:3496.3357:decoyLIVDEPDTGNR+2	-1	83199	4.3793464	0.31500763	0.4961226	0.59405375	0.40494674	0.38074905	0.591656	8.0	1.0	-4.2279367	0.52484435	-5.1108284	1.0	1.0	7.2506986	4.0	-0.7052684	0.7906177	0.0	1.0	0.0	3.0	9.787155	8.499986	4.564765	0	11	0	1	0	0	614.8120418086647	1227.6095306837037	58.272263	-.LIVDEPDTGNR.-	DECOY_sp|O14950|ML12B_HUMAN;DECOY_sp|P19105|ML12A_HUMAN;DECOY_sp|P24844|MYL9_HUMAN
2017dec27_overlap_dia_6b_rep1_604to616.dia:3498.485:decoyVETHGVLEGIR+2	-1	83251	3.4837108	0.6797878	0.8922002	0.60433835	0.41312498	0.42357475	0.36436427	7.0	0.0	1.2969849	0.0	10.0	1.0	0.0	7.5175242	4.0	-2.2918391	0.8514313	0.0	1.0	0.0	4.0	18.452496	10.0	0.9601567	0	11	0	1	0	0	605.3329448086646	1208.6513366837034	58.308086	-.VETHGVLEGIR.-	DECOY_sp|Q8TEQ6|GEMI5_HUMAN
2017dec27_overlap_dia_6b_rep1_604to616.dia:3500.5237:YLADQNNQVR+2	1	83303	3.5132604	0.37584415	0.5080509	0.6468889	0.44786054	0.60539186	0.30183542	7.0	0.0	0.4695295	0.5196444	4.358427	1.0	3.0	7.380572	6.0	-1.596417	0.7149507	0.7306692	1.0	1.0	1.0	28.30136	0.96926975	0.13270128	0	10	0	1	0	0	610.8045468086647	1219.5945406837036	58.34206	-.YLADQNNQVR.-	sp|Q8TF05-2|PP4R1_HUMAN;sp|Q8TF05|PP4R1_HUMAN
2017dec27_overlap_dia_6b_rep1_604to616.dia:3500.5237:decoyEVEQEVSQLR+2	-1	83303	4.3581066	0.42141846	0.50405735	0.56569964	0.3827877	0.26432687	0.53091425	8.0	1.0	-1.3558148	0.0	10.0	1.0	0.0	7.539459	5.0	-2.3862517	0.76272404	-0.046138827	1.0	1.0	3.0	17.307003	10.0	1.692643	0	10	0	1	0	0	608.8120418086645	1215.6095306837033	58.34206	-.EVEQEVSQLR.-	DECOY_sp|Q969Z0-2|TBRG4_HUMAN;DECOY_sp|Q969Z0|TBRG4_HUMAN
2017dec27_overlap_dia_6b_rep1_604to616.dia:3500.5237:decoyEVTDVYFSNR+2	-1	83303	3.5901296	0.3399909	0.59479797	0.7721451	0.56163234	1.2204634	0.16565464	7.0	0.0	-2.89065	0.0	10.0	1.0	0.0	7.6207123	4.0	-1.5078347	0.87407035	0.0	0.0	0.0	3.0	8.008324	10.0	3.2274783	0	10	0	1	0	0	615.2934803086645	1228.5724076837032	58.34206	-.EVTDVYFSNR.-	DECOY_sp|Q07864|DPOE1_HUMAN
2017dec27_overlap_dia_6b_rep1_604to616.dia:3500.5237:decoyLAHDDLNLSSK+2	-1	83303	3.6184378	0.5476973	0.8350207	0.8241514	0.616695	1.5447308	0.1928723	7.0	0.0	-3.918654	0.0	10.0	1.0	0.0	7.328588	5.0	0.51556635	0.5074384	0.0	0.0	0.0	0.0	18.778454	10.0	4.255482	0	11	0	1	0	0	606.8145838086647	1211.6146146837036	58.34206	-.LAHDDLNLSSK.-	DECOY_sp|P82673|RT35_HUMAN
2017dec27_overlap_dia_6b_rep1_604to616.dia:3508.878:decoyC[+57.0214635]TDNVVFDDK+2	-1	83511	1.8418479	0.24289766	0.3407201	0.5789838	0.39310116	0.3186031	0.4346603	5.0	0.0	2.8205152	0.0	10.0	1.0	0.0	6.4931254	5.0	-3.0	0.88772434	0.0	1.0	0.0	3.0	16.655247	10.0	2.483687	0	10	0	1	0	0	606.7637030586645	1211.5128531837033	58.4813	-.C[+57.0214635]TDNVVFDDK.-	DECOY_sp|Q9Y6I4-2|UBP3_HUMAN;DECOY_sp|Q9Y6I4|UBP3_HUMAN
2017dec27_overlap_dia_6b_rep1_604to616.dia:3508.878:decoyKGC[+57.0214635]AGDGVIVLK+2	-1	83511	2.6092448	0.2993875	0.43908995	0.5648227	0.3821109	0.2607582	0.23780195	6.0	1.0	-1.4653525	0.0	10.0	1.0	0.0	7.0288105	4.0	-2.978707	0.39656752	0.0	0.0	0.0	3.0	19.59819	10.0	1.8021808	1	12	0	1	0	0	608.8395485586645	1215.6645441837034	58.4813	-.KGC[+57.0214635]AGDGVIVLK.-	DECOY_sp|P08134|RHOC_HUMAN;DECOY_sp|P61586|RHOA_HUMAN
2017dec27_overlap_dia_6b_rep1_604to616.dia:3514.9858:DKLDETGNSLK+2	1	83667	4.2532043	0.5647825	1.0874642	0.44430748	0.29310048	-0.22369832	0.55438703	8.0	1.0	1.7688274	0.19349779	-7.3169184	1.0	1.0	7.244717	5.0	-2.3221567	0.7965447	0.0	1.0	0.0	6.0	28.549631	10.706076	1.4319992	1	11	0	1	0	0	610.3118743086648	1218.6091956837038	58.583096	-.DKLDETGNSLK.-	sp|P11388-2|TOP2A_HUMAN;sp|P11388-3|TOP2A_HUMAN;sp|P11388-4|TOP2A_HUMAN;sp|P11388|TOP2A_HUMAN
2017dec27_overlap_dia_6b_rep1_604to616.dia:3514.9858:decoyYEGSAPNDQLK+2	-1	83667	3.1969686	0.48083448	0.5293529	0.3122754	0.20218241	-0.7895029	0.80549663	7.0	1.0	1.6716805	0.0	10.0	1.0	0.0	7.170886	6.0	-1.5398822	0.0	0.0	0.0	0.0	0.0	27.971695	10.0	1.3348522	0	11	0	1	0	0	611.2909378086645	1220.5673226837032	58.583096	-.YEGSAPNDQLK.-	DECOY_sp|Q16850-2|CP51A_HUMAN;DECOY_sp|Q16850|CP51A_HUMAN
2017dec27_overlap_dia_6b_rep1_604to616.dia:3519.0496:decoyC[+57.0214635]ALC[+57.0214635]LGPGESR+2	-1	83771	4.1843877	0.36315626	0.549921	0.379199	0.24760085	-0.49294937	0.7171141	8.0	0.0	0.42359525	0.0	10.0	1.0	0.0	6.842385	6.0	-1.9452896	0.079836234	0.0	0.0	0.0	0.0	11.616158	10.0	0.08676702	0	11	0	1	0	0	610.2815403086647	1218.5485276837037	58.650826	-.C[+57.0214635]ALC[+57.0214635]LGPGESR.-	DECOY_sp|Q86X76-2|NIT1_HUMAN;DECOY_sp|Q86X76-3|NIT1_HUMAN;DECOY_sp|Q86X76-4|NIT1_HUMAN;DECOY_sp|Q86X76|NIT1_HUMAN
2017dec27_overlap_dia_6b_rep1_604to616.dia:3519.0496:decoyC[+57.0214635]VAEEYVAC[+57.0214635]K+2	-1	83771	3.650459	0.51842713	0.71654123	0.88721395	0.6947246	2.0625935	0.06716394	7.0	0.0	5.5912113	0.0	10.0	1.0	0.0	6.7945824	4.0	-2.5724182	0.1351159	0.0	1.0	0.0	6.0	17.837337	10.0	5.254383	0	10	0	1	0	0	614.7704698086646	1227.5263866837035	58.650826	-.C[+57.0214635]VAEEYVAC[+57.0214635]K.-	DECOY_sp|Q9NYH9|UTP6_HUMAN
2017dec27_overlap_dia_6b_rep1_604to616.dia:3537.3108:LLPGDLTQVQK+2	1	84239	3.4492402	0.41702992	0.79188347	0.5582254	0.37703514	0.233963	0.3555859	7.0	0.0	1.6576734	0.0	10.0	1.0	0.0	6.8595753	4.0	-1.7314246	0.0	0.0	0.0	0.0	0.0	2.549492	10.0	1.3208451	0	11	0	1	0	0	606.3533463086648	1210.6921396837038	58.95518	-.LLPGDLTQVQK.-	sp|Q9H7D0|DOCK5_HUMAN
2017dec27_overlap_dia_6b_rep1_604to616.dia:3537.3108:YEESLADSDNKGVNSGR+3	1	84239	5.462988	0.5423582	0.7698945	0.8002479	0.5905976	1.3878446	0.16572426	9.0	1.0	0.33634868	0.0	10.0	1.0	0.0	6.2862716	6.0	-0.28616142	0.9031413	0.0	1.0	0.0	6.0	26.734955	10.0	4.7954917E-4	1	17	0	0	1	0	614.281772694714	1839.8234886837033	58.95518	-.YEESLADSDNKGVNSGR.-	sp|Q6KC79-2|NIPBL_HUMAN;sp|Q6KC79|NIPBL_HUMAN
2017dec27_overlap_dia_6b_rep1_604to616.dia:3537.3108:decoyHGVDGLVVAVVR+2	-1	84239	3.2017827	0.4663558	0.86582726	0.31575632	0.20451641	-0.7733433	0.67425025	7.0	1.0	-1.3355327	0.0	10.0	1.0	0.0	6.659904	4.0	-1.1581435	0.4820882	0.0	0.0	0.0	0.0	3.7597885	10.0	1.6723609	0	12	0	1	0	0	610.8591298086644	1219.703706683703	58.95518	-.HGVDGLVVAVVR.-	DECOY_sp|Q9BT22|ALG1_HUMAN
2017dec27_overlap_dia_6b_rep1_604to616.dia:3537.3108:decoyLINQNMQLEK+2	-1	84239	4.2885747	0.4866944	0.6973116	0.48200753	0.32018447	-0.07200102	0.7016304	8.0	0.0	-0.6057069	0.23514073	7.446481	1.0	1.0	7.3599634	5.0	-0.40587044	0.0	0.0	0.0	0.0	0.0	2.188099	4.057324	0.9425351	0	10	0	1	0	0	615.8291803086646	1229.6438076837035	58.95518	-.LINQNMQLEK.-	DECOY_sp|Q8TBF8|FA81A_HUMAN
2017dec27_overlap_dia_6b_rep1_604to616.dia:3557.677:decoyNNIEPNTWDK+2	-1	84759	3.5838883	0.5160409	0.65545183	0.7611276	0.5507078	1.1588714	0.22278875	7.0	0.0	-1.7928982	0.0	10.0	1.0	0.0	7.292586	4.0	-1.7418206	0.83419585	0.0	0.0	0.0	1.0	14.252308	10.0	2.1297264	0	10	0	1	0	0	615.7911088086647	1229.5676646837037	59.294617	-.NNIEPNTWDK.-	DECOY_sp|O43402|EMC8_HUMAN
2017dec27_overlap_dia_6b_rep1_604to616.dia:3557.677:decoyVGLYDEDKSFDPSEVK+3	-1	84759	6.3096137	0.6030207	0.8136405	0.5621472	0.3800491	0.24988098	0.41098857	10.0	6.0	0.2637533	0.0	10.0	1.0	0.0	7.11654	6.0	-0.40982533	0.7618229	0.0	0.0	0.0	1.0	5.215145	10.0	0.07307494	1	16	0	0	1	0	609.9597483613807	1826.8574156837033	59.294617	-.VGLYDEDKSFDPSEVK.-	DECOY_sp|Q9Y6Y8|S23IP_HUMAN
2017dec27_overlap_dia_6b_rep1_604to616.dia:3557.677:decoyYESSAGPLGGHSPGEC[+57.0214635]VK+3	-1	84759	3.286713	0.27786517	0.3035356	0.38395667	0.25087762	-0.47278756	0.5380469	7.0	1.0	0.3682713	0.0	10.0	1.0	0.0	5.881459	5.0	-0.49436188	0.6938499	0.0	1.0	0.0	3.0	22.056503	10.0	0.03144306	0	18	0	0	1	0	611.2808278613807	1830.8206541837033	59.294617	-.YESSAGPLGGHSPGEC[+57.0214635]VK.-	DECOY_sp|P19838-2|NFKB1_HUMAN;DECOY_sp|P19838|NFKB1_HUMAN
2017dec27_overlap_dia_6b_rep1_604to616.dia:3561.7427:QPLYEFEDC[+57.0214635]LGGGKPK+3	1	84863	7.4743476	0.4204348	0.9672543	0.7467777	0.53680027	1.0814999	0.26776898	11.0	2.0	3.7252867	0.86308354	-7.5803466	0.0	3.0	7.345013	5.0	-1.4125423	0.7512107	0.89873034	1.0	1.0	4.0	0.27664948	10.969503	3.3884585	0	16	0	0	1	0	613.297819194714	1836.871628183703	59.362377	-.QPLYEFEDC[+57.0214635]LGGGKPK.-	sp|O95352-2|ATG7_HUMAN;sp|O95352-3|ATG7_HUMAN;sp|O95352|ATG7_HUMAN
2017dec27_overlap_dia_6b_rep1_604to616.dia:3561.7427:decoyADTPNPHLTGGGEPGPATK+3	-1	84863	4.272433	0.24253362	0.54033077	0.46442124	0.30747533	-0.14255588	0.4807809	8.0	2.0	-0.5549971	0.0	10.0	1.0	0.0	6.497647	4.0	-1.695077	0.89087427	0.0	1.0	0.0	7.0	23.204514	10.0	0.8918253	0	19	0	0	1	0	606.2989910280472	1815.875143683703	59.362377	-.ADTPNPHLTGGGEPGPATK.-	DECOY_sp|P56945-2|BCAR1_HUMAN;DECOY_sp|P56945-3|BCAR1_HUMAN;DECOY_sp|P56945-4|BCAR1_HUMAN;DECOY_sp|P56945-5|BCAR1_HUMAN;DECOY_sp|P56945-6|BCAR1_HUMAN;DECOY_sp|P56945-7|BCAR1_HUMAN;DECOY_sp|P56945-8|BCAR1_HUMAN;DECOY_sp|P56945|BCAR1_HUMAN
2017dec27_overlap_dia_6b_rep1_604to616.dia:3561.7427:decoyEVGDPKTWASK+2	-1	84863	6.2227488	0.30017942	0.69351226	0.46024123	0.30447417	-0.15937161	0.37358308	10.0	1.0	2.2125168	0.2062658	3.849717	1.0	1.0	8.001778	6.0	-0.7367344	0.88181984	0.0	1.0	0.0	4.0	24.927849	0.4605596	1.8756886	1	11	0	1	0	0	609.3116778086647	1216.6088026837037	59.362377	-.EVGDPKTWASK.-	DECOY_sp|O14776-2|TCRG1_HUMAN;DECOY_sp|O14776|TCRG1_HUMAN
2017dec27_overlap_dia_6b_rep1_604to616.dia:3561.7427:decoyKGDAFYIDYK+2	-1	84863	3.6618884	0.39285144	0.62435895	0.9108725	0.7291801	2.3243353	0.072582945	7.0	1.0	1.9181113	0.21990788	-6.7450824	1.0	1.0	7.993693	4.0	-2.34569	0.8988624	0.0	1.0	0.0	6.0	9.628822	10.134239	1.5812831	1	10	0	1	0	0	610.3033128086646	1218.5920726837035	59.362377	-.KGDAFYIDYK.-	DECOY_sp|Q86UK7-2|ZN598_HUMAN;DECOY_sp|Q86UK7-3|ZN598_HUMAN;DECOY_sp|Q86UK7|ZN598_HUMAN
2017dec27_overlap_dia_6b_rep1_604to616.dia:3561.7427:decoyKPGDLDLQTVK+2	-1	84863	5.3652077	0.34296012	0.59858394	0.6389166	0.4412343	0.570665	0.2846903	9.0	2.0	3.2211552	0.0	10.0	1.0	0.0	8.00297	6.0	-2.3759782	0.853401	-0.06463742	1.0	1.0	6.0	17.75753	10.0	2.884327	0	11	0	1	0	0	607.3429783086647	1212.6714036837036	59.362377	-.KPGDLDLQTVK.-	DECOY_sp|Q13442|HAP28_HUMAN
2017dec27_overlap_dia_6b_rep1_604to616.dia:3561.7427:decoySMTLDDENTGK+2	-1	84863	5.340187	0.48010883	0.5247545	0.6031474	0.41217387	0.4185966	0.37312207	9.0	0.0	1.639813	0.8401484	-8.5241375	0.0	1.0	7.799638	6.0	0.6480551	0.9023528	0.8243252	1.0	1.0	6.0	24.18671	11.913295	1.3029847	0	11	0	1	0	0	605.7664428086646	1209.5183326837034	59.362377	-.SMTLDDENTGK.-	DECOY_sp|O14802|RPC1_HUMAN
2017dec27_overlap_dia_6b_rep1_604to616.dia:3561.7427:decoySTALPKAIPATR+2	-1	84863	3.3288946	0.30988514	0.45079067	0.42312032	0.27813053	-0.30997717	0.42078406	7.0	0.0	1.6093774	0.0	10.0	1.0	0.0	6.9651794	6.0	-1.1807451	0.68560016	0.18085432	0.0	1.0	3.0	21.852371	10.0	1.2725492	1	12	0	1	0	0	613.3667878086646	1224.7190226837035	59.362377	-.STALPKAIPATR.-	DECOY_sp|Q15022|SUZ12_HUMAN
2017dec27_overlap_dia_6b_rep1_604to616.dia:3561.7427:decoyWC[+57.0214635]IDPQYDK+2	-1	84863	2.035239	0.18859872	0.37616226	0.9037693	0.71842265	2.239826	0.093298525	5.0	0.0	0.69868636	0.0	10.0	1.0	0.0	7.0472383	4.0	-1.8378124	0.8740155	0.0	1.0	0.0	3.0	6.549717	10.0	0.36185813	0	9	0	1	0	0	612.7713270586647	1223.5281011837037	59.362377	-.WC[+57.0214635]IDPQYDK.-	DECOY_sp|O15541|R113A_HUMAN;DECOY_sp|Q8IZP6|R113B_HUMAN
2017dec27_overlap_dia_6b_rep1_604to616.dia:3563.9148:TTSLC[+57.0214635]AGPSASKNEYEK+3	1	84916	5.434951	0.6200289	0.6356074	0.7502179	0.5401029	1.0997748	0.24272293	9.0	5.0	-0.6240647	0.35914832	-9.180595	1.0	1.0	7.017794	3.0	-2.137972	0.91993207	0.0	1.0	0.0	8.0	25.665222	12.569753	0.9608929	1	17	0	0	1	0	614.9561211947141	1841.8465341837036	59.39858	-.TTSLC[+57.0214635]AGPSASKNEYEK.-	sp|Q9BWU0|NADAP_HUMAN
2017dec27_overlap_dia_6b_rep1_604to616.dia:3563.9148:decoyTVQAGNHVSASLTSVSC[+57.0214635]K+3	-1	84916	4.401645	0.5852113	0.61371297	0.6253518	0.43008906	0.5123269	0.32179654	8.0	4.0	-0.7612809	0.0	10.0	1.0	0.0	6.6686473	3.0	-2.7966075	0.8728189	0.19176728	1.0	1.0	5.0	16.284641	10.0	1.0981091	0	18	0	0	1	0	615.9756301947142	1844.905061183704	59.39858	-.TVQAGNHVSASLTSVSC[+57.0214635]K.-	DECOY_sp|Q9C0D5-2|TANC1_HUMAN;DECOY_sp|Q9C0D5|TANC1_HUMAN
2017dec27_overlap_dia_6b_rep1_604to616.dia:3565.9067:SAEAGIAGEAQSK+2	1	84968	5.3001394	0.62845755	0.81382114	0.550017	0.37075758	0.20073935	0.3329156	9.0	3.0	0.4774747	0.0	10.0	1.0	0.0	7.4048405	5.0	-1.9528494	0.85056067	0.0	1.0	0.0	5.0	29.04826	10.0	0.14064646	0	13	0	1	0	0	609.8016743086647	1217.5887956837037	59.431778	-.SAEAGIAGEAQSK.-	sp|Q7Z478|DHX29_HUMAN
2017dec27_overlap_dia_6b_rep1_604to616.dia:3565.9067:decoyAEELDEPSYR+2	-1	84968	2.740435	0.6046997	0.9456478	0.7640154	0.55354977	1.1748213	0.27112603	6.0	0.0	5.399582	0.0	10.0	1.0	0.0	7.2396126	5.0	-2.021618	0.09578008	0.0	0.0	0.0	0.0	15.393322	10.0	5.0627537	0	10	0	1	0	0	604.7751203086647	1207.5356876837036	59.431778	-.AEELDEPSYR.-	DECOY_sp|Q8WXD5|GEMI6_HUMAN
2017dec27_overlap_dia_6b_rep1_604to616.dia:3569.9668:decoyMLSSSLSDQDK+2	-1	85072	2.7384977	0.36508748	0.9631797	0.7606151	0.5502051	1.1560549	0.1121461	6.0	0.0	-1.4256073	0.5422535	-2.6218982	1.0	2.0	6.80521	4.0	-2.0814693	0.24062736	0.0	0.0	0.0	3.0	14.783371	6.0110555	1.7624356	0	11	0	1	0	0	605.7846348086645	1209.5547166837032	59.499447	-.MLSSSLSDQDK.-	DECOY_sp|P37268-5|FDFT_HUMAN;DECOY_sp|P37268|FDFT_HUMAN
2017dec27_overlap_dia_6b_rep1_604to616.dia:3576.1353:RAPYIAYLTR+2	1	85228	2.7185185	0.24128838	0.6030866	0.72641677	0.51763153	0.97651803	0.24004886	6.0	0.0	-3.4125972	0.7990561	0.20038773	0.0	1.0	6.269912	3.0	-2.3283944	0.6213688	-0.07120798	0.0	1.0	0.0	5.377487	3.1887696	3.7494254	1	10	0	1	0	0	612.3483893086647	1222.6822256837036	59.602253	-.RAPYIAYLTR.-	sp|Q14C86-2|GAPD1_HUMAN;sp|Q14C86-3|GAPD1_HUMAN;sp|Q14C86-4|GAPD1_HUMAN;sp|Q14C86-5|GAPD1_HUMAN;sp|Q14C86-6|GAPD1_HUMAN;sp|Q14C86|GAPD1_HUMAN
2017dec27_overlap_dia_6b_rep1_604to616.dia:3578.1392:decoyEIGNAQSLAAQK+2	-1	85280	5.3430634	0.41302294	1.1134663	0.60715514	0.41537875	0.43536958	0.64238137	9.0	3.0	0.68940854	0.0	10.0	1.0	0.0	7.8873086	6.0	-1.2896647	0.62743646	0.0	1.0	0.0	6.0	21.850956	10.0	0.3525803	0	12	0	1	0	0	615.3278593086646	1228.6411656837035	59.635654	-.EIGNAQSLAAQK.-	DECOY_sp|O95361-2|TRI16_HUMAN;DECOY_sp|O95361|TRI16_HUMAN;DECOY_sp|Q309B1-2|TR16L_HUMAN;DECOY_sp|Q309B1|TR16L_HUMAN
2017dec27_overlap_dia_6b_rep1_604to616.dia:3582.2373:IKENGAAALDGR+2	1	85384	4.2723784	0.28358465	0.577423	0.46436313	0.3074335	-0.14278968	0.61478806	8.0	0.0	-1.0927305	0.0	10.0	1.0	0.0	6.8301997	5.0	-1.4600716	0.0	0.0	0.0	0.0	0.0	29.504412	10.0	1.4295588	1	12	0	1	0	0	607.8280263086647	1213.6414996837036	59.703957	-.IKENGAAALDGR.-	sp|P57105|SYJ2B_HUMAN
2017dec27_overlap_dia_6b_rep1_604to616.dia:3582.2373:decoyDGANISTLGDVR+2	-1	85384	4.367206	0.3459645	0.7016071	0.57767737	0.39208162	0.31324595	0.5128899	8.0	1.0	-1.6904459	0.1901132	-4.946391	1.0	1.0	7.1867576	5.0	-2.0295584	0.800635	0.6277354	1.0	1.0	4.0	7.9696007	8.335548	2.0272741	0	12	0	1	0	0	609.3096663086646	1216.6047796837036	59.703957	-.DGANISTLGDVR.-	DECOY_sp|P11586|C1TC_HUMAN
2017dec27_overlap_dia_6b_rep1_604to616.dia:3582.2373:decoyDLQIAPSDSKR+2	-1	85384	4.4439945	0.42768124	0.70229584	0.68940437	0.4842553	0.7973361	0.21538188	8.0	1.0	0.37899208	0.19760805	1.2482305	1.0	1.0	7.12377	4.0	-1.6549535	0.7249108	0.0	0.0	0.0	3.0	18.653751	2.1409268	0.04216385	1	11	0	1	0	0	615.3278588086647	1228.6411646837037	59.703957	-.DLQIAPSDSKR.-	DECOY_sp|Q96ST3|SIN3A_HUMAN
2017dec27_overlap_dia_6b_rep1_604to616.dia:3582.2373:decoyVAVQSNGPNALR+2	-1	85384	5.208936	0.20350467	0.5053765	0.4458337	0.29418552	-0.21751885	0.4253576	9.0	1.0	-0.20628811	0.0	10.0	1.0	0.0	7.266153	5.0	-1.4863563	0.0	0.0	0.0	0.0	0.0	25.009007	10.0	0.54311633	0	12	0	1	0	0	613.3360183086645	1224.6574836837033	59.703957	-.VAVQSNGPNALR.-	DECOY_sp|Q14974|IMB1_HUMAN
2017dec27_overlap_dia_6b_rep1_604to616.dia:3582.2373:decoyYPRDLSTTDEHGLQGR+3	-1	85384	3.60853	0.40381527	0.27522665	0.80556256	0.59627354	1.4214303	0.23052654	7.0	1.0	-0.51952064	0.9371102	-4.0785275	0.0	2.0	6.003949	3.0	-1.2024426	0.42876995	0.071470805	0.0	1.0	0.0	22.586643	7.4676847	0.8563489	1	16	0	0	1	0	615.6343703613805	1843.8812816837028	59.703957	-.YPRDLSTTDEHGLQGR.-	DECOY_sp|A6NED2|RCCD1_HUMAN
2017dec27_overlap_dia_6b_rep1_604to616.dia:3584.3098:ALVSGKPAESSAVAATEKK+3	1	85436	7.4469395	0.45754147	0.6596081	0.70110494	0.49461913	0.85256505	0.34869036	11.0	6.0	0.7004951	0.0	10.0	1.0	0.0	6.515577	4.0	-2.2173004	0.78823096	0.0	0.0	0.0	3.0	24.967876	10.0	0.3636669	1	19	0	0	1	0	615.3423073613809	1843.005092683704	59.7385	-.ALVSGKPAESSAVAATEKK.-	sp|O95182|NDUA7_HUMAN
2017dec27_overlap_dia_6b_rep1_604to616.dia:3586.299:LC[+57.0214635]PPGIPTPGSGLPPPRK+3	1	85488	4.4268103	0.32501772	0.64621353	0.66265833	0.46114367	0.67516327	0.17803866	8.0	4.0	-2.2184687	0.0	10.0	1.0	0.0	5.769365	3.0	-1.0993497	0.6279571	0.0	0.0	0.0	0.0	0.94623566	10.0	2.555297	1	18	0	0	1	0	614.3415851947142	1840.0029261837037	59.771652	-.LC[+57.0214635]PPGIPTPGSGLPPPRK.-	sp|P27708|PYR1_HUMAN
2017dec27_overlap_dia_6b_rep1_604to616.dia:3586.299:decoyHGYDILEPRK+2	-1	85488	1.7952025	0.17009664	0.3193126	0.52002114	0.34815186	0.08012736	0.5324756	5.0	1.0	0.7074968	0.0	10.0	1.0	0.0	6.3731003	3.0	-3.0	0.8022056	0.0	0.0	0.0	4.0	23.44822	10.0	0.3706686	1	10	0	1	0	0	614.3276578086645	1226.6407626837033	59.771652	-.HGYDILEPRK.-	DECOY_sp|P12814-2|ACTN1_HUMAN;DECOY_sp|P12814-3|ACTN1_HUMAN;DECOY_sp|P12814-4|ACTN1_HUMAN;DECOY_sp|P12814|ACTN1_HUMAN
2017dec27_overlap_dia_6b_rep1_604to616.dia:3586.299:decoyYGLVVTGMDKK+2	-1	85488	2.5879297	0.35386807	0.4348456	0.5377705	0.36146665	0.15137036	0.49648407	6.0	0.0	-0.5097496	0.57387805	-7.7984934	1.0	2.0	6.6455417	4.0	-1.8344712	0.4788174	0.0	0.0	0.0	1.0	14.17606	11.187651	0.8465778	1	11	0	1	0	0	605.8286453086646	1209.6427376837034	59.771652	-.YGLVVTGMDKK.-	DECOY_sp|P15170-2|ERF3A_HUMAN;DECOY_sp|P15170-3|ERF3A_HUMAN;DECOY_sp|P15170|ERF3A_HUMAN;DECOY_sp|Q8IYD1|ERF3B_HUMAN
2017dec27_overlap_dia_6b_rep1_604to616.dia:3588.396:decoyQKTETAPMTVAQPDANK+3	-1	85540	10.627845	0.9260078	1.4102485	0.4868963	0.3237421	-0.052426815	0.6867611	14.0	7.0	0.86974835	0.0	10.0	1.0	0.0	7.249709	6.0	-1.3732562	0.79081476	0.4910525	1.0	1.0	3.0	20.909191	10.0	0.5329201	1	17	0	0	1	0	610.6402483613806	1828.898915683703	59.8066	-.QKTETAPMTVAQPDANK.-	DECOY_sp|Q9UNF1-2|MAGD2_HUMAN;DECOY_sp|Q9UNF1|MAGD2_HUMAN
2017dec27_overlap_dia_6b_rep1_604to616.dia:3590.404:AGLASPEEEDAVGKEPLK+3	1	85592	7.2538652	0.5631789	1.0211766	0.44947872	0.29678053	-0.20277704	0.332864	11.0	3.0	0.8194329	0.0	10.0	1.0	0.0	6.6955957	5.0	-1.0907359	0.85407925	0.0	1.0	0.0	4.0	11.777836	10.0	0.48260468	1	18	0	0	1	0	613.9826676947141	1838.9261736837036	59.84007	-.AGLASPEEEDAVGKEPLK.-	sp|Q9UNS1-2|TIM_HUMAN;sp|Q9UNS1|TIM_HUMAN
2017dec27_overlap_dia_6b_rep1_604to616.dia:3590.404:ENSFYVDTVR+2	1	85592	3.5822377	0.40951237	0.87344915	0.7582406	0.5478815	1.1430576	0.17457436	7.0	0.0	2.3658452	0.0	10.0	1.0	0.0	7.259283	4.0	-2.1712496	0.8468293	0.0	0.0	0.0	5.0	8.008324	10.0	2.029017	0	10	0	1	0	0	615.2934803086647	1228.5724076837037	59.84007	-.ENSFYVDTVR.-	sp|Q07864|DPOE1_HUMAN
2017dec27_overlap_dia_6b_rep1_604to616.dia:3590.404:VIGELVGHTER+2	1	85592	5.3962593	0.6227256	0.86238396	0.686271	0.48150718	0.7827431	0.28289834	9.0	0.0	-0.91469216	0.8423582	-2.7207212	0.0	2.0	7.8032017	6.0	-1.0937929	0.95071685	0.5640724	1.0	1.0	6.0	18.452496	6.1098785	1.2515204	0	11	0	1	0	0	605.3329448086647	1208.6513366837037	59.84007	-.VIGELVGHTER.-	sp|Q8TEQ6|GEMI5_HUMAN
2017dec27_overlap_dia_6b_rep1_604to616.dia:3590.404:decoyELEEVQDVTR+2	-1	85592	2.553016	0.58604807	1.0979449	0.49623019	0.33056557	-0.015079555	0.42823327	6.0	0.0	-1.1538372	0.5167098	-1.8481392	1.0	1.0	6.8098526	4.0	-2.1706638	0.85396713	0.0	0.0	0.0	3.0	12.839569	5.2372966	1.4906654	0	10	0	1	0	0	609.3040498086646	1216.5935466837034	59.84007	-.ELEEVQDVTR.-	DECOY_sp|Q14204|DYHC1_HUMAN
2017dec27_overlap_dia_6b_rep1_604to616.dia:3590.404:decoyLESIDMPGQLK+2	-1	85592	5.3692427	0.62715614	1.1854826	0.6448803	0.4461856	0.5966098	0.3707375	9.0	0.0	0.4320325	0.0	10.0	1.0	0.0	7.9128785	6.0	-1.6761289	0.9363054	0.0	1.0	0.0	6.0	3.43124	10.0	0.095204264	0	11	0	1	0	0	615.8235638086645	1229.6325746837033	59.84007	-.LESIDMPGQLK.-	DECOY_sp|Q9H8Y5|ANKZ1_HUMAN
2017dec27_overlap_dia_6b_rep1_604to616.dia:3590.404:decoyLYQDLIHSNPIENKR+3	-1	85592	7.3451886	0.54822767	0.7502923	0.5546673	0.37430894	0.2195468	0.29600623	11.0	4.0	-1.7085412	0.0	10.0	1.0	0.0	7.0719957	5.0	-0.07234287	0.29094666	0.0	0.0	0.0	1.0	7.644356	10.0	2.0453694	1	15	0	0	1	0	613.9952386947141	1838.9638866837035	59.84007	-.LYQDLIHSNPIENKR.-	DECOY_sp|P35520-2|CBS_HUMAN;DECOY_sp|P35520|CBS_HUMAN
2017dec27_overlap_dia_6b_rep1_604to616.dia:3596.4758:VLELENELQK+2	1	85748	4.502363	0.30125526	0.5450784	0.7885738	0.5783603	1.31635	0.33584756	8.0	0.0	-0.57053113	0.0	10.0	1.0	0.0	7.362379	5.0	-2.1982405	0.9434224	0.56531143	1.0	1.0	5.0	2.5899467	10.0	0.90735936	0	10	0	1	0	0	607.8349853086647	1213.6554176837037	59.941265	-.VLELENELQK.-	sp|O00291-3|HIP1_HUMAN;sp|O00291-4|HIP1_HUMAN;sp|O00291|HIP1_HUMAN
2017dec27_overlap_dia_6b_rep1_604to616.dia:3596.4758:decoyEVEEQLQLVK+2	-1	85748	3.5009599	0.4958503	0.85170877	0.62882394	0.43292677	0.5271748	0.2023479	7.0	0.0	1.3847294	0.0	10.0	1.0	0.0	7.5567346	4.0	-2.1077356	0.9398414	0.6168163	1.0	1.0	4.0	5.9087563	10.0	1.0479012	0	10	0	1	0	0	607.8349858086646	1213.6554186837034	59.941265	-.EVEEQLQLVK.-	DECOY_sp|Q9BYN8|RT26_HUMAN
2017dec27_overlap_dia_6b_rep1_604to616.dia:3596.4758:decoyLVVDNEDVVVK+2	-1	85748	3.514983	0.5403756	0.7957871	0.64945984	0.45000988	0.6166657	0.1896742	7.0	1.0	2.119048	0.0	10.0	1.0	0.0	7.3531094	4.0	-1.3664773	0.9070495	0.0	0.0	0.0	5.0	5.254326	10.0	1.7822199	0	11	0	1	0	0	614.8428103086646	1227.6710676837035	59.941265	-.LVVDNEDVVVK.-	DECOY_sp|P54619-2|AAKG1_HUMAN;DECOY_sp|P54619-3|AAKG1_HUMAN;DECOY_sp|P54619|AAKG1_HUMAN
2017dec27_overlap_dia_6b_rep1_604to616.dia:3596.4758:decoyNDEIHVFGYK+2	-1	85748	4.4124227	0.30629203	0.45733672	0.6410646	0.44301385	0.57998776	0.29893696	8.0	1.0	3.345148	0.0	10.0	1.0	0.0	7.6656713	5.0	-1.6625228	0.92424214	0.0	1.0	0.0	6.0	10.803215	10.0	3.0083199	0	10	0	1	0	0	611.2985658086646	1220.5825786837036	59.941265	-.NDEIHVFGYK.-	DECOY_sp|Q9BQ04|RBM4B_HUMAN;DECOY_sp|Q9BWF3-2|RBM4_HUMAN;DECOY_sp|Q9BWF3-3|RBM4_HUMAN;DECOY_sp|Q9BWF3-4|RBM4_HUMAN;DECOY_sp|Q9BWF3|RBM4_HUMAN
2017dec27_overlap_dia_6b_rep1_604to616.dia:3596.4758:decoyNWFDEQHDK+2	-1	85748	2.593019	0.1413947	0.26055378	0.5441094	0.36626476	0.1768975	0.3604493	6.0	0.0	1.2573494	0.0	10.0	1.0	0.0	6.9030256	4.0	-1.7593274	0.8796075	0.0	0.0	0.0	3.0	18.208527	10.0	0.92052114	0	9	0	1	0	0	609.7623518086647	1217.5101506837036	59.941265	-.NWFDEQHDK.-	DECOY_sp|Q9H4A4|AMPB_HUMAN
2017dec27_overlap_dia_6b_rep1_604to616.dia:3596.4758:decoyQFNPDGNPPLK+2	-1	85748	3.4501188	0.25114223	0.38341603	0.5593556	0.37790275	0.23854727	0.66476226	7.0	0.0	2.4685366	0.0	10.0	1.0	0.0	7.0008993	5.0	-2.5978322	0.20674291	0.33091322	1.0	1.0	5.0	15.997337	10.0	2.1317084	0	11	0	1	0	0	613.8118448086645	1225.6091366837034	59.941265	-.QFNPDGNPPLK.-	DECOY_sp|Q92945|FUBP2_HUMAN
2017dec27_overlap_dia_6b_rep1_604to616.dia:3596.4758:decoyTLANIVTDIHK+2	-1	85748	5.4299726	0.30344364	0.7001501	0.7416678	0.5319298	1.0546551	0.18833111	9.0	3.0	1.7148998	0.0	10.0	1.0	0.0	7.711391	6.0	-0.39248848	0.0	0.0	0.0	0.0	0.0	3.1069412	10.0	1.3780715	0	11	0	1	0	0	612.8509703086646	1223.6873876837035	59.941265	-.TLANIVTDIHK.-	DECOY_sp|O95782-2|AP2A1_HUMAN;DECOY_sp|O95782|AP2A1_HUMAN
2017dec27_overlap_dia_6b_rep1_604to616.dia:3596.4758:decoyVEGSC[+57.0214635]TFTAIK+2	-1	85748	4.3656864	0.26866174	0.4906718	0.5756595	0.39050925	0.3049802	0.24075572	8.0	1.0	2.487031	0.0	10.0	1.0	0.0	7.500993	5.0	-1.8599219	0.9875826	0.0	1.0	0.0	5.0	15.148533	10.0	2.1502028	0	11	0	1	0	0	606.8000890586645	1211.5856251837033	59.941265	-.VEGSC[+57.0214635]TFTAIK.-	DECOY_sp|P49189|AL9A1_HUMAN
2017dec27_overlap_dia_6b_rep1_604to616.dia:3596.4758:decoyVLEPKQSEGAVVSSAVLK+3	-1	85748	4.2233057	0.3926666	0.4506348	0.41474867	0.27226102	-0.34436864	1.1023636	8.0	3.0	2.7568047	0.0	10.0	1.0	0.0	6.1556077	4.0	-2.3303244	0.9190147	0.14943694	1.0	1.0	7.0	6.831108	10.0	2.4199765	1	18	0	0	1	0	614.3508026947142	1840.0305786837037	59.941265	-.VLEPKQSEGAVVSSAVLK.-	DECOY_sp|Q06787-3|FMR1_HUMAN;DECOY_sp|Q06787-4|FMR1_HUMAN;DECOY_sp|Q06787-5|FMR1_HUMAN;DECOY_sp|Q06787-6|FMR1_HUMAN;DECOY_sp|Q06787-7|FMR1_HUMAN;DECOY_sp|Q06787|FMR1_HUMAN
